CID,IDSURVEY,zHD,RA_SN,DEC_SN,SRC_HEAD,HOST_RA,HOST_DEC
1246275,10,0.24605,54.647026,-26.401205,DES,54.647240000000004,-26.401072999999997
1246281,10,0.33549,53.725414,-27.622061,DES,53.726333999999994,-27.622108
1246314,10,0.38337,54.836567,-26.640186,DES,54.836571,-26.640257000000002
1246527,10,0.32078,36.018959,-5.016278,DES,36.019295,-5.015696
1246529,10,0.49677,36.113865,-4.944012,DES,36.114048,-4.9438949999999995
1246626,10,0.39282,37.306580,-4.333969,DES,37.306267,-4.334408
1246650,10,0.90888,35.910469,-5.107677,DES,35.909572999999995,-5.107671
1246717,10,0.53378,36.880352,-4.616096,DES,36.880340999999994,-4.616017
1246758,10,0.53127,36.618942,-5.539180,DES,36.618103000000005,-5.539466
1246791,10,0.83066,36.319378,-4.575553,DES,36.319611,-4.575352
1246796,10,0.55502,36.509102,-4.454980,DES,36.509128999999994,-4.454962999999999
1247022,10,0.35763,9.673174,-44.390999,DES,9.673444,-44.391026000000004
1247420,10,0.15026,34.056496,-4.197978,DES,34.056301,-4.197441
1247537,10,0.45565,34.025147,-5.010933,DES,34.025459000000005,-5.010814
1247570,10,0.57927,33.701939,-4.508135,DES,33.70203,-4.508106
1248039,10,0.22566,34.858139,-6.177352,DES,34.858189,-6.177236
1248084,10,0.28063,36.337151,-5.321758,DES,36.336864,-5.321878
1248243,10,0.32394,42.391460,-0.417734,DES,42.391346,-0.417613
1248441,10,0.24517,52.136707,-28.186800,DES,52.136944,-28.186865
1248677,10,0.35016,53.646217,-28.127001,DES,53.64628199999999,-28.126492
1248907,10,0.17053,7.281386,-43.140999,DES,7.2814820000000005,-43.140976
1248925,10,0.34307,7.489678,-42.731381,DES,7.489819000000001,-42.731388
1248936,10,0.57093,8.161520,-43.461304,DES,8.161636,-43.461281
1248962,10,0.48342,7.808602,-43.090942,DES,7.808713000000001,-43.090839
1249090,10,0.38620,8.479995,-42.312370,DES,8.479261,-42.312588
1249137,10,0.22305,8.135224,-42.493057,DES,8.135143,-42.49321
1249178,10,0.76517,6.957144,-43.081070,DES,6.957375999999999,-43.081134999999996
1249182,10,0.56017,6.820000,-42.573868,DES,6.8200970000000005,-42.573879
1249209,10,0.48312,6.962916,-42.385231,DES,6.96295,-42.385222999999996
1249245,10,0.36834,8.421629,-44.601704,DES,8.422099000000001,-44.602264
1249264,10,0.54968,8.183639,-43.873089,DES,8.18374,-43.873055
1249304,10,0.63681,40.629578,-1.440712,DES,40.629742,-1.441108
1249308,10,0.22806,40.863659,-1.601682,DES,40.863556,-1.602378
1249371,10,0.45085,41.362919,-0.253625,DES,41.362904,-0.253585
1249395,10,0.55513,41.475582,-1.550186,DES,41.47578,-1.5502559999999999
1249416,10,0.33169,40.912281,-1.748792,DES,40.912395000000004,-1.748804
1249483,10,0.28303,40.632134,-0.842623,DES,40.632172,-0.8426620000000001
1249758,10,0.62139,54.792175,-26.719948,DES,54.792232999999996,-26.719913000000002
1249851,10,0.21511,55.218029,-29.399984,DES,55.218509999999995,-29.400743
1249956,10,0.44628,6.984844,-42.443760,DES,6.984831,-42.443740999999996
1249970,10,0.26775,10.491207,-43.734085,DES,10.491352000000001,-43.734089000000004
1250017,10,0.18216,43.193733,-0.127481,DES,43.193951,-0.127654
1250034,10,0.16085,43.029656,-0.415255,DES,43.029522,-0.414962
1250120,10,0.69088,42.918236,-0.236987,DES,42.918289,-0.236999
1250275,10,0.38323,41.613308,-1.613983,DES,41.6134,-1.613912
1250279,10,0.27382,41.090176,-1.465227,DES,41.089642,-1.4660440000000001
1250357,10,0.35843,41.880974,-0.616630,DES,41.880802,-0.616166
1250397,10,0.64304,33.929680,-5.449767,DES,33.929947,-5.449883
1250435,10,0.49292,33.790329,-4.626687,DES,33.790543,-4.626537
1250454,10,0.78734,35.299789,-4.535570,DES,35.299831,-4.535553
1250532,10,0.52770,35.564694,-6.959802,DES,35.564728,-6.959774
1250578,10,0.27860,36.104046,-6.996462,DES,36.104099,-6.996303999999999
1250665,10,0.29461,36.713150,-4.498711,DES,36.7132,-4.498739
1250803,10,0.96329,52.946167,-27.847559,DES,52.946404,-27.84753
1250823,10,0.66487,52.689018,-27.561100,DES,52.689094999999995,-27.561094
1250852,10,0.77725,52.148945,-28.639742,DES,52.148983,-28.639776
1250858,10,0.85707,53.266316,-28.243347,DES,53.266315000000006,-28.243429
1250882,10,0.74658,52.342468,-27.732790,DES,52.342525,-27.732635
1250896,10,0.87971,37.018997,-4.910972,DES,37.018879,-4.910794
1250912,10,0.21898,36.689526,-3.992602,DES,36.689491,-3.9927910000000004
1250916,10,0.66948,37.153248,-4.299087,DES,37.153233,-4.299103
1250925,10,0.55146,37.094894,-4.009557,DES,37.095146,-4.009396
1250950,10,0.70099,36.955776,-4.624587,DES,36.955425,-4.624798
1250980,10,0.81967,35.794376,-4.459983,DES,35.794346000000004,-4.459955
1251022,10,0.68428,54.067162,-28.060537,DES,54.067398,-28.060661
1251114,10,0.62632,53.801479,-28.814411,DES,53.801533,-28.814411
1251126,10,0.59788,54.466965,-29.334354,DES,54.466609999999996,-29.334865999999998
1251225,10,0.43172,8.748535,-44.666557,DES,8.748244,-44.666492
1251390,10,0.43398,40.859295,-1.746916,DES,40.859383,-1.7468650000000001
1251436,10,0.57349,41.620407,-0.263056,DES,41.620773,-0.26299
1251536,10,0.52727,34.971920,-6.933254,DES,34.971424,-6.9334240000000005
1251552,10,0.35484,36.367436,-6.006840,DES,36.36768,-6.006832
1251600,10,0.55760,35.695145,-4.228140,DES,35.695175,-4.228191000000001
1251603,10,0.63033,35.795975,-4.214051,DES,35.796329,-4.213972
1251618,10,0.82172,36.348541,-4.165977,DES,36.348354,-4.1658
1251645,10,0.76679,36.637634,-4.341052,DES,36.637699,-4.34133
1251652,10,0.77155,36.853241,-5.378987,DES,36.85334,-5.378911
1251975,10,0.44647,35.061047,-5.824066,DES,35.061081,-5.824061
1252142,10,0.55288,53.499386,-29.534050,DES,53.499343999999994,-29.534046000000004
1252183,10,0.97242,52.745983,-28.221069,DES,52.74601,-28.221079
1252199,10,0.60498,53.223419,-27.416075,DES,53.22319399999999,-27.415644
1252225,10,0.51956,53.215588,-28.177155,DES,53.215313,-28.177282
1252237,10,0.88580,52.269180,-28.083105,DES,52.269238,-28.082966
1252313,10,0.59692,8.332176,-43.889019,DES,8.33262,-43.889168
1252364,10,0.54134,7.277269,-42.313549,DES,7.277299,-42.31348
1252513,10,0.47767,54.586571,-27.557074,DES,54.586636,-27.557007000000002
1252521,10,0.43322,54.140781,-26.568392,DES,54.140556000000004,-26.568298
1252595,10,0.81330,53.059490,-27.715036,DES,53.05934499999999,-27.715164
1252620,10,0.95299,37.267574,-4.127431,DES,37.267628,-4.127444000000001
1252665,10,0.97489,52.551495,-28.045853,DES,52.551414,-28.045916
1252671,10,0.98536,52.323990,-28.787512,DES,52.323704,-28.787571000000003
1252751,10,0.56059,41.392765,-1.509742,DES,41.392708,-1.509696
1252810,10,0.58026,41.878887,-1.601640,DES,41.87859,-1.60141
1252829,10,0.45168,34.339848,-5.662609,DES,34.339718,-5.662422
1252917,10,0.69277,37.300167,-4.718976,DES,37.300175,-4.718980999999999
1252918,10,0.83583,37.299671,-5.070037,DES,37.299595000000004,-5.069964
1252926,10,0.92427,36.346783,-4.232304,DES,36.346759999999996,-4.232247
1252939,10,0.66666,36.183205,-4.845101,DES,36.183310999999996,-4.84468
1252970,10,0.46198,54.600784,-28.779387,DES,54.600655,-28.779106
1253046,10,0.50134,53.643997,-26.873615,DES,53.643539000000004,-26.873732
1253101,10,0.45332,7.465117,-43.137768,DES,7.465158,-43.13773
1253119,10,0.31915,9.183609,-44.232952,DES,9.183597,-44.233112
1253131,10,0.40349,10.159466,-44.371948,DES,10.160546,-44.372307
1253148,10,0.43868,10.544670,-43.468792,DES,10.544463,-43.468803
1253180,10,0.46154,52.867516,-28.937798,DES,52.867115000000005,-28.937234999999998
1253243,10,0.57729,42.204128,-0.523807,DES,42.204437,-0.5237109999999999
1253324,10,0.16945,43.394016,0.019034,DES,43.39407,0.019029
1253358,10,0.71380,41.259747,-0.885598,DES,41.259128999999994,-0.8852180000000001
1253406,10,0.36131,41.886280,-0.629973,DES,41.886307,-0.629948
1253474,10,0.44670,34.528904,-5.711419,DES,34.52916,-5.7113629999999995
1253475,10,0.45412,34.614033,-5.639099,DES,34.613754,-5.638916
1253572,10,0.51969,35.547745,-5.929325,DES,35.547717999999996,-5.9292050000000005
1253816,10,0.90824,36.952843,-4.989201,DES,36.953506,-4.989358
1253857,10,0.85652,36.788124,-4.370526,DES,36.788097,-4.370501
1253871,10,0.84780,35.732998,-5.012414,DES,35.732997999999995,-5.012328
1253895,10,0.49276,54.488648,-27.308710,DES,54.488631999999996,-27.308671999999998
1253920,10,0.19555,54.629311,-27.042770,DES,54.629383,-27.042751000000003
1253972,10,0.84019,53.201866,-27.904430,DES,53.201965,-27.904451
1253997,10,0.59079,55.035343,-29.436558,DES,55.035518999999994,-29.436644
1254000,10,0.53300,53.674316,-29.564550,DES,53.674152,-29.564306
1254002,10,0.53591,54.683685,-30.014547,DES,54.683723,-30.014402
1254051,10,0.76150,54.068234,-28.638290,DES,54.06831700000001,-28.638643
1254070,10,0.49252,54.677429,-28.224115,DES,54.677597,-28.224133000000002
1254108,10,0.96689,53.434582,-27.813009,DES,53.434677,-27.813511
1254150,10,0.70417,53.052013,-27.550348,DES,53.052078,-27.550299
1254299,10,0.49500,34.452263,-4.535881,DES,34.452332,-4.535697
1254356,10,0.35129,35.395763,-7.220910,DES,35.395866,-7.221087
1254566,10,0.79118,37.117878,-5.225364,DES,37.117973,-5.225366
1254670,10,0.50495,54.212891,-27.824284,DES,54.212826,-27.824398
1254671,10,0.47065,54.306751,-27.421778,DES,54.30699499999999,-27.422146
1254762,10,0.39827,55.135277,-29.220913,DES,55.135178,-29.220783
1254889,10,0.60551,53.054306,-27.711176,DES,53.055206000000005,-27.711376
1255008,10,0.44380,7.374260,-42.466538,DES,7.374083000000001,-42.466537
1255130,10,0.62411,9.548176,-43.568249,DES,9.549363,-43.56831
1255139,10,0.64989,52.319050,-29.002453,DES,52.319019,-29.002292999999998
1255142,10,0.57675,9.056157,-43.541420,DES,9.055931,-43.541503999999996
1255169,10,1.04680,52.359085,-27.170658,DES,52.359134999999995,-27.170725
1255312,10,0.35561,42.452225,0.592531,DES,42.451927000000005,0.592815
1255382,10,0.58055,41.216629,-0.965901,DES,41.216606,-0.9659620000000001
1255399,10,0.38137,40.819565,-1.867107,DES,40.819855,-1.8675709999999999
1255412,10,0.37202,41.137352,-1.565170,DES,41.13702,-1.565359
1255423,10,0.66681,41.982647,-1.019759,DES,41.982647,-1.019759
1255470,10,0.46877,35.054485,-5.448795,DES,35.054214,-5.448999
1255487,10,0.45012,34.843529,-5.667872,DES,34.843578,-5.66788
1255523,10,0.55536,34.504883,-4.966108,DES,34.504875,-4.966087
1255545,10,0.60182,35.219250,-4.341946,DES,35.219349,-4.341851
1255576,10,0.28010,36.108929,-7.297556,DES,36.110085,-7.2971960000000005
1255657,10,0.58881,35.013001,-6.038870,DES,35.013008,-6.038765
1255730,10,0.69107,36.651787,-4.540757,DES,36.651897,-4.540774
1255735,10,0.36463,36.338856,-4.395294,DES,36.338848,-4.3952290000000005
1255737,10,0.91896,36.613785,-4.357957,DES,36.612926,-4.358287000000001
1255824,10,0.81852,35.777954,-4.511268,DES,35.778015,-4.511212
1255974,10,0.34311,54.922604,-29.042166,DES,54.92282900000001,-29.042192
1256028,10,0.95521,52.945858,-28.816963,DES,52.945942,-28.816916
1256332,10,0.47803,37.245853,-4.734875,DES,37.245861,-4.734426
1256335,10,0.61939,35.884377,-4.883153,DES,35.884377,-4.883103
1256426,10,0.33226,54.221615,-29.861069,DES,54.2216,-29.861101
1256432,10,0.51130,54.723019,-29.351570,DES,54.723301,-29.351784000000002
1256505,10,0.55626,41.995304,-0.642309,DES,41.995544,-0.642217
1256570,10,0.34548,52.585506,-27.807055,DES,52.585506,-27.807026
1256596,10,0.68138,52.929066,-27.730841,DES,52.929001,-27.730846000000003
1256680,10,0.29438,33.899632,-5.664751,DES,33.899609000000005,-5.664846
1256701,10,0.43629,34.007591,-4.728970,DES,34.007782,-4.728896
1256764,10,0.55649,36.224007,-5.729933,DES,36.224185999999996,-5.729387
1256765,10,0.35267,35.418308,-6.483863,DES,35.418507,-6.483821
1256807,10,0.61943,35.787895,-4.840578,DES,35.787994,-4.840433999999999
1256817,10,0.47982,36.803791,-4.634374,DES,36.803795,-4.634437999999999
1256819,10,0.58576,37.317406,-4.137487,DES,37.317287,-4.137697
1256823,10,0.44084,36.531845,-4.617309,DES,36.531815,-4.617454
1256933,10,0.35284,54.899605,-27.616728,DES,54.898941,-27.6159
1257016,10,0.33743,8.211005,-43.777165,DES,8.211133,-43.777142
1257022,10,0.38683,7.705597,-43.297237,DES,7.706558,-43.297897
1257040,10,0.35177,8.276361,-42.806156,DES,8.276912,-42.807097999999996
1257102,10,0.47330,10.057633,-44.561985,DES,10.057775999999999,-44.561977
1257112,10,0.37001,10.021654,-43.859154,DES,10.021671000000001,-43.859146
1257129,10,0.58817,9.212620,-43.740456,DES,9.212611,-43.740334000000004
1257144,10,0.52559,8.647255,-43.891594,DES,8.647225,-43.89167
1257216,10,0.65434,40.537300,-1.421909,DES,40.537346,-1.421864
1257228,10,1.02433,51.953709,-28.739286,DES,51.95377,-28.739288000000002
1257335,10,0.48410,54.795670,-27.395338,DES,54.79591800000001,-27.395205999999998
1257356,10,0.33257,54.377518,-26.515305,DES,54.37751,-26.515162
1257366,10,0.21136,53.899559,-26.969273,DES,53.900276,-26.96896
1257419,10,0.40361,53.678158,-29.525770,DES,53.678093000000004,-29.525765999999997
1257496,10,0.59401,54.147209,-29.331924,DES,54.14709499999999,-29.332171999999996
1257533,10,0.22953,51.988888,-27.996670,DES,51.988873,-27.996702000000003
1257602,10,0.52211,52.946430,-27.546074,DES,52.94678100000001,-27.546215000000004
1257605,10,0.74535,52.446270,-27.333342,DES,52.446148,-27.333338
1257609,10,0.33389,53.019367,-28.622690,DES,53.019034999999995,-28.62245
1257646,10,0.84094,51.994709,-27.733734,DES,51.994774,-27.733772
1257695,10,0.18383,7.601611,-42.298237,DES,7.600598,-42.297676
1257775,10,0.47598,53.005711,-29.020960,DES,53.006115,-29.020988
1257839,10,0.64421,8.841945,-44.728416,DES,8.842611,-44.728569
1257905,10,0.61393,42.168072,-0.618253,DES,42.168121,-0.6182270000000001
1257934,10,0.29648,42.893860,-0.592690,DES,42.893879,-0.592755
1258061,10,0.45831,40.702087,-1.084045,DES,40.701328000000004,-1.083231
1258090,10,0.36656,41.002483,-0.262177,DES,41.002499,-0.262216
1258118,10,0.62518,40.812840,-1.437293,DES,40.812962,-1.4372969999999998
1258191,10,0.51690,35.132549,-4.823298,DES,35.132656,-4.823084
1258249,10,0.62104,35.265404,-4.731048,DES,35.265743,-4.73115
1258289,10,0.50509,36.144314,-6.688757,DES,36.144203000000005,-6.688891
1258309,10,0.47616,35.273312,-6.269274,DES,35.273323,-6.269229
1258330,10,0.52473,36.064381,-6.127089,DES,36.064503,-6.126816000000001
1258422,10,0.52105,36.190952,-4.982606,DES,36.191047999999995,-4.982512
1258433,10,0.61445,37.153702,-4.783768,DES,37.153908,-4.783628
1258500,10,0.49383,36.695393,-5.042541,DES,36.695434999999996,-5.042486
1258529,10,0.82394,35.700447,-4.658157,DES,35.700641999999995,-4.658347
1258591,10,0.59750,35.551521,-4.722195,DES,35.551517,-4.7221660000000005
1258802,10,0.54947,6.636295,-42.985119,DES,6.636328999999999,-42.985077000000004
1258906,10,0.34918,10.262011,-44.394093,DES,10.261803,-44.394276
1258940,10,0.42593,42.714821,-0.525112,DES,42.715176,-0.524297
1259006,10,0.52790,35.595543,-7.000962,DES,35.595745,-7.000531
1259246,10,0.22284,53.372887,-29.134419,DES,53.373383,-29.133615000000002
1259330,10,0.60243,10.287800,-44.204475,DES,10.287661,-44.204525
1259352,10,0.21986,52.776962,-27.869553,DES,52.776966,-27.869511
1259412,10,0.30477,36.345383,-5.324100,DES,36.345585,-5.323428
1259500,10,0.56161,35.729378,-4.971348,DES,35.729595,-4.971329
1259511,10,0.32710,36.733383,-3.742845,DES,36.732696999999995,-3.7427040000000003
1259538,10,0.51244,37.174919,-4.714173,DES,37.174793,-4.714422
1259561,10,0.56751,34.392376,-4.257224,DES,34.392662,-4.257053
1259585,10,0.56401,34.682331,-5.682012,DES,34.682167,-5.681998
1259615,10,0.32008,35.216274,-4.591526,DES,35.21627,-4.5915870000000005
1259667,10,0.65871,52.068932,-27.355461,DES,52.069096,-27.355251000000003
1259771,10,0.53232,42.351051,-0.748021,DES,42.351242,-0.748025
1260000,10,0.55060,41.899532,-1.376351,DES,41.899643,-1.376315
1260030,10,0.45811,41.496124,-0.085865,DES,41.496143,-0.08616900000000001
1260050,10,0.27278,41.245640,-0.387622,DES,41.245499,-0.386803
1260058,10,0.38948,41.026180,-1.884754,DES,41.026253000000004,-1.8846919999999998
1260105,10,0.69410,34.811836,-4.987957,DES,34.811512,-4.9888639999999995
1260107,10,0.42982,34.653984,-4.864860,DES,34.653896,-4.864961
1260113,10,0.35469,33.601856,-5.247008,DES,33.601913,-5.246937
1260159,10,0.43034,34.788174,-4.037089,DES,34.788071,-4.037522
1260241,10,0.33336,36.660049,-5.357839,DES,36.660114,-5.357857
1260427,10,0.81750,36.541428,-5.124958,DES,36.541462,-5.124887
1260459,10,0.85674,35.911957,-5.029144,DES,35.911777,-5.029393
1260461,10,0.85855,35.972065,-5.015080,DES,35.972431,-5.014734
1260463,10,0.62023,36.070816,-4.969504,DES,36.070965,-4.969434
1260522,10,0.74133,35.941273,-3.844081,DES,35.941165999999996,-3.8438980000000003
1260551,10,0.55236,54.713745,-27.431032,DES,54.713432,-27.431002000000003
1260556,10,0.27437,53.319641,-27.018248,DES,53.31919499999999,-27.018040000000003
1260568,10,0.53805,53.648098,-27.417101,DES,53.648029,-27.417028000000002
1260605,10,0.55534,53.349716,-27.229445,DES,53.349368999999996,-27.229282
1260639,10,0.59141,54.999687,-29.678026,DES,54.999782999999994,-29.678096999999998
1260645,10,0.67405,55.096279,-29.632965,DES,55.096146,-29.632816
1260889,10,0.52885,9.015580,-44.719231,DES,9.015895,-44.719162
1260949,10,0.41568,10.160280,-43.429455,DES,10.160044000000001,-43.429534999999994
1260954,10,0.69873,9.858578,-44.263458,DES,9.858153,-44.263214000000005
1261144,10,0.61069,55.054031,-27.361082,DES,55.054790000000004,-27.361079999999998
1261163,10,0.61854,53.244747,-27.250668,DES,53.244629,-27.250557
1261173,10,0.47377,54.807583,-26.827669,DES,54.807438,-26.82777
1261191,10,0.66147,53.317921,-26.684483,DES,53.317905,-26.684480999999998
1261193,10,0.19246,53.348240,-26.694504,DES,53.348316000000004,-26.694571000000003
1261233,10,0.53166,52.883198,-28.800205,DES,52.883373,-28.800106
1261236,10,0.59789,53.167114,-28.705193,DES,53.167007,-28.705161999999998
1261259,10,0.52723,51.558544,-28.134834,DES,51.558685,-28.134790000000002
1261456,10,0.62162,34.098518,-4.503251,DES,34.099319,-4.503503
1261503,10,0.35211,34.953003,-6.781866,DES,34.953094,-6.78175
1261579,10,0.32214,36.119595,-4.967311,DES,36.12019,-4.96643
1261587,10,0.65387,51.657970,-28.311569,DES,51.658004999999996,-28.311613
1261784,10,0.26523,53.494923,-26.862579,DES,53.495426,-26.862234
1261963,10,0.27963,43.223835,0.553741,DES,43.224457,0.553465
1262016,10,0.46694,36.069782,-4.863308,DES,36.069851,-4.863433000000001
1262055,10,0.58072,54.695255,-26.844133,DES,54.695663,-26.844198
1262084,10,0.45360,53.772686,-26.353060,DES,53.772099,-26.352621000000003
1262128,10,0.11323,53.267674,-29.469212,DES,53.27196899999999,-29.469991999999998
1262131,10,0.33802,53.521301,-28.807665,DES,53.521297,-28.807737
1262135,10,0.38328,54.139084,-28.613939,DES,54.139385,-28.613455
1262163,10,0.33520,55.221043,-29.451878,DES,55.22084,-29.451693
1262181,10,0.46949,54.641544,-29.016922,DES,54.641422,-29.017189000000002
1262232,10,0.26103,53.225521,-28.239893,DES,53.225716000000006,-28.239973
1262252,10,0.45294,7.171587,-43.748993,DES,7.171953,-43.748596
1262267,10,0.56215,8.216197,-42.391068,DES,8.215997,-42.390877
1262550,10,0.29209,40.850700,-1.887019,DES,40.850876,-1.887187
1262573,10,0.23747,41.562470,-1.521462,DES,41.562847,-1.520996
1262588,10,0.40644,34.910835,-6.294010,DES,34.911228,-6.294156
1262726,10,0.25378,36.832886,-4.541695,DES,36.833012,-4.5417
1262736,10,0.52929,36.951256,-5.187086,DES,36.951244,-5.187092
1262746,10,0.23079,37.156941,-5.163252,DES,37.156616,-5.162936
1262803,10,0.61343,37.152420,-4.733003,DES,37.15242,-4.733208
1262895,10,0.70548,52.514633,-28.742975,DES,52.514614,-28.743109000000004
1262899,10,0.77692,53.595070,-27.713654,DES,53.595093000000006,-27.713659000000003
1263039,10,0.65514,35.075684,-5.031662,DES,35.075737,-5.0316220000000005
1263062,10,0.50827,35.109436,-5.350055,DES,35.109446999999996,-5.350022
1263090,10,0.65206,35.326634,-4.995274,DES,35.326721,-4.995205
1263125,10,1.02868,52.814957,-27.656624,DES,52.814868999999995,-27.656443
1263130,10,0.68017,52.374332,-28.327791,DES,52.374233000000004,-28.327821999999998
1263139,10,0.72737,53.936279,-28.025551,DES,53.936253,-28.025343
1263197,10,0.33778,54.324539,-28.489845,DES,54.324608,-28.489838
1263244,10,0.45799,10.094375,-44.421852,DES,10.094522,-44.422009
1263369,10,0.31251,43.229519,-0.541823,DES,43.229355,-0.541303
1263580,10,0.58276,8.518337,-42.807938,DES,8.51844,-42.807945000000004
1263715,10,0.29185,41.609894,-1.579935,DES,41.609997,-1.57989
1263785,10,1.06420,53.367607,-28.693276,DES,53.367622,-28.693291
1263788,10,0.75729,53.077515,-28.667841,DES,53.077705,-28.667744
1263829,10,0.50070,53.262592,-27.347330,DES,53.262848,-27.348007
1263852,10,0.66083,54.290184,-27.414892,DES,54.290183999999996,-27.414892
1263856,10,0.69783,53.619144,-26.503567,DES,53.619122,-26.503522999999998
1263930,10,0.43578,53.448395,-29.441078,DES,53.447894999999995,-29.441017
1263936,10,0.49523,54.626995,-30.046352,DES,54.62709,-30.0467
1264038,10,0.66362,53.542812,-28.406399,DES,53.542889,-28.406431
1264039,10,0.42460,52.154156,-28.383852,DES,52.154263,-28.383789
1264049,10,0.54397,42.421757,0.269428,DES,42.421828999999995,0.269423
1264068,10,0.33054,43.424431,-0.523148,DES,43.424606,-0.523174
1264077,10,0.56459,41.938252,-0.055709,DES,41.938271,-0.0557
1264106,10,0.42749,42.870274,-0.601974,DES,42.870354,-0.602009
1264375,10,0.49572,36.976303,-5.410493,DES,36.976379,-5.410373
1264434,10,0.31075,36.716152,-4.355249,DES,36.716187,-4.355173000000001
1264499,10,0.44841,35.491589,-6.136707,DES,35.491611,-6.136648
1264512,10,0.36027,36.079910,-6.381326,DES,36.080234999999995,-6.3816120000000005
1264606,10,0.68110,52.726551,-27.894114,DES,52.726147,-27.894068
1264631,10,0.55299,36.218338,-5.003543,DES,36.218399,-5.003549
1264689,10,0.73162,35.443981,-4.695913,DES,35.444134000000005,-4.69567
1264948,10,0.50394,9.786904,-43.940548,DES,9.786992999999999,-43.940521000000004
1264963,10,0.55214,9.098549,-44.278935,DES,9.098154,-44.279007
1265011,10,0.34689,42.213223,-1.109302,DES,42.213436,-1.1091389999999999
1265040,10,0.42981,33.968079,-5.738859,DES,33.967983000000004,-5.738808000000001
1265089,10,0.44472,36.229099,-5.621836,DES,36.228413,-5.622369
1265134,10,0.47304,52.432266,-28.790819,DES,52.432109999999994,-28.790852
1265136,10,1.05303,52.218575,-27.567738,DES,52.218536,-27.568403000000004
1265165,10,0.31752,42.984779,0.088168,DES,42.984778999999996,0.088168
1265169,10,0.68332,42.146828,0.117998,DES,42.146858,0.11797300000000001
1265231,10,0.68397,36.261353,-3.795834,DES,36.261448,-3.795728
1265260,10,0.60311,35.899445,-5.123511,DES,35.899445,-5.123434
1265281,10,0.36021,35.896248,-4.571387,DES,35.896263,-4.571358999999999
1265349,10,0.79939,36.214405,-4.228483,DES,36.214394,-4.22845
1265426,10,0.42029,54.577404,-28.502773,DES,54.577587,-28.502853
1265623,10,0.70978,53.102936,-27.024719,DES,53.103416,-27.024409999999996
1265832,10,0.39876,9.549342,-43.431038,DES,9.549474,-43.430714
1265990,10,0.58574,41.155544,-0.641988,DES,41.155499,-0.642069
1266015,10,0.36160,41.465859,-1.039278,DES,41.465855,-1.039325
1266255,10,0.29358,36.697941,-4.450140,DES,36.697826,-4.4500470000000005
1266634,10,0.49820,42.452862,-0.702169,DES,42.45282,-0.702164
1266808,10,0.32930,34.983646,-4.672359,DES,34.983429,-4.672231
1266830,10,0.57039,34.263008,-4.850282,DES,34.263065000000005,-4.8501650000000005
1267094,10,0.62318,53.759216,-27.361477,DES,53.759274,-27.361492
1271436,10,0.79511,52.201614,-28.021826,DES,52.202197999999996,-28.021928999999997
1273127,10,0.18937,8.556322,-43.275948,DES,8.556446000000001,-43.276051
1275873,10,0.40188,9.600972,-44.416794,DES,9.601003,-44.416855
1275946,10,0.23212,10.403968,-43.637779,DES,10.404035,-43.637828999999996
1276546,10,0.35329,41.615925,-0.296348,DES,41.615765,-0.296089
1277173,10,0.14940,34.878902,-4.508716,DES,34.878971,-4.5087019999999995
1277710,10,0.68179,52.448898,-28.976278,DES,52.448914,-28.976282
1277715,10,0.34601,52.283291,-28.462946,DES,52.283127,-28.463232
1277716,10,0.69313,53.549919,-28.179991,DES,53.550053000000005,-28.18001
1277945,10,0.43369,52.630508,-28.180815,DES,52.630699,-28.180862
1277995,10,0.72199,53.256615,-28.226488,DES,53.25664499999999,-28.226553000000003
1278493,10,0.27237,35.487362,-6.829755,DES,35.487408,-6.829733999999999
1278602,10,0.34799,42.406109,0.709029,DES,42.40633,0.709346
1278747,10,0.32321,36.290184,-6.926617,DES,36.290287,-6.926628999999999
1279420,10,0.25691,55.084965,-27.652428,DES,55.085125,-27.652449
1279488,10,0.49412,36.253857,-4.733925,DES,36.254013,-4.734176000000001
1279500,10,0.23470,36.925739,-4.314926,DES,36.925968,-4.315206
1279501,10,0.56527,35.565773,-4.566890,DES,35.565533,-4.5667800000000005
1279714,10,0.69938,36.509407,-4.627503,DES,36.509575,-4.627358
1280135,10,0.77082,53.492210,-27.400271,DES,53.492321,-27.400358
1280240,10,0.05962,55.229565,-28.688652,DES,55.228671999999996,-28.689131
1280332,10,0.49219,35.584427,-4.873266,DES,35.584282,-4.873461
1280762,10,0.62617,52.046021,-28.494740,DES,52.046096999999996,-28.494738
1280780,10,0.68399,53.071171,-28.840307,DES,53.071217000000004,-28.840326
1280790,10,0.63211,51.480709,-28.215164,DES,51.480548999999996,-28.215427000000002
1280792,10,0.68056,52.292923,-28.016565,DES,52.292988,-28.016584
1280807,10,0.73899,53.599880,-27.712381,DES,53.60000600000001,-27.71228
1281119,10,0.19902,53.364552,-29.188067,DES,53.364723,-29.188216999999998
1281135,10,0.65195,54.483952,-29.118559,DES,54.483776,-29.118591
1281668,10,0.30697,9.410530,-43.920338,DES,9.410371000000001,-43.920719
1281691,10,0.57821,9.790791,-43.715645,DES,9.790803,-43.715687
1281879,10,0.50547,41.396969,-1.216635,DES,41.396854,-1.216815
1281886,10,0.38393,41.725182,-1.009943,DES,41.725132,-1.009939
1282018,10,0.42376,41.519283,-0.134907,DES,41.519337,-0.134944
1282114,10,0.21781,35.115902,-4.533217,DES,35.116001000000004,-4.5332099999999995
1282463,10,0.64685,42.090416,0.176069,DES,42.090412,0.176036
1282736,10,0.37797,35.809322,-6.268094,DES,35.808937,-6.267941
1282966,10,0.58012,53.293503,-28.855946,DES,53.293304000000006,-28.855852000000002
1283272,10,0.38353,54.395069,-26.357578,DES,54.395095999999995,-26.357540000000004
1283373,10,0.20753,54.946724,-26.730389,DES,54.94664399999999,-26.73
1283855,10,0.56536,7.503141,-43.714291,DES,7.5033009999999996,-43.714073
1283878,10,0.31286,37.133164,-4.041299,DES,37.133186,-4.041304
1283923,10,0.14631,9.115505,-43.267853,DES,9.115502000000001,-43.267849
1283924,10,0.54888,9.852904,-44.206963,DES,9.852924,-44.206951000000004
1283936,10,0.36862,8.877557,-44.371326,DES,8.877353999999999,-44.371204
1284567,10,0.65483,9.863450,-43.767025,DES,9.863443,-43.766991
1284601,10,0.40512,53.992722,-29.505579,DES,53.993145,-29.505514
1285317,10,0.56441,9.472534,-43.314522,DES,9.472623,-43.314403999999996
1285539,10,0.48417,54.733101,-29.097719,DES,54.733748999999996,-29.097792
1286337,10,0.66296,7.156732,-42.362232,DES,7.156637,-42.362389
1286881,10,0.52280,54.264500,-29.354000,DES,54.264793000000004,-29.35401
1287437,10,0.33681,55.153248,-28.954432,DES,55.153214,-28.954496000000002
1287883,10,0.65718,7.164401,-43.032948,DES,7.164389,-43.032948
1288083,10,0.23048,35.583340,-6.613781,DES,35.583374,-6.613701
1289288,10,0.29001,10.178906,-43.948338,DES,10.178825999999999,-43.948353000000004
1289306,10,0.54268,8.238297,-43.782833,DES,8.238298,-43.782771999999994
1289366,10,0.37769,8.236758,-43.743782,DES,8.237135,-43.743866
1289470,10,0.61207,53.473770,-27.984755,DES,53.473835,-27.984358
1289555,10,0.56173,40.733051,-1.392923,DES,40.733109000000006,-1.392939
1289600,10,0.41962,52.047657,-27.862852,DES,52.047855,-27.862896000000003
1289664,10,0.25907,40.896774,-1.129924,DES,40.8969,-1.129956
1289714,10,0.53582,54.518154,-27.567593,DES,54.518379,-27.567660999999998
1289812,10,0.70875,37.300285,-4.700118,DES,37.300304,-4.70031
1289913,10,0.38495,7.260602,-43.297806,DES,7.260866,-43.297604
1289982,10,0.11621,53.069809,-27.550407,DES,53.069942000000005,-27.550137
1290007,10,0.43112,52.025013,-28.404818,DES,52.02475,-28.404896
1290043,10,0.73488,53.040909,-27.713324,DES,53.040496999999995,-27.71343
1290176,10,0.79530,52.035580,-28.064798,DES,52.035427,-28.064890000000002
1290191,10,0.59506,52.973290,-28.748177,DES,52.973438,-28.748032000000002
1290323,10,0.59909,53.853111,-28.123365,DES,53.853542000000004,-28.123526000000002
1290394,10,0.57153,8.204175,-42.305821,DES,8.204242,-42.305714
1290593,10,0.67528,52.669548,-27.690344,DES,52.6693,-27.69029
1290816,10,0.21847,54.172512,-27.840000,DES,54.172913,-27.840003999999997
1290948,10,0.53680,54.619995,-27.671337,DES,54.619747,-27.670972999999996
1290967,10,0.28110,54.056568,-26.969482,DES,54.056625,-26.969535999999998
1290995,10,0.54351,54.029472,-26.593786,DES,54.029716,-26.593790000000002
1291090,10,0.29199,9.463052,-43.721462,DES,9.462971000000001,-43.721264
1291143,10,0.47819,36.056412,-7.366598,DES,36.056557,-7.366667999999999
1291149,10,0.23057,35.334217,-7.257600,DES,35.334315999999994,-7.257592999999999
1291155,10,0.51089,34.822487,-6.128750,DES,34.822697,-6.129029
1291159,10,0.53976,34.919987,-6.725581,DES,34.920109000000004,-6.725153999999999
1291242,10,0.27905,35.999111,-6.289883,DES,35.999081,-6.289639
1291254,10,0.35021,10.235841,-44.621086,DES,10.235684,-44.620888
1291346,10,0.29770,35.233830,-5.434015,DES,35.233311,-5.433486
1291408,10,0.34721,9.866796,-43.877441,DES,9.867333,-43.877472
1291511,10,0.37228,9.433405,-44.809784,DES,9.433378,-44.809761
1291580,10,0.31268,54.131310,-29.701744,DES,54.131523,-29.701796
1291733,10,0.54784,9.754608,-44.082146,DES,9.754487,-44.081993
1291783,10,0.39821,8.856014,-43.791721,DES,8.856176,-43.791503999999996
1291788,10,0.38400,53.768215,-29.662418,DES,53.768294999999995,-29.662498
1291794,10,0.39512,55.169327,-28.711853,DES,55.169368999999996,-28.712151000000002
1291957,10,0.37143,7.200018,-43.562267,DES,7.200164999999999,-43.562294
1292033,10,0.32472,43.268463,0.069686,DES,43.268471000000005,0.06976900000000001
1292040,10,0.16897,43.095604,0.622206,DES,43.095718,0.621717
1292145,10,0.49245,53.630531,-29.648947,DES,53.630566,-29.648984999999996
1292227,10,0.29185,41.603012,-1.844187,DES,41.603065,-1.844108
1292332,10,0.27265,41.143486,-1.285123,DES,41.143528,-1.285167
1292336,10,0.23355,40.998829,-0.906124,DES,40.998867,-0.906085
1292560,10,0.22482,35.055779,-5.361129,DES,35.055962,-5.361173
1292767,10,0.30893,37.096813,-4.542830,DES,37.096832,-4.5428180000000005
1292823,10,0.34565,36.623581,-4.401216,DES,36.623569,-4.401132
1292997,10,0.41447,35.598572,-4.872920,DES,35.598251,-4.873073000000001
1293006,10,0.50436,33.761490,-5.317365,DES,33.761364,-5.3175040000000005
1293028,10,0.75366,35.781330,-3.970404,DES,35.78133,-3.9708449999999997
1293046,10,0.60736,37.167393,-4.732077,DES,37.167213000000004,-4.732303
1293275,10,0.30179,36.095104,-6.315112,DES,36.095112,-6.3153690000000005
1293319,10,0.29686,36.002407,-6.497732,DES,36.002781,-6.497495
1293366,10,0.32040,36.235210,-6.036393,DES,36.235240999999995,-6.03647
1293465,10,0.49801,36.421776,-6.316606,DES,36.421684,-6.316649
1293758,10,0.14812,8.483875,-43.349716,DES,8.485502,-43.349734999999995
1293783,10,0.32874,52.130669,-28.779482,DES,52.130798,-28.779669000000002
1293789,10,0.42857,52.168682,-28.185522,DES,52.168579,-28.185438
1293832,10,0.81325,52.388741,-27.570766,DES,52.388416,-27.571122999999996
1293921,10,0.50492,52.318111,-27.868938,DES,52.317928,-27.869156
1294137,10,0.47085,42.648834,0.937952,DES,42.648602000000004,0.937959
1294340,10,0.36087,41.643936,-1.295734,DES,41.643574,-1.29558
1294341,10,0.36798,41.784325,-1.216823,DES,41.784313,-1.216896
1294351,10,0.33828,41.592354,-0.417758,DES,41.592308,-0.41783000000000003
1294667,10,0.62818,35.869144,-4.982107,DES,35.869068,-4.982116
1294743,10,0.31257,36.102535,-4.674933,DES,36.102661,-4.675164
1294806,10,0.52535,55.059059,-28.908781,DES,55.059101,-28.908808
1294948,10,0.30246,55.089550,-29.048574,DES,55.089335999999996,-29.048209999999997
1294971,10,0.58822,54.956329,-29.642572,DES,54.956382999999995,-29.642453999999997
1295024,10,0.33386,35.051903,-7.049936,DES,35.051784999999995,-7.049985
1295027,10,0.42561,35.432739,-6.940557,DES,35.432812,-6.940386
1295079,10,0.54436,35.172302,-6.313821,DES,35.172394,-6.313626
1295249,10,0.53251,53.692104,-27.077173,DES,53.692036,-27.077090999999996
1295285,10,0.52513,36.886341,-4.364003,DES,36.886471,-4.364116
1295291,10,0.86179,36.058270,-4.349054,DES,36.058277000000004,-4.349098000000001
1295315,10,0.34886,55.076344,-27.631439,DES,55.076405,-27.631420000000002
1295436,10,0.29584,36.773224,-4.990017,DES,36.773102,-4.989804
1295509,10,0.68363,52.941841,-28.291430,DES,52.941978000000006,-28.291639
1295527,10,0.88491,51.799862,-27.993340,DES,51.799766999999996,-27.99345
1295550,10,0.87270,52.003124,-28.844362,DES,52.003433,-28.844431
1295592,10,0.35631,52.805687,-28.313438,DES,52.805927000000004,-28.313578000000003
1295685,10,0.55929,7.336062,-42.859375,DES,7.336094,-42.859283000000005
1295794,10,0.67098,52.681576,-27.389782,DES,52.681114,-27.389771000000003
1295800,10,0.74855,52.383202,-28.782820,DES,52.383057,-28.782734
1296161,10,0.86243,35.836498,-4.017581,DES,35.836571,-4.017199
1296173,10,0.65763,35.747959,-4.177312,DES,35.747978,-4.177239
1296321,10,0.18444,40.916874,-0.761946,DES,40.916889000000005,-0.762022
1296657,10,0.14624,36.255188,-6.278562,DES,36.255253,-6.27862
1296671,10,0.64852,35.407623,-6.115394,DES,35.407665,-6.115034
1296793,10,0.64392,35.009457,-6.524715,DES,35.00951,-6.5245120000000005
1296802,10,0.74392,35.631126,-4.987166,DES,35.631229,-4.987139
1296919,10,0.67698,36.812332,-3.759846,DES,36.812439000000005,-3.7598580000000004
1296963,10,0.48813,43.114273,-0.456215,DES,43.11441,-0.456132
1297026,10,0.25854,35.820992,-5.182148,DES,35.821059999999996,-5.182104
1297061,10,0.53387,53.668201,-27.391729,DES,53.668236,-27.391678000000002
1297063,10,0.43516,53.751694,-27.299524,DES,53.751789,-27.299503
1297064,10,0.65045,53.489235,-26.466818,DES,53.489273,-26.466883000000003
1297070,10,0.73069,53.470223,-27.484638,DES,53.470135,-27.484709000000002
1297157,10,0.54888,54.004135,-26.429258,DES,54.004192,-26.429184000000003
1297318,10,0.33479,53.740730,-28.626982,DES,53.740826,-28.626862
1297353,10,0.54402,54.054771,-28.395136,DES,54.054919999999996,-28.394947
1297365,10,0.34316,54.320938,-28.519957,DES,54.32080799999999,-28.520174
1297377,10,0.60981,52.657703,-28.738693,DES,52.65805400000001,-28.738590000000002
1297465,10,0.27784,51.795311,-27.822104,DES,51.794724,-27.822512
1297490,10,0.73677,53.260059,-28.290663,DES,53.260383999999995,-28.290657
1297501,10,0.21492,51.838791,-28.125025,DES,51.838905,-28.125560999999998
1297532,10,0.86461,53.222633,-28.768408,DES,53.222614,-28.768501
1297580,10,0.63561,52.221073,-28.735945,DES,52.22113,-28.735948999999998
1297742,10,0.46256,8.609741,-43.095085,DES,8.609465,-43.095177
1297927,10,0.28513,9.876768,-44.063129,DES,9.876772,-44.063007
1298079,10,0.26048,43.202988,-0.589503,DES,43.203381,-0.5898100000000001
1298246,10,0.60946,43.304363,-0.460698,DES,43.304451,-0.460674
1298266,10,0.48930,41.767643,-1.058564,DES,41.767734999999995,-1.058614
1298369,10,0.47792,33.548611,-5.137582,DES,33.548344,-5.137189
1298763,10,0.60960,35.083477,-4.168476,DES,35.083785999999996,-4.1683699999999995
1298893,10,0.19616,35.724033,-6.256828,DES,35.724441999999996,-6.257048
1299033,10,0.69226,35.487579,-5.893085,DES,35.488021999999994,-5.893028
1299090,10,0.68339,36.000717,-6.527874,DES,36.000797,-6.527866
1299190,10,0.69836,35.787472,-4.655588,DES,35.787395000000004,-4.655465
1299258,10,0.80109,36.103451,-4.007724,DES,36.103355,-4.007521
1299266,10,0.91289,37.003159,-5.043743,DES,37.003184999999995,-5.043761
1299327,10,0.98158,36.817402,-3.962690,DES,36.817474,-3.9626919999999997
1299439,10,0.59158,10.600772,-44.221916,DES,10.601158999999999,-44.221733
1299503,10,0.29498,36.583641,-4.034917,DES,36.583385,-4.034513
1299643,10,0.37678,55.102634,-26.722080,DES,55.102699,-26.722181
1299712,10,0.73064,53.552700,-28.897236,DES,53.552898,-28.897259000000002
1299746,10,0.36571,53.939545,-28.975147,DES,53.939522,-28.97506
1299758,10,0.47241,54.467705,-29.132677,DES,54.467381,-29.132839
1299775,10,0.16008,53.438889,-29.676743,DES,53.438869,-29.6768
1299785,10,0.38131,53.911511,-28.319296,DES,53.912125,-28.319021000000003
1300025,10,0.41357,41.858223,-0.131752,DES,41.858501000000004,-0.131617
1300084,10,0.61843,42.631306,0.604085,DES,42.631221999999994,0.6037939999999999
1300160,10,0.40925,40.907589,-1.575324,DES,40.907776,-1.57528
1300179,10,0.31722,41.479092,-0.965503,DES,41.47913,-0.965016
1300390,10,0.26765,8.028375,-42.329327,DES,8.028391000000001,-42.329296
1300441,10,0.48485,10.266400,-44.180996,DES,10.266397999999999,-44.181057
1300470,10,0.51413,9.232756,-44.844143,DES,9.233115,-44.843964
1300516,10,0.31042,34.546364,-5.010114,DES,34.546402,-5.010082
1300517,10,0.40031,10.034175,-43.620003,DES,10.034162,-43.619811999999996
1300531,10,0.58454,10.212345,-43.975925,DES,10.212226,-43.976002
1300590,10,0.65633,34.871422,-4.747283,DES,34.871517,-4.747288
1300703,10,0.29571,36.640385,-5.476332,DES,36.640308000000005,-5.476426
1300777,10,0.81684,36.327133,-3.822918,DES,36.327545,-3.8227300000000004
1300912,10,0.33780,52.037891,-27.532908,DES,52.038166,-27.532742
1301142,10,0.71139,40.468140,-1.416064,DES,40.468006,-1.416089
1301332,10,0.46754,41.271008,-1.558829,DES,41.271029999999996,-1.558635
1301397,10,0.60955,40.252228,-1.020301,DES,40.252357,-1.020248
1301915,10,0.62043,53.842831,-27.549709,DES,53.842888,-27.549753000000003
1301933,10,0.32959,36.663719,-4.970757,DES,36.663174,-4.97178
1301936,10,0.34304,54.948563,-28.880789,DES,54.948485999999995,-28.880768
1301963,10,0.41527,54.885647,-28.482950,DES,54.885661999999996,-28.483165999999997
1302027,10,0.74899,55.160553,-29.382549,DES,55.16061800000001,-29.382671000000002
1302055,10,0.54327,54.594791,-28.156172,DES,54.595238,-28.156473
1302073,10,0.58845,54.865692,-29.240126,DES,54.865669,-29.240215000000003
1302110,10,0.45351,7.324174,-43.248089,DES,7.324549,-43.248325
1302117,10,0.49238,8.349338,-42.571308,DES,8.349511999999999,-42.571284999999996
1302123,10,0.29156,52.453339,-28.578219,DES,52.453430000000004,-28.578407000000002
1302185,10,0.73717,53.147728,-28.521929,DES,53.147877,-28.521965
1302187,10,0.21942,52.161892,-27.142117,DES,52.161919,-27.142319
1302188,10,0.34895,52.253094,-27.181551,DES,52.253184999999995,-27.181614
1302199,10,0.87001,52.618851,-27.356852,DES,52.619011,-27.356663
1302346,10,0.53042,10.543033,-43.697811,DES,10.542997,-43.697895
1302353,10,0.57193,10.275324,-44.231728,DES,10.275716000000001,-44.231575
1302359,10,0.25308,52.210117,-28.713800,DES,52.210163,-28.713831
1302399,10,0.76495,52.858009,-27.140434,DES,52.858169999999994,-27.140635999999997
1302418,10,0.47780,9.380938,-44.551220,DES,9.380949000000001,-44.551083
1302523,10,0.42391,36.317585,-4.659808,DES,36.31778,-4.659705000000001
1302550,10,0.75249,35.907120,-4.796024,DES,35.906948,-4.796454
1302564,10,0.52716,35.601662,-4.458018,DES,35.601760999999996,-4.458019999999999
1302572,10,0.58740,8.425838,-42.896225,DES,8.425974,-42.895851
1302635,10,0.20268,9.465967,-43.464108,DES,9.465727000000001,-43.464031
1302648,10,0.23171,10.002610,-44.054123,DES,10.00264,-44.054131
1302675,10,1.02836,35.719444,-4.213037,DES,35.719440000000006,-4.213023000000001
1302705,10,0.79229,10.175434,-43.575825,DES,10.175754,-43.575714000000005
1302719,10,0.64527,10.071714,-44.040039,DES,10.07162,-44.040031
1302738,10,0.67783,10.061046,-44.952156,DES,10.060977000000001,-44.952312
1302901,10,0.62618,41.108486,-1.405177,DES,41.108398,-1.40575
1302915,10,0.35921,40.837498,-0.573562,DES,40.837334000000006,-0.5739
1303118,10,0.58838,35.289028,-6.432251,DES,35.289093,-6.432256
1303140,10,0.49592,33.935436,-4.370296,DES,33.935474,-4.37016
1303197,10,0.52562,37.205124,-4.308754,DES,37.205172999999995,-4.308662
1303215,10,0.32869,55.127876,-26.844175,DES,55.127669999999995,-26.843823999999998
1303257,10,0.77159,36.304268,-4.966209,DES,36.30426,-4.966222
1303314,10,0.60491,36.328106,-4.754427,DES,36.328171000000005,-4.75399
1303317,10,0.47429,36.964356,-5.405714,DES,36.964386,-5.405995
1303466,10,0.65274,54.387119,-29.136845,DES,54.38715,-29.136872999999998
1303496,10,0.17978,53.848209,-29.591787,DES,53.848282,-29.592043
1303658,10,0.66788,8.524889,-42.873451,DES,8.524752000000001,-42.873413
1303663,10,0.81825,8.374683,-42.485996,DES,8.374984,-42.486115000000005
1303699,10,0.79547,51.658310,-27.895590,DES,51.658553999999995,-27.895477000000003
1303722,10,1.02468,52.971146,-27.572849,DES,52.97147,-27.572937
1303753,10,0.65242,8.085657,-43.381184,DES,8.086367999999998,-43.381679999999996
1303881,10,0.77004,9.507357,-44.080322,DES,9.507322,-44.080326
1303883,10,0.25904,8.863275,-44.917099,DES,8.862439,-44.917168
1303910,10,0.68456,9.101762,-43.936409,DES,9.1016,-43.936481
1303952,10,0.56262,35.871758,-6.921939,DES,35.872189,-6.922432000000001
1304183,10,0.63502,9.763758,-44.235523,DES,9.763724,-44.235546
1304193,10,0.45354,9.879700,-44.843594,DES,9.879671,-44.843678000000004
1304362,10,0.76177,9.364746,-44.240326,DES,9.36486,-44.240421000000005
1304442,10,0.21711,52.163063,-28.108288,DES,52.16317,-28.108171000000002
1304456,10,0.42989,41.531277,-1.074909,DES,41.531326,-1.074893
1304501,10,0.51882,41.909706,-1.271580,DES,41.909884999999996,-1.271615
1304503,10,0.52971,53.092903,-27.954512,DES,53.09301,-27.954534999999996
1304506,10,0.75421,53.164429,-28.657108,DES,53.164501,-28.657007
1304652,10,0.58126,42.093430,-1.062483,DES,42.093658000000005,-1.062329
1304678,10,0.21883,54.870091,-27.643946,DES,54.86993399999999,-27.643902
1304777,10,0.40476,53.544529,-29.374083,DES,53.546794999999996,-29.374111
1304779,10,0.55993,53.524139,-29.544495,DES,53.524356999999995,-29.544712
1304841,10,0.74126,10.004416,-44.418682,DES,10.004323,-44.418732
1304991,10,0.65866,42.527180,-0.848796,DES,42.527279,-0.848549
1305051,10,0.29887,42.559826,-0.034187,DES,42.560154,-0.03399
1305219,10,0.61633,42.504555,0.052604,DES,42.504574,0.052446000000000007
1305276,10,0.25286,34.147736,-5.271104,DES,34.147984,-5.271097
1305308,10,0.68972,34.507683,-5.548003,DES,34.507694,-5.548024
1305350,10,0.49263,35.931988,-7.177485,DES,35.932045,-7.177536999999999
1305409,10,0.61935,35.237640,-6.930228,DES,35.237675,-6.930185000000001
1305486,10,0.89888,36.366768,-5.072262,DES,36.366946999999996,-5.072275
1305504,10,0.49559,36.058437,-5.164576,DES,36.057907,-5.165079
1305541,10,0.83293,36.642719,-5.560069,DES,36.642239000000004,-5.560589
1305626,10,0.32572,35.654617,-4.133254,DES,35.654635999999996,-4.133271
1305687,10,0.62740,41.293858,-0.700321,DES,41.293701,-0.69928
1305756,10,0.27589,53.495350,-26.872685,DES,53.495224,-26.872266999999997
1305785,10,0.47327,9.893359,-44.833420,DES,9.893391000000001,-44.833420000000004
1305807,10,0.56997,9.613655,-43.922909,DES,9.613650999999999,-43.923054
1305835,10,0.34196,10.065388,-44.370457,DES,10.065436,-44.370411
1305873,10,0.60092,53.600750,-27.665558,DES,53.600513,-27.665676
1305946,10,0.64663,34.408314,-5.219437,DES,34.408382,-5.219321
1306059,10,0.60631,36.378788,-4.752790,DES,36.378859999999996,-4.7526779999999995
1306067,10,0.72220,55.089386,-28.779875,DES,55.089507999999995,-28.779916999999998
1306073,10,0.32858,36.850643,-3.749355,DES,36.850567,-3.749221
1306110,10,0.60864,36.221520,-3.822196,DES,36.220924,-3.821939
1306141,10,0.33239,54.897774,-28.910761,DES,54.897769999999994,-28.910248
1306360,10,0.45478,53.676712,-26.486982,DES,53.676704,-26.487257
1306366,10,0.15062,42.248135,-0.503100,DES,42.24712,-0.503019
1306378,10,0.36101,43.755081,-0.032459,DES,43.7551,-0.032378
1306390,10,0.40911,43.316361,-0.030057,DES,43.316399,-0.030026
1306423,10,0.44638,43.188110,-0.886169,DES,43.187901000000004,-0.886201
1306578,10,0.42044,6.868335,-43.116550,DES,6.8688,-43.116653
1306626,10,0.42089,54.877281,-27.238987,DES,54.877239,-27.239110999999998
1306736,10,0.55145,54.920952,-27.748051,DES,54.921165,-27.747840999999998
1306980,10,0.54674,7.036068,-43.291557,DES,7.035891,-43.291695000000004
1306986,10,0.44808,7.867339,-42.875576,DES,7.867288,-42.875546
1306991,10,0.42199,8.468144,-42.094757,DES,8.468082,-42.094688
1307261,10,0.70351,36.624493,-4.003188,DES,36.624588,-4.003195
1307277,10,0.41113,41.738815,-0.235549,DES,41.738831,-0.23556100000000002
1307748,10,0.52527,52.049801,-28.052624,DES,52.049038,-28.053427000000003
1307783,10,0.74061,52.687191,-27.469523,DES,52.687259999999995,-27.469807
1307830,10,0.35948,53.294464,-27.957768,DES,53.294861,-27.957586
1307843,10,0.92146,52.784645,-28.720318,DES,52.784732999999996,-28.720337
1308314,10,0.40647,53.415611,-28.940748,DES,53.415836,-28.940893
1308326,10,0.32622,42.270138,0.582344,DES,42.270340000000004,0.5820420000000001
1308357,10,0.34157,41.335754,-1.191918,DES,41.335865000000005,-1.191828
1308453,10,0.75572,36.880295,-3.961907,DES,36.880547,-3.9618160000000002
1308529,10,0.72212,35.844116,-3.992856,DES,35.843983,-3.9927050000000004
1308568,10,0.64304,33.873203,-5.052549,DES,33.873154,-5.052561
1308582,10,0.36704,37.137245,-4.372774,DES,37.137203,-4.372703
1308589,10,0.68576,52.369988,-28.462507,DES,52.369991,-28.462612
1308916,10,0.43769,55.022717,-27.152811,DES,55.022606,-27.152872
1309013,10,0.21260,35.466110,-7.339985,DES,35.46608,-7.339446000000001
1309051,10,0.59629,36.498627,-6.211551,DES,36.498740999999995,-6.211505000000001
1309215,10,0.77464,51.672638,-28.323961,DES,51.672451,-28.323631
1309227,10,0.92576,53.180794,-28.452227,DES,53.180927000000004,-28.452267
1309288,10,0.26793,54.644871,-29.194429,DES,54.64481,-29.194363
1309293,10,0.33472,53.945625,-28.484200,DES,53.945693999999996,-28.484144
1309323,10,0.48309,54.588749,-28.808949,DES,54.588726,-28.809023
1309330,10,0.34472,54.249947,-28.739609,DES,54.250053,-28.739643
1309376,10,0.74009,54.044079,-28.000813,DES,54.044284999999995,-28.000912
1309492,10,0.33352,53.300850,-28.024872,DES,53.300854,-28.024960999999998
1309509,10,0.96296,52.968662,-27.248074,DES,52.968830000000004,-27.248276
1309551,10,0.65135,6.474001,-42.907005,DES,6.474008,-42.907021
1309694,10,0.45353,10.949914,-44.054592,DES,10.949876,-44.054417
1309696,10,0.80954,9.208918,-43.436115,DES,9.209031,-43.436085
1309870,10,1.01382,53.223663,-28.214186,DES,53.223431000000005,-28.214508000000002
1309874,10,0.27001,10.337526,-43.967869,DES,10.337539,-43.967655
1309982,10,1.08142,53.747498,-28.159517,DES,53.747356,-28.159221999999996
1310073,10,0.62703,42.482502,-0.870355,DES,42.482533000000004,-0.87035
1310182,10,0.49611,41.571674,-0.728000,DES,41.571735,-0.7280479999999999
1310236,10,0.69085,40.617313,-0.716034,DES,40.617359,-0.7161890000000001
1310294,10,0.43967,33.549397,-4.695845,DES,33.549484,-4.695752
1310303,10,0.69530,34.642025,-4.796791,DES,34.641876,-4.796894
1310304,10,0.66881,34.108864,-5.040257,DES,34.108906,-5.040336
1310367,10,0.23332,34.742241,-6.718639,DES,34.742354999999996,-6.718553
1310396,10,0.32250,35.060249,-6.052929,DES,35.060162,-6.052902
1310432,10,0.29471,36.299637,-6.359507,DES,36.299622,-6.359627
1310475,10,0.66375,35.053261,-6.472534,DES,35.053413,-6.472673
1310485,10,0.43313,35.259174,-6.395768,DES,35.259192999999996,-6.395823
1310916,10,0.67923,54.773846,-28.236921,DES,54.774956,-28.236753000000004
1310963,10,0.45919,54.152069,-29.405451,DES,54.152083999999995,-29.405485
1310964,10,0.75147,54.153732,-29.384672,DES,54.153641,-29.384816999999998
1311001,10,0.63094,52.423546,-28.055479,DES,52.424263,-28.055547999999998
1311113,10,0.61533,52.737068,-28.157860,DES,52.737038,-28.157749
1311151,10,0.67765,53.169590,-27.660196,DES,53.169743000000004,-27.660197999999998
1311247,10,0.44183,8.020238,-43.909603,DES,8.020133999999999,-43.909561
1311394,10,0.34291,9.572380,-43.261540,DES,9.572152,-43.261475
1311496,10,0.69066,41.871059,-0.689306,DES,41.871097999999996,-0.689317
1311590,10,0.55910,34.435017,-4.415624,DES,34.434868,-4.415619
1311631,10,0.64039,34.010941,-4.718192,DES,34.011105,-4.7182260000000005
1311632,10,0.42420,34.689858,-5.072332,DES,34.68988,-5.072289
1311755,10,0.47100,35.604141,-4.257723,DES,35.603935,-4.257517
1311884,10,0.68136,36.810276,-5.181068,DES,36.810234,-5.181058999999999
1311903,10,0.71912,36.761498,-4.012285,DES,36.761692,-4.012222
1311921,10,1.04436,36.541004,-4.254859,DES,36.541035,-4.25513
1312164,10,0.52327,9.054750,-43.600414,DES,9.054849,-43.600559000000004
1312171,10,0.50043,9.662512,-43.906895,DES,9.662444,-43.907009
1312213,10,0.40697,42.488152,0.097255,DES,42.488346,0.097317
1312274,10,0.42450,42.610977,-0.361718,DES,42.610901,-0.361836
1312818,10,0.72292,54.390797,-27.473509,DES,54.390839,-27.473436
1312821,10,0.66121,54.080181,-26.989931,DES,54.080195999999994,-26.989813
1312897,10,0.28578,35.710095,-4.423516,DES,35.710201,-4.423567
1313026,10,0.53696,54.246273,-28.631817,DES,54.246306999999995,-28.631733
1313057,10,0.33754,51.647163,-28.021414,DES,51.647289,-28.021437
1313177,10,0.63498,7.632814,-42.948551,DES,7.63287,-42.948566
1313230,10,0.21792,8.482974,-42.698265,DES,8.48287,-42.69828
1313434,10,0.69071,9.894674,-43.140526,DES,9.894939,-43.14082
1313572,10,0.70130,40.727997,-0.686762,DES,40.727982,-0.6870109999999999
1313594,10,0.28834,34.832935,-5.789424,DES,34.832684,-5.7892410000000005
1313698,10,0.43619,34.805790,-4.187763,DES,34.805801,-4.187651
1314047,10,0.45696,36.422497,-3.849453,DES,36.422424,-3.849743
1314067,10,0.43365,36.691063,-4.824906,DES,36.691128000000006,-4.824841999999999
1314071,10,0.32707,36.619381,-4.036044,DES,36.619431,-4.035996
1314162,10,0.58141,36.859489,-4.183014,DES,36.859703,-4.183278
1314296,10,0.70426,36.887184,-5.107933,DES,36.887188,-5.107927
1314317,10,0.78665,36.596672,-5.312144,DES,36.597023,-5.312158999999999
1314554,10,0.35159,43.578911,0.298071,DES,43.579079,0.298043
1314581,10,0.57450,42.559647,-0.941775,DES,42.559891,-0.941688
1314709,10,0.65988,54.872791,-26.824076,DES,54.872704000000006,-26.824259
1314847,10,0.52053,37.032578,-4.633980,DES,37.032768,-4.633701
1314897,10,0.33662,36.606628,-4.155160,DES,36.606773,-4.154642
1315191,10,0.58357,42.135696,0.282034,DES,42.135784,0.28228000000000003
1315192,10,0.22714,42.985901,-0.523071,DES,42.985901,-0.523071
1315197,10,0.20823,42.266838,0.116706,DES,42.266914,0.116694
1315259,10,0.22806,40.864075,-1.603645,DES,40.863548,-1.602379
1315296,10,0.41257,40.301579,-0.764383,DES,40.301476,-0.7641720000000001
1315570,10,0.61273,53.304596,-28.793222,DES,53.304306000000004,-28.793615000000003
1315795,10,0.37813,55.123661,-27.538530,DES,55.124214,-27.538908000000003
1315806,10,0.69525,53.461903,-27.387539,DES,53.461861,-27.387533
1315818,10,0.55218,54.610172,-27.541802,DES,54.610168,-27.541846999999997
1315832,10,0.62910,54.635643,-28.219820,DES,54.635948,-28.219814000000003
1315890,10,0.56699,8.336865,-42.885250,DES,8.337059,-42.885231
1315910,10,0.39365,8.214520,-43.092964,DES,8.214147,-43.093185
1315947,10,0.73781,52.611511,-28.142117,DES,52.611301,-28.142172
1315950,10,0.35948,53.294762,-27.957275,DES,53.294842,-27.957588
1315974,10,0.81174,52.041798,-28.777035,DES,52.042503,-28.777254
1316385,10,0.14740,53.525982,-27.632116,DES,53.52598199999999,-27.632095
1316461,10,0.60984,52.581200,-28.748646,DES,52.581058999999996,-28.748797999999997
1316465,10,0.32909,52.797485,-27.959307,DES,52.797436,-27.958868
1316487,10,0.77627,53.016926,-28.068274,DES,53.017178,-28.068138
1316626,10,0.61601,51.751804,-28.535870,DES,51.751858,-28.535896
1316701,10,0.36115,42.271179,-0.307162,DES,42.271244,-0.307056
1316831,10,0.43848,35.065090,-4.223419,DES,35.065357,-4.2238169999999995
1316853,10,0.69304,34.174473,-5.504423,DES,34.174178999999995,-5.504630000000001
1316989,10,0.55343,33.797825,-4.744645,DES,33.797794,-4.74528
1317164,10,0.15459,34.285484,-4.298173,DES,34.285286,-4.29746
1317277,10,0.23710,35.903149,-5.481456,DES,35.903202,-5.481431
1317372,10,0.74393,35.435570,-4.616712,DES,35.435703000000004,-4.616798999999999
1317496,10,0.64429,7.306658,-42.116722,DES,7.306723,-42.116749
1317526,10,0.43160,35.957142,-3.998674,DES,35.957134,-3.998689
1317612,10,0.10442,6.856408,-42.850411,DES,6.8554580000000005,-42.849998
1317666,10,0.14136,36.771053,-5.003092,DES,36.771015000000006,-5.002413
1317724,10,0.46775,37.337296,-4.721333,DES,37.337154,-4.721061
1317783,10,0.39436,43.108246,0.702585,DES,43.108295,0.702503
1317956,10,0.86917,36.107071,-4.745373,DES,36.10709,-4.745394
1318052,10,0.48068,52.429531,-28.082205,DES,52.43004200000001,-28.082144
1318126,10,0.37298,8.340960,-44.360680,DES,8.341279,-44.36039
1318158,10,0.78604,10.231592,-43.545994,DES,10.231506,-43.54594
1318235,10,0.36002,41.573536,-0.517377,DES,41.573505,-0.517679
1318266,10,0.40626,8.878596,-44.726379,DES,8.878565,-44.726428999999996
1318304,10,0.39764,40.449429,-0.408047,DES,40.449535,-0.407788
1318460,10,0.36604,41.573971,-0.670669,DES,41.573906,-0.670686
1318659,10,0.42354,55.065170,-29.327721,DES,55.06525,-29.327761
1318661,10,0.34451,55.129459,-28.489935,DES,55.129574,-28.489967
1318689,10,0.49338,53.997543,-29.956009,DES,53.997478,-29.956131
1318847,10,0.65992,43.538132,-0.611697,DES,43.538342,-0.61149
1319058,10,0.66811,33.944771,-4.610791,DES,33.944916,-4.6108150000000006
1319066,10,0.33403,54.948837,-28.900408,DES,54.94883299999999,-28.900427
1319366,10,0.23482,41.495522,-1.088128,DES,41.495831,-1.088056
1319539,10,0.37176,41.114441,-1.589903,DES,41.114513,-1.5898860000000001
1319653,10,0.59552,53.468807,-27.335157,DES,53.468742000000006,-27.335154
1319667,10,0.67756,54.432255,-26.696680,DES,54.432258999999995,-26.696482
1319711,10,0.24171,36.472687,-4.849677,DES,36.47266,-4.849606
1319776,10,0.65980,54.931976,-26.508509,DES,54.932148,-26.508446000000003
1319821,10,0.30880,53.357853,-29.471891,DES,53.357265000000005,-29.471196999999997
1319840,10,0.48970,53.651352,-28.866570,DES,53.651168999999996,-28.866386
1319870,10,0.26767,54.921398,-28.315712,DES,54.921764,-28.315973
1319898,10,0.72860,53.264488,-28.849997,DES,53.264492000000004,-28.850092
1319926,10,0.56341,53.365944,-28.932509,DES,53.365974,-28.932434000000004
1320009,10,0.69164,53.018108,-28.651634,DES,53.018257,-28.651703
1320030,10,0.68141,52.557316,-28.333704,DES,52.556606,-28.334007
1320126,10,0.52685,10.244742,-43.782940,DES,10.244914999999999,-43.782936
1320278,10,0.57508,41.941830,-0.525763,DES,41.94175,-0.5259020000000001
1320367,10,0.40109,41.410343,-0.268056,DES,41.410515000000004,-0.26815300000000003
1320447,10,0.57892,40.854694,-0.381976,DES,40.854698,-0.381899
1320474,10,0.78842,53.999931,-28.078095,DES,54.000060999999995,-28.078135999999997
1320501,10,0.33683,41.003906,-0.913965,DES,41.003952000000005,-0.913963
1320704,10,0.26996,42.341641,0.361471,DES,42.341675,0.36142399999999997
1320762,10,0.51339,43.318802,-0.271146,DES,43.319134000000005,-0.271015
1320843,10,0.60874,42.314587,0.360748,DES,42.314713,0.360608
1321006,10,0.30244,36.445351,-5.943707,DES,36.445389,-5.944666000000001
1321116,10,0.62684,35.867333,-4.256789,DES,35.867474,-4.256627
1321166,10,0.43510,37.248833,-4.361691,DES,37.247935999999996,-4.362462
1321261,10,0.58936,34.119240,-5.076728,DES,34.119068,-5.076712000000001
1321276,10,0.33121,37.034222,-4.090873,DES,37.034294,-4.091055
1321338,10,0.31048,35.940319,-6.521554,DES,35.940353,-6.521291000000001
1321365,10,0.31270,36.341328,-6.006536,DES,36.341213,-6.006461
1321450,10,0.25833,8.225006,-42.229878,DES,8.225116,-42.229591
1321492,10,0.55467,8.179398,-42.666996,DES,8.179554,-42.666939
1321522,10,0.17715,8.299740,-43.880974,DES,8.300283,-43.880665
1321973,10,0.37043,34.413750,-4.215769,DES,34.41362,-4.215644
1322229,10,0.52612,35.926357,-4.018886,DES,35.926426,-4.018871
1322819,10,0.33759,54.478329,-28.444315,DES,54.478545999999994,-28.444288
1322912,10,0.65831,7.527631,-43.465271,DES,7.528264,-43.465171999999995
1322954,10,0.54327,53.659271,-28.155306,DES,53.659416,-28.155581
1322975,10,0.84634,52.880024,-28.727432,DES,52.880458999999995,-28.727621000000003
1323016,10,0.33485,10.056409,-43.452343,DES,10.056144,-43.452339
1323106,10,0.34417,34.085434,-5.013814,DES,34.085419,-5.013755000000001
1323349,10,0.50491,37.200703,-4.247733,DES,37.200424,-4.24787
1323600,10,0.37044,41.010361,-1.831778,DES,41.010426,-1.832389
1323740,10,0.77137,52.490360,-28.548483,DES,52.490513,-28.548523
1323777,10,0.53290,53.455006,-28.234989,DES,53.454696999999996,-28.234455
1323831,10,0.31079,52.853745,-27.137775,DES,52.853770999999995,-27.137885999999998
1324062,10,0.70325,53.323368,-27.906645,DES,53.322295999999994,-27.906209999999998
1324509,10,0.21062,54.563225,-28.812569,DES,54.563309,-28.812610999999997
1324536,10,0.58899,54.476437,-29.947796,DES,54.476471,-29.947807
1324542,10,0.54154,53.895199,-29.047989,DES,53.895405000000004,-29.048021000000002
1324544,10,0.52973,54.369358,-29.302443,DES,54.369521999999996,-29.302494
1324562,10,0.35299,53.795391,-28.448479,DES,53.795815000000005,-28.448365999999996
1324582,10,0.38185,53.309258,-29.190933,DES,53.308871999999994,-29.191101
1324685,10,0.54183,52.068111,-28.828848,DES,52.068424,-28.829351000000003
1324790,10,0.35723,53.612099,-27.337799,DES,53.612473,-27.337473
1325191,10,0.79810,52.259110,-27.324074,DES,52.259132,-27.324092999999998
1326273,10,0.56949,52.117321,-27.785505,DES,52.11718,-27.785686
1326299,10,0.67382,52.642696,-27.520714,DES,52.642685,-27.521036
1326367,10,0.55797,53.736130,-27.140719,DES,53.73669399999999,-27.140878999999998
1327978,10,0.20699,8.279955,-44.140156,DES,8.279988000000001,-44.14032
1328016,10,0.35071,10.347795,-44.268295,DES,10.347866999999999,-44.268337
1328089,10,0.56864,6.994421,-43.390152,DES,6.9940929999999994,-43.390553000000004
1328103,10,0.57472,7.202621,-43.288788,DES,7.203239999999999,-43.288967
1328105,10,0.44153,8.187062,-43.576935,DES,8.186774,-43.576172
1329168,10,0.67651,52.656750,-27.635353,DES,52.65675,-27.635353000000002
1329312,10,0.34478,36.263298,-5.541797,DES,36.263176,-5.541998
1329365,10,0.61101,36.528843,-4.653905,DES,36.528873,-4.653965
1329615,10,0.40360,35.442699,-5.639848,DES,35.442188,-5.639512
1329622,10,0.48607,35.499458,-6.228539,DES,35.499199,-6.228611
1329795,10,0.52558,41.792191,-0.012864,DES,41.792274,-0.012676
1330031,10,0.10563,9.140839,-43.487255,DES,9.141478,-43.487408
1330339,10,0.57914,55.219448,-29.516827,DES,55.219536,-29.516895
1330350,10,0.76303,52.063938,-27.787806,DES,52.064053,-27.787922
1330403,10,0.77650,54.519131,-29.132799,DES,54.519259999999996,-29.133043
1330530,10,0.33633,54.110844,-27.915379,DES,54.110645,-27.91552
1330533,10,0.36444,53.947941,-27.633751,DES,53.947860999999996,-27.633768
1330559,10,0.68131,54.030827,-27.083210,DES,54.03083,-27.083225
1330642,10,0.63391,37.040554,-4.047055,DES,37.040527000000004,-4.047121
1330817,10,0.27051,41.108952,-1.447716,DES,41.109718,-1.4483409999999999
1330828,10,0.36705,40.827564,-0.145322,DES,40.827671,-0.145322
1330903,10,0.56429,41.116287,-0.645018,DES,41.116756,-0.645161
1330964,10,0.45085,53.912453,-27.409948,DES,53.912296,-27.410365999999996
1330995,10,0.71827,35.646164,-6.961792,DES,35.646133,-6.961659
1331123,10,0.22157,8.036339,-42.554184,DES,8.035153999999999,-42.554947
1331130,10,0.39189,8.053130,-43.207363,DES,8.05312,-43.207359000000004
1331344,10,0.54993,34.271290,-5.076359,DES,34.271313,-5.076369000000001
1331513,10,0.40572,41.409588,-0.239845,DES,41.409465999999995,-0.239806
1331660,10,0.72076,54.531155,-26.868364,DES,54.53113199999999,-26.868365999999998
1331700,10,0.36025,9.172572,-44.025627,DES,9.172518,-44.025635
1331707,10,0.65395,8.412318,-43.710297,DES,8.412372,-43.710384000000005
1331719,10,0.58627,8.706694,-44.577705,DES,8.706661,-44.577782
1331836,10,0.35667,35.063015,-5.170101,DES,35.06308,-5.170041
1331883,10,0.61882,36.733212,-5.246315,DES,36.733181,-5.246075
1331887,10,0.78398,36.783711,-5.468542,DES,36.783813,-5.46861
1331925,10,0.61496,35.535694,-4.200360,DES,35.535458,-4.200425
1331976,10,0.55939,36.830399,-5.187720,DES,36.830448,-5.187593
1331993,10,0.71961,35.971802,-4.459333,DES,35.971489,-4.460246
1332008,10,0.61156,41.853058,-1.547622,DES,41.853065,-1.547628
1332392,10,0.51197,35.978176,-5.898362,DES,35.977940000000004,-5.898293
1332614,10,0.51856,52.131775,-28.403044,DES,52.131783,-28.402817
1332632,10,0.62320,52.663742,-28.479296,DES,52.663742000000006,-28.479296
1332689,10,0.48766,53.268879,-26.706299,DES,53.268791,-26.706356
1332701,10,0.79167,54.545445,-27.805193,DES,54.545448,-27.805120000000002
1332709,10,0.69371,55.129715,-27.696453,DES,55.129387,-27.696405
1332721,10,0.42224,55.302475,-27.368549,DES,55.30245600000001,-27.368612
1332747,10,0.34305,53.140884,-27.796587,DES,53.14096800000001,-27.796667
1332795,10,0.67984,54.081608,-26.713064,DES,54.08142900000001,-26.712790000000002
1332819,10,0.34180,51.964768,-28.707645,DES,51.964836,-28.707684000000004
1333246,10,0.43774,41.383972,-0.061614,DES,41.383808,-0.061386
1333248,10,0.69395,41.475960,-0.840537,DES,41.476105,-0.840666
1333291,10,0.36460,36.347591,-4.368912,DES,36.347569,-4.368682
1333442,10,0.69209,36.550358,-4.417606,DES,36.550396,-4.417663
1333489,10,0.68179,52.939652,-28.331986,DES,52.939811999999996,-28.331916999999997
1333576,10,0.58893,40.547951,-0.998149,DES,40.547623,-0.9989180000000001
1333949,10,0.65927,9.689554,-43.753761,DES,9.689747,-43.753551
1334084,10,0.13349,41.734005,-0.690615,DES,41.733990000000006,-0.69057
1334087,10,0.26628,41.008358,-0.467395,DES,41.009009999999996,-0.46734899999999996
1334253,10,0.62076,54.847382,-26.903158,DES,54.84750699999999,-26.903029999999998
1334257,10,0.68005,54.055016,-27.664705,DES,54.05494300000001,-27.66481
1334265,10,0.58586,53.828198,-27.346083,DES,53.828357999999994,-27.346138
1334302,10,0.45463,7.367349,-43.388157,DES,7.367534,-43.387917
1334321,10,0.80326,8.715216,-44.801804,DES,8.71515,-44.801826
1334423,10,0.35791,42.213657,-0.152201,DES,42.2136,-0.152085
1334448,10,0.51686,34.489563,-4.862434,DES,34.489585999999996,-4.862479
1334581,10,0.82736,35.560623,-4.371332,DES,35.56068,-4.371375
1334597,10,0.28895,35.831272,-4.067850,DES,35.831333,-4.067794999999999
1334614,10,0.43941,36.220573,-5.810386,DES,36.220749,-5.810372
1334620,10,0.19624,35.752945,-6.264184,DES,35.753036,-6.264285
1334644,10,0.28805,35.107216,-5.772545,DES,35.108238,-5.772735
1334645,10,0.24701,36.379593,-5.878989,DES,36.380207,-5.8791269999999995
1334647,10,0.74333,35.948376,-7.033251,DES,35.947860999999996,-7.034031
1334654,10,0.30259,35.196068,-5.966431,DES,35.196243,-5.966147
1334686,10,0.65904,35.011520,-6.300655,DES,35.011573999999996,-6.3006150000000005
1334707,10,0.64922,51.776356,-28.627846,DES,51.776424,-28.627806
1334742,10,0.52809,42.384743,0.699897,DES,42.384853,0.6997399999999999
1334858,10,0.62737,53.131512,-27.577599,DES,53.132202,-27.577719000000002
1335259,10,0.72701,54.514610,-27.697910,DES,54.514759,-27.697821
1335305,10,0.33403,41.159859,-0.405977,DES,41.159896999999994,-0.405594
1335323,10,0.19991,40.316090,-1.087500,DES,40.316134999999996,-1.087551
1335387,10,0.60582,53.342060,-29.124971,DES,53.342209,-29.125171999999996
1335432,10,0.42692,51.549858,-28.163319,DES,51.550018,-28.163715000000003
1335472,10,0.50597,9.555312,-44.049526,DES,9.555887,-44.049759
1335564,10,0.60619,35.128132,-6.446471,DES,35.128166,-6.446539
1335585,10,0.60557,35.114647,-7.111384,DES,35.114723,-7.111349000000001
1335671,10,0.52427,55.145126,-28.628086,DES,55.145931000000004,-28.627934000000003
1335675,10,0.60735,54.840099,-28.879179,DES,54.84026,-28.879168
1335717,10,0.30477,52.859905,-28.353096,DES,52.860222,-28.353428000000005
1335756,10,0.44933,42.006908,-0.300437,DES,42.006844,-0.300534
1335818,10,0.62253,52.583050,-28.470995,DES,52.583518999999995,-28.471077
1335854,10,0.57869,54.311703,-27.683096,DES,54.311581000000004,-27.683239
1335885,10,0.39932,54.911984,-27.222214,DES,54.912158999999996,-27.22237
1336002,10,0.39496,7.769961,-43.090694,DES,7.77004,-43.090652
1336008,10,0.43764,10.321224,-43.886227,DES,10.321348,-43.886314
1336009,10,0.34175,8.916194,-44.893734,DES,8.916199,-44.893974
1336150,10,0.34810,9.791852,-44.561386,DES,9.791856,-44.561344
1336244,10,0.56493,7.431937,-43.625156,DES,7.432444,-43.625183
1336359,10,0.42821,35.238964,-5.289856,DES,35.238991,-5.289758
1336384,10,0.58306,34.094822,-4.515450,DES,34.095013,-4.515382
1336453,10,0.18492,40.969750,-1.229276,DES,40.969765,-1.2294559999999999
1336454,10,0.29256,41.563213,-1.890973,DES,41.563175,-1.8910630000000002
1336464,10,0.38732,41.255539,-0.749423,DES,41.25584,-0.749388
1336480,10,0.25604,41.724587,-1.164557,DES,41.724808,-1.164773
1336558,10,0.46760,42.511463,0.133087,DES,42.511368,0.133304
1336599,10,0.67747,52.838635,-27.982700,DES,52.838634,-27.9827
1336662,10,0.18156,53.658958,-28.397871,DES,53.65864200000001,-28.398871999999997
1336687,10,0.23380,35.605808,-6.149859,DES,35.605694,-6.149830000000001
1336693,10,0.64795,35.410259,-5.765585,DES,35.409366999999996,-5.7659199999999995
1336925,10,0.64997,54.912396,-27.523815,DES,54.912556,-27.523815000000003
1336942,10,1.02582,52.795017,-27.852772,DES,52.795078000000004,-27.852736
1336953,10,0.60013,36.745876,-3.767034,DES,36.745945,-3.767008
1336957,10,0.82961,53.080479,-28.460852,DES,53.080535999999995,-28.461002
1336975,10,0.11048,54.818630,-27.155611,DES,54.81839,-27.155559999999998
1337228,10,0.57741,7.524775,-43.034130,DES,7.52495,-43.034092
1337267,10,0.45318,34.171314,-4.797009,DES,34.171279999999996,-4.797093
1337272,10,0.50275,34.128422,-5.680552,DES,34.12851,-5.680504
1337311,10,0.42131,34.414490,-4.167667,DES,34.414543,-4.167590000000001
1337321,10,0.56258,33.922161,-4.377943,DES,33.922276000000004,-4.377909
1337541,10,1.05479,52.050034,-28.565140,DES,52.050224,-28.564770000000003
1337549,10,0.74877,54.528080,-29.439695,DES,54.528187,-29.439669
1337649,10,0.26150,43.404419,0.510183,DES,43.404327,0.5100859999999999
1337687,10,0.32869,55.047089,-26.975626,DES,55.047112,-26.975615
1337703,10,0.53225,54.883587,-26.724333,DES,54.883686,-26.72434
1337838,10,0.31194,35.496010,-6.498196,DES,35.49612,-6.498145
1337971,10,0.41066,10.439484,-44.372238,DES,10.439252999999999,-44.372227
1338128,10,0.31184,8.083662,-43.740833,DES,8.083581,-43.740803
1338170,10,0.38676,6.669886,-42.964066,DES,6.669973,-42.964226000000004
1338223,10,0.59952,7.760626,-42.630089,DES,7.760682000000001,-42.630024
1338233,10,0.60148,35.122704,-5.529291,DES,35.12249,-5.529042
1338266,10,0.64845,34.905033,-5.869125,DES,34.905125,-5.869114
1338278,10,0.56430,34.429966,-4.976041,DES,34.430042,-4.976072
1338288,10,0.13840,33.620819,-5.105864,DES,33.620758,-5.105601
1338324,10,0.42602,34.960075,-5.129517,DES,34.960121,-5.129519999999999
1338430,10,0.51717,40.639320,-1.254658,DES,40.639675,-1.254915
1338471,10,0.53116,41.291645,-1.564907,DES,41.291859,-1.564883
1338485,10,0.58466,41.080334,-1.517876,DES,41.080234999999995,-1.517591
1338649,10,0.61327,42.165390,-0.421733,DES,42.165512,-0.42174799999999996
1338665,10,0.72062,36.616760,-5.137959,DES,36.616467,-5.137823
1338675,10,0.33047,36.743656,-4.967741,DES,36.743702,-4.967630000000001
1338718,10,0.73306,42.673164,-0.319852,DES,42.673149,-0.319838
1338749,10,0.85806,36.048813,-4.086864,DES,36.048836,-4.086555000000001
1338762,10,0.42054,53.937035,-27.153151,DES,53.937702,-27.153252000000002
1338849,10,0.62002,53.704571,-26.361382,DES,53.704479000000006,-26.361889
1338940,10,0.77334,52.552921,-27.858482,DES,52.552971,-27.85854
1338959,10,0.46167,36.407951,-6.462457,DES,36.407967,-6.4622980000000005
1339002,10,0.30251,35.830547,-6.526311,DES,35.830546999999996,-6.526311
1339102,10,0.64795,35.408806,-5.765620,DES,35.409366999999996,-5.7659199999999995
1339149,10,0.46879,35.555027,-5.871708,DES,35.555401,-5.871532
1339176,10,0.92537,52.728462,-27.909498,DES,52.728554,-27.909435
1339217,10,0.33191,51.791409,-27.910799,DES,51.791145,-27.910803
1339220,10,0.59992,53.665455,-28.183355,DES,53.665604,-28.182732
1339227,10,0.82081,52.732330,-28.125382,DES,52.73183100000001,-28.125206
1339232,10,0.96859,52.908131,-27.227524,DES,52.908352,-27.227753000000003
1339246,10,0.95791,52.980213,-27.713514,DES,52.98025500000001,-27.712732
1339276,10,0.96363,36.668465,-5.113027,DES,36.668465000000005,-5.112953
1339291,10,0.81790,9.067094,-43.109821,DES,9.067110000000001,-43.109875
1339327,10,0.77250,10.015751,-43.458355,DES,10.015443,-43.458477
1339371,10,0.63581,9.338039,-43.889530,DES,9.337949,-43.889523
1339392,10,0.18148,54.124462,-28.569849,DES,54.124512,-28.569908
1339402,10,0.36538,54.005188,-29.790676,DES,54.005287,-29.790758
1339425,10,0.53579,54.573879,-29.556250,DES,54.573914,-29.556279999999997
1339609,10,1.12132,53.323910,-28.724577,DES,53.323727000000005,-28.724712
1339702,10,0.25616,8.466715,-42.546692,DES,8.466603,-42.546654
1339703,10,0.49272,8.428344,-42.578842,DES,8.428386,-42.578835
1339716,10,0.45682,6.855922,-43.056080,DES,6.856683,-43.056366
1339730,10,0.44881,8.214377,-42.144386,DES,8.214398,-42.144203000000005
1339756,10,0.27539,8.079682,-43.238422,DES,8.079829,-43.238468
1339875,10,0.45944,35.215756,-4.754442,DES,35.215053999999995,-4.754419
1339909,10,0.75153,33.788891,-4.977757,DES,33.788723,-4.977739
1340125,10,0.65134,41.877514,0.147411,DES,41.877289000000005,0.147645
1340132,10,0.60943,43.711739,-0.224807,DES,43.711838,-0.22483899999999998
1340141,10,0.65405,42.731384,0.741831,DES,42.731297,0.741842
1340253,10,0.69261,43.035103,0.081144,DES,43.035015,0.08088200000000001
1340460,10,0.63779,53.346462,-26.758844,DES,53.346596,-26.758979999999998
1340470,10,0.58057,34.974419,-4.801810,DES,34.974407,-4.8017080000000005
1340493,10,0.71719,54.051067,-26.164375,DES,54.050762,-26.164101000000002
1340521,10,0.65356,55.116093,-27.372778,DES,55.116322,-27.372931
1340539,10,0.44766,54.401768,-26.540396,DES,54.401798,-26.540416999999998
1340700,10,0.32550,36.162502,-4.681664,DES,36.162487,-4.6816629999999995
1340706,10,0.29323,37.057922,-5.316442,DES,37.057957,-5.316424
1340751,10,0.66480,36.155048,-5.371427,DES,36.154942,-5.371549
1340954,10,0.30517,53.186806,-29.027645,DES,53.187054,-29.028412
1341000,10,0.54203,53.953114,-29.337652,DES,53.953136,-29.337658
1341227,10,0.83036,52.908604,-27.622465,DES,52.908905000000004,-27.622103000000003
1341271,10,0.82584,52.639504,-27.962948,DES,52.639565000000005,-27.963017999999998
1341370,10,0.40900,8.963905,-44.676697,DES,8.963627,-44.676937
1341423,10,0.59710,8.342222,-44.206165,DES,8.342291000000001,-44.205853000000005
1341426,10,0.55321,9.380890,-44.346478,DES,9.381067999999999,-44.346722
1341459,10,0.52219,35.725346,-6.307511,DES,35.725468,-6.30745
1341502,10,0.51064,35.771557,-6.787463,DES,35.771664,-6.787394
1341556,10,0.71584,35.919296,-6.983731,DES,35.919365,-6.983692
1341743,10,0.68422,53.072014,-28.158413,DES,53.07204399999999,-28.158558000000003
1341823,10,0.55032,52.749844,-27.851603,DES,52.750229000000004,-27.851744
1341857,10,0.50314,53.118179,-26.979706,DES,53.118153,-26.979881
1341894,10,0.31293,35.302509,-4.650220,DES,35.302498,-4.650253
1342255,10,0.21885,40.743481,-0.267406,DES,40.743248,-0.26812199999999997
1342580,10,0.87472,36.688202,-3.974147,DES,36.6884,-3.9742319999999998
1342647,10,0.51618,10.653182,-44.470635,DES,10.653210000000001,-44.47047
1342707,10,0.65243,36.165497,-6.810126,DES,36.164761,-6.809947
1342778,10,0.40457,9.218061,-44.677235,DES,9.217444,-44.677082
1342810,10,0.70093,35.030266,-6.429430,DES,35.029888,-6.4287410000000005
1342906,10,0.49743,53.542625,-27.589018,DES,53.542632999999995,-27.588990999999996
1343208,10,0.49500,52.846481,-28.544226,DES,52.846588,-28.544113
1343337,10,0.33899,54.559166,-28.709869,DES,54.559311,-28.710089
1343401,10,0.38283,34.572121,-5.654875,DES,34.572369,-5.654891
1343533,10,0.36843,7.358388,-42.267349,DES,7.358467,-42.267323
1343542,10,0.78512,8.073130,-43.210918,DES,8.073568,-43.21093
1343759,10,0.50617,51.978981,-28.564434,DES,51.978951,-28.5648
1343871,10,0.63786,43.502541,-0.370269,DES,43.502666,-0.37038699999999997
1344303,10,0.09394,40.528839,-1.360585,DES,40.528828000000004,-1.360825
1344347,10,0.26361,41.637959,-0.409479,DES,41.638119,-0.408806
1344355,10,0.24448,40.956406,-0.935593,DES,40.955868,-0.935951
1344598,10,0.69609,40.661621,-0.940609,DES,40.661594,-0.940766
1344639,10,0.36672,9.385376,-44.200840,DES,9.385548,-44.200863
1345441,10,0.71467,51.838238,-28.737097,DES,51.838432,-28.737095
1345458,10,0.56872,53.130634,-28.877844,DES,53.130745,-28.877878000000003
1345553,10,0.31794,35.344692,-4.667977,DES,35.344563,-4.667805
1346137,10,0.36326,53.259174,-26.854090,DES,53.259071,-26.854086
1346139,10,0.50323,54.010819,-27.905289,DES,54.011306999999995,-27.905471999999996
1346149,10,0.58434,54.035442,-27.193003,DES,54.035503000000006,-27.193136
1346627,10,0.68193,53.300304,-28.336485,DES,53.30038100000001,-28.336512
1346628,10,0.53191,51.978485,-28.053095,DES,51.978432,-28.053236
1346758,10,0.49650,36.063824,-5.167993,DES,36.064423,-5.167976
1346956,10,0.33352,54.343502,-28.826429,DES,54.34356700000001,-28.826454
1346966,10,0.33513,55.340694,-29.149340,DES,55.340591,-29.1497
1347112,10,0.79318,52.841625,-27.223948,DES,52.842068000000005,-27.224435999999997
1347766,10,0.62889,35.020611,-6.640267,DES,35.020359,-6.640621
1366175,10,0.40462,10.430503,-44.249554,DES,10.430633,-44.249393
1366187,10,0.46290,36.731720,-5.209830,DES,36.731888,-5.210237
1366195,10,0.55313,35.912453,-4.867131,DES,35.912459999999996,-4.866842
1366280,10,0.73167,53.114044,-28.202406,DES,53.114216000000006,-28.202429
1366436,10,0.23954,53.637379,-29.511120,DES,53.637478,-29.511131
1366475,10,0.45546,54.969200,-29.526581,DES,54.969227000000004,-29.526552000000002
1366482,10,0.32154,52.570999,-28.321495,DES,52.570965,-28.321358
1366690,10,0.27119,35.613281,-4.166674,DES,35.61335,-4.166646
1367180,10,0.80342,35.538487,-4.669028,DES,35.538841,-4.669238
1367234,10,0.25173,34.128471,-4.631078,DES,34.128532,-4.631213
1367331,10,0.44684,7.026346,-42.454613,DES,7.026114999999999,-42.454983
1367408,10,0.54306,53.485539,-26.816944,DES,53.4855,-26.816903999999997
1367556,10,0.45115,34.670208,-4.671115,DES,34.670260999999996,-4.6710139999999996
1367571,10,0.43311,35.384438,-5.325840,DES,35.383884,-5.326175
1368111,10,0.55095,10.142037,-44.454319,DES,10.142126,-44.45435
1368131,10,0.30694,35.745560,-4.125039,DES,35.745728,-4.125017
1368133,10,0.27618,36.743580,-3.868923,DES,36.743748,-3.868896
1368143,10,0.42348,35.940445,-5.160483,DES,35.940483,-5.160461
1368188,10,0.24003,53.097221,-28.794487,DES,53.096249,-28.794407
1368482,10,0.50847,36.430649,-6.145141,DES,36.430820000000004,-6.145352
1368530,10,0.34224,34.284973,-5.275543,DES,34.285057,-5.275648
1370113,10,0.65553,7.949914,-43.696564,DES,7.949247,-43.696628999999994
1370135,10,0.51615,8.880093,-44.296211,DES,8.880125999999999,-44.296172999999996
1370181,10,0.69310,36.487938,-4.066946,DES,36.487965,-4.067012
1370247,10,0.66882,33.958874,-4.639770,DES,33.959381,-4.639657
1370308,10,0.62863,52.942154,-27.495218,DES,52.94249,-27.495134000000004
1370320,10,0.33070,9.974955,-44.086151,DES,9.975552,-44.086082
1370391,10,0.65692,54.945488,-29.807819,DES,54.945316000000005,-29.8078
1370402,10,0.64766,52.218323,-27.574387,DES,52.218319,-27.574377000000002
1370441,10,0.93733,53.389828,-28.383074,DES,53.389378,-28.383228000000003
1370806,10,0.58895,54.567539,-29.990320,DES,54.56760799999999,-29.990206
1370898,10,0.65069,8.078572,-42.545300,DES,8.078607,-42.545367999999996
1370906,10,0.61842,6.564727,-43.046257,DES,6.564827999999999,-43.046188
1370944,10,0.50947,10.066408,-43.307297,DES,10.066412,-43.307278000000004
1371022,10,0.29082,8.062297,-42.818237,DES,8.062353,-42.818287
1371046,10,0.07334,10.458238,-43.375191,DES,10.456635,-43.375427
1371048,10,0.34392,9.635918,-43.595867,DES,9.635862,-43.59597
1371111,10,0.88352,37.188751,-5.151207,DES,37.188644000000004,-5.151306
1371126,10,0.21601,52.936005,-28.254307,DES,52.936153000000004,-28.254184999999996
1371206,10,0.52779,52.917744,-27.303330,DES,52.91775500000001,-27.303331
1372115,10,0.89842,53.024254,-27.918802,DES,53.024727,-27.918795000000003
1373028,10,0.25517,36.374882,-5.976836,DES,36.375137,-5.976596
1373040,10,0.26162,36.983360,-3.992235,DES,36.983478999999996,-3.992379
1373042,10,0.23720,36.188419,-4.163720,DES,36.188477,-4.163778
1373123,10,0.69879,34.433979,-4.694845,DES,34.434067,-4.6948870000000005
1375087,10,0.62952,52.231220,-29.034729,DES,52.231215999999996,-29.034784000000002
1376168,10,0.49239,8.088785,-43.846073,DES,8.088824,-43.846218
1377086,10,0.33115,8.320840,-43.408562,DES,8.320797,-43.408615000000005
1380034,10,0.62935,36.818745,-3.674386,DES,36.818855,-3.6743650000000003
1380167,10,0.75331,52.879147,-28.709730,DES,52.879337,-28.709394
1385052,10,0.80106,36.642826,-4.748247,DES,36.642826,-4.748283
1385187,10,0.52212,43.139782,-0.089558,DES,43.140029999999996,-0.08960499999999999
1386047,10,0.49181,36.735230,-4.419295,DES,36.735493,-4.419457
1387101,10,0.48092,41.601223,-1.225280,DES,41.601402,-1.225225
1387162,10,0.61750,54.512081,-27.711649,DES,54.51208100000001,-27.711486999999998
1387174,10,0.69842,54.836937,-29.843739,DES,54.837074,-29.843889
1389074,10,0.50285,43.083443,-0.911167,DES,43.083439,-0.911041
1389177,10,0.44895,55.066708,-28.799547,DES,55.066742000000005,-28.799351
1389210,10,0.54865,54.382717,-28.796007,DES,54.383143999999994,-28.795810999999997
1390164,10,0.45102,54.298798,-28.942001,DES,54.298866000000004,-28.942039
1390173,10,0.65875,53.543018,-27.570578,DES,53.54335,-27.570875
1390343,10,0.89117,36.001148,-4.493878,DES,36.001659000000004,-4.494114
1391191,10,0.65069,55.190460,-29.148699,DES,55.190578,-29.148733
1392367,10,0.59349,42.444828,0.437807,DES,42.445004,0.437723
1392400,10,0.45205,54.931809,-26.412487,DES,54.931743999999995,-26.412575
1395159,10,0.95690,37.148346,-4.051857,DES,37.148476,-4.052038
1397029,10,0.35942,54.639954,-27.672735,DES,54.640053,-27.672644000000002
1400026,10,0.70961,53.279018,-27.301901,DES,53.279087,-27.301838
1402076,10,0.89611,36.740185,-4.144922,DES,36.740017,-4.144964
1403033,10,0.47435,10.065434,-44.450253,DES,10.064922,-44.450138
1408024,10,0.40228,9.682738,-43.486713,DES,9.683133,-43.485718
1408068,10,0.42713,36.392426,-4.371384,DES,36.392204,-4.371409
1409129,10,0.79364,52.385895,-27.472719,DES,52.385773,-27.472459999999998
1411114,10,0.83706,53.374050,-27.686787,DES,53.374218000000006,-27.686781
1413048,10,0.61122,52.632256,-28.807838,DES,52.632442000000005,-28.807919000000002
1420185,10,0.64453,52.394280,-27.508322,DES,52.394001,-27.508065999999996
1430116,10,1.02144,52.938736,-28.139298,DES,52.93881999999999,-28.139222999999998
1430136,10,0.41235,41.931824,0.342824,DES,41.931923,0.342752
1430255,10,0.65806,36.291946,-5.774556,DES,36.291981,-5.774605
1431064,10,0.39494,9.061986,-43.184773,DES,9.061900999999999,-43.184998
1431072,10,0.42267,8.047522,-42.668808,DES,8.047461,-42.668673999999996
1431096,10,0.47680,9.161865,-43.948441,DES,9.161778,-43.948498
1431108,10,0.61052,52.966393,-28.016733,DES,52.966438000000004,-28.016865000000003
1431163,10,0.36711,40.820599,-0.062145,DES,40.821049,-0.062292999999999994
1432017,10,0.34579,55.070763,-27.628599,DES,55.070843,-27.628639
1432026,10,0.15011,53.054649,-29.177969,DES,53.054729,-29.176696999999997
1432027,10,0.35039,54.698093,-27.293657,DES,54.698223,-27.294216
1432078,10,0.54471,8.744804,-42.785729,DES,8.744739,-42.785683
1432102,10,0.71803,10.465083,-43.936470,DES,10.465069999999999,-43.936871000000004
1432141,10,0.56489,10.038949,-44.250629,DES,10.038541,-44.250916
1433040,10,0.71949,53.648651,-29.713785,DES,53.648689000000005,-29.713866999999997
1433108,10,0.68283,8.968922,-44.307228,DES,8.968894,-44.306686
1433114,10,0.68438,51.889477,-28.011202,DES,51.889549,-28.011276000000002
1433226,10,0.59618,35.024582,-4.365980,DES,35.024567,-4.365995
1434201,10,0.26317,33.973690,-4.228354,DES,33.97361,-4.228872
1434203,10,0.37567,34.861927,-4.879717,DES,34.862087,-4.879738
1434248,10,0.23734,35.739800,-4.312728,DES,35.74157,-4.311234
1434258,10,0.66195,52.984047,-27.694552,DES,52.984058,-27.69455
1434262,10,0.78964,36.663078,-5.117581,DES,36.662647,-5.1173519999999995
1435033,10,0.58040,54.918160,-28.451902,DES,54.918468000000004,-28.45154
1435067,10,0.39136,8.632078,-44.575523,DES,8.632176,-44.575691
1435094,10,1.01700,52.884792,-28.862623,DES,52.88474300000001,-28.861791999999998
1439028,10,0.55424,36.039230,-3.913589,DES,36.039379,-3.913539
1440057,10,0.51228,34.911926,-5.799697,DES,34.911986999999996,-5.799439
1442085,10,0.63355,41.011128,-0.765274,DES,41.011192,-0.765134
1443078,10,0.61096,40.987976,-1.377496,DES,40.987503000000004,-1.377993
1444028,10,0.55372,8.950706,-44.084934,DES,8.950636,-44.084919
1447133,10,0.36540,53.181614,-27.514706,DES,53.181614,-27.514706
1447146,10,1.00009,52.081745,-28.358774,DES,52.081829,-28.358840999999998
1448122,10,0.57688,52.127201,-27.348057,DES,52.12719,-27.348009
1449074,10,0.33186,54.907246,-26.499651,DES,54.907127,-26.499468
1449102,10,0.69830,52.779148,-28.679045,DES,52.779289,-28.6791
1449115,10,0.86674,52.902851,-28.447630,DES,52.90316800000001,-28.44762
1450026,10,0.35831,43.393452,0.151253,DES,43.393665000000006,0.151315
1450127,10,0.60009,35.541851,-4.469770,DES,35.542046,-4.469937
1450148,10,0.44736,7.791373,-42.266014,DES,7.791684,-42.265503
1452059,10,0.56420,34.452351,-5.653027,DES,34.452156,-5.652543
1456020,10,0.88189,36.452423,-4.558056,DES,36.452422999999996,-4.558029
1457019,10,0.45403,37.027313,-4.743459,DES,37.027294,-4.743357
1457045,10,0.28848,33.866928,-4.531366,DES,33.867168,-4.531437
1466032,10,0.57606,10.053222,-44.519089,DES,10.053383,-44.519093
1469040,10,0.32670,42.855026,-0.341719,DES,42.854946000000005,-0.341995
1470063,10,0.53547,54.089008,-26.589735,DES,54.089054000000004,-26.589747999999997
1472020,10,0.53112,54.184563,-27.616118,DES,54.18428,-27.616449
1473025,10,0.64649,53.765209,-29.644449,DES,53.765179,-29.64452
1473027,10,0.50566,55.320023,-29.310583,DES,55.319466000000006,-29.310748999999998
1474020,10,0.54148,51.749641,-28.163183,DES,51.749657,-28.163149
1479069,10,0.17267,8.957246,-43.393559,DES,8.957517,-43.393658
1479130,10,0.86240,36.016983,-4.789397,DES,36.017016999999996,-4.789365
1480038,10,0.33423,35.783440,-6.791725,DES,35.783584999999995,-6.791717
1484053,10,0.46322,10.577676,-43.729729,DES,10.57777,-43.730068
1487043,10,0.69226,35.876556,-4.564573,DES,35.87598,-4.56404
1487055,10,0.58196,43.073681,0.784598,DES,43.07365,0.784619
1488029,10,0.47833,8.658472,-44.771503,DES,8.658211,-44.77216
1488098,10,0.75076,36.081322,-4.422522,DES,36.081303000000005,-4.422551
1490034,10,0.53002,54.876534,-26.649111,DES,54.876614000000004,-26.649143
1495047,10,0.41097,52.594212,-28.819742,DES,52.594322,-28.81996
1500031,10,0.36606,9.203524,-44.139755,DES,9.203648,-44.139790000000005
1500076,10,0.59892,34.963730,-4.614352,DES,34.963776,-4.614299
1500086,10,0.64129,34.372517,-5.312849,DES,34.374072999999996,-5.313342
1501075,10,0.38373,41.564819,-1.428545,DES,41.564907,-1.428482
1501097,10,0.43587,34.206169,-4.218249,DES,34.206219,-4.218188
1501131,10,0.85239,36.159271,-3.804067,DES,36.159237,-3.804079
1501158,10,0.58049,8.871173,-44.334114,DES,8.871242,-44.334068
1502029,10,0.51797,35.138985,-5.626582,DES,35.13884,-5.626492
1502065,10,0.27316,43.130131,-0.864789,DES,43.130367,-0.864707
1502132,10,0.80181,36.148766,-4.151669,DES,36.148796000000004,-4.1515949999999995
1503024,10,0.27694,35.107853,-6.385452,DES,35.106445,-6.386547
1504096,10,0.50582,33.627407,-5.044291,DES,33.627441,-5.0442800000000005
1504139,10,0.55644,51.805798,-27.488939,DES,51.806026,-27.488159000000003
1508029,10,0.85279,53.325958,-27.864143,DES,53.325661,-27.864252
1509040,10,0.68507,41.649567,-1.744124,DES,41.649623999999996,-1.7441529999999998
1511024,10,0.37178,40.833492,-0.306812,DES,40.833664,-0.306846
1512067,10,0.45394,55.255776,-28.718895,DES,55.255694999999996,-28.718937
1512101,10,0.56872,35.061710,-6.015582,DES,35.061806,-6.015535
1514043,10,0.52706,34.860180,-6.166523,DES,34.860092,-6.165597
1514059,10,0.52427,55.145920,-28.627947,DES,55.145924,-28.627917999999998
1516019,10,0.42436,9.958631,-43.564758,DES,9.958747,-43.564663
1519027,10,0.51404,35.704727,-7.163075,DES,35.704848999999996,-7.1631
1519038,10,0.11948,53.196514,-27.119707,DES,53.196006999999994,-27.119045
1528034,10,0.63890,41.438282,-1.612107,DES,41.438128999999996,-1.612088
1530098,10,0.54758,7.103809,-43.317310,DES,7.103917,-43.317276
1530120,10,0.40467,34.142292,-5.637100,DES,34.142475,-5.636830000000001
1530191,10,0.55584,35.990589,-3.685468,DES,35.990120000000005,-3.68511
1531033,10,0.60888,8.979524,-44.621147,DES,8.97967,-44.621311
1531078,10,0.67713,35.899616,-6.848732,DES,35.899731,-6.848733
1531089,10,0.29149,10.177927,-43.921810,DES,10.177837,-43.921787
1531108,10,0.34387,34.103203,-4.686732,DES,34.103190999999995,-4.6868
1531112,10,0.33470,33.822315,-5.316352,DES,33.82246,-5.316269
1531113,10,0.45694,33.677765,-4.509690,DES,33.677761,-4.509542
1531145,10,0.45675,35.740257,-4.793823,DES,35.74062,-4.793897
1532056,10,0.47273,8.121264,-44.128826,DES,8.121352,-44.129128
1532057,10,0.50397,9.635885,-44.513130,DES,9.635917999999998,-44.51313
1533035,10,0.58117,35.171822,-4.982737,DES,35.171768,-4.982662
1533036,10,0.65325,9.204474,-43.156883,DES,9.204572,-43.156895
1534078,10,0.61224,35.533848,-4.363519,DES,35.533932,-4.363387
1535064,10,0.80078,37.040596,-5.304894,DES,37.040478,-5.304958
1536021,10,0.53410,6.625070,-43.462746,DES,6.62533,-43.462669
1536026,10,0.44129,8.825304,-42.616322,DES,8.825641000000001,-42.61615
1536028,10,0.45115,8.968451,-43.358021,DES,8.968906,-43.358021
1536112,10,0.75888,53.059235,-28.289660,DES,53.05958199999999,-28.290020000000002
1537020,10,0.40597,10.090468,-44.028614,DES,10.090512,-44.028656
1537077,10,0.74450,53.093514,-27.494150,DES,53.093517000000006,-27.494064
1538019,10,0.29069,41.773533,-1.736025,DES,41.774799,-1.734552
1547048,10,0.54454,35.452587,-6.100800,DES,35.452789,-6.100835
1547071,10,0.29911,52.683220,-28.847130,DES,52.683243000000004,-28.847214
1547086,10,0.27578,53.168415,-28.517849,DES,53.168530000000004,-28.517870000000002
1548070,10,0.67651,53.050964,-27.758246,DES,53.050831,-27.758369000000002
1549078,10,0.60558,53.956108,-29.754837,DES,53.95618399999999,-29.754856
1550021,10,0.20587,8.134320,-43.228165,DES,8.134780000000001,-43.227740999999995
1550103,10,0.53166,53.425472,-28.878401,DES,53.425766,-28.878149
1551020,10,0.46283,7.181709,-42.200169,DES,7.181083999999999,-42.200035
1551083,10,0.80301,52.208458,-28.025246,DES,52.208484999999996,-28.025340999999997
1551108,10,0.86647,35.383957,-4.658808,DES,35.384212,-4.65899
1552028,10,0.45180,34.482193,-5.541375,DES,34.482056,-5.541532
1552143,10,0.75991,54.115929,-26.586367,DES,54.115929,-26.586367
1555053,10,0.73072,53.683285,-26.644318,DES,53.683319,-26.644308000000002
1559048,10,0.98000,36.981381,-4.575631,DES,36.981483000000004,-4.575696
1559051,10,0.70510,36.109379,-4.250821,DES,36.109875,-4.250706
1559124,10,0.65253,54.731361,-29.125114,DES,54.731014,-29.125076
1559147,10,0.63231,37.158913,-4.411767,DES,37.158756,-4.411778
1559178,10,0.43550,42.992748,0.206595,DES,42.992477,0.20662800000000003
1560034,10,0.26891,8.615148,-44.210461,DES,8.615233,-44.210464
1560099,10,0.68006,52.712437,-28.213356,DES,52.712143000000005,-28.213510999999997
1562077,10,0.47842,53.485966,-28.208237,DES,53.486022999999996,-28.208178999999998
1562098,10,0.57618,34.776108,-6.165384,DES,34.776081,-6.165198999999999
1563063,10,0.71552,54.621529,-29.283320,DES,54.621601,-29.283367
1564017,10,0.65792,6.612682,-42.902992,DES,6.612773,-42.903027
1565032,10,0.46097,34.179615,-4.954080,DES,34.179840000000006,-4.953646
1566028,10,0.32059,35.806728,-6.998018,DES,35.806854,-6.998025
1567044,10,0.42273,54.657242,-28.392786,DES,54.657379000000006,-28.392816999999997
1569050,10,0.32988,40.875851,-1.923158,DES,40.875889,-1.923079
1570024,10,0.55064,54.081772,-26.574581,DES,54.081680000000006,-26.574465000000004
1574017,10,0.53287,7.342099,-43.981133,DES,7.342159,-43.981201
1574019,10,0.60433,7.090076,-43.541660,DES,7.090139,-43.541668
1574028,10,0.65589,7.415122,-43.250103,DES,7.4153020000000005,-43.250103
1574062,10,0.55020,36.071629,-7.034640,DES,36.071503,-7.0345770000000005
1574104,10,0.27304,40.412304,-0.686207,DES,40.412334,-0.68613
1575019,10,0.65214,6.557232,-42.931027,DES,6.557415,-42.931061
1575072,10,0.59028,35.743038,-6.869674,DES,35.743103000000005,-6.869591000000001
1576034,10,0.76675,9.620250,-44.509129,DES,9.62047,-44.509083000000004
1578063,10,0.64298,34.529068,-5.047240,DES,34.529072,-5.047472
1578103,10,0.16008,41.942383,-1.386431,DES,41.942688000000004,-1.386285
1579110,10,0.62217,40.968491,-0.866923,DES,40.968414,-0.8669819999999999
1579146,10,0.80325,35.429092,-4.673863,DES,35.429119,-4.673761
1581017,10,0.83813,51.986000,-27.793837,DES,51.985744,-27.794317
1581048,10,0.40194,54.883518,-27.715591,DES,54.88339200000001,-27.715481
1588019,10,0.68766,53.405987,-27.749010,DES,53.406071,-27.749104
1590044,10,0.62931,9.305844,-44.149902,DES,9.306208,-44.149685
1590122,10,0.77952,54.063477,-28.557043,DES,54.063961,-28.556691999999998
1590133,10,0.69362,53.607067,-28.308249,DES,53.607262,-28.308187
1592028,10,0.32510,9.050980,-42.729736,DES,9.051192,-42.730038
1592067,10,0.69191,41.572220,-0.891894,DES,41.572296,-0.8919389999999999
1593067,10,0.34776,54.871407,-29.832600,DES,54.871262,-29.832689000000002
1594042,10,0.61981,35.477421,-6.693642,DES,35.477482,-6.693662
1595028,10,0.46523,35.630413,-6.797608,DES,35.630634,-6.797497999999999
1595110,10,0.59269,54.846226,-29.236843,DES,54.846359,-29.237558
1595118,10,0.90941,52.932434,-28.699745,DES,52.931915000000004,-28.700302
1595127,10,0.56740,53.150955,-28.963417,DES,53.1507,-28.962878999999997
1596033,10,0.46937,8.389612,-44.281910,DES,8.389528,-44.282009
1598039,10,0.62292,53.091919,-28.326740,DES,53.092228000000006,-28.326656
1599030,10,0.36774,8.661484,-44.278481,DES,8.661709,-44.278599
1600036,10,0.81396,7.331481,-43.519386,DES,7.331606,-43.519558
1602033,10,0.60967,36.406517,-3.792144,DES,36.406639,-3.7916980000000002
1617030,10,0.73615,53.294018,-28.177277,DES,53.294022,-28.177332
1617068,10,0.93075,36.283791,-4.507845,DES,36.283894000000004,-4.5078510000000005
1618036,10,0.39216,7.408281,-43.348686,DES,7.407974,-43.34811
1618042,10,0.42893,52.186230,-28.556389,DES,52.186626000000004,-28.5567
1620051,10,0.38251,41.023613,-1.866450,DES,41.023678000000004,-1.86658
1625037,10,0.31863,43.182114,0.791912,DES,43.181168,0.792259
1625059,10,0.59279,43.113087,-0.755391,DES,43.113106,-0.755321
1632070,10,0.42513,35.710873,-6.952402,DES,35.710827,-6.952427
1634024,10,0.57629,34.281559,-4.872537,DES,34.281582,-4.8725830000000006
1635042,10,0.55833,8.290318,-43.226593,DES,8.290415,-43.226574
1636043,10,0.53944,9.855684,-43.611569,DES,9.855549,-43.611129999999996
1636093,10,0.47782,8.546782,-42.989124,DES,8.546846,-42.989197
1638030,10,0.37136,41.714397,-1.379116,DES,41.714496999999994,-1.3791
1639025,10,0.66190,10.120909,-43.370361,DES,10.120682,-43.370441
1640083,10,0.58059,9.130913,-44.385540,DES,9.130879,-44.385712
1641173,10,0.44364,36.320602,-4.489731,DES,36.320126,-4.488861
1641279,10,0.22398,7.792492,-42.662983,DES,7.792663,-42.662983000000004
1641288,10,0.54529,8.136711,-43.753716,DES,8.136894,-43.753727000000005
1641368,10,0.60706,37.248722,-4.295353,DES,37.248783,-4.295282
1642117,10,0.81237,35.741726,-4.496129,DES,35.741631,-4.49597
1642138,10,0.65971,54.310532,-26.419895,DES,54.310814,-26.420183
1642158,10,0.68700,40.509708,-0.532766,DES,40.509834000000005,-0.532766
1642178,10,0.68673,52.388535,-28.350605,DES,52.388626,-28.350616
1643063,10,0.57188,34.191608,-5.719122,DES,34.191456,-5.718832
1643213,10,0.65526,52.805611,-28.241674,DES,52.805606999999995,-28.241508000000003
1643292,10,0.49183,7.952912,-43.732670,DES,7.953191,-43.732639
1643312,10,0.34037,55.241985,-28.717827,DES,55.24202,-28.717980999999998
1643313,10,0.39044,54.514488,-29.538906,DES,54.514984,-29.538666
1643316,10,0.54894,53.841248,-29.687880,DES,53.84129300000001,-29.68788
1643338,10,0.56788,35.860195,-4.512352,DES,35.860397,-4.512859
1644061,10,0.61287,52.847565,-28.881445,DES,52.847591,-28.881490999999997
1644163,10,0.56202,41.037304,-1.175506,DES,41.037376,-1.1754790000000002
1644180,10,0.61154,51.558086,-28.233629,DES,51.557453,-28.233849
1644211,10,0.45743,9.110494,-43.358231,DES,9.110296,-43.358803
1644213,10,0.54509,7.963182,-43.701050,DES,7.963253,-43.70092
1644290,10,0.53730,53.656052,-29.562813,DES,53.656178000000004,-29.562799
1645092,10,0.51338,35.902691,-6.229933,DES,35.902896999999996,-6.229851999999999
1645125,10,0.44419,35.159782,-5.767457,DES,35.159477,-5.767602
1645145,10,0.82627,35.776611,-4.949656,DES,35.776722,-4.949718
1645158,10,0.36048,54.691826,-27.787437,DES,54.69187900000001,-27.787325
1645195,10,0.52580,41.268093,-1.604364,DES,41.267941,-1.604547
1645208,10,0.69516,52.949165,-29.020193,DES,52.949448,-29.020846999999996
1646092,10,0.72070,54.967693,-28.979473,DES,54.967178000000004,-28.979538
1646094,10,0.59237,54.672676,-29.498604,DES,54.672729000000004,-29.498695
1647048,10,0.70882,34.744873,-5.139040,DES,34.744984,-5.139049
1650024,10,0.30994,34.649418,-5.065942,DES,34.649563,-5.065837999999999
1652139,10,0.78266,53.220951,-28.031702,DES,53.220966000000004,-28.031462
1653101,10,0.33000,53.505249,-28.644556,DES,53.505184,-28.644372999999998
1654105,10,0.56271,53.071022,-28.529701,DES,53.07037,-28.529304999999997
1655086,10,0.42781,51.794292,-28.319025,DES,51.794253999999995,-28.319195
1659122,10,0.51872,54.534920,-27.754091,DES,54.535236,-27.753998
1660018,10,0.43435,36.209900,-5.864362,DES,36.210514,-5.864627
1662023,10,0.31268,35.454948,-6.451896,DES,35.455215,-6.45148
1673068,10,0.52779,53.431774,-27.463429,DES,53.431835,-27.463542999999998
1673097,10,0.59851,43.250980,0.508753,DES,43.251068,0.5087550000000001
1674022,10,0.60262,35.210766,-4.301476,DES,35.210770000000004,-4.301506
1682020,10,0.21924,8.463544,-42.618359,DES,8.464725,-42.618229
1692030,10,0.73802,36.156723,-4.238164,DES,36.1567,-4.238231
1697026,10,0.26046,36.702118,-5.116044,DES,36.702026000000004,-5.115818
1699061,10,0.53572,54.536156,-26.764792,DES,54.536263,-26.764784000000002
1699105,10,0.46590,54.708187,-28.239918,DES,54.707993,-28.240285999999998
1700105,10,0.76518,52.415016,-28.440306,DES,52.414809999999996,-28.440268
1700109,10,0.74119,52.432846,-27.649979,DES,52.432846,-27.650053000000003
1701055,10,0.26396,52.244515,-28.944470,DES,52.2444,-28.944371999999998
1701088,10,0.72403,55.073906,-28.443201,DES,55.073814,-28.443474
1702083,10,0.38884,55.036106,-29.200348,DES,55.035934,-29.200302
1702096,10,0.38809,53.458302,-29.470303,DES,53.458267000000006,-29.470592
1702112,10,0.47547,53.606587,-28.116587,DES,53.606964000000005,-28.116305999999998
1703026,10,0.36390,40.982197,-0.732837,DES,40.982227,-0.732841
1703072,10,0.49417,53.823910,-26.152575,DES,53.82402,-26.152588
1718059,10,0.24642,52.708935,-28.887663,DES,52.709956999999996,-28.887573
1719037,10,0.40746,54.677372,-29.447645,DES,54.677017000000006,-29.448082
1721068,10,0.29376,53.321270,-28.890017,DES,53.321236,-28.889969
1723034,10,0.33784,54.346748,-27.856699,DES,54.346664000000004,-27.856716
1770206,10,0.58411,9.625751,-44.420441,DES,9.625684,-44.420986
1770225,10,0.58074,36.714123,-4.196984,DES,36.713989,-4.197064
1770254,10,0.73480,36.174473,-4.716605,DES,36.174479999999996,-4.716496
1770386,10,0.36795,9.657095,-44.625248,DES,9.657106,-44.625873999999996
1770442,10,0.34578,33.758072,-5.516199,DES,33.758274,-5.514939
1770487,10,0.53644,35.067463,-5.240982,DES,35.067219,-5.241107
1770680,10,0.60911,35.368549,-6.464255,DES,35.368649,-6.464186
1770702,10,0.33846,41.891331,-1.116122,DES,41.891525,-1.116219
1773049,10,0.35023,10.422538,-44.600613,DES,10.422482,-44.600784000000004
1773078,10,0.27142,9.789720,-43.244484,DES,9.790315,-43.24398
1773189,10,0.57744,36.169071,-5.408982,DES,36.169212,-5.408923000000001
1773237,10,0.39186,7.169460,-43.127178,DES,7.169389999999999,-43.12719
1773339,10,0.28417,8.747007,-44.425732,DES,8.747199,-44.425365
1774102,10,0.31626,35.505146,-4.633047,DES,35.505203,-4.633192
1776304,10,0.45410,40.803799,-1.508133,DES,40.803791,-1.508157
1776329,10,0.42445,41.586315,-1.120459,DES,41.586479,-1.120427
1777122,10,0.45429,34.058304,-4.097035,DES,34.058310999999996,-4.096692
1777124,10,0.30743,34.096325,-3.997783,DES,34.096344,-3.997547
1780045,10,0.24283,55.173668,-29.151709,DES,55.173668000000006,-29.151709000000004
1780122,10,0.50987,10.287381,-43.286667,DES,10.287293,-43.286701
1780287,10,0.52494,34.857613,-4.540713,DES,34.857731,-4.540818
1782065,10,0.20173,54.268028,-29.632284,DES,54.268177,-29.632381
1783052,10,0.47852,8.791119,-43.539066,DES,8.7912,-43.538990000000005
1784110,10,0.45993,34.767456,-4.118380,DES,34.767573999999996,-4.118862
1790098,10,0.39298,8.477973,-43.641621,DES,8.477907,-43.641647
1791048,10,0.21094,54.440933,-27.145966,DES,54.44103199999999,-27.14596
1791116,10,0.31193,9.085548,-44.539425,DES,9.086142,-44.538937
1792093,10,0.27659,36.492077,-3.890224,DES,36.492168,-3.890228
1795052,10,0.67924,36.358864,-5.184104,DES,36.359303000000004,-5.184279
1797044,10,0.46670,35.800640,-5.055236,DES,35.800816,-5.055265
1810037,10,0.49650,7.220616,-43.254185,DES,7.220689,-43.254222999999996
1810087,10,0.55943,54.615967,-29.858679,DES,54.61595500000001,-29.858845000000002
1810236,10,0.42926,53.537632,-27.449860,DES,53.537464,-27.449852000000003
1810306,10,0.64130,43.102554,-0.521147,DES,43.102615,-0.5212289999999999
1811099,10,0.49007,55.296959,-29.435276,DES,55.297054,-29.435305
1811128,10,0.92457,36.064106,-4.327235,DES,36.064316,-4.327157
1814082,10,0.64849,35.964188,-6.785188,DES,35.964306,-6.785246000000001
1815065,10,0.13537,43.229248,0.183290,DES,43.229477,0.183282
1817265,10,0.87998,52.050282,-28.380100,DES,52.050388,-28.380188
1817269,10,0.53009,52.228951,-28.005026,DES,52.229003999999996,-28.005041
1826039,10,0.83916,52.910095,-27.696438,DES,52.91022099999999,-27.696194000000002
1833067,10,0.55577,9.696743,-44.273590,DES,9.6964,-44.2738
1833321,10,0.62480,53.790127,-27.254196,DES,53.790253,-27.25433
1833339,10,0.13051,54.653015,-27.661984,DES,54.652912,-27.662128000000003
1833468,10,0.78375,36.869011,-4.970802,DES,36.868919,-4.970708999999999
1833564,10,0.65461,52.822266,-27.666786,DES,52.822403,-27.66667
1834104,10,0.23928,54.906273,-27.837975,DES,54.906380000000006,-27.837212
1835110,10,0.34550,54.590889,-28.885368,DES,54.591018999999996,-28.885574
1837071,10,0.12913,41.769619,-0.731298,DES,41.769726,-0.731334
1837096,10,0.37937,55.002415,-26.924477,DES,55.002499,-26.924553000000003
1839117,10,0.60674,37.362591,-4.743070,DES,37.362453,-4.74271
1840041,10,0.23891,35.022488,-4.161150,DES,35.022514,-4.161102
1842087,10,1.08349,53.078579,-27.707424,DES,53.078609,-27.707457
1847028,10,0.58021,40.804569,-0.200573,DES,40.804592,-0.200691
1847079,10,0.33041,43.356792,0.404488,DES,43.356705,0.404698
1847100,10,0.37890,36.015080,-6.271034,DES,36.015373,-6.270972
1847148,10,0.50631,41.761555,-1.378048,DES,41.761417,-1.3780729999999999
1847151,10,0.40684,41.519859,-0.939140,DES,41.519764,-0.939643
1847165,10,0.38748,41.003140,-1.140671,DES,41.003368,-1.140696
1847216,10,0.47905,36.167896,-6.894193,DES,36.168037,-6.894189999999999
1847303,10,0.47964,36.655132,-3.639226,DES,36.655151000000004,-3.63921
1847317,10,0.81774,53.168949,-28.308271,DES,53.16915899999999,-28.308319
1848092,10,0.58770,42.449226,0.131475,DES,42.449505,0.131547
1848198,10,0.36021,41.502583,-0.927966,DES,41.502369,-0.9279379999999999
1849051,10,0.30546,36.421097,-6.704932,DES,36.421795,-6.70483
1849109,10,0.62398,35.525955,-5.678954,DES,35.525978,-5.678913
1849244,10,0.57697,34.769779,-6.160843,DES,34.769966,-6.160985
1849276,10,0.61412,36.269764,-3.840940,DES,36.26992,-3.8408620000000004
1850045,10,0.31314,8.291803,-42.122124,DES,8.293262,-42.121849
1850154,10,0.56823,52.697018,-28.675591,DES,52.697109,-28.675652000000003
1854103,10,0.46680,54.290012,-28.734850,DES,54.290473999999996,-28.735391999999997
1856065,10,0.78892,36.902603,-4.634946,DES,36.902634,-4.635056
1860025,10,0.23532,8.479925,-42.093830,DES,8.479997000000001,-42.093742
1861164,10,0.43446,53.776661,-27.301800,DES,53.776703000000005,-27.301983
1861178,10,0.29093,34.347340,-4.237392,DES,34.347382,-4.237406
1861210,10,0.54229,53.857864,-29.704573,DES,53.85805500000001,-29.704781
1861451,10,0.78049,36.758095,-5.481236,DES,36.760281,-5.4844
1861472,10,0.83776,35.786881,-4.196468,DES,35.786964000000005,-4.19645
1861474,10,0.68966,36.837822,-4.352731,DES,36.837894,-4.3530050000000005
1862039,10,0.28699,42.256294,0.393121,DES,42.256378000000005,0.392554
1862183,10,0.44864,54.030205,-27.823437,DES,54.030453,-27.823572
1862207,10,0.54383,54.650517,-28.023901,DES,54.65044,-28.023775
1864046,10,0.74870,52.431057,-28.635309,DES,52.43116,-28.635283
1864084,10,0.60535,35.890801,-5.236550,DES,35.890347,-5.236477
1867019,10,0.22101,8.633057,-42.893463,DES,8.633051,-42.894032
1871017,10,0.33720,54.025879,-27.746033,DES,54.025715000000005,-27.74655
1872097,10,0.84132,52.090488,-27.373283,DES,52.090843,-27.372688
1876204,10,0.51008,52.900402,-27.945885,DES,52.900524,-27.945873
1876263,10,0.64639,7.079396,-42.552193,DES,7.079654,-42.552174
1876287,10,0.56445,8.322135,-43.951634,DES,8.322272,-43.951588
1876301,10,0.60073,7.302457,-42.072372,DES,7.302611,-42.072388000000004
1876304,10,0.68233,8.379971,-43.616207,DES,8.380086,-43.616276
1876305,10,0.53667,7.448677,-42.036743,DES,7.448766,-42.036697
1876308,10,0.42147,9.107766,-43.787014,DES,9.107752,-43.786957
1876421,10,0.34313,34.837959,-6.329447,DES,34.838043,-6.329509
1876431,10,0.46482,35.836479,-6.390174,DES,35.836521000000005,-6.39018
1876462,10,0.83954,36.788052,-4.333496,DES,36.78791,-4.333365000000001
1876533,10,0.48981,36.780487,-4.078004,DES,36.780964000000004,-4.077421
1876602,10,0.72988,7.078270,-43.142624,DES,7.078274,-43.142624
1878148,10,0.22453,43.070988,0.886000,DES,43.070183,0.8861700000000001
1878288,10,0.48449,54.898056,-28.903999,DES,54.897926,-28.904102
1878334,10,0.36044,41.938919,-0.508446,DES,41.939243,-0.508523
1878335,10,0.56371,34.878243,-5.335891,DES,34.878063,-5.335948999999999
1878612,10,0.64488,8.841790,-44.720795,DES,8.841838000000001,-44.720882
1878692,10,0.88450,36.651753,-4.789342,DES,36.651917,-4.789331
1878719,10,0.45753,43.562389,0.202577,DES,43.562275,0.202752
1878756,10,0.55294,36.122387,-4.555696,DES,36.122231,-4.5559970000000005
1879187,10,0.59157,42.427391,0.452722,DES,42.427513,0.45258699999999996
1879188,10,0.64727,42.174973,0.280719,DES,42.175129,0.280656
1879208,10,0.19471,54.109879,-27.698069,DES,54.10987900000001,-27.698069
1879256,10,0.24936,7.782153,-43.465099,DES,7.782273,-43.465149
1879263,10,0.46192,8.531395,-42.974400,DES,8.53149,-42.974342
1879313,10,0.60969,54.232246,-28.475178,DES,54.232406999999995,-28.475151
1879412,10,0.81984,35.774647,-4.469050,DES,35.774525,-4.4691540000000005
1879414,10,0.38889,36.198990,-5.209655,DES,36.198956,-5.209619
1879426,10,0.22941,52.474308,-27.617300,DES,52.475765,-27.617565000000003
1879483,10,0.87565,36.244572,-4.231886,DES,36.244308000000004,-4.231221
1879532,10,0.37719,6.966269,-42.884419,DES,6.9665490000000005,-42.884521
1879649,10,0.11979,54.782490,-26.191349,DES,54.787868,-26.176154999999998
1880304,10,0.44419,54.742741,-30.035570,DES,54.742691,-30.035425
1880429,10,0.49707,41.663216,-1.377551,DES,41.663658,-1.37747
1880486,10,0.63407,41.258328,-1.713837,DES,41.258266,-1.7133919999999998
1880513,10,0.64458,41.812069,-1.588004,DES,41.812259999999995,-1.587931
1880545,10,0.55111,6.722732,-43.155621,DES,6.7228460000000005,-43.155834000000006
1880632,10,0.40538,36.659142,-4.481314,DES,36.659134,-4.481378
1880686,10,0.31406,53.438702,-26.467533,DES,53.43845699999999,-26.467484000000002
1881037,10,0.76584,52.818489,-28.881416,DES,52.818596,-28.880816999999997
1882097,10,0.47992,41.389313,-1.427397,DES,41.389545,-1.4272719999999999
1883111,10,0.43278,7.750012,-42.812721,DES,7.750111,-42.812763000000004
1883166,10,0.51351,35.622223,-7.145199,DES,35.62233,-7.145223
1887027,10,0.21303,53.796448,-28.530863,DES,53.79583,-28.532192
1889022,10,0.51127,8.166656,-42.710678,DES,8.166777,-42.710606
1889090,10,0.51290,41.393227,-1.192052,DES,41.393496999999996,-1.192115
1889155,10,0.77826,37.369804,-4.893509,DES,37.36993,-4.893751
1889211,10,0.46351,53.913559,-26.665564,DES,53.913631,-26.665627
1889226,10,0.59276,53.286949,-27.345255,DES,53.286991,-27.345245000000002
1889253,10,0.53661,54.032986,-28.441515,DES,54.03294,-28.441484000000003
1890041,10,0.65258,7.102272,-43.558384,DES,7.102474000000001,-43.558426000000004
1890212,10,0.72776,36.725010,-4.732671,DES,36.725066999999996,-4.732718
1891030,10,0.61377,6.873194,-43.114471,DES,6.873142,-43.114548
1891055,10,0.70652,7.262643,-42.372257,DES,7.262928,-42.372368
1891070,10,0.79348,8.467662,-43.945278,DES,8.467817,-43.945254999999996
1891082,10,0.54871,34.150803,-5.182066,DES,34.150871,-5.1822040000000005
1891107,10,0.62735,34.546135,-5.661133,DES,34.546165,-5.6611080000000005
1891147,10,0.32274,36.062504,-6.914837,DES,36.062782,-6.915025
1891261,10,0.50558,54.202980,-27.677126,DES,54.203171,-27.677132
1891266,10,0.70836,52.335201,-27.587145,DES,52.334877,-27.587389
1892072,10,0.92838,53.043118,-28.288332,DES,53.043395999999994,-28.288321000000003
1892103,10,0.26584,36.076210,-6.136014,DES,36.076553000000004,-6.1362190000000005
1892149,10,0.64025,42.955013,-0.077303,DES,42.955116,-0.077341
1892217,10,0.40897,54.639729,-26.261179,DES,54.640263,-26.261753000000002
1894320,10,0.71880,53.220326,-29.139048,DES,53.22044,-29.139114000000003
1895036,10,0.45194,7.389949,-43.239986,DES,7.389364,-43.239956
1895233,10,0.57035,52.269379,-28.402449,DES,52.269329,-28.402563
1896111,10,0.49243,35.715912,-4.917531,DES,35.71595,-4.917502
1896164,10,0.42068,36.693897,-5.518777,DES,36.694061,-5.518899
1896213,10,0.68688,52.232731,-27.124613,DES,52.233013,-27.125195
1896244,10,0.59156,54.967430,-29.465937,DES,54.96751,-29.466063000000002
1896254,10,0.55283,53.941498,-29.664419,DES,53.94146,-29.664469
1897267,10,0.31920,53.318344,-27.697027,DES,53.318343999999996,-27.696924
1898053,10,0.81485,10.005670,-44.380779,DES,10.005988,-44.380833
1898108,10,0.51204,35.840302,-6.276760,DES,35.839954,-6.276612999999999
1898252,10,0.74571,54.963390,-29.832905,DES,54.963478,-29.833128000000002
1899029,10,0.62411,33.891094,-4.486261,DES,33.891296000000004,-4.486324
1899053,10,0.53746,6.936348,-43.572956,DES,6.936488000000001,-43.572922
1899065,10,0.54762,7.076638,-43.318283,DES,7.0769470000000005,-43.318287
1899158,10,0.64747,35.008797,-6.525691,DES,35.008648,-6.525723999999999
1899442,10,0.43144,52.351849,-29.061256,DES,52.351391,-29.061783000000002
1900056,10,0.47839,9.552337,-44.501419,DES,9.551581,-44.501686
1900124,10,0.68533,35.687210,-6.146823,DES,35.687321000000004,-6.146858
1900662,10,0.44791,9.384580,-44.352974,DES,9.384784,-44.353103999999995
1900801,10,0.63579,52.465889,-27.728670,DES,52.46583199999999,-27.728772999999997
1900856,10,0.72416,54.840584,-28.397078,DES,54.840743999999994,-28.397083000000002
1900865,10,0.45405,52.213635,-28.306494,DES,52.214001,-28.306299
1901059,10,0.25126,34.972672,-4.147715,DES,34.972778000000005,-4.147843
1901115,10,0.29874,35.546139,-6.515815,DES,35.546413,-6.515906
1901241,10,0.68144,42.387486,-0.460279,DES,42.387215000000005,-0.460149
1901257,10,0.51978,36.371246,-4.748470,DES,36.371342,-4.748481
1901375,10,1.03222,53.285568,-27.518358,DES,53.285679,-27.518417
1901738,10,0.46975,35.005653,-5.347627,DES,35.005736999999996,-5.347675
1901798,10,0.47577,35.139481,-6.560535,DES,35.139446,-6.560511
1901803,10,0.50262,35.980125,-5.778964,DES,35.979884999999996,-5.778589
1901832,10,0.91696,36.462322,-4.694942,DES,36.462134999999996,-4.694662999999999
1901899,10,0.98846,53.397320,-28.121212,DES,53.397652,-28.121221999999996
1902212,10,0.28169,52.719814,-28.292896,DES,52.720451000000004,-28.292814
1904061,10,0.62336,34.676750,-5.058645,DES,34.676975,-5.059036
1904092,10,0.36798,8.889744,-44.363632,DES,8.889555999999999,-44.363873
1904152,10,0.44025,36.346935,-5.176847,DES,36.346565000000005,-5.176935
1904182,10,0.76657,36.854843,-3.899746,DES,36.854832,-3.899722
1904287,10,0.69904,52.376122,-27.327700,DES,52.376041,-27.327644
1904293,10,0.44623,52.383972,-27.142532,DES,52.383957,-27.142618
1904300,10,0.91082,51.897926,-28.673559,DES,51.898125,-28.67359
1904321,10,0.61177,54.884167,-28.828045,DES,54.884159,-28.828045
1904352,10,0.64337,55.094036,-27.367657,DES,55.09409300000001,-27.367584
1905127,10,0.66579,36.025688,-6.773031,DES,36.025707000000004,-6.773006
1905171,10,0.30307,40.313137,-1.070996,DES,40.313133,-1.071069
1905184,10,0.45587,36.016720,-4.411875,DES,36.016575,-4.411976
1905244,10,0.36176,36.339790,-4.414419,DES,36.339825,-4.4144239999999995
1906545,10,0.54806,36.092056,-5.413166,DES,36.092048999999996,-5.413255
1908380,10,0.43668,10.174138,-44.019840,DES,10.174094,-44.019829
1908493,10,0.67829,36.822521,-4.204130,DES,36.822701,-4.204097
1909375,10,0.33753,52.875687,-28.241541,DES,52.875629,-28.241770000000002
1910032,10,0.66455,7.548373,-43.084602,DES,7.548263,-43.084621000000006
1910065,10,0.57875,9.378240,-44.134640,DES,9.378354,-44.134632
1910132,10,0.26271,37.114605,-4.355336,DES,37.114784,-4.355264
1912020,10,0.55436,53.489815,-27.379410,DES,53.489655000000006,-27.379299
1912066,10,0.87344,52.743038,-28.629389,DES,52.743202000000004,-28.629459000000004
1912110,10,0.53763,9.546119,-44.113182,DES,9.546219,-44.113155
1912270,10,0.86642,52.740223,-27.782036,DES,52.739964,-27.781902000000002
1913214,10,0.31615,35.648541,-6.468725,DES,35.648705,-6.468292
1915067,10,0.45699,9.039400,-44.052143,DES,9.039772,-44.052299
1915087,10,0.56104,9.160650,-44.221272,DES,9.160745,-44.221256
1915184,10,0.52460,36.577454,-4.300878,DES,36.5779,-4.300873
1916124,10,0.43071,34.323231,-4.700692,DES,34.32325,-4.70075
1916143,10,0.45362,35.387451,-5.621360,DES,35.387547,-5.621445
1916193,10,0.62565,36.129704,-4.582554,DES,36.129704,-4.582552
1916207,10,0.40841,41.082073,-1.461901,DES,41.08231,-1.4616559999999998
1918076,10,0.36966,36.165424,-3.747389,DES,36.165459000000006,-3.7475519999999998
1919017,10,0.21849,8.803614,-42.932846,DES,8.803791,-42.932888
1919042,10,0.34814,10.683893,-44.227409,DES,10.683286,-44.227905
1920362,10,0.39835,55.186176,-29.210409,DES,55.186558,-29.210386
1920365,10,0.36549,53.765621,-28.693724,DES,53.764412,-28.693748
1921033,10,0.23707,41.598324,-0.678196,DES,41.598419,-0.678204
1921361,10,0.34459,54.858913,-28.851629,DES,54.859001,-28.851612
1922067,10,0.19771,34.866436,-4.913189,DES,34.866459000000006,-4.9131160000000005
1922297,10,0.43225,9.538504,-44.475212,DES,9.539416000000001,-44.474734999999995
1922405,10,0.51619,55.197037,-28.663765,DES,55.197219999999994,-28.663994
1923060,10,0.38247,34.833687,-5.172581,DES,34.833240999999994,-5.172078
1923155,10,0.39201,51.865669,-28.515791,DES,51.865753000000005,-28.515875
1923415,10,0.36161,43.703606,-0.112594,DES,43.703831,-0.11251199999999999
1924089,10,0.46299,35.111401,-6.761839,DES,35.111511,-6.761767
1924103,10,0.46380,35.111343,-7.163319,DES,35.111195,-7.163266
1924188,10,1.04136,53.142597,-27.652058,DES,53.142681,-27.652034999999998
1925122,10,0.38274,40.604702,-0.707119,DES,40.604763,-0.707202
1927203,10,0.68069,54.053337,-26.959662,DES,54.053375,-26.959590999999996
1927242,10,0.24576,10.182680,-43.410336,DES,10.182544,-43.409958
1927254,10,0.58091,53.746296,-28.379280,DES,53.746262,-28.379322
1928108,10,0.65080,37.023087,-5.016444,DES,37.023071,-5.0166059999999995
1928157,10,0.54379,35.089123,-5.697155,DES,35.089481,-5.697279
1929022,10,0.75356,54.778015,-26.572331,DES,54.777885,-26.572632000000002
1929024,10,0.31564,53.819077,-27.822889,DES,53.818714,-27.822989
1929034,10,0.60827,53.499516,-26.843517,DES,53.499534999999995,-26.843451
1929063,10,0.22211,8.102139,-43.557648,DES,8.10228,-43.557808
1929216,10,0.33584,34.725720,-4.049554,DES,34.725739000000004,-4.049246
1933035,10,0.34105,8.857088,-42.933727,DES,8.857163,-42.933696999999995
1933168,10,0.43495,54.590649,-28.045193,DES,54.591236,-28.0464
1933196,10,0.75011,54.314098,-29.233385,DES,54.314251,-29.233371999999996
1933258,10,0.68972,43.302986,-0.345597,DES,43.30315,-0.34566199999999997
1934253,10,0.53739,52.328941,-28.770075,DES,52.328812,-28.770034999999996
1934353,10,0.51314,34.403465,-4.357550,DES,34.403343,-4.3576
1936125,10,0.89530,52.954872,-28.323420,DES,52.9548,-28.323393
1936171,10,0.47336,54.335171,-28.637129,DES,54.335392000000006,-28.637262
1936215,10,0.61011,43.189312,0.600020,DES,43.189423,0.600162
1936293,10,0.83168,52.393990,-28.687922,DES,52.393917,-28.687963
1936353,10,0.69154,35.919430,-6.495060,DES,35.91959,-6.49505
1937078,10,0.45525,34.742367,-4.688433,DES,34.742489,-4.688351
1942106,10,0.56584,54.805519,-29.841822,DES,54.805758999999995,-29.841887
1943111,10,0.31562,52.310192,-27.162636,DES,52.310759999999995,-27.163142999999998
1945100,10,0.66460,52.614922,-27.399656,DES,52.615055000000005,-27.399786
1945116,10,0.54469,54.095974,-28.719950,DES,54.096039000000005,-28.719821999999997
1946246,10,0.83936,53.033478,-28.376627,DES,53.033772,-28.376637
1946322,10,0.59043,54.696533,-29.998207,DES,54.695515,-29.998177000000002
1948209,10,0.37942,52.552559,-28.832602,DES,52.552569999999996,-28.832695
1948295,10,0.78324,54.696991,-29.777010,DES,54.696953,-29.777136
1948484,10,0.34436,35.975361,-3.851214,DES,35.975528999999995,-3.851234
1950024,10,1.01922,53.027458,-27.998610,DES,53.027573,-27.998615
1950043,10,0.68828,54.209644,-27.262026,DES,54.209713,-27.262325
1959025,10,0.61137,54.472778,-28.942347,DES,54.473530000000004,-28.942259000000004
1968046,10,0.27255,54.753372,-26.418161,DES,54.753631999999996,-26.418295
2001ah,63,0.05886,167.624250,55.160830,LOWZ,-999.0,-999.0
2001ay,63,0.03085,216.570830,26.248830,LOWZ,-999.0,-999.0
2001az,63,0.04101,248.615460,76.029670,LOWZ,-999.0,-999.0
2001eh,63,0.03725,24.550420,41.655220,LOWZ,-999.0,-999.0
2002bf,63,0.02525,153.926290,55.668530,LOWZ,-999.0,-999.0
2002he,63,0.02519,124.995120,62.820330,LOWZ,-999.0,-999.0
2002hu,63,0.03705,34.583580,37.466330,LOWZ,-999.0,-999.0
2003U,63,0.02833,260.690250,62.164000,LOWZ,-999.0,-999.0
2003ch,63,0.02919,109.491330,9.693030,LOWZ,-999.0,-999.0
2003fa,63,0.04056,266.032170,40.881000,LOWZ,-999.0,-999.0
2003ic,63,0.05126,10.459290,-9.305280,LOWZ,-999.0,-999.0
2003it,63,0.02510,1.451960,27.452670,LOWZ,-999.0,-999.0
2003iv,63,0.03491,42.530210,12.846250,LOWZ,-999.0,-999.0
2004L,63,0.03373,156.767120,16.018690,LOWZ,-999.0,-999.0
2004as,63,0.03296,171.413250,22.830390,LOWZ,-999.0,-999.0
2004ef,64,0.03012,340.541750,19.994560,LOWZ,-999.0,-999.0
2004gc,5,0.03267,80.458120,6.676030,LOWZ,-999.0,-999.0
2004gs,5,0.02857,129.596580,17.627720,LOWZ,-999.0,-999.0
2004gu,5,0.04664,191.603000,11.948920,LOWZ,-999.0,-999.0
2005M,64,0.02598,144.384830,23.200750,LOWZ,-999.0,-999.0
2005eq,64,0.02823,47.205460,-7.033250,LOWZ,-999.0,-999.0
2005eu,64,0.03516,36.930250,28.176830,LOWZ,-999.0,-999.0
2005hc,64,0.04575,29.199791,-0.213720,LOWZ,-999.0,-999.0
2005hj,64,0.05708,21.701672,-1.238135,LOWZ,-999.0,-999.0
2005iq,64,0.03341,359.635420,-18.709170,LOWZ,-999.0,-999.0
2005ir,64,0.07520,19.182510,0.794628,LOWZ,-999.0,-999.0
2005ku,5,0.04439,344.927528,-0.013730,LOWZ,-999.0,-999.0
2005lz,64,0.04643,32.707330,34.982830,LOWZ,-999.0,-999.0
2005ms,64,0.02669,132.309750,36.129970,LOWZ,-999.0,-999.0
2005na,64,0.02748,105.402580,14.133250,LOWZ,-999.0,-999.0
2006S,64,0.03393,191.412920,35.086780,LOWZ,-999.0,-999.0
2006al,64,0.06886,159.867750,5.183420,LOWZ,-999.0,-999.0
2006az,64,0.03201,183.061170,56.179390,LOWZ,-999.0,-999.0
2006cf,64,0.04268,163.510750,46.026750,LOWZ,-999.0,-999.0
2006cq,64,0.04944,201.104580,30.956310,LOWZ,-999.0,-999.0
2006en,64,0.03162,347.521080,30.223330,LOWZ,-999.0,-999.0
2006ev,64,0.02810,322.746920,13.989220,LOWZ,-999.0,-999.0
2006gr,64,0.03428,338.094460,30.828690,LOWZ,-999.0,-999.0
2006lu,5,0.05346,138.823460,-25.600080,LOWZ,-999.0,-999.0
2006mo,64,0.03702,11.660620,36.332720,LOWZ,-999.0,-999.0
2006oa,64,0.06153,320.928932,-0.843469,LOWZ,-999.0,-999.0
2006ob,64,0.05824,27.950600,0.263312,LOWZ,-999.0,-999.0
2006on,64,0.07089,328.993702,-1.070198,LOWZ,-999.0,-999.0
2006py,5,0.05653,340.425196,-0.136905,LOWZ,-999.0,-999.0
2006qo,64,0.02898,120.034880,56.368810,LOWZ,-999.0,-999.0
2006te,64,0.03290,122.929120,41.554670,LOWZ,-999.0,-999.0
2007O,64,0.03818,224.021580,45.404690,LOWZ,-999.0,-999.0
2007R,64,0.03174,116.656370,44.789470,LOWZ,-999.0,-999.0
2007ae,64,0.06533,255.466460,79.031830,LOWZ,-999.0,-999.0
2007bd,64,0.03120,127.888670,-1.199440,LOWZ,-999.0,-999.0
2007co,64,0.02731,275.765000,29.897110,LOWZ,-999.0,-999.0
2007cq,64,0.02510,333.668460,5.080250,LOWZ,-999.0,-999.0
2007hu,65,0.03551,254.124830,27.977890,LOWZ,-999.0,-999.0
2007is,65,0.02866,251.810790,40.243580,LOWZ,-999.0,-999.0
2007jg,5,0.03756,52.461727,0.056828,LOWZ,-999.0,-999.0
2007kk,65,0.04285,55.596920,39.241780,LOWZ,-999.0,-999.0
2007nq,65,0.04349,14.389870,-1.388610,LOWZ,-999.0,-999.0
2007ob,65,0.03243,348.108290,13.913690,LOWZ,-999.0,-999.0
2007sw,65,0.02517,183.403670,46.493360,LOWZ,-999.0,-999.0
2007ux,65,0.03264,152.333250,14.992440,LOWZ,-999.0,-999.0
2008050,65,0.04625,204.198290,5.141780,LOWZ,-999.0,-999.0
2008051,65,0.03873,229.995500,4.904640,LOWZ,-999.0,-999.0
2008ar,65,0.02849,186.158000,10.838170,LOWZ,-999.0,-999.0
2008bz,65,0.06099,189.740580,11.129500,LOWZ,-999.0,-999.0
2008cf,65,0.04682,211.885670,-26.551830,LOWZ,-999.0,-999.0
2008fr,65,0.03828,17.954750,14.640830,LOWZ,-999.0,-999.0
2008gb,65,0.03796,44.488040,46.865720,LOWZ,-999.0,-999.0
2008gl,65,0.03272,20.228420,4.805310,LOWZ,-999.0,-999.0
2008gp,5,0.03333,50.753040,1.361890,LOWZ,-999.0,-999.0
2008hj,65,0.03682,1.007960,-11.168750,LOWZ,-999.0,-999.0
2009ad,65,0.02844,75.889080,6.659920,LOWZ,-999.0,-999.0
2009bv,65,0.03848,196.835290,35.784390,LOWZ,-999.0,-999.0
2009do,65,0.04099,188.743120,50.851220,LOWZ,-999.0,-999.0
2010ag,66,0.03335,255.973460,31.501720,LOWZ,-999.0,-999.0
2010dt,66,0.05316,250.811170,32.675110,LOWZ,-999.0,-999.0
2010dw,66,0.03902,230.667960,-5.921080,LOWZ,-999.0,-999.0
2016afk,150,0.04738,155.624551,15.096610,Foundation,-999.0,-999.0
ASASSN-15bc,150,0.03753,61.560987,-8.885610,Foundation,-999.0,-999.0
ASASSN-15fa,150,0.02741,257.441766,62.974304,Foundation,-999.0,-999.0
ASASSN-15hg,150,0.03143,148.452399,9.193900,Foundation,-999.0,-999.0
ASASSN-15jl,150,0.03512,230.671101,50.976641,Foundation,-999.0,-999.0
ASASSN-15lu,150,0.03635,200.303700,40.265739,Foundation,-999.0,-999.0
ASASSN-15mf,150,0.02695,213.594775,2.975520,Foundation,-999.0,-999.0
ASASSN-15mg,150,0.04408,233.094056,41.850380,Foundation,-999.0,-999.0
ASASSN-15np,150,0.03884,226.510788,7.561464,Foundation,-999.0,-999.0
ASASSN-15nq,150,0.03023,259.330106,33.462101,Foundation,-999.0,-999.0
ASASSN-15pm,150,0.04837,24.650403,-4.679800,Foundation,-999.0,-999.0
ASASSN-15pn,150,0.03909,60.859760,-5.492007,Foundation,-999.0,-999.0
ASASSN-15pr,150,0.03264,346.664539,-12.572771,Foundation,-999.0,-999.0
ASASSN-15ss,150,0.03599,93.139106,-14.257483,Foundation,-999.0,-999.0
ASASSN-15tg,150,0.03529,5.170989,25.229048,Foundation,-999.0,-999.0
ASASSN-16aj,150,0.02953,65.450896,-15.755359,Foundation,-999.0,-999.0
ASASSN-16ay,150,0.02938,108.059415,7.239544,Foundation,-999.0,-999.0
ASASSN-16bc,150,0.03298,181.357495,-21.400446,Foundation,-999.0,-999.0
ASASSN-16bq,150,0.02534,212.860434,1.285972,Foundation,-999.0,-999.0
ASASSN-16br,150,0.02956,236.376231,-13.152811,Foundation,-999.0,-999.0
ASASSN-16ct,150,0.04306,228.476312,4.757256,Foundation,-999.0,-999.0
ASASSN-16db,150,0.03730,167.357227,29.573201,Foundation,-999.0,-999.0
ASASSN-16dw,150,0.03437,202.503228,-27.973939,Foundation,-999.0,-999.0
ASASSN-16fo,150,0.03036,203.149166,-5.272513,Foundation,-999.0,-999.0
ASASSN-16fs,150,0.02944,221.776669,11.594920,Foundation,-999.0,-999.0
ASASSN-16hc,150,0.05151,209.768368,33.139016,Foundation,-999.0,-999.0
ASASSN-16hr,150,0.03083,336.382370,38.984358,Foundation,-999.0,-999.0
ASASSN-16oz,150,0.03192,135.055632,-13.633959,Foundation,-999.0,-999.0
ASASSN-17at,150,0.02713,174.640347,25.397128,Foundation,-999.0,-999.0
ASASSN-17eb,150,0.05044,234.641762,13.347780,Foundation,-999.0,-999.0
AT2016aj,150,0.06725,70.602539,-21.724373,Foundation,-999.0,-999.0
AT2016cor,150,0.05066,236.130080,16.303511,Foundation,-999.0,-999.0
AT2016cvv,150,0.04438,290.120165,54.208686,Foundation,-999.0,-999.0
AT2016cvw,150,0.03787,341.553308,10.558845,Foundation,-999.0,-999.0
AT2016cyt,150,0.03059,317.399304,15.125497,Foundation,-999.0,-999.0
AT2016ews,150,0.04631,225.652340,23.352818,Foundation,-999.0,-999.0
AT2016gmg,150,0.04865,320.924302,33.114734,Foundation,-999.0,-999.0
AT2016gsu,150,0.07575,17.102448,21.151623,Foundation,-999.0,-999.0
AT2016hns,150,0.03740,324.921046,24.406491,Foundation,-999.0,-999.0
AT2016htm,150,0.04289,38.010893,-26.665947,Foundation,-999.0,-999.0
AT2016htn,150,0.05222,32.871063,-16.510228,Foundation,-999.0,-999.0
AT2017cfc,150,0.02512,208.162490,-2.002217,Foundation,-999.0,-999.0
AT2017lm,150,0.03031,45.384899,-15.015963,Foundation,-999.0,-999.0
AT2017ns,150,0.02849,42.293224,14.600795,Foundation,-999.0,-999.0
AT2017oz,150,0.05614,211.673083,30.318828,Foundation,-999.0,-999.0
AT2017po,150,0.03255,240.965499,39.990077,Foundation,-999.0,-999.0
AT2017wb,150,0.03117,165.331246,70.664925,Foundation,-999.0,-999.0
AT2017yk,150,0.04691,146.132460,-12.308159,Foundation,-999.0,-999.0
AT2017zd,150,0.02969,203.175618,-21.801073,Foundation,-999.0,-999.0
ATLAS16agv,150,0.04819,250.290312,50.972448,Foundation,-999.0,-999.0
ATLAS16bwu,150,0.07091,18.592750,-13.153090,Foundation,-999.0,-999.0
ATLAS17ajn,150,0.02978,176.110698,-28.457445,Foundation,-999.0,-999.0
ATLAS17ajs,150,0.03451,171.977219,27.345840,Foundation,-999.0,-999.0
ATLAS17axb,150,0.03143,205.846914,-19.943651,Foundation,-999.0,-999.0
CSS160129,150,0.06844,115.123359,10.933302,Foundation,-999.0,-999.0
CSS160428,150,0.03148,200.780011,52.649075,Foundation,-999.0,-999.0
Gaia16acv,150,0.07859,179.957435,54.802153,Foundation,-999.0,-999.0
Gaia16agf,150,0.02509,98.537349,-25.184600,Foundation,-999.0,-999.0
Gaia16aki,150,0.07393,239.794039,14.641615,Foundation,-999.0,-999.0
Gaia16bba,150,0.02990,15.398037,17.101263,Foundation,-999.0,-999.0
MASTERJ0134,150,0.04369,23.562693,-17.812061,Foundation,-999.0,-999.0
PS15ahs,150,0.02534,269.874040,43.390097,Foundation,-999.0,-999.0
PS15aii,150,0.04777,191.189753,9.759673,Foundation,-999.0,-999.0
PS15asb,150,0.04989,215.084663,-9.300908,Foundation,-999.0,-999.0
PS15atx,150,0.07252,195.827390,-23.065799,Foundation,-999.0,-999.0
PS15bdr,150,0.07116,253.705907,36.725196,Foundation,-999.0,-999.0
PS15bif,150,0.07845,305.073991,-23.743529,Foundation,-999.0,-999.0
PS15bjg,150,0.06786,343.793430,-0.410242,Foundation,-999.0,-999.0
PS15brr,150,0.05049,358.356385,-15.654507,Foundation,-999.0,-999.0
PS15bsq,150,0.03371,355.467353,-8.637876,Foundation,-999.0,-999.0
PS15bwh,150,0.07158,352.644135,-18.891496,Foundation,-999.0,-999.0
PS15bzz,150,0.07931,9.424730,1.762823,Foundation,-999.0,-999.0
PS15cms,150,0.06627,149.646205,0.743034,Foundation,-999.0,-999.0
PS15cwx,150,0.03086,78.699191,7.050389,Foundation,-999.0,-999.0
PS15cze,150,0.04035,56.847625,0.877230,Foundation,-999.0,-999.0
PS15mt,150,0.07193,148.684075,23.198113,Foundation,-999.0,-999.0
PS16aer,150,0.05693,163.742475,14.271640,Foundation,-999.0,-999.0
PS16axi,150,0.04089,162.029682,0.163508,Foundation,-999.0,-999.0
PS16ayd,150,0.05469,216.826402,-1.675306,Foundation,-999.0,-999.0
PS16bby,150,0.05468,215.075159,-22.189016,Foundation,-999.0,-999.0
PS16bnz,150,0.06446,155.153750,-2.466750,Foundation,-999.0,-999.0
PS16cqa,150,0.04521,234.779179,9.294622,Foundation,-999.0,-999.0
PS16cvc,150,0.02915,318.097268,14.779329,Foundation,-999.0,-999.0
PS16dnp,150,0.05023,344.914598,2.149809,Foundation,-999.0,-999.0
PS16el,150,0.04940,162.802241,19.362543,Foundation,-999.0,-999.0
PS16em,150,0.07083,163.891643,-3.366272,Foundation,-999.0,-999.0
PS16evk,150,0.05262,338.344432,-1.357034,Foundation,-999.0,-999.0
PS16fa,150,0.04760,154.819282,4.761707,Foundation,-999.0,-999.0
PS16fbb,150,0.05106,1.763091,-20.696811,Foundation,-999.0,-999.0
PS16n,150,0.05309,75.933268,3.412510,Foundation,-999.0,-999.0
PS17akj,150,0.04777,207.454779,-3.080020,Foundation,-999.0,-999.0
PS17bii,150,0.07446,171.409394,7.333603,Foundation,-999.0,-999.0
PS17tn,150,0.04590,145.806809,41.317324,Foundation,-999.0,-999.0
PS17yt,150,0.07073,150.991466,49.041248,Foundation,-999.0,-999.0
PSNJ0153424,150,0.02556,28.426723,29.936284,Foundation,-999.0,-999.0
PSNJ0859349,150,0.02938,134.895428,45.925856,Foundation,-999.0,-999.0
PSNJ1204051,150,0.04545,181.021298,14.068113,Foundation,-999.0,-999.0
PSNJ2352371,150,0.02596,358.154760,14.552489,Foundation,-999.0,-999.0
PTSS17-niq,150,0.06897,215.069408,15.341661,Foundation,-999.0,-999.0
SN2016aqb,150,0.06384,170.493330,-13.983670,Foundation,-999.0,-999.0
SN2016ayg,150,0.04349,112.572436,25.032055,Foundation,-999.0,-999.0
SN2016esh,150,0.04583,241.059778,16.690242,Foundation,-999.0,-999.0
SN2016glp,150,0.08410,354.058317,23.695970,Foundation,-999.0,-999.0
SN2016glz,150,0.04077,1.473230,8.430188,Foundation,-999.0,-999.0
SN2016gmb,150,0.05830,8.686078,-6.158891,Foundation,-999.0,-999.0
SN2016grz,150,0.08704,28.887355,33.822918,Foundation,-999.0,-999.0
SN2016hhv,150,0.06121,353.952050,20.708810,Foundation,-999.0,-999.0
SN2016hpx,150,0.03282,90.819380,-26.898583,Foundation,-999.0,-999.0
SN2016ixf,150,0.06711,159.935681,15.034696,Foundation,-999.0,-999.0
SN2017cii,150,0.03289,248.332828,23.731273,Foundation,-999.0,-999.0
SN2017cjv,150,0.06092,152.690199,-3.777521,Foundation,-999.0,-999.0
SN2017ckx,150,0.02858,117.045391,28.230711,Foundation,-999.0,-999.0
SN2017coa,150,0.04095,132.480332,56.099045,Foundation,-999.0,-999.0
SN2017cpu,150,0.05502,211.968898,9.642034,Foundation,-999.0,-999.0
SN2017hn,150,0.02557,196.914215,6.337602,Foundation,-999.0,-999.0
SN2017mf,150,0.02598,214.129418,39.586353,Foundation,-999.0,-999.0
SN2017ms,150,0.02591,156.676440,36.680529,Foundation,-999.0,-999.0
iPTF17dz,150,0.09293,126.106898,24.997796,Foundation,-999.0,-999.0
