Planck2018 -169.04128243715337   162.88440502982797    209.44050219289232    22.44170178630279     0 1 314.5975342063721   136.06265545087146 41.739204172962516   27.855157995779262
Planck2018 -135.96850622649848    52.52855483415867    271.5381732396927     22.335325862976326    1 1 308.1877078742433   158.8770157700339  61.77297685778949    30.611319498762835
Planck2018 -167.61151272053894    95.79192425084427    251.20074343761445    21.814417998504215    2 1 316.81465473010724  150.251532531674   52.456879159791505   27.94293226185583
Planck2018 -269.4564180052243    -80.6523861970192     134.97718562646713    21.760794870176248    3 1 311.9782191806362   196.66323797024103 25.635814843962052   29.5412336568886
Planck2018 -229.34468149186196   110.97500186973481    103.67740814401114    21.144839328091294    4 0 275.0698800815006   154.1786499523592  22.142596111018598   28.694336538652227
Planck2018 -202.22935409414106   166.7282459379273     104.27767179195939    20.99153552888716     5 0 282.0795144728221   140.49608135951866 21.695559195287153   28.490050115582306
Planck2018 -162.83056704173163   -16.604918511499612    10.129513917181251   19.6601338555816      6 1 163.98818230013944  185.822704395916    3.541402165735498   26.729321402712394
Planck2018 -141.27418016169128    77.93008470958975    101.0745484684922     19.59068683924381     7 0 190.38791041269246  151.11786164721772 32.06543452761551    26.08966424100223
Planck2018  -89.04376425936776   -95.45025984346788    220.24951279227153    19.582577866180404    8 1 256.0261548023881   226.98877839403335 59.34598699248178    24.511240151649663
Planck2018  -79.78528662789307   -63.67304718605296    133.4262601325146     19.481985241794753    9 0 167.9955826597885   218.59179247360694 52.58209843181027    25.126887332554258
Planck2018 -104.43002490390941  -150.59883619519738     45.92224651296141    19.43129131952007    10 0 188.9298607673658   235.26132976016774 14.067513128022538   25.74040243209447
Planck2018 -208.44283916312418  -128.87037801578262    150.25886063886327    19.42288659490717    11 0 287.46080903108185  211.72654715638802 31.514260829266345   26.070154846226696
Planck2018  -60.460300837302704   49.604776237445755   148.9477634225524     19.348812233367404   12 1 168.23055023236668  140.63276461273225 62.298173191881915   23.043304737423032
Planck2018  -94.13470201251806   -73.64342934510319    105.61672225725476    19.33053009916689    13 0 159.49792735035422  218.03677132917008 41.46652909479831    25.92190836058981
Planck2018 -225.06275206402876    17.24855631407466    176.73818977489512    19.250772278537507   14 0 286.683000518798    175.61748273294097 38.06051677391206    25.512613841465832
Planck2018 -252.33372705772612   -25.199317423271076   195.67252922623368    19.218615689279616   15 1 320.30462703999933  185.70293688506428 37.65425316472624    23.674520532046778
Planck2018 -261.1747473875276    -47.90044451162529     93.1700740400533     19.083832126630252   16 0 281.4024945766813   190.3927646357808  19.335060063726882   25.79334309166446
Planck2018 -228.385074000911      27.321167347100186   144.7504866583945     19.076501406709962   17 0 271.7699240156127   173.17825932798814 32.182746269736214   25.91864931692613
Planck2018  -78.34772564317966    82.91787394622867     21.045258100319355   18.96935839638235    18 0 116.00277075023112  133.37671428110494 10.452499513925732   25.321927864734526
Planck2018  -82.32338060322466    95.03144427095027    133.50486208859283    18.936478864982977   19 0 183.38937427086748  130.90157111697715 46.71780206996643    24.505713677921257
Planck2018 -203.41349243019138  -163.8964585424709     175.9410665138221     18.87473661936337    20 1 314.95135642100763  218.85945330802213 33.96105996878094    24.250651274989522
Planck2018  -91.9881259339831   -143.92723164913218    219.7093791707218     18.824988934766992   21 1 278.29673842611464  237.41615784738784 52.13683255808198    25.62356761704572
Planck2018 -104.83230468785983  -144.16075669443026    189.31359325140446    18.671670565816598   22 0 260.02263837334857  233.97571545736238 46.72448835796236    24.440421057390775
Planck2018 -218.92204607257779    59.947791863762234   144.95689135723364    18.437860431763088   23 0 269.3196991642046   164.68600067685958 32.56346809696773    25.555454710945508
Planck2018 -195.56044087293142  -144.32301061026956    196.65929981460764    18.363992352119784   24 1 312.64660182000864  216.4272127848332  38.97746420659507    25.251996423078882
Planck2018 -165.86375045177581    24.408763694252485    32.24215457187534    18.31472698265857    25 0 170.72237108957785  171.62835374566046 10.886101123427366   24.748318278990073
Planck2018 -142.6857530441663     49.851526819300574   190.2988845688077     18.291300079012707   26 0 243.01865014053683  160.74161428583642 51.54187180320781    23.643800209286358
Planck2018 -222.1048488157049    184.3062919655334     131.60627880800743    18.265773941661593   27 1 317.2059043385267   140.31354901276336 24.512532614608467   23.05752144415672
Planck2018 -164.74548384031016  -237.98311877527664    128.3213458550685     18.234962120246102   28 1 316.612392476734    235.3068092783154  23.90960007775412    24.44844602962346
Planck2018 -151.3751525054878   -104.16182583261428    212.86513875989343    17.949447704728055   29 0 281.20400078254977  214.53201015967386 49.198472258073245   24.597945972884848
Planck2018 -105.86860216295877  -279.23530468776846    116.44829739334749    17.93368016318374    30 1 320.5319364335155   249.23639864887332 21.302815937956368   21.787968834823896
Planck2018 -216.98486630288176   206.78496597509155     41.00463223760915    17.91330510023414    31 0 302.5290634348059   136.3788108019778   7.789816606923808   23.572830303316298
Planck2018 -104.61292337768522   -13.32927672468878     41.31146853319539    17.806939318013278   32 0 113.26151503488713  187.261227526132   21.39183458020501    24.116605024001363
Planck2018 -129.2974067465955    173.02822984935773    237.33457431999256    17.79268422787901    33 1 320.9116512123684   126.76936203607818 47.694253786437876   21.99102797786764
Planck2018 -253.29220194208096  -113.81590610365593     17.768616231634706   17.77039547745711    34 0 278.2565790231226   204.19658927216528  3.6612247981198918  23.36656294875389
Planck2018 -229.28632709761774  -206.82759247296627     18.363249573686797   17.711789627472047   35 1 309.3332858535994   222.05202026222312  3.403305424635272   23.563837786758597
Planck2018 -128.62940012251906  -201.78013317656698    213.4472987669044     17.642633599001734   36 1 320.65634887137406  237.48358667266376 41.73278564241889    21.750355705631723
Planck2018 -161.44335037902158    95.91503081307509    221.1783734272427     17.623436388295048   37 0 290.14396666034173  149.28505014842497 49.66787912308924    24.158774150648597
Planck2018 -243.93923753233915   103.53175550830036    157.03459357861925    17.50921824742858    38 0 308.03415327994327  157.0028475171052  30.650245468809757   24.027851318803254
Planck2018 -260.08251384795636     2.3114031118161895  183.7290423949682     17.49599183988607    39 1 318.4409169896195   179.49081483935979 35.2373100616942     21.95282580028243
Planck2018 -193.21918579111517   118.33149697089412    227.71254083795316    17.45238679130916    40 1 321.2304440554019   148.51582012629052 45.14353414646577    21.85908868688092
Planck2018  -95.37965489358528    78.07265689343643    269.159171084525      17.405284518037714   41 1 296.03931782945364  140.69808850183978 65.39513432338948    21.404360380046736
Planck2018 -106.25972934428464   128.18542249351162    188.71606448556747    17.381533922019937   42 0 251.66721203820248  129.65714577181274 48.57855798752417    22.874239488233115
Planck2018 -243.98307071810754   203.93740056649858      7.937171578658668   17.347031221456426   43 1 318.0899257120958   140.10886199317835  1.4298272319979535  21.12739091957289
Planck2018  -85.85820109166849  -186.80936950293537    158.97957013183375    17.27904816489136    44 0 259.8920447956887   245.31633268942852 37.71353081064992    23.448165407681376
Planck2018 -156.34112034074025   -91.60963908272117     -1.535691593218448   17.11057105737253    45 1 181.2104583928139   210.3685956165176  -0.48556634619330047 22.357108077836592
Planck2018 -171.90740145336073  -126.15325294013539     30.92693860893242    17.076992123295014   46 0 215.46060761435112  216.27286813455515  8.252668521752682   23.26649281910955
Planck2018 -221.30030806963714    56.32938381525113    109.94244078036432    17.060497484569062   47 0 253.4446016735533   165.71929420364359 25.70850205795601    22.778121907953132
Planck2018 -183.06017509461054    71.84880494964459     79.77539895253537    16.99327998343362    48 0 212.22015162655435  158.57062021420037 22.080486492710925   22.319565787733893
Planck2018 -116.70374128809483  -152.15883760654106    228.47020859075164    16.981936482493957   49 0 298.2795858014991   232.51228869676098 49.992466775556856   23.03320666186048
Planck2018 -235.13147693730227  -121.65983925300144     36.61221423817843    16.922790524425114   50 0 267.26088783285434  207.3575860741747   7.873739158428996   22.76824531473775
Planck2018  -63.79072092926041  -178.56788496078485    176.79321264874037    16.863872174145552   51 1 259.25197328989725  250.34148748336355 42.995102385178406   21.96125676827094
Planck2018 -239.33746870262965   -29.31959162258395     97.95268487784708    16.815873173568903   52 0 260.2629263892115   186.98411475299605 22.108424974061634   22.964182651471635
Planck2018 -133.83517358177025   -36.456482817386565    62.11166548506846    16.789948192191584   53 0 151.98285369213863  195.23757701110222 24.121657564105828   22.99297073297514
Planck2018 -283.9561206882957    -64.9487574865904      71.21821288972241    16.739731806794264   54 0 299.869060462402    192.88353477613197 13.738899655836155   23.033963650919844
Planck2018  -33.392424353117384 -106.27526558809443     81.46905833611724    16.72012389966206    55 1 138.00975888020508  252.55692017093045 36.17927603175283    21.383260831682815
Planck2018 -109.73431177490374   123.1946204172497     148.04147216839823    16.698391222648606   56 0 221.66373443179344  131.6927159892769  41.902505271114066   22.159796213930075
Planck2018 -263.136973222051    -161.30632704734398     86.9461269699122     16.695572494178393   57 1 320.65624400132174  211.50882935623238 15.732744612250805   20.405171387346524
Planck2018  -88.65067322797702    67.11145282286277    214.751686567432      16.685305880320023   58 1 241.82881517165288  142.8730898463756  62.62696071104868    22.45499713939743
Planck2018  -62.107597367231925 -177.07533074527362     70.57140398726011    16.640862242775203   59 1 200.48279095725724  250.67213423944577 20.6101391996591     20.969541343323794
Planck2018 -250.35928072809983   112.06481636835962     29.343879869103198   16.6279345050481     60 0 275.86111686886574  155.88594758468128  6.106215167345796   21.708810788464646
Planck2018 -139.7976145054266    102.04147750566236     48.02176302506664    16.601125101327753   61 0 179.61605127878218  143.87343847678122 15.507104404941767   22.868444987533064
Planck2018 -225.26493503836923  -200.91122529609407     58.378859603062466   16.59955434682779    62 0 307.43731500319325  221.72940671022556 10.946286563482332   21.989050623577764
Planck2018  -83.57435084734271    -1.6992948897043574  189.17826893665185    16.55506540043855    63 1 206.82354111789374  181.1648192355335  66.16094895052123    19.388748977298512
Planck2018 -180.78398310346097  -241.4572375139921       9.906271870622984   16.554712127918666   64 1 301.7989070838653   233.17704962018485  1.881019204337323   22.926282053753482
Planck2018 -216.47297927722857    -3.532044345318778   139.1171889965016     16.50935210096525    65 0 257.34532902056935  180.934773840991   32.723514697027625   22.411472047698357
Planck2018 -298.30299422424065   100.54006807804545     63.21892642518047    16.4675202438758     66 1 321.0757142959239   161.37412083297087 11.355577240879143   21.219758062177558
Planck2018 -107.37055115888344   160.09919823380181    184.8910727270208     16.441356448932854   67 0 267.1046560908609   123.84778719731045 43.804876740704096   22.787146482230224
Planck2018 -236.96277220198252    -0.5358228401231373  202.56867784031508    16.394206760252217   68 0 311.74622974101544  180.12955762922664 40.525551875436136   21.94859369099167
Planck2018 -154.3974086206977     61.591725999524904   219.1236244758102     16.363357672806448   69 0 275.0404757554843   158.2521110287658  52.81573414738914    21.837575033294357
Planck2018 -195.89313708889964  -112.36857291450318    131.8130624895684     16.363108677973763   70 0 261.4870948636879   209.83952195225248 30.270971482401038   21.689822881165483
Planck2018 -243.6255693154128     45.80734448455181    131.62552013672183    16.32645826285422    71 0 280.67242184484024  169.35136902562715 27.96712827455362    21.533494944553727
Planck2018 -165.4035949576183     92.6883454821609     195.37337914621494    16.32636418350856    72 0 272.2503184426694   150.73473910790054 45.858665311661454   22.280136661232095
Planck2018 -105.46584058028188   -92.86226048409394    254.05440772136706    16.304443850322077   73 1 290.3275478389465   221.36379220673797 61.05223385428819    21.13026526553387
Planck2018 -207.88755071745027   -56.81211336908076    168.20666439099762    16.225147569201788   74 0 273.3831229507547   195.2847458140051  37.97213454443546    21.825231976312864
Planck2018 -215.36048112165582   -94.85243548257692    207.30499781776854    16.169354129146836   75 1 313.6119950929054   203.77040386618958 41.3780016525769     21.497324868603837
Planck2018 -138.8141462816707   -217.783914450638      190.21289002735992    16.158084913076454   76 1 320.749347830845    237.48681057631498 36.37207923081082    20.29861513118961
Planck2018 -289.2047941215308   -116.32008210885762     30.332815749356506   16.13173159570945    77 1 313.19299825502617  201.91031777066092  5.557821661356222   22.134899993597838
Planck2018 -122.6380171815112   -175.2879204417936      82.95233533761967    16.09698562944741    78 0 229.44940237225745  235.02191834950742 21.194052513380928   21.280963820236032
Planck2018 -151.17395537716214  -222.46428535689765    146.35097391629324    16.079232057402578   79 0 306.20667956460215  235.80222289897205 28.551490326992635   20.94299104752715
Planck2018  -81.89429331367121    31.050569491404637   153.79630903900272    16.038505078716295   80 1 176.9862079855563   159.2355642979621  60.33956163651509    21.333562466579163
Planck2018 -215.89027984005708   149.54354304857628     83.07181400125457    16.012124115708822   81 0 275.4501960035581   145.29030969410846 17.552863148134996   21.34250129524085
Planck2018 -144.80109587629028   -86.68198835465859    170.90835380632876    16.00424347879827    82 0 240.18907109375527  210.90591961093375 45.361785911326194   21.795402998705843
Planck2018 -163.6354982578865     25.111395629339274   177.22486090681272    15.999532144023535   83 0 242.51971013507148  171.27548933863093 46.950546034017925   21.75650816500625
Planck2018 -130.68166063201207    84.58868448298765    212.50170853813256    15.988724030111712   84 0 263.41966156634595  147.08549815628513 53.77514714464708    21.260003645245817
Planck2018 -141.8941549249727   -231.44584214704966    116.82656796945336    15.929098868433895   85 0 295.5496168709249   238.48849033106214 23.283800123833064   21.095297370779072
Planck2018 -249.4125126281727    -76.9569654250331     111.22990267970593    15.91789916877832    86 0 283.7270999271395   197.14776425360117 23.080951748776503   22.100902374039926
Planck2018 -205.86019172216405    -9.150844681246042   236.13821881197651    15.898394107263398   87 1 313.40615003212577  182.54522182750824 48.89077270548789    20.301845074584797
Planck2018 -126.43486716876136   -39.21747261139045    168.05051572732353    15.876666756040034   88 0 213.92700070404135  197.23280568426412 51.771644577959535   22.367505102171613
Planck2018 -251.13272445057086    27.693577451544588    -7.297965619139996   15.826660637581877   89 1 252.76043959490417  173.70715288417688 -1.6545340289058388  19.756006779561407
Planck2018 -107.82231495284586   205.25712647992796    198.20552764602894    15.785748525993668   90 0 305.0271639740116   117.71310919380998 40.52624678666856    21.006939421294653
Planck2018 -194.73153569789602   199.20989752794497    119.71472581620867    15.78387195956008    91 0 303.2104382200674   134.34868445454526 23.254991214368633   20.902310399248126
Planck2018 -168.7862481630268    170.7740488667163       6.12666797328038    15.762346688327337   92 1 240.18765454481064  134.6645918535494   1.4616500405548165  20.58739370575342
Planck2018 -142.26692051708596   118.21783542596359    187.24705871868684    15.750782120442443   93 0 263.2048523204206   140.27484215811867 45.34990614652983    20.854182004429745
Planck2018 -202.04461625785436  -178.85462753424653     -1.0065655940032672  15.745102359032652   94 1 269.8370210395392   221.51600656728854 -0.21372936103563558 19.911138512710124
Planck2018  -58.86704054006617    68.50043631353876     59.4178356520082     15.724440115021913   95 0 108.11159711455579  130.67468846264586 33.33938650679338    21.451149387837532
Planck2018 -251.20258386933162     4.824185422128541   118.2651376232723     15.712652557986422   96 0 277.69165216957316  178.89980633400367 25.206791571088125   20.36557724343675
Planck2018 -198.36165304608556     8.78492237474129    199.55408685541397    15.687994790787526   97 0 281.5072891436454   177.46417578316786 45.14363103581803    21.06228116665994
Planck2018 -143.0012353047993    -74.19164876213101    279.1399326281446     15.686651238133908   98 1 322.2931212923836   207.4211076399317  60.009210801821425   19.722455243537496
Planck2018  -96.88593708035665   195.52698056947804    234.3515731910994     15.674779143016494   99 1 320.21609077574334  116.35896072106226 47.04208583224667    19.046561897563723
Planck2018 -238.75873202859938   177.71815887269557    109.12674445912894    15.652362558680762  100 1 317.0143884262246   143.33814029266088 20.134968893201247   20.524509111763187
Planck2018 -133.61849738184645    71.44039910997225    248.0433920028312     15.635540191580256  101 0 290.6598661388339   151.86838870495916 58.58125087568652    21.001621199458466
Planck2018  -75.3318036117119     50.873759881116385   172.84963913983884    15.627050774785037  102 1 195.29469483477405  145.96769768299595 62.2602398601487     21.123084900465248
Planck2018 -115.08361081700427     2.2465841165176093  241.9012414936708     15.626699536121057  103 1 267.89082712002573  178.88165273846488 64.55317099966354    20.544136507187403
Planck2018 -145.4595477700215   -285.3910655919354      35.73168066681068    15.61250845969659   104 1 322.30931317669746  242.99274264390507  6.364977268282454   17.760708453165723
Planck2018  -63.390866031403     -36.02172710831587    145.5842368872357     15.60073612928967   105 1 162.82118028719734  209.60731328206614 63.39763350592375    19.226926114079344
Planck2018 -205.54637000677502   -88.77981815591646    161.64975583400977    15.599960215353416  106 0 276.1554089565414   203.3605356253594  35.82827945625447    21.197459114655345
Planck2018 -138.68799168942473  -163.2603302564094     241.193003742394      15.59541046735521   107 1 322.5869797877098   229.65243725742948 48.390123120063286   19.317997032495263
Planck2018 -135.72737779200332   -37.24817108090339    104.13280507521051    15.590109915394656  108 0 175.0799486634527   195.34608334454924 36.496442833043744   20.391645053155514
Planck2018 -247.99648019637306   127.81969296622003    143.9705784748952     15.56749281871929   109 1 313.9548623069322   152.7330003610095  27.294931695045705   21.047056311971478
Planck2018 -170.352538617893     210.40659184469024    116.52289951621052    15.533607412299753  110 0 294.73463898382164  128.99484207150294 23.28771132749137    21.234188986730633
Planck2018 -161.44673658987998   124.87342949210087    208.11881755176162    15.532586196828817  111 0 291.49933853747285  142.27929669739282 45.558018011927615   20.50277525656042
Planck2018 -153.52361299171244  -148.83811762954107    198.00847721322313    15.505498682477244  112 0 291.42690688032513  224.11219709312945 42.80026781996049    21.43863858135155
Planck2018 -226.16377187133585   139.69425784629897     52.24722880606086    15.502906682357589  113 0 270.9138429468136   148.29767739885554 11.119475922064005   21.348493415125365
Planck2018 -114.24031846606393  -243.65455964076548    166.60086570301607    15.476424697791726  114 1 316.5031488784234   244.87991302591186 31.7611775558132     20.96306675451711
Planck2018  -94.59138665227458   145.64941336280714     30.008273774015812   15.449209697893867  115 1 176.24352055217875  123.00153607618432  9.803283400226462   19.701274213263815
Planck2018 -244.96741500578386    69.06205870652904    137.3032679711954     15.379468620066747  116 0 289.1898853054337   164.25561108761747 28.34540821538208    20.46176765823179
Planck2018 -118.47470852425366  -209.13929661478613     47.77471981923966    15.344154277830716  117 0 245.06718630253462  240.46900709664078 11.24153383032604    20.45317917051204
Planck2018  -77.12720851219288  -203.6834595230625      97.3464453066126     15.334872097254681  118 0 238.562126897795    249.26022182963698 24.08270521809684    20.1265860770159
Planck2018 -164.5329237513874    211.85191655829726      8.447358928463107   15.312656964680999  119 1 268.3722702152178   127.8343853386827   1.8037555464889288  19.70902237725907
Planck2018  -62.08468327622566   -84.84796247771119    102.59570422096557    15.28466174037637   120 0 146.89984056738862  233.80643720432798 44.29924256993228    21.31616445791436
Planck2018 -199.54503971120627   108.26749155898392    187.41169139036248    15.274636635609179  121 0 294.3861658971393   151.51699493900833 39.54013225313043    20.422291513628725
Planck2018 -102.72259741148034  -177.54194403422764    182.7689773388793     15.266969896798074  122 0 274.73182012266733  239.94709261071705 41.70252265370155    20.135942216702126
Planck2018 -301.1047194842072     47.36296791323475     65.88329077206257    15.227049090502547  123 2 311.8459729228026   171.06077284630825 12.19671119059279    20.83207015539289
Planck2018 -158.33965166912512    55.54145886410499    100.9401845633793     15.205912241901183  124 0 195.81935502687682  160.6704476872086  31.029279088526053   19.951576577445756
Planck2018 -169.60749782406876   100.86626634407958    153.0661780391125     15.196591599924771  125 0 249.73978830742524  149.25987912879873 37.79968067543186    20.174535006600664
Planck2018 -140.57714880794848   126.5136029317849       5.57315602431644    15.191724205214825  126 1 189.20540838418123  138.01410055332653  1.6879248570721073  18.98330884642633
Planck2018  -64.05906377963557  -135.00821220390128    169.43859991911694    15.186553556720188  127 1 225.9208271881272   244.61646864383042 48.5896032027148     20.026910277727836
Planck2018  -85.0594057322657     33.004299305324025   130.34053948571844    15.16302833760885   128 0 159.1007307009925   158.7930151206494  55.00806917406978    20.033423117969942
Planck2018 -210.19132468568245   -34.47204174859857    201.43823015784218    15.160495017697782  129 0 293.1656105421693   189.31377530023292 43.402098275389896   20.11482372449011
Planck2018 -194.0989210153434    251.11550550011884      9.812587693672741   15.154261844573734  130 1 317.5368878085611   127.70211433927055  1.7708474278038864  16.546302450089215
Planck2018 -254.41957047705114    -0.47703755503265405  74.9065910997118     15.152649676751734  131 0 265.2179156782881   180.10742965445365 16.4055350162106     20.823773714418877
Planck2018 -109.19033445424603   208.72663150832892    165.23030769508574    15.115561775581297  132 1 287.73319311483084  117.61523702538383 35.04700976740915    20.150684376555727
Planck2018 -194.9686966395102    -50.08665207243282    211.88576680201305    15.103082321615494  133 0 292.26194339737657  194.40749846056144 46.467668838209974   20.787518773142736
Planck2018 -277.16349388517807   -47.155318995398964   153.6320481002962     15.099404638602733  134 1 320.38419538998596  189.65558450847718 28.654346278614614   19.20848995758507
Planck2018 -162.76790496708333   186.44810776300028    105.18124883844413    15.084611279071524  135 0 268.9226336383599   131.12073387968087 23.024259904165973   21.184033782566114
Planck2018 -165.90019842110542   151.24641413045555    146.78001856401562    15.078378634766821  136 0 268.2214150159084   137.64547447388404 33.17749589334676    19.30376494728881
Planck2018 -117.73413054157018   171.1139045783593     214.21613166178724    15.05391493965959   137 0 298.37869377449107  124.52973615026708 45.88414865664198    20.43579369753645
Planck2018 -115.41613946331856   -70.95173903189928     28.29379527827896    15.041206765246818  138 0 138.40366097584305  211.5810016391162  11.796106286633158   20.474970191470014
Planck2018  -81.97732135389391   -41.46340687600451    107.34257943008173    15.03650886754453   139 0 141.28667553887766  206.82988437830895 49.442180665489914   19.344446543223242
Planck2018 -130.9317974971499    222.5997601167105      54.800084591328876   15.022361803750778  140 1 264.00158725104006  120.46377837041737 11.980268828978176   18.563829693637608
Planck2018 -283.49550848671095   152.37689736120583      3.379235298091526   14.982365713918169  141 1 321.86929243524634  151.7422743415249   0.6015469078783665  17.92383108526161
Planck2018  -71.14877512181208    87.77043815039522    181.549181972411      14.982331584236137  142 1 213.836160387569    129.02903525578853 58.104226990201305   19.740537405992363
Planck2018 -187.89419307305977   -82.03574799356154    229.58954210071678    14.949181121852554  143 0 307.8074878580055   203.58637445040026 48.23532496701171    19.838344134932115
Planck2018 -118.24155496473502   -97.71891286533183    113.6859249138729     14.945545340320132  144 0 190.93072245079762  219.5715053461263  36.54330864722696    19.65895273642763
Planck2018 -212.22263592405747  -217.34297636808319     33.353658043737106   14.93667706121333   145 0 305.59594742075814  225.68292245825114  6.265915559611038   20.4159879099863
Planck2018 -161.2185529590812   -193.213055503259      174.12496278691557    14.934286222882278  146 0 306.0101457479314   230.15810353525643 34.68170378046558    19.22972203095815
Planck2018 -237.7323653543697   -110.97656035715937    126.83180952183265    14.921152250105845  147 0 291.4082744059822   205.02377832966803 25.800407483739544   19.491558589441023
Planck2018 -186.81335369308178   -29.368714949058603   192.45254113519258    14.915134418375679  148 0 269.8142530060421   188.93428078844335 45.50224321264728    20.286506141989
Planck2018 -139.80563517185868   149.7586245087107     220.29701714271422    14.907250069140453  149 0 300.83888878023265  133.03138736211673 47.07751741370647    20.028543146911172
Planck2018  -66.59609640845903  -260.2741575419202     101.48135176243132    14.894016692030178  150 1 287.1865976965697   255.64770613080037 20.69319965609466    18.121405745590483
Planck2018  -97.52234684843903    63.9424305733139     108.90598062921772    14.8930024650297    151 0 159.56113304706088  146.74836539694198 43.042017906191795   19.54099487603406
Planck2018  -68.82101794828004   -69.53162740838131     60.4355073072605     14.86058604643748   152 0 114.99317486260384  225.29428107295382 31.70577081136932    19.8527522042781
Planck2018 -255.22143113838888   184.66714306012702     67.35106476939217    14.858317422263346  153 1 322.1429784488367   144.11213425408747 12.067972440421253   18.977206621549563
Planck2018 -108.01948518393729    26.937941895895072   237.78311589110203    14.833608028624901  154 1 262.5541317440476   165.99717386564066 64.91146730056671    18.347066670566235
Planck2018 -245.94806169583973   162.05350763276326     27.568496474491273   14.816174080529814  155 0 295.8239516771532   146.61938408136695  5.347281127830382   19.598012451984683
Planck2018 -146.23794352967897   127.51141159047437    255.19307079069608    14.786856495560409  156 1 320.5747956299281   138.91336910420162 52.75439731390844    18.92124220329071
Planck2018 -124.54432712966225  -138.34853359358885     -0.6731091828685142  14.783471034137982  157 1 186.15063589375345  228.00577604923757 -0.20717844549752643 18.277827119630512
Planck2018 -123.64928217492468    23.011066430445187    98.98249559929155    14.77395418388325   158 0 160.05058136634267  169.45788327409716 38.20267513407951    19.676536753846996
Planck2018 -103.09900529427554  -256.8594611875655      83.92723532766055    14.758059670476262  159 1 289.22304286481057  248.1303157465986  16.868834669099073   18.763963428646253
Planck2018 -185.02318141016192     9.460811228729229   241.15821098289732    14.752097988008856  160 0 304.1058488959312   177.07283777458443 52.467459561740974   19.53068790846787
Planck2018 -113.95706719034473    78.33985295882123    287.3967227339536     14.748842986267855  161 1 318.9360781762569   145.4933994623388  64.3044542171876     18.24278511643293
Planck2018 -283.0026604647788    -43.52172731169454     -0.3240214962724836  14.742931975705071  162 2 286.3297951109287   188.7427716599105  -0.064838059075027   19.80103818536123
Planck2018 -140.02968108271324   112.27368348962403     70.4083769018726     14.714292628320381  163 0 192.7979022873714   141.27788803433577 21.419439208487844   19.962098348043327
Planck2018 -197.60703019296804   -89.97432925011738     84.09520622710735    14.712784869670779  164 0 232.8431274830177   204.4806983147654  21.171870233771223   18.877415082242155
Planck2018  -77.28116567100166  -187.4389405400812      43.62596970691834    14.709877148860231  165 1 207.38601744362097  247.5936224127289  12.143519816089901   17.869101620473955
Planck2018 -148.47450502654004   134.35761353977114    122.44795543557196    14.695935260063791  166 0 234.7129070786913   137.85741106880604 31.44584743036889    19.1381350548075
Planck2018 -272.39270296020345    48.645914909276186    61.14432281783063    14.686650827189796  167 0 283.3775535856312   169.87443942887458 12.460694671711657   19.56813823741195
Planck2018  -88.21661976010434    27.381298500222066   194.83098930638647    14.677145552253007  168 1 215.61776806089608  162.7563327281228  64.63462129894305    18.23995872485276
Planck2018 -223.85910655810613  -184.83068370603053     -9.999369821564173   14.673065805355348  169 1 290.474213356471    219.54499892330415 -1.9727565398037468  18.09455448626552
Planck2018 -139.0044801315712   -198.96848709484868    176.76565376321386    14.67248341977795   170 0 300.26122077917046  235.0608642021797  36.06525259408093    20.394347869298098
Planck2018 -204.64775367268498    72.43023833399748     56.66667233612972    14.667506055112046  171 0 224.36121380944147  160.50978547243812 14.629580623234943   19.241951702249057
Planck2018 -176.0067596051284    -27.520376135818413   172.90786536125765    14.650165213004325  172 0 248.25970360318482  188.88679841612804 44.14525467094787    19.937118661864147
Planck2018 -259.4613698035648    -47.52919927608769    181.91331111331957    14.605170542899025  173 1 320.42421875441886  190.3805855776616  34.59183738349881    19.944045072484776
Planck2018  -71.69928152941789  -174.84397524054458    201.58420086175977    14.586093496432918  174 1 276.3103195445751   247.70265333712567 46.84929080265972    17.444524417899334
Planck2018 -165.71706865465998   104.28606308659715     30.376868867258686   14.567482015296509  175 0 198.1425849225089   147.81771558870525  8.818686418668905   19.68587548294756
Planck2018 -168.8807816361579   -238.89730337786932     72.6545732285474     14.555378776702932  176 0 301.4487136782636   234.74282543101367 13.946632726145168   19.570186610227374
Planck2018 -167.36219822909058  -271.06869957970144     48.32653048662504    14.52491562862169   177 1 322.21700581561265  238.30814720490838  8.625843780522274   17.62446328970281
Planck2018 -190.5265552699547    128.59521612329124     75.8899595063794     14.495898255470754  178 0 242.06689948588797  145.98275911497115 18.270779051171985   19.02948580207116
Planck2018 -118.94820298591893   -38.08018613624071    215.21119708637679    14.454131404877515  179 0 248.82651571145192  197.75199501882065 59.87181316793101    19.636754157958922
Planck2018 -135.3960079066668    114.01733268609529    104.41232038622252    14.401803972707992  180 0 205.50903570974464  139.89918113751847 30.53514657078277    20.364887703771114
Planck2018 -151.7520966081738     77.89884361469605     59.876589197996466   14.397272119245745  181 0 180.7820084949523   152.8272279784267  19.342160180973952   18.504410524698585
Planck2018  -94.9900196444161    123.92716975343014    259.52937751520466    14.394455422038913  182 1 302.8804137420769   127.4701194011183  58.96702954883419    18.515370495386183
Planck2018 -166.9876209476833      8.2290471305149      87.43404673424202    14.391267794406463  183 0 188.67245505046307  177.17878152746596 27.607829128286138   19.593235831006478
Planck2018  -82.1720987704127    139.07173598246516    218.77287623934177    14.386361260065339  184 1 271.9462684861576   120.5771948520306  53.55919411349063    16.070359375759526
Planck2018  -83.58651598402946  -203.62793608337185     60.13473366163442    14.38356870375913   185 1 228.1824449875097   247.68251256771015 15.28009560585815    18.23342445056089
Planck2018 -194.50002017272521   -38.1305260240654     107.31031038318235    14.380446468207685  186 0 225.3878824972571   191.09181307275517 28.431902667559672   18.710408481341073
Planck2018  -41.37033632625987   -67.5956156342114      11.5420808921874     14.379929908374315  187 1  80.08677551280049  238.53224570248338  8.286305451223729   18.0274335547602
Planck2018  -99.05752165856892   -16.894866730432305     5.114335266963391   14.374132062478319  188 1 100.61801798982042  189.67901091249564  2.9135552230157433  18.126663055320915
Planck2018 -292.4247447520139    -91.37218711755351     80.23923895162133    14.370002067849601  189 1 316.70087367966175  197.35214220715196 14.676411502778068   19.137825276619704
Planck2018  -99.79593501893919   128.87439927338556     15.650535410009008   14.34826675116944   190 1 163.74607993170488  127.75297773452607  5.484592578921105   19.530971496584332
Planck2018 -311.8764548977187    -41.36247216384456     20.678347753336197   14.346311943880188  191 0 315.2861736405221   187.55473830695658  3.760498222795482   18.607126055739652
Planck2018 -104.58570645873255   -62.413434146530555    50.66162506969695    14.338973861964     192 0 131.90984425787948  210.8274132607744  22.585551682234513   19.656016928496733
Planck2018  -55.414228653037725  -82.91779028193493    137.36063287294104    14.338223734141907  193 1 169.74698862043172  236.24506431558683 54.018629622953874   18.403579778137097
Planck2018 -191.83864015499674   134.54810908617267    157.88222953788883    14.337907182827227  194 0 282.5456705013148   144.9556842734387  33.97180102963302    18.780379434294673
Planck2018  -96.6376371645248   -189.85105619808598     88.9624921876406     14.334051476117178  195 0 230.86052385045642  243.02307921131467 22.665575116642977   19.180451488951384
Planck2018 -248.33843857763077  -135.59441167889608     98.57033232358025    14.282221344378375  196 0 299.62298805015394  208.63482894073366 19.20695058846726    18.920722099952847
Planck2018 -153.42273195010017   -31.63602046370193     48.90821200856818    14.243146945471123  197 0 164.1078476846464   191.65118334066636 17.339007879543345   19.433620307788786
Planck2018 -105.86069125237088   -88.5239318475898     135.86867224571643    14.232025646163923  198 0 193.65760651211312  219.90339391723967 44.5548889330176     18.601276235351328
Planck2018  -60.57096932866249   111.4110350493523     102.5660458804017     14.2312352979744    199 1 163.098298040545    118.5316511448599  38.96608806448064    18.849758485528927
Planck2018 -139.2789114748919    100.99666959445763    172.78584039548585    14.228198116720726  200 0 243.8316818872747   144.0526415505737  45.12335614370092    19.75627796289336
Planck2018 -118.61857645816539  -140.85128980540597    167.82852269774577    14.227648549053427  201 0 249.15028707933664  229.89743503815959 42.345803014637475   19.593150809455608
Planck2018 -164.50367703706485  -127.4720447392457     175.44153610148774    14.220635347141192  202 0 272.19536097878085  217.77170094450776 40.131398224816586   18.85596576051225
Planck2018  -72.68237458418837   -59.537515592763604    94.81061961189926    14.19976713441092   203 0 133.47845117975822  219.32250114591585 45.25986344133664    19.416915509794837
Planck2018 -145.88144112836156    43.956191779601724   237.23529264865687    14.195187276435043  204 0 281.94702647757543  163.23168479821157 57.290157285275335   19.152033774169592
Planck2018 -166.55594068869203   180.92594481910237     59.46576720293461    14.187107023753864  205 0 253.0044591631017   132.63190041887458 13.593887247774157   19.02964203187465
Planck2018 -271.80537282399695   172.0446773278327      31.712027603007378   14.184830965527834  206 1 323.2385874049136   147.66741217889944  5.630184113982547   17.158543820779602
Planck2018  -24.833713204496426  -62.980409243937835    35.26759199680301    14.179523078769718  207 1  76.33510532716932  248.48025884453605 27.51689382181253    16.695198993147848
Planck2018 -212.53853151311816   232.10293649299993     36.80525552589637    14.16187373313066   208 1 316.8580555086975   132.4805875092528   6.670358861787835   19.248849995356654
Planck2018 -140.65743867015232  -130.55831250273576    149.7909104635313     14.152779666954006  209 0 243.44877258738302  222.8674907779819  37.97279077148638    18.25300018485208
Planck2018 -243.75681686580802   133.79376365750855     64.56106542049888    14.144618528045532  210 0 285.45803217009376  151.23840303483126 13.071486441999546   19.725203536395405
Planck2018  -85.90202572357293   125.50672989781427    144.9302058098061     14.14069944426698   211 0 210.0853679558123   124.38936122911605 43.61929660971945    19.15943307432665
Planck2018 -152.51383321601443   -71.39836612550239    111.65426221755136    14.115383266062029  212 0 202.05165250247094  205.08634033050603 33.54574392630361    19.23018058292067
Planck2018 -145.88422874143401    96.4201106459777     121.15727926153846    14.104687073004433  213 0 212.7395878780535   146.5378561325953  34.716049398754365   19.797364768227546
Planck2018 -128.7282741733524    199.19655801115417     97.4417048615089     14.087364910706452  214 0 256.40811832205765  122.87205775278437 22.335281881937608   17.77089303314844
Planck2018 -213.87247130100158   113.70000831373667    213.50427355373523    14.084949134017142  215 1 322.88264229693385  152.0037598444986  41.39483149723631    17.051002306051092
Planck2018 -202.38243691917256    11.489854409490581    -4.618956044563854   14.082977686296287  216 1 202.7609486134738   176.75063584238922 -1.3053281889726756  17.411976938139368
Planck2018 -144.30883849053438   185.07215342011378     68.54890456413463    14.081737710814064  217 0 244.4906852110896   127.9450982226048  16.282545326252794   19.281303639737907
Planck2018 -203.11251001983726    12.852739743794848   153.38663434070116    14.079239888434117  218 0 254.84768831568434  176.37921276259635 37.00435420567685    19.91262187338558
Planck2018 -114.88017122138882   -34.86631677038279     33.421191060281636   14.075417519155053  219 0 124.61978092131336  196.88312821816262 15.556309036911848   18.735424252475017
Planck2018  -56.37349630542252  -212.64934494483958     99.11409571624388    14.073957139106284  220 1 241.29094255859587  255.15238044403856 24.252957706734982   16.811165791582077
Planck2018 -257.76734063223915   -57.16696376090672     50.36730078618197    14.054211575511196  221 0 268.79160818512054  192.50451689723343 10.800168372595431   18.345336409850407
Planck2018 -101.48495489168836  -169.7919583763042     219.93480096774252    14.054105396173071  222 0 295.8036880692145   239.13316414303694 48.03179997191748    19.189540142627973
Planck2018 -175.6892215552334    -30.504902879480404   138.09908005746058    14.04859852315379   223 0 225.54070050234242  189.85005982191234 37.75615797685782    17.926577150489063
Planck2018 -217.14525787923088   107.84582740980386     16.328749622984784   14.035510160961064  224 0 243.00085097256965  153.58857276249347  3.852965686299624   18.163668391244926
Planck2018  -98.84775550178331    73.58530219248628      6.1001433440071375  14.028378412359322  225 1 123.38106505990818  143.3348718197734   2.8339439252125613  17.15865362521277
Planck2018 -278.2615083863347   -143.34481896273562     30.32866043429484    14.015743786071125  226 1 314.4789846979229   207.25499988713693  5.5342625549965305  18.001995101231135
Planck2018 -131.80965291444835   -89.86528126952302    237.11008570500374    14.008637254999375  227 0 285.78094079576414  214.28541206229607 56.067085144638725   17.964363354276053
Planck2018 -146.6494473949809     58.352204546280824    81.79504053377903    13.992747292025541  228 0 177.76801976898665  158.30225933132618 27.395003358468294   19.219735642125883
Planck2018 -124.670657380067    -126.1506503210362     266.9944758603651     13.983308162369152  229 1 320.5351923392336   225.33807480670902 56.40449195017156    17.787317784722706
Planck2018 -281.00473114226355    62.11302502210045    144.58703882299795    13.969873072357522  230 1 322.06691633468813  167.53580786790215 26.67536077835273    18.00512298652181
Planck2018 -182.07529283122383  -152.2528331739307     219.20481011880418    13.965259366384508  231 1 323.08371399419946  219.9026405623439  42.72473056318437    16.77432469614087
Planck2018 -237.7561413007755   -176.85564446636272     34.64003153076377    13.959667956454556  232 0 298.3384545952786   216.64382955097352  6.667643302505499   18.87709886874319
Planck2018 -226.29184141961898   137.7007215636485     185.5904454535207     13.955073053214651  233 1 323.43979293814124  148.67909261729878 35.01578843998965    16.104281709032158
Planck2018 -164.61706892031927   174.59625528082438    165.55890539502957    13.9306968662303    234 0 291.5345312198956   133.31492349928533 34.603067013160214   19.1844603751546
Planck2018 -176.90983297249474   147.94283916934688      5.334981638374973   13.920843988884243  235 1 230.67863943790945  140.09556686216138  1.3252167095657892  17.447582717892114
Planck2018 -233.06798098345936  -103.18240143871742    171.67392395537578    13.902735512761096  236 0 307.3096612418864   203.8796311808473  33.961449421958164   18.752614665521033
Planck2018 -285.089884456758    -134.8283016500101      66.75309766097533    13.90133732901039   237 1 322.3521198824811   205.3109936676945  11.95136386834267    16.561050614520582
Planck2018 -138.85619719966184   -26.96697408761318    234.63334993068344    13.896480563832343  238 0 273.9727542875166   190.99048246959092 58.915995449502844   18.634894268008374
Planck2018  -43.79870494085087    49.15681497177403      7.329631268278659   13.88906341881065   239 1  66.24532064375468  131.70102687850442  6.352426753021142   16.591824084659883
Planck2018 -211.2368234161429    110.16310539941007     80.05112173212913    13.881992249765366  240 0 251.32665487121818  152.45729756341194 18.573096977770913   18.193223253042998
Planck2018 -168.87617982220632   123.45917211417449    103.48059711464205    13.865876471053928  241 0 233.3871574651493   143.83083376316733 26.320121371513657   18.01623035049234
Planck2018  -69.80861589558428    37.12549006252245     74.61064092764398    13.86174799899092   242 0 108.71197084623891  151.99514332745184 43.339101280822106   18.943973338127392
Planck2018 -204.600330763003     160.85735916672698    167.55977643658895    13.861391357800143  243 0 309.53620794004587  141.8254704389555  32.77390248526149    18.514522649621338
Planck2018 -180.01023117369735   162.17497556981672    121.94905582578421    13.857609893422978  244 0 271.2489230302654   137.98365032949738 26.716968581866126   18.922221552330374
Planck2018 -193.66302068061933   -30.263420888816807     3.7176533606423448  13.839074802418642  245 1 196.0486194022941   188.88169129972218  1.0865601392400588  17.875891773465572
Planck2018 -102.57163304217143  -190.7546395125067     213.25799927867013    13.822256372134747  246 0 303.95270463811556  241.73241336301038 44.556778552288755   18.29141486277219
Planck2018 -146.8417552894009    245.59994103555823    150.73876331178982    13.8121215855833    247 1 323.4254271047807   120.87478218565161 27.779467484985542   17.095342288860092
Planck2018 -158.62963158809467  -216.6608473536659      39.14525909934679    13.810753811019625  248 0 271.3625510341067   233.7900370634269   8.294109188595018   18.18729393143383
Planck2018 -183.3334312387254     90.34175277266442    139.0793900844505     13.809217227109542  249 0 247.21621316180787  153.76716981753273 34.23454855924937    18.7148293780118
Planck2018 -166.4616519189132   -260.110544302171       11.221015105425723   13.808070157429967  250 1 309.0192356419601   237.38217842884217  2.080964879724906   17.61497623542594
Planck2018 -132.24235912387886    29.943626599051353   230.3634031857563     13.800394710316757  251 0 267.3049940571176   167.24165989797388 59.519274320154395   18.336162007440027
Planck2018 -163.4081189734942    -23.814383664429513   277.64635045685776    13.790618461669713  252 1 323.043084027169    188.2916629644835  59.2573038147223     16.373335942374215
Planck2018  -92.29789821377432    80.89307281063041     43.03524124545696    13.781636612454443  253 0 130.0562310405806   138.7675536747775  19.323240241697466   18.82344929702025
Planck2018 -172.0872311154429    -97.980560264914      146.40015224634485    13.780494899173322  254 0 246.26654234905573  209.65570051640907 36.47546086860402    18.326440693717622
Planck2018 -245.06387742475135  -167.96584571135418     59.66721261831379    13.771660606544659  255 0 303.03301075233213  214.42659051561276 11.355740193621015   17.991441078884726
Planck2018  -48.80149015871335    81.09595975421679     40.95650811951895    13.770407534386143  256 1 103.12892750103032  121.03846130391383 23.399438284712613   17.715112022526554
Planck2018 -248.21035906332116   178.05025672317487      3.457569585114476   13.766700574564826  257 1 305.48687541851484  144.3467593318998   0.6485004443151495  16.6653034364661
Planck2018 -157.72432437504528  -120.70366866111397     -3.9864586954460934  13.753439138298281  258 1 198.6510256221875   217.42619857822126 -1.1498686747165627  17.021015265904495
Planck2018 -274.6177405199196   -128.76438002327845     14.363851147295524   13.752596184736     259 0 303.64698119827705  205.12121726364404  2.711356751625197   18.743260486689913
Planck2018 -106.09242306736131   -69.30364419408049    265.50460563869945    13.744973543457654  260 1 294.1960110984597   213.15411142478288 64.48535380087684    16.472712933586674
Planck2018  -78.55848841176788   117.49304914723314     51.55198577208036    13.73326879814941   261 0 150.44487341382154  123.76757555689204 20.039239868934903   18.921275631325305
Planck2018 -136.58091189331043   256.7988457123065     121.02994778379298    13.723751207002742  262 1 315.0368881787161   118.00670385390674 22.592661093053408   18.589062247676864
Planck2018 -301.93686598425995   -50.50378270649552     80.57754646242684    13.716917348147424  263 1 316.558437104378    189.49573214802746 14.746472302459216   18.916333512150647
Planck2018 -133.54804885100577  -109.24963581726476    141.65502424595198    13.69758074505635   264 0 223.24137199953964  219.28505068352442 39.385690859481905   17.50861259908783
Planck2018 -141.7512317490457   -138.37308962901386     29.744299717597922   13.687282161630955  265 0 200.31287278041086  224.30907854370736  8.53938406279131    18.092128415211132
Planck2018 -185.62941257811462   181.87259630019685    164.5140848763297     13.685387272231793  266 0 307.57243735706635  135.58568991315263 32.3357162606425     18.536771236960366
Planck2018 -208.47953005566555   198.29477865869225    147.47595026727154    13.684646796973302  267 1 323.31670170711203  136.43426308873683 27.13796333767825    17.454085891991696
Planck2018  -53.476427800576744 -193.0292951891125      91.94223371144369    13.683763099168246  268 1 220.3937645927524   254.51525247981846 24.656208417097748   15.933914292339685
Planck2018 -166.52024122310274   -15.734777453406174   229.57558562087297    13.680398432318901  269 0 284.0449321351735   185.39794706357526 53.92402437740433    18.167091700353488
Planck2018  -65.50418242292034   -31.892922394883797   120.95794635081363    13.678894777089967  270 1 141.20474920903905  205.96069841526466 58.93848788561985    17.59276261605001
Planck2018 -121.10717852640482    -7.3966485175367875  186.90954021617534    13.67402332826644   271 0 222.8381370496095   183.49501142249258 57.010270901976966   17.941131224911445
Planck2018  -34.090725512648746  -45.90250378898472     42.65907337511624    13.662166412152159  272 0  71.33732516221833  233.39958353584325 36.72614366621129    18.713699052300843
Planck2018  -17.743301088536096  -42.67988375225718     29.448308163159044   13.661548951951211  273 1  54.805109837468734 247.42588638232536 32.501914061249124   15.897451836250108
Planck2018  -98.54872455918954    96.97729545553493     13.190584229871888   13.654934968451562  274 1 138.89002289019348  135.46047230421527  5.449675496543179   17.744470828448286
Planck2018 -250.26929263374234  -144.8173459823515      -2.8705945299209685  13.648512719940966  275 1 289.1626235282165   210.05565227052222 -0.5687998360790744  18.094845950829644
Planck2018  -91.24640853365108  -123.31750975908835     67.56150706240041    13.647130347619237  276 0 167.62360370787755  233.50112544900932 23.769291567902172   18.37043223409148
Planck2018 -311.97156988950974   -27.28385201385856     68.11823726598142    13.63922514985047   277 1 320.4851997335664   184.99815483039    12.27166757146388    17.69989499928388
Planck2018 -130.3018394520058    201.39895882499624    217.9203093876935     13.636554900251115  278 1 324.0823525340386   122.90220801663216 42.254321405651375   16.51169014418943
Planck2018 -288.559785015617     -85.20943670347515     -2.305132838892952   13.632212591391403  279 0 300.886542186565    196.45145640035744 -0.4389550756699238  18.122797140438383
Planck2018 -108.05867566902243   192.43920180374718    144.71378252741815    13.63143137292228   280 0 263.9159006797415   119.31513046320879 33.25272089989931    18.196662676833274
Planck2018 -105.02184904120415  -235.08039619121604    196.19433531627445    13.62361858506358   281 1 323.7044928011462   245.92736092807968 37.30738045432689    16.255713748612845
Planck2018 -282.94637517041156    48.79440300481208     82.82539661306154    13.622442836537857  282 0 298.8303721357356   170.21551925159062 16.09109094001718    17.62194058023867
Planck2018 -128.85135371102706  -229.75396296420536    149.91445941329644    13.603499889104869  283 0 303.0905805070533   240.7152802564487  29.64465156350496    17.95161232015435
Planck2018 -156.8584475113577   -129.16296986000532    252.0764508995055     13.596452813056127  284 1 323.77489469818505  219.46928733366255 51.12843065490698    17.82558649542247
Planck2018 -198.8483223616182     32.78032980521713     86.64635516658565    13.591650335781319  285 0 219.369086682292    170.6389301150798  23.26471344444526    18.425590611497743
Planck2018 -238.78605330069354  -170.03324768515705    135.27848145833855    13.57841767172797   286 1 322.84725818095103  215.45366482296492 24.772540549870428   17.384510254513
Planck2018  -34.907818446844       5.99792812637469     30.935790774215434   13.572894155979547  287 0  47.027163228851165 170.25052949843396 41.13444311854169    18.037900610012805
Planck2018 -190.88114746908522   -75.60857742786015    147.61680593664724    13.572537314714166  288 0 252.86951345450316  201.6086624233527  35.7159119901339     18.34922822979803
Planck2018  -86.06159717041427   142.47362135661353    181.71106838796305    13.571232816289745  289 0 246.42289598307485  121.13419485174119 47.50999940730576    18.154855489351636
Planck2018 -146.9274538290776     29.95676775838448     63.185686219963166   13.558363956212098  290 0 162.71913091678297  168.47602185758137 22.84946771474548    17.053924939943784
Planck2018 -115.79160228712603    -0.5590659282600714  271.52529580980337    13.54967883615576   291 1 295.18467775196825  180.2766337853791  66.90399950468617    16.551427186176582
Planck2018 -134.56201187153556    46.085662446314046   143.21524275756133    13.546917431748614  292 0 201.84506206528337  161.0943640749151  45.19673437003408    18.365857323964182
Planck2018 -122.6232294200146     -2.9341856291052713  219.29615176398755    13.544320094505933  293 0 251.26851775977315  181.37073846809736 60.78052244717308    19.038046332608936
Planck2018 -120.27128130479593    83.3706330856008     192.2061369658951     13.543614993133284  294 0 241.57616325942354  145.27075671542602 52.715151378953024   18.500668642597038
Planck2018 -132.04707453141097   -54.97728127053898     40.732105646127074   13.519201674391812  295 0 148.72133598973355  202.60421188582004 15.895403231725345   17.790893829664146
Planck2018 -107.07031130536618    18.12972523765981    190.94314663200285    13.514480468255243  296 0 219.66343288301675  170.3895239262305  60.3719746334478     17.82746605939422
Planck2018  -91.25588627620971  -146.2764447322183     164.75902505964274    13.500881476050326  297 0 238.47425731545576  238.04164901968596 43.700450363340536   18.091542452368355
Planck2018 -172.66164949360922   -76.00852294543817     21.388421096491996   13.488426467288638  298 0 189.85996240177136  203.75989062944166  6.46831061087297    18.289342767916086
Planck2018 -169.52239958105432    72.46148897162033    232.81782235929455    13.469999277005673  299 0 296.9724730540306   156.85596030223087 51.62561312780439    18.60534504989121
Planck2018 -100.87846072490454   -79.14988509486662     12.087264181697424   13.467068919293018  300 0 128.79157621581794  218.11795745551487  5.385212030063712   18.215470587037235
Planck2018  -60.92229991757118  -235.07626939285086    189.33597617398777    13.465160628781508  301 1 307.9293602965842   255.47088908455686 37.942345195867645   16.342871050660563
Planck2018  -96.44343177336985   193.84415942620583    127.89006430241868    13.464815455636613  302 1 251.4612539202685   116.45175775626166 30.569793208698286   17.21238614756727
Planck2018 -229.96068999112507   116.69486899135943     57.886767187162235   13.445042296180985  303 0 264.29243123004034  153.0942236664372  12.651799110613249   17.448079481895363
Planck2018 -320.11508326440816   -11.137983777899695    43.64243249139162    13.444001579692669  304 1 323.2682835197128   181.99272750412072  7.758837083523495   16.579902141680936
Planck2018 -282.79996811489644   -82.33683365610374     37.607777430139      13.440412990578048  305 0 296.93352970914924  196.23284853906898  7.276274098279602   17.87190491733667
Planck2018 -127.22537782697549    98.80980638339476    271.62376939053956    13.435441719899213  306 1 315.7992189646226   142.16523879097562 59.32954170107144    17.792715925077598
Planck2018 -230.69658972201515   216.85514493974543     67.68533057330377    13.431794077980213  307 1 323.7721025212382   136.7714235119749  12.066825436640459   17.14976970544483
Planck2018 -107.10535698886535    70.7161802371134     127.55467485833633    13.40519216575779   308 0 180.9489727001955   146.5652613625179  44.8231371468535     18.50827929777619
Planck2018 -212.31434840057605   137.12078755249667    113.44236201903311    13.401516318466209  309 0 277.0354894525889   147.1440677717775  24.1725972744949     17.531018608514895
Planck2018 -258.95615149862385    -3.675155409372887    30.324543847696518   13.398370352262729  310 0 260.7515544073173   180.81309811290498  6.678422044398401   17.85271881863035
Planck2018  -81.98410058072605   -52.98091705295157     31.075896258210797   13.394643176330243  311 0 102.44062498859239  212.87192049642218 17.65923612067032    17.188086992696636
Planck2018  -69.64461938778155  -147.56901425624608     25.880641865064675   13.350534602358614  312 1 165.2174161569441   244.73521557067292  9.012269413336757   16.492577131953695
Planck2018 -218.95254040627765   181.16713216243014      3.1478552219496247  13.34627469672282   313 1 284.20354276261304  140.39474340658742  0.6346244135291936  15.80466529913988
Planck2018 -286.75861014227837    72.31552138118576     76.01233269964786    13.336770878426433  314 0 305.3488330513249   165.8461214179058  14.414562108810193   18.4915154922602
Planck2018  -49.3918857452448     23.999409948752152    93.71731108451547    13.302991900218585  315 1 108.62073675073019  154.08498385346925 59.631746270123266   17.74461842005009
Planck2018 -134.73625829384642  -247.31225558936742     59.74150358774087    13.30160840107657   316 0 287.8997365657891   241.41835490601625 11.976355551166494   17.49622467491723
Planck2018 -122.71017237150357    63.67797370680447    215.31380466722408    13.285068638597886  317 0 255.87634751794494  152.5738530310949  57.2963110422494     17.908321818265488
Planck2018 -106.60875739338724  -112.63369154771827    240.70766521996526    13.279141443281297  318 0 286.34237499936245  226.57413147893183 57.20658573016633    17.875315382592166
Planck2018 -118.07613594372772   -21.943010215633524   200.51118723186136    13.269771857795249  319 0 233.72677591978123  190.52762548044785 59.080168550447965   17.909338999093187
Planck2018 -180.90236747019057   -73.88587093300015    202.92808247937006    13.268158222918368  320 0 281.7172254914524   202.2165550747229  46.081355339901954   16.911446249896553
Planck2018 -122.37433861964783   141.58751573096168    241.4949680675528     13.267994358010574  321 0 305.519758715226    130.8369135273756  52.22662777019656    17.833690293926935
Planck2018 -317.8384094493185     45.389498177404015    -4.3943331217144594  13.26508136479327   322 1 321.09308810632126  171.87272228916152 -0.7841483078261928  16.33546683496938
Planck2018 -198.1479446139696    -74.21799296011326    118.12423214709072    13.264391633725175  323 0 242.33087433116725  200.5338636078231  29.173127674410065   18.056038969267547
Planck2018 -215.5303758896196     16.846810175927754   110.77304573261486    13.254454628251713  324 0 242.91526424888255  175.53059516191712 27.13027115019061    17.506470725936296
Planck2018 -162.74940937424154  -181.5202040393379     191.86618777934376    13.25122289313327   325 0 310.24117834215     228.12087801464452 38.20245315745914    17.84778142339743
Planck2018 -109.40047989870044    99.10693809205888     70.6651606579769     13.242462523030426  326 0 163.65883755809475  137.826269095931   25.58078916944352    18.625505222620333
Planck2018 -188.95194533115838    20.423771601710747   262.3693125720835     13.242104504176892  327 1 323.97164115152975  173.83086367806018 54.08154359007793    17.123632936417135
Planck2018  -49.710344368845725  -83.19305741832171     59.10297602280499    13.234038557435346  328 0 113.51372126148304  239.14041775684134 31.37707844881429    16.461450053943054
Planck2018 -214.44587084792903  -112.84891112256547     98.92791205513579    13.221985319338062  329 0 261.7415520104976   207.75491323046708 22.207395226516816   17.51971364593025
Planck2018 -221.39998994567614  -148.79402591317427    137.78431441588106    13.221217764040036  330 0 300.2367982017698   213.9034598067243  27.317362326333644   17.687570465806065
Planck2018 -207.32748874623937  -132.97061914267366    122.65610726848227    13.212983402508973  331 0 275.15521764136224  212.6743047644341  26.472652263863196   17.574261244873686
Planck2018 -302.8828973648986      6.849822789809288   107.07122150556003    13.211320559524111  332 1 321.32416040985805  178.70445294077524 19.464254833517032   17.781739408029416
Planck2018 -200.93155870326933    56.29852031563248    188.6526240908266     13.210306997970534  333 0 281.3055762849535   164.34778965001246 42.11588986190914    17.952097496363287
Planck2018  -76.26660788774197  -208.92115518216175    214.92892158320538    13.20672137531318   334 1 309.2880306353143   249.94540437219888 44.020451866037      17.002813070199494
Planck2018  -93.57612947299327  -149.6563253014725      12.009994685863568   13.191693051259598  335 1 176.91169458868745  237.98335091153473  3.8926293654960724  16.475362200395537
Planck2018 -131.63971147414253    13.258109309375504   273.91634713868564    13.185945169885544  336 0 304.19558893786706  174.24884207267561 64.21876585798121    17.087970213881743
Planck2018 -162.74866144701153    17.67718654029452      6.494284578053448   13.183305112870233  337 2 163.834628387759    173.8010354656295   2.2717578917378294  17.993691799285166
Planck2018 -189.79429103423627   164.5921691463468      38.939067940141186   13.175920668120819  338 0 254.2217655228107   139.06772980448324  8.81065942990942    17.130355219763484
Planck2018 -179.6168065705623   -123.14342681286362    151.61442375027903    13.173124700341448  339 0 265.3552981550417   214.43413251718732 34.84538575217223    18.217692989016644
Planck2018 -176.12683859484892   187.84589211868393     27.631746617530126   13.164748616768286  340 0 258.97925762580985  133.15584969449674  6.12482149000271    17.26768650422781
Planck2018 -187.33492627338808    -4.689450344395623    14.666650980017915   13.162744297159087  341 0 187.9666890631368   181.433953709806    4.475219848030068   17.22444638863494
Planck2018 -160.5728322574144    117.39755088103048     13.690951594719312   13.130894997013247  342 1 199.3821997260559   143.82882207257663  3.9374202361837844  17.86361415211373
Planck2018  -90.0365811965782   -195.91913782396526    185.6543130069573     13.099939102696814  343 0 284.53192871335057  245.31838485636268 40.72962123117061    17.804210922848885
Planck2018 -284.04457821666955    80.56106224054692     94.5353110109708     13.09937188564309   344 0 310.0134387273429   164.1655396837052  17.754517912325305   17.501323321021392
Planck2018 -125.53783238646297    96.34228935935239    231.13197505471027    13.09071951979269   345 0 280.1135019451652   142.49605821051446 55.60236914710595    17.78188982243962
Planck2018 -145.625956641519     -80.62510097565216    131.3127684254496     13.086145959686197  346 0 212.01502141746334  208.97089260556794 38.26911894784607    16.77230443574039
Planck2018 -180.04627427986628  -111.24690138427798     48.48767842336673    13.082951500968752  347 0 217.12574446286172  211.71106879933035 12.903879594816122   18.350868218900985
Planck2018 -106.77742647174301    49.96572638646435      5.45475945494395    13.070702976449144  348 1 118.01587612676019  154.92309518999548  2.649186638754668   16.489110839412614
Planck2018 -220.66131460001156   -62.12412949818956    186.10092762833406    13.063239158990447  349 0 295.2700094676727   195.72382826701744 39.07032007850645    17.492262480506284
Planck2018 -267.85415838010334  -101.86724797079468     61.186664525480694   13.051149206212292  350 0 293.0300228413644   200.82224135777895 12.052437475429127   17.259124262596533
Planck2018 -217.80261560177541   -75.41189017368693     33.47067553810777    13.046534601018848  351 0 232.90602968476418  199.09787940665956  8.262523138074721   17.373358252689744
Planck2018  -98.9023118402863    111.02291511902067    281.2302487035956     13.04500086147822   352 1 318.1166574619517   131.6955412197564  62.13453828337954    14.81829496924091
Planck2018 -212.73073376091352    56.934385249831124   210.32054703952144    13.043751219362067  353 0 304.51703042233356  165.01674823038874 43.68310866321956    17.110863714717674
Planck2018  -47.57378124070625  -135.36005145587967    131.32499958525298    13.043025393449662  354 1 194.5041483047178   250.63541311322348 42.4680054964974     15.700473224625512
Planck2018 -208.67598053915094   -63.01367260200214    201.47955192412147    13.02728923625897   355 0 296.8339563330199   196.8026872712812  42.74696170905493    17.59668420366947
Planck2018  -69.84919591291914   -41.75432982634551    165.99550536027732    13.020169447425005  356 1 184.86979750284377  210.87006395592175 63.884033640562656   14.340158163354374
Planck2018  -49.50803240654998  -119.65724031843192     44.41469868968539    13.01527109443779   357 1 136.8998389081832   247.5227358794536  18.93117093233565    16.899086256541747
Planck2018  -96.40788090152355     8.345405001566943   225.08250466749274    12.995202726829348  358 1 245.00256976602188  175.05260869380024 66.73596170914657    15.608293877175859
Planck2018  -84.75672437700439  -100.48223748314821     69.77449587177541    12.992870354399502  359 0 148.82493961329092  229.8523829224627  27.958768099397364   16.9500245641319
Planck2018 -172.82422189333306    68.35938586784148    127.78615990972504    12.99206700575479   360 0 225.54494003133453  158.4190797621075  34.511128125755505   17.631141154582238
Planck2018 -192.26552347265732    54.0144085964205     251.25234428720256    12.978387383882243  361 1 320.95377916773464  164.3080075886396  51.52045077986235    15.941592769081195
Planck2018 -100.97474914785803   115.60126231393407     87.19472190223742    12.971868360872435  362 0 176.52895326732207  131.13638258280065 29.599881004233463   17.482007391497834
Planck2018 -184.68097732650025   155.57740026436974    172.73598798969823    12.969380741635002  363 0 296.8991620164469   139.8888241476658  35.57725806564225    16.163159832815587
Planck2018  -77.76072205304877    37.03734530082482     41.32597988766699    12.952451541163386  364 0  95.53183477155608  154.5315918568347  25.631949878508404   16.353023905635045
Planck2018 -243.8787224646139    -76.57026515042622    147.84276676617344    12.951959320885445  365 0 295.29192413822614  197.43065183593646 30.04410343822027    17.53959690031203
Planck2018 -116.2795505902085   -286.2102405563751      82.80396065268431    12.951309219963282  366 1 319.833912499238    247.8894106569919  15.004609298594092   15.674870461940452
Planck2018 -143.80560621907603   -33.39185783167509    182.81277992607048    12.94764730652682   367 0 234.9799588343326   193.07249860645544 51.077188432557236   17.795334257528634
Planck2018 -136.790769882736    -171.21419162356923    163.80594642749236    12.9409085004634    368 0 273.60263562953924  231.37705896081542 36.776861304426276   17.409516878629237
Planck2018  -42.46135710798521    13.10928110623162      6.770206550827804   12.940428297267294  369 1  44.95170514357513  162.8427440397701   8.662317583178506   15.413443978749916
Planck2018 -212.99962231306108  -228.53863688129655     -3.9101257505088727  12.93451522467591   370 1 312.43245147783955  227.01557314934328 -0.7170815660927148  16.61671330522131
Planck2018 -197.2677293619827    152.19317100183932    127.46557772800169    12.930656986814293  371 0 279.8656675134712   142.34961022536086 27.094066404189434   16.409902960007173
Planck2018 -181.64653238178727   229.06166136473811      6.106947095654493   12.92908787956745   372 1 292.40725407611006  128.41451417110815  1.1967135955259258  15.468680738179287
Planck2018 -180.04989360642904    -4.935886430974806   200.30015035233944    12.925497755309179  373 0 269.3742329802828   181.57031277055506 48.03691303252309    17.340027471451776
Planck2018 -165.57675947810745   -54.16649429257288     -4.138933052712841   12.921176420695765  374 1 174.26073324198202  198.11490133576373 -1.3609818655035946  15.974592805409454
Planck2018 -249.8807202168505     89.17062049834563    102.667750917434      12.919428514892122  375 0 284.4862755469869   160.36091924642935 21.154755821228942   16.69663975435483
Planck2018 -262.6734570506959    -99.1306926740491     105.88544144552168    12.915078953083265  376 0 300.05993731105383  200.67607317412552 20.663629637425228   17.43859932611689
Planck2018 -257.804621443331      31.091777973192457   109.83395326603369    12.893985988970925  377 0 281.9457727739835   173.12322110791007 22.92693831119199    16.943743647668207
Planck2018 -111.22545908931598   -70.72127862850476    218.72689373029607    12.889012836819484  378 0 255.3704290660607   212.44971636532134 58.92676758813934    16.43420300079733
Planck2018 -106.49595329127325   124.79689027437307    124.06659991129085    12.881410117915337  379 0 205.689506545957    130.47592408223304 37.09757156551416    16.93909842493871
Planck2018 -231.00257742125132  -151.61531457555108    155.56667242538256    12.875737278895077  380 1 317.09680534280193  213.2783332095557  29.379813902288493   17.324366778336103
Planck2018 -134.66502064871727   -99.23406355083995    195.44780550434095    12.874198997173474  381 0 257.25845337246795  216.38633890292715 49.44068902611769    17.710001952127634
Planck2018 -182.07898849244125     1.4193171544789551  266.9530599760313     12.86687637166      382 1 323.13883818288093  179.5533848448131  55.7027113399422     15.996957251767093
Planck2018 -178.7966229636906    -89.75116299288264     46.139375351225205   12.859278036039978  383 0 205.31036408227513  206.6554373994309  12.986995184243646   16.503544219001427
Planck2018  -81.23916320542224  -282.0577425517938     105.8605103649738     12.850762826376775  384 1 312.0301578797536   253.93237396882594 19.83202193016411    13.619659037492458
Planck2018 -245.47553598228774   -93.97701269453657    156.31825567885923    12.848046777778906  385 0 305.8190882519627   200.9486735139261  30.74020574904889    17.637027044733944
Planck2018 -243.89737942258233    66.576338206434       19.622052777913005   12.841252483743824  386 0 253.58108260160057  164.73200968360197  4.437972167957877   16.61836806137064
Planck2018 -321.8868094316029     25.270272149803336    22.383558289854435   12.833650512717316  387 1 323.6521719721613   175.51110428654613  3.965701742073872   15.299280557527274
Planck2018 -121.5077553502521   -210.15206843880586     26.03259717856262    12.831034409399638  388 1 244.1428323650452   239.96394246676073  6.121002644604459   17.309009740187637
Planck2018 -283.55617811560404    31.583778751680455   154.50967019266963    12.830710691331692  389 1 324.46090582813025  173.6443325943967  28.43778920247719    15.469494583451294
Planck2018 -162.48076894300834  -153.3640461092864     235.06661266203895    12.822936602129388  390 1 324.3097952633063   223.34664138383437 46.45397522072629    15.913615060559014
Planck2018 -162.04764323691265   111.22177728818274    176.11168496796287    12.817144464609902  391 0 263.90348236435767  145.53615272087183 41.86160984101062    17.383015643416186
Planck2018 -138.18008708724014     8.546872257402615   215.79892536524375    12.799563408874628  392 0 256.39025270398963  176.4605852491195  57.318107204012904   16.9566738194482
Planck2018 -171.32418871850112  -189.2753726196405     119.76601995549977    12.799203638569761  393 0 281.9947585618171   227.84991668105616 25.13231458630864    17.198441164702196
Planck2018 -158.83514243542388   -93.30217033939836    235.20668580926824    12.798750056546808  394 0 298.7575647777029   210.4306218604784  51.93230309855977    17.065482724017937
Planck2018 -235.50438934857254    24.53733415280844     12.080826162060328   12.797461823512478  395 0 237.08720870289176  174.05178267066142  2.9207827772387995  17.83791454865348
Planck2018 -268.28836833279445    79.89909810800702    129.94142357980706    12.784963950372637  396 0 308.6215935787594   163.41591495516926 24.900139160566297   17.210316830055067
Planck2018  -52.570451853293115  -48.359616077873355    27.492132627783512   12.78364569299594   397 0  76.53837097614735  222.61098660319047 21.05071228155933    16.491517681245462
Planck2018 -139.06121400606648   -64.35184775146416      6.920695980179885   12.774159904936026  398 1 153.3853890783562   204.8327713919297   2.5860438021014867  16.82440370003723
Planck2018 -225.73545518778724   189.12930264026474     94.17889398495632    12.773328996846164  399 0 309.18611372159     140.04251117794777 17.73425694831886    16.846436582543895
Planck2018 -172.78289351970935  -220.99144082197594     84.523506854259      12.76338233928777   400 0 292.9767369955473   231.97980761919146 16.76811695353516    16.98508849217321
Planck2018 -309.64728533924546   -31.66827604904629     39.32785875216834    12.759075106332006  401 0 313.73715352172303  185.83945636222919  7.201135157308981   16.491793128666206
Planck2018 -217.41736403215415  -155.36349850739123     56.594287090092976   12.754611435388979  402 0 273.15021541705266  215.54908514344112 11.957792720562976   16.66575168054234
Planck2018  -92.90881757918501   135.4927577554778      82.64363473643427    12.753900496025222  403 0 183.90298026567172  124.43884491297396 26.704370424741764   17.101832813314996
Planck2018 -130.42470390011337    -9.20761321581532     10.526961512488546   12.749190250434337  404 2 131.17240733953815  184.0382192264555   4.603100573205963   17.161158157227316
Planck2018 -251.1332956583952     45.49720433286088     15.242072040876712   12.728340361042518  405 0 255.67606174699327  169.7312431096102   3.417701677469923   17.36071924318589
Planck2018 -183.56599967476188    71.15252607468464    257.0314019134709     12.725789786116572  406 1 323.76581007420714  158.8130328768747  52.54965484449356    15.135970994648178
Planck2018 -269.8540162231331    -28.102666202601842   175.00059819105522    12.715480244944679  407 1 322.8562517385671   185.9453660461988  32.82253333196758    15.839470077301879
Planck2018 -144.03540911777935    44.31549105605516    118.05610709210843    12.713513423285123  408 0 191.4348616344702   162.89839621374554 38.07487568123223    17.134917982215548
Planck2018 -155.14160031813304   204.82580664512696    197.4186577096213     12.711729903918815  409 1 324.03187131664515  127.14144953268057 37.53579232779703    15.705188683002314
Planck2018  -80.82774762939272   -50.8571953217176      68.28070561649733    12.699342405785384  410 0 117.39605556541882  212.17829398177165 35.56505270539132    15.690390823428569
Planck2018 -114.86519607884723  -160.5542280406016     148.50733072367652    12.69051259142125   411 0 247.03461435721303  234.41895974576613 36.95302234655554    17.421291996265243
Planck2018 -162.17603708425142    19.64419765168215    121.22481881938953    12.687361922082186  412 0 203.42668999795643  173.09347466078648 36.577818748467905   16.75659809229356
Planck2018 -178.6416690135349    156.92639157299314     93.57774907992359    12.684753623966733  413 0 255.52990706163314  138.7025614145506  21.48210132719831    17.539434217804178
Planck2018 -146.81911244637297   -56.58697066818146     54.1364654530171     12.68450259952168   414 0 166.39920048091594  201.07764285210885 18.986229516105638   17.54406544747489
Planck2018 -277.1476180239966   -161.81797242658064     11.66183913461586    12.682129202553076  415 1 321.1414904191397   210.27934190433825  2.0810799067163894  16.03139320303322
Planck2018 -239.04767564579848  -132.30901541510994    132.19165915965584    12.674009484252354  416 0 303.5195241548018   208.96381734343592 25.8189816222733     17.446831136254346
Planck2018 -110.64785663332138   206.9740227474493      77.04935075843703    12.661984416510945  417 1 247.01780648792584  118.12886181473618 18.174868507938633   16.193688799279105
Planck2018 -177.57343686379772  -110.77683040129295    209.44677645474545    12.652064911426232  418 0 296.0942143991707   211.95742931163898 45.020952215987904   16.737920238168005
Planck2018  -85.72278022701055   168.73729851170486     82.8134358214688     12.648453255518632  419 1 206.58832520603164  116.93171191082578 23.63208537934766    15.651655690553408
Planck2018 -302.66575745510363   -13.331393532825823    12.003601499074746   12.638253922813956  420 0 303.19692155156736  182.52205335054404  2.2689395732936286  16.66047307003726
Planck2018 -201.63021704130887   107.00164376666937    104.67426608623394    12.637464692970617  421 0 251.11909161508657  152.04588651123288 24.6346873547181     17.25794862507467
Planck2018 -161.990601360572    -179.45638915975158    215.0741525435888     12.614817029472846  422 1 323.5775666386019   227.92825683920137 41.657452434775934   15.725108451723127
Planck2018 -264.5135187266477   -181.00764741879735     -4.426954330042591   12.60782959291706   423 1 320.54760635181873  214.38399077176535 -0.7913141697614556  15.49062748715446
Planck2018 -306.3925863588151    -87.79934897788502     61.90895892105183    12.607591856372697  424 1 324.6811695360125   195.99009646763724 10.992246796548034   15.201034099472883
Planck2018 -184.56239568701295   121.01340557643134    124.66548559379036    12.601269742351509  425 0 253.4738754374323   146.74804673803322 29.460785165675055   16.535186246304516
Planck2018 -256.7898961627025   -161.2342971398153      19.654382052513352   12.591245630902979  426 0 303.84838995671504  212.12405902555813  3.708757262680424   16.623352289151462
Planck2018 -183.7993565053451    -66.67086877236235    258.8531648341261     12.588476955858454  427 1 324.39508186667035  199.93759317085323 52.9354033825826     14.866191507673685
Planck2018  -27.61552571463708   -18.663136584780215    47.521457149709754   12.585822718633716  428 1  58.04497236892825  214.0516313442875  54.954935495076235   15.751624868209063
Planck2018 -189.73410575286536   -84.03504588008057    175.88130000036364    12.585168586698773  429 0 272.0204983300425   203.88900985803883 40.28376886296921    17.40922714266154
Planck2018 -237.608497844541    -187.09651482277314    120.0614872642082     12.570536348375912  430 1 325.3884829413313   218.2174288619453  21.65265770430943    14.801266104784652
Planck2018 -157.43761911237155   -11.626220059651844    50.49597613832485    12.570097002665463  431 0 165.7456379842616   184.22342775909675 17.737677228725687   17.057754703414084
Planck2018 -171.90833955293814     2.0757755897840036  176.05660040802474    12.567197759710332  432 0 246.07460779076396  179.3081929530103  45.68093102394221    17.19032208440122
Planck2018  -76.78925988566661    82.69760019613648     94.6605832353315     12.547172917726531  433 0 147.29599292051907  132.87839432165995 39.99012131313542    16.609888738472097
Planck2018 -182.16742802643654   235.27552560917863     43.41130877248259    12.542246142442094  434 0 300.7059801762878   127.74964255487207  8.300488290529799   16.836436012011347
Planck2018  -49.860125421581124 -173.79637103352886    122.84182559597956    12.518437579327795  435 0 218.5893977466265   253.99244011907132 34.19250795164997    16.844033146044836
Planck2018 -146.45614622163419  -112.09188513176407     52.39835172963444    12.517904645754097  436 0 191.72788201633006  217.4290496390333  15.860457951410877   16.32197843882988
Planck2018 -134.85729043625452    92.30448256843644     16.726068904563093   12.517353736145411  437 0 164.275280145965    145.6099026402444   5.843829518047518   16.767297263173596
Planck2018 -239.21105771148112    70.09808131261053    177.7569747381338     12.517139236395854  438 0 306.15880389629245  163.6673770226115  35.49302417847093    17.084049612894713
Planck2018 -189.34716077593006    46.00725809614083    221.0313537390718     12.513401168056872  439 0 294.65891201040824  166.34302391543395 48.601306135455026   17.069132332247552
Planck2018 -180.49206316058414  -145.84575846372437     80.2991234652444     12.507186447247502  440 0 245.55308866945632  218.93978054697    19.087594276112068   16.435488500790957
Planck2018  -91.16680936853808   176.5525244531767     222.92001621584086    12.5056450776311    441 1 298.62269614163563  117.31057129904983 48.287573189596706   16.6130305714373
Planck2018 -158.08329127016904    32.02045354094551    203.0369829761363     12.505135876770678  442 0 259.3060988095514   168.54941406688667 51.53618850275308    17.385938792549766
Planck2018 -148.3591696938308    253.517791626975       68.82179732867192    12.503463463968487  443 1 301.6921505296583   120.33626475275268 13.186371372657973   16.362328238633683
Planck2018 -171.98110939806065  -194.31507060958188     47.19864732074644    12.503407653873449  444 0 263.74904922047153  228.4891423057513  10.308772951068596   16.329514378606877
Planck2018 -182.62909714679603  -220.90472290978562    130.87122342903936    12.50070455923912   445 1 315.0865926222767   230.41835721061295 24.541361017894364   17.55915339146742
Planck2018 -126.76466930045291  -157.4096241027717      12.098518346367149   12.49893230246581   446 0 202.46838096158731  231.15491073761075  3.4257558077258388  16.684491991473163
Planck2018 -107.9753498540747   -182.3503454697917      11.126890771734272   12.497834933241622  447 1 212.21246986760303  239.3688963351018   3.0055554973444853  14.729612505493986
Planck2018 -283.976921705047       4.26213525594137     34.84811845705974    12.487424468685404  448 0 286.13886352261136  179.1401272104471   6.99527181771104    16.21829726934437
Planck2018  -63.81678150251272   103.64464610144432     82.96658616081986    12.485452627017692  449 0 147.30325415962076  121.62171862704619 34.27992805761842    15.72992976028348
Planck2018 -188.82234332050504   -43.68010908436602    175.07951712702433    12.482947039357464  450 0 261.17937626103026  193.02507109614578 42.093469469006614   17.125528235696635
Planck2018 -258.6832082573987    -57.13428399841951    118.96936438973214    12.481822823642553  451 0 290.40495571813096  192.45472865261885 24.183926068278765   16.640679017627427
Planck2018 -286.07090731981594  -154.4353597043182      -4.026985385794566   12.48142123080781   452 1 325.1200715936841   208.36238878751539 -0.7096921628442573  15.033804645579997
Planck2018 -137.02874327629416  -121.22967557420222     -0.3156893818033759  12.47361374688338   453 1 182.95794703563067  221.4992692547002  -0.09886248989344165 16.41806824337469
Planck2018 -244.56289907043714   134.12967469163166    106.5467000081255     12.469637108488358  454 0 298.5866382094839   151.25758656054094 20.906059574551      17.205993477896293
Planck2018  -84.79283254309026  -189.73756830027614    246.38286305040424    12.467186690886225  455 1 322.3269837914548   245.9203554735024  49.85257222031949    12.991390016966298
Planck2018 -172.0670710571784   -147.90291730488406     21.11420552765636    12.452906260153568  456 0 227.8775100016576   220.6812170679828   5.3164200746256665  17.514333860645547
Planck2018 -128.86957811298248    59.98541516414062    158.78114228301342    12.452832609898083  457 0 213.11280895368762  155.03925482358773 48.163975755938516   16.94028244590645
Planck2018  -95.5158113677371     51.334628523093215    61.24723527783659    12.452199225579209  458 0 124.53809913444071  151.74435332518584 29.458641141823918   16.216247789587086
Planck2018 -113.62665705245014  -170.26662077801282    164.2227430629472     12.450823979399017  459 0 262.4325602572926   236.2830155228291  38.73881526934864    16.379087428004112
Planck2018 -112.1271694049468   -104.46550555284286     11.71841651029503    12.445451417375269  460 0 153.6973170054879   222.97408641635636  4.372672384247767   16.62942957566327
Planck2018 -195.65491865438185   198.24718574595735     53.95493975829907    12.445157511923544  461 0 283.7145209081949   134.62294230490073 10.962900644789768   15.822560840034008
Planck2018 -269.8572710830391   -114.38044011171199     82.6030831738638     12.419903870066788  462 0 304.51453362091286  202.96991778084404 15.73934998056982    16.027852805084184
Planck2018 -202.54534850137506   -55.500372843115706    48.52979129213755    12.408035300791896  463 0 215.54593530875678  195.32374572988786 13.01159626345418    16.088179456210966
Planck2018 -103.14292342982532   157.32182480672517    162.80505522061412    12.406393564832575  464 0 248.78525924892725  123.24954543782337 40.874164807968334   16.9348603750404
Planck2018 -122.94662567641656   115.63393685606117     59.15260650804699    12.405849118893208  465 0 178.84661298091245  136.75561272507358 19.313994584895852   16.987778566651055
Planck2018 -117.24373272725052    19.638317770326303   144.91288115961459    12.397962717711975  466 0 187.43398708518114  170.49123158854198 50.63678273005004    16.703194754504068
Planck2018 -116.99054959441439   189.5767104806125     115.53743553499848    12.393665187285352  467 0 250.94823542128572  121.67933986318178 27.413145016723156   16.127241940553763
Planck2018 -204.7609109988787    -32.16644450081902    126.28256166112635    12.39120791258869   468 0 242.71175539023892  188.92778557872174 31.352276250555327   16.457011744709778
Planck2018  -83.90887558918368   -29.128602548236024   194.09275716998235    12.38008249588046   469 1 213.45063428085646  199.14422298076767 65.41014691178665    15.281507133886869
Planck2018 -222.29537685449813    64.04616982393537     30.8897953056736     12.371642161833652  470 0 233.39092933108205  163.92762541006442  7.605536284204404   16.636526207331226
Planck2018 -229.51689654793043    12.632322708326093   219.57411743974734    12.36737666678764   471 0 317.88421544242277  176.84969048453158 43.68840938279322    16.399220563094033
Planck2018 -155.83235272349756  -153.71639423918063     72.63913097027243    12.360112842833841  472 0 230.62717827990733  224.60835376093073 18.358607118473472   16.823667342732303
Planck2018  -67.8754393237773     74.6216491821569     156.31401734924407    12.352424163390985  473 1 186.03638840270054  132.28948174896303 57.164791448097326   16.12596958087435
Planck2018 -122.72345060853854   154.20107286611608    125.28178582487644    12.350378805100707  474 0 233.5263198481016   128.51510298185272 32.44421670748833    16.307765259676234
Planck2018 -203.3876873495828   -112.50312127968844    226.65196506502727    12.34994216001248   475 1 324.64537102956245  208.94900720157227 44.27896307307826    14.671596861277322
Planck2018 -317.034852901427       2.5202334652933516   71.1693353314        12.34701593720162   476 1 324.93464546345666  179.5445431374826  12.651867824310228   15.051885212666049
Planck2018  -78.62901655110144   164.6275841192526     105.16753930515881    12.332663060304068  477 1 210.58246607976906  115.52995776427944 29.961146287616558   14.923665114575165
Planck2018  -67.38491274266967   130.79565608590468     61.940537173771006   12.32696347074448   478 1 159.63978282888874  117.25717431746295 22.83022805555273    14.868092197498243
Planck2018 -266.64103225066077   -69.97449861536252     14.557139434068567   12.315911407202844  479 0 276.053945533608    194.70453007087772  3.0227776296439286  15.80762281770506
Planck2018 -105.97982939733632   231.72035083293875    196.71259881140207    12.315795415272312  480 1 321.90354418733006  114.577504166748   37.66848522755456    13.499907225112832
Planck2018 -133.31686044022356   -41.63509195112695    292.5876820707309     12.312725401565306  481 1 324.21353743935487  197.34367696732107 64.48248333193106    15.54929919766373
Planck2018 -126.63031324125933   120.29713405005303    164.8944202736992     12.308915781909803  482 0 240.20159560176788  136.46919634833245 43.35238412403471    15.615223445707807
Planck2018 -116.04332353860568   189.35022846328204     36.68800149954496    12.302339079628643  483 1 225.09014063484264  121.50205773854495  9.380633680582704   15.060004368119515
Planck2018 -237.63930426166914   157.7145986548341      68.95551607821935    12.300923063472057  484 0 293.4300542828548   146.4288763333073  13.591512952911405   15.742335137652116
Planck2018 -170.3646667228555    -74.72446500451335    133.00537283520674    12.298432856731866  485 0 228.6882037640611   203.68296771506235 35.56325354044972    15.456876526047084
Planck2018 -240.87092990364292    -4.282093244152212   150.55679540171238    12.291447306597318  486 0 284.085356604015    181.0184708836227  32.00344665093027    16.126442929299195
Planck2018  -85.66370028273383    10.238686419982168    79.29365247936745    12.285320203897468  487 0 117.17757280834705  173.18423354992268 42.586031527300285   15.778061360861772
Planck2018 -141.97742352463905   214.95477565156511    149.40151382933104    12.283602321487157  488 0 297.7985169550131   123.44472374617096 30.111644846031034   16.454063214406766
Planck2018  -94.77526324903076    55.71113703185876    163.73154559496442    12.281232730486195  489 0 197.2158724246645   149.55198246086923 56.12081443875985    16.303094339458028
Planck2018 -174.88548128640446     0.6902801892307698  130.6660951647806     12.273703575635508  490 0 218.30949699252312  179.77385237556732 36.76511884569691    15.890791208951573
Planck2018 -217.2223143969447   -134.49270643124098    103.4657993702708     12.272415377645869  491 0 275.642873288054    211.7636273781047  22.046674767412863   16.79685431861521
Planck2018 -142.57775984929197   110.08423865192597    154.75564307991405    12.261811874560205  492 0 237.47898068733224  142.3282821160584  40.66690478748998    16.229236793096323
Planck2018 -280.79558842320466     2.625776857500023    64.95892011643379    12.258798113762577  493 0 288.22338295969735  179.4642310881604  13.025047843968595   16.640191813982955
Planck2018 -163.43707832167175   -68.51214315763215    175.0879581269833     12.25147313726608   494 0 249.12122633660184  202.74322835812814 44.653879966066825   16.210455859204313
Planck2018 -138.70965065577866   188.7622646862594      12.270274790969987   12.249316155021736  495 1 234.5679419656052   126.30985283951752  2.998517074458017   14.648031131860773
Planck2018 -129.9190231609103     -8.074805244915556   122.86786292675995    12.244503004322679  496 0 178.999069268579    183.55650691570978 43.34708616194096    15.805936408764978
Planck2018 -153.59624171992647    94.4651810729278     139.59086263646725    12.240844919179182  497 0 228.03746367038067  148.40753905615566 37.74440332310695    16.264468166039514
Planck2018 -293.7247484644922     10.24487231528035      2.9103735737933136  12.230781233451724  498 0 293.9177700371732   178.00238118353974  0.5673520443495605  15.84145159880805
Planck2018 -173.51079504838722   131.68965732731357    227.08564970795473    12.218390339786344  499 1 314.6681651336732   142.80255699907073 46.192288089846954   16.1234601310215
Planck2018 -121.14996424214397  -136.49382174612458     21.814754774569597   12.20959686793647   500 0 183.80359282835087  228.40819833858959  6.816224236615795   16.75326456898371
Planck2018 -305.20066622082174    86.11571542721873     13.31695677753467    12.209243227650688  501 2 317.3967618659489   164.24300507114899  2.40465420899981    15.731191307803615
Planck2018 -274.04818425301374    29.792703216235545    43.94412695266915    12.207629954505276  502 0 279.1435092402056   173.79554847421954  9.057457174059856   16.310104975073855
Planck2018 -253.8989781819171    178.49915761831411     90.04281928092165    12.20013450197487   503 1 323.1630388771681   144.8915469274151  16.178437702191754   15.964155213458028
Planck2018 -154.72312915641677   -67.65450640878852    217.49911653181778    12.199380845782692  504 0 275.35839305438157  203.61791913380782 52.17396927635038    15.5811121814296
Planck2018 -232.27795382397562    92.48477896229106    174.56300275413804    12.194619717087193  505 0 304.92412843672764  158.28932055342278 34.92335402847841    15.88834113515093
Planck2018 -123.95169487827918  -251.30805141963887     81.34982951005892    12.191024654025012  506 0 291.78340277138716  243.74628117158642 16.18872413785133    15.270983027278389
Planck2018 -103.18262903110147    49.55715613770651    229.1887436308591     12.188520962911342  507 1 256.18361943207566  154.34568479192393 63.46053959559468    15.85840835529558
Planck2018 -131.8233403935326    -20.86442697732157     90.05191755237817    12.18832936243949   508 0 161.0033081662034   188.99392009604833 34.00858987420438    16.436393524068652
Planck2018 -117.51126543710795  -290.71070895898424     59.10504967768718    12.187880324850912  509 1 319.084660717916    247.99042526294892 10.674724544890934   14.51462630777034
Planck2018 -126.84970748414084   197.38433264843462    146.22828928889945    12.187816467159674  510 0 276.46724155356645  122.7269644552693  31.932325990857105   16.593833211270464
Planck2018 -174.04530364082007  -106.7744173331231     164.19348194385498    12.187708486399973  511 0 262.0153496058966   211.52854733241705 38.80383441545114    15.499401932629297
Planck2018 -174.77967955750208   -92.08485489902921    205.41310260742972    12.181663471865445  512 0 284.9949115524851   207.78306340896071 46.11731249043154    15.902955898913405
Planck2018 -193.6353046829451   -239.0892864190767      59.83323601588229    12.173258559685573  513 0 313.4299510770669   230.99643713652358 11.005210951913313   16.399080125379314
Planck2018 -253.2924202716787      7.794104186002396   145.67844183751643    12.172393370959485  514 0 292.3012258670046   178.23749795766417 29.89318620261246    15.679968942042699
Planck2018 -225.38143124882907   -53.45401796993902    205.84802908680717    12.171396703026804  515 0 309.88309516303764  193.34239221903735 41.626837243653966   16.292635572555728
Planck2018  -77.95799782234607   -25.27356057658472     94.160617471373      12.170557791383498  516 0 124.82958051390483  197.96241333804923 48.96540682172222    16.769194371760353
Planck2018 -256.68869253226217  -198.7755696486327      -6.82094981094873    12.170414322618365  517 1 324.7265577672762   217.7536209323196  -1.203598448322279   13.728534631666388
Planck2018 -196.09146397159495   -56.427698682724206   132.77483482558804    12.168095099510564  518 0 243.44425272352154  196.05381501016578 33.05209776870817    15.392041709836091
Planck2018  -99.40428364291209   158.33102734905614    260.1120662395789     12.16751016883358   519 1 320.3251673399878   122.12165719438369 54.29426067241219    14.01925438741142
Planck2018  -96.3751364048573    -33.67865956532888    240.0724863833245     12.165938816005392  520 1 260.87778315802154  199.2621627989122  66.9624928704053     14.417569754559265
Planck2018 -201.88472448944577   -24.25713070769472    158.86066017682703    12.162207065942026  521 0 258.03596595080876  186.85143616435766 37.99939606118023    16.154788368057606
Planck2018 -239.19175492583392    -9.515957094188083    40.94765652099011    12.160640500021776  522 0 242.85790009484887  182.27824241357723  9.706864388018788   15.723754774446634
Planck2018  -81.4617712307466    156.3189623441399     155.24632796669695    12.154406603073872  523 0 234.88946444560332  117.52516139752976 41.37110965914104    16.11071192636502
Planck2018 -265.04589879735977   129.01853257136395     78.10043984113055    12.152175569431002  524 0 304.9504696168649   154.04419652239625 14.839285222085593   16.032228927363384
Planck2018 -142.83054121943843    90.18017361090882    236.9547450646448     12.149988831276728  525 0 290.9992756454596   147.73255466120239 54.516182789842446   14.361897414294903
Planck2018 -293.23530721484383    64.22036239328975    122.98301275796705    12.1462784772399    526 1 324.4010199896659   167.64690238953827 22.278439326149652   14.94728799517984
Planck2018 -104.4473900702275    -19.479801328314334    88.0909073078754     12.14452957201556   527 0 138.01712901881982  190.56448785760946 39.66224509164064    15.935858933322816
Planck2018  -31.641739025639655   -3.5583285397820417   58.86537900325542    12.136715880769765  528 1  66.92528816344849  186.41634215842674 61.59036219641461    15.15315353692994
Planck2018 -163.9407432627149    -49.17558030571345    195.3314491121328     12.134730982291217  529 0 259.709799607525    196.69711434505405 48.773856812538284   16.04984955338215
Planck2018 -270.1942539541623    -16.104089763924506    13.5374524118086     12.131939487471287  530 0 271.01206466645147  183.41090195128965  2.863200234644753   15.798520275119214
Planck2018 -141.5183160264723    191.2665771153951     163.450677737209      12.11939711991805   531 0 288.6632317167547   126.49777270581137 34.48796414456122    15.167911809329883
Planck2018 -105.22967063730286  -111.13106931480111    143.56433645052346    12.115395769566588  532 0 209.84307672631343  226.56239724323632 43.16886927244854    15.712559382450136
Planck2018 -210.2253378668386     53.543997388235574    62.98484894532755    12.112638305894752  533 0 225.89542610288407  165.71068998499678 16.18997249220399    16.275776400548178
Planck2018  -95.58441262374262  -100.8976771365868     192.7886939598983     12.111024995758358  534 0 237.6640521975255   226.54901374884045 54.21153308020048    15.597111909754185
Planck2018 -144.21569516440465  -189.2539875405798     159.3259444877089     12.108424992094477  535 0 286.3564127423427   232.6918032084535  33.80653207103903    16.21073266052404
Planck2018 -200.26307607733798   -67.06476938892631     81.94075436623702    12.107794052996487  536 0 226.53315465789     198.51483998788208 21.205642733413363   15.675551715967279
Planck2018 -131.8468672895856     44.6329983302258     168.46908144201072    12.097174814161113  537 0 218.5349682680975   161.2979351928488  50.43497226668659    15.22733031487353
Planck2018 -112.06354017330918    86.53670352762494    145.43690132424402    12.084632141088319  538 0 202.97470374507466  142.3242836631933  45.76850104519468    15.832337700047457
Planck2018 -163.91051982175503    42.531671584429205   246.18031704306162    12.078732159896937  539 0 298.7981761915993   165.4536389646663  55.4772952167663     16.64546422099356
Planck2018 -137.30839783466098  -175.00257131553238    193.20127784035057    12.077974603029693  540 0 294.62896979440745  231.8819894967853  40.97611349110549    15.879105938912728
Planck2018 -216.00831774418785   -23.78105462189468     47.19344659949274    12.076615204420902  541 0 222.378850827912    186.2825765782644  12.252536268412028   15.306576930659846
Planck2018 -106.59434282780592     7.842065119822582     0.5529063985049403  12.075316664191512  542 1 106.883851042713    175.7923731102634   0.2963903721629656  13.944557645488567
Planck2018 -110.99990839838432   -60.06027226892142    196.04948095208363    12.074649564421616  543 0 233.16006294185132  208.41711021223347 57.22855296869561    15.982616803465046
Planck2018 -154.91299750501412   180.39613540568533    186.87511205093932    12.066072146228281  544 0 302.42868575805767  130.65393616145025 38.16400974229064    15.414193019042571
Planck2018  -29.39373037226661   -49.33686107617039     12.019521664285257   12.063598746333858  545 1  58.673555773321496 239.21451826139776 11.82096153214721    13.467599249775956
Planck2018 -183.2304364381525    197.3817609256221       4.370356171584846   12.060123802646563  546 1 269.3548818872266   132.87069919113972  0.9296803903171853  14.472996113591732
Planck2018 -195.61723341089956   133.01619715458745     18.70099651435317    12.059730397754155  547 0 237.2954655770571   145.78500319156652  4.520105020782803   16.062855348531517
Planck2018 -109.64522570589024    73.28084938505104    161.00743074622332    12.05073037811881   548 0 208.12388417043837  146.24340676711384 50.679489437958495   16.475381096125535
Planck2018  -86.15684659310355  -165.5152980355617      58.21424944915355    12.043338576804757  549 0 195.4666594015375   242.50135198855003 17.326827506942735   15.714753352820843
Planck2018 -136.715970285469      13.107541679799633    18.786699940585876   12.043302783573752  550 0 138.62180302767143  174.52354855586472  7.788970873332703   15.711419509765605
Planck2018 -163.60814533177827    -4.059612180972043   104.69710348003592    12.039191370078589  551 0 194.28224094619026  181.42138966050746 32.6082296245178     16.056345137240108
Planck2018 -255.92030154465849    45.03533837990675     48.65822474502296    12.037961256608558  552 0 264.36907020496704  170.0196114735307  10.605992338324137   16.49171598145733
Planck2018 -302.3725821949452   -108.76674385000048     48.78756420626681    12.037042139638931  553 1 325.0224753030952   199.78421628258266  8.63302319705672    14.092079224673347
Planck2018  -66.75127420771754    59.88932193045023     97.59327877654707    12.035831202746259  554 0 132.54022616549224  138.1015079319003  47.419677017625155   15.779388570792415
Planck2018  -76.1270920739578    -96.09592755465242     88.40422865999027    12.035264724092283  555 0 151.14585368177885  231.61377205937544 35.7954672343776     16.005186375205962
Planck2018 -107.96312871394504   170.4882609467166      61.57435101248346    12.034379659588762  556 0 210.9826651290293   122.3443804268705  16.968478495520777   15.671565191476805
Planck2018 -140.64205614888303   -76.03362191468135    203.72385451410943    12.026322766724867  557 0 258.9685473514811   208.39645224459335 51.875780240138916   16.06059789194027
Planck2018  -87.96613810004173   -94.71932213340554    119.32243331859723    12.0175943015294    558 0 175.91939782388567  227.11704227198933 42.70930400893913    16.12217641103901
Planck2018 -233.82112561890133  -151.21719510743242    104.30834559083719    12.014051387509065  559 0 297.3536444063648   212.8916254480759  20.535572829666158   16.42927895303185
Planck2018 -122.03345574748543     8.63668221032805     83.33476735307023    12.013004364677764  560 0 148.02513317361354  175.95175181846378 34.26193846738605    15.880105072989604
Planck2018  -82.14501052692262    59.297490196802855    51.87965605718652    12.005164896101805  561 0 113.82220262637746  144.17585449931522 27.116134480358813   16.13705190972663
Planck2018 -162.63638900560366   -51.94567132331415    235.1719170368356     12.001170552288134  562 0 290.6110430812843   197.71335689158428 54.021017640679666   15.92829132218433
Planck2018 -223.58109977779435   152.69234070921004    127.59412872946136    11.990047899079745  563 0 299.3053971704083   145.66929188386322 25.23302729982463    16.094673544641033
Planck2018 -148.43793055079297    72.70404234262284    134.61668884138624    11.989674656786677  564 0 213.1697678231567   153.9046537233653  39.16086994856435    15.244613281432224
Planck2018 -249.23280245948345   -91.49350930189732      7.438281099072082   11.986454636290134  565 0 265.6000378235912   200.15821600100816  1.6048109290076495  17.023743875305207
Planck2018 -225.3506994290451    -25.7685588238099     142.06534742842038    11.986166157129583  566 0 267.63691691725523  186.52336383842157 32.06045109783468    15.925886477533155
Planck2018  -52.600324390160615  -64.30710963195564     97.40548086764562    11.984081611234664  567 0 128.02353759455238  230.71837721939494 49.5383427183197     16.51085379194497
Planck2018  -23.779250640628828  -19.099008270152037     6.095296134830864   11.977054017674975  568 1  31.102693016915218 218.77071893272648 11.301584315967029   13.992181461008357
Planck2018 -167.0286443438049     79.96817782341775     97.66684122031005    11.971405254768904  569 0 209.3616234405921   154.41633403250927 27.80723256054419    14.98060696011873
Planck2018 -122.5479062510777   -185.2792118230108      46.111891687839666   11.96654994847142   570 0 226.87591810350895  236.51843862656006 11.726910132224038   15.799286173953746
Planck2018 -264.5883569135592   -139.1346759725648      52.64336454153985    11.950349031445167  571 0 303.5404099991648   207.73778864455738  9.98737406423977    15.322924117373601
Planck2018 -195.4587067253845    104.38893851929713      2.904749033649067   11.945888925137579  572 1 221.6068457581894   151.89459227688232  0.7510355815850132  15.203401375720306
Planck2018 -163.73843168667423  -130.33333102799398    213.48152003616312    11.943732519180726  573 0 298.9505152780558   218.51926245497748 45.56975140010011    16.557928705743926
Planck2018 -169.545605606446    -108.7822495143172      15.039451173848683   11.931448293711576  574 0 202.00365165378145  212.6846590294486   4.269700717426094   15.42555315006003
Planck2018 -292.61455615587175   -35.161895101695826   134.4047873960006     11.924298367441732  575 1 323.92018186029196  186.8520671529652  24.515022316309768   14.601623325725493
Planck2018  -90.79997301859775  -198.8086862504809     139.3929489162748     11.923292263983644  576 0 259.2294794894968   245.45285521326878 32.528583025552294   15.85321530545404
Planck2018 -139.27549421100156     5.826808237351823   234.05180865145746    11.922618773335627  577 0 272.418545835213    177.60433846369628 59.22268210768983    15.579959395879662
Planck2018 -152.788142275326    -118.34983446040395    120.6677179796508     11.921216049232017  578 0 227.84116813948884  217.7613958653717  31.979332286017577   16.139268339794764
Planck2018 -140.20918898117063  -270.9469821836487     107.15704132479483    11.919069606888293  579 1 323.3473601789071   242.6394149974902  19.353720403502198   14.792660427089228
Planck2018 -135.99526408559828    -2.6585145883730976  106.00321868190048    11.918699925325233  580 0 172.44843265292678  181.11990860907605 37.929774161483714   16.043791922304273
Planck2018 -211.9004377037425   -241.7123603240071      37.20692787620833    11.91500345769552   581 1 323.5908158684756   228.76013301961052  6.602552737075616   15.130536244115472
Planck2018 -157.04501260885516  -194.21485282964161     63.82878367261156    11.914356979785232  582 0 257.7918902333428   231.04048196203982 14.335425847276989   15.993256365159802
Planck2018  -52.95265602064481  -113.84929488608398    145.57604579946712    11.905658471176588  583 1 192.244716016612    245.05630342974112 49.221782653216486   15.2048795406649
Planck2018  -59.69986169296234  -153.66297071434195    118.3584729456683     11.901035973871686  584 0 202.94114953095647  248.76826928645426 35.6770400689793     15.697463835336402
Planck2018 -267.2816275614654     72.54980493052308     38.929849096085626   11.90069060595538   585 0 279.67566175483853  164.81377648646804  8.001348846733999   15.826993504018592
Planck2018  -26.36699584348785    20.521863545028463    51.48187209107827    11.882781337168902  586 1  61.37384220637826  142.10579508043853 57.016179255296066   15.707369278740847
Planck2018 -149.33990849099288  -164.18350657558625    213.98888248072066    11.879507258376018  587 0 308.30159572227547  227.71061390941088 43.954701831345076   16.001214919139773
Planck2018  -98.69901293085013  -226.52889299327109     42.78714897148147    11.878156126779352  588 1 250.7739512616666   246.45716349214624  9.823891699107845   14.660243276783694
Planck2018 -159.62430453960616   -32.03656957119927    123.6903692419766     11.877332400617268  589 0 204.46409912955315  191.34848196257366 37.225178003906166   14.997302740973424
Planck2018 -161.89022100923333  -233.29034293314862     97.27163279399308    11.869460185002588  590 0 300.15762244309894  235.24155287247046 18.909150369051407   16.357395088863086
Planck2018 -125.32037939807572   163.71233937175404      4.61742803343119    11.868579041537906  591 1 206.22378184073224  127.43374351702354  1.282981265981488   13.693571870771018
Planck2018 -100.79188248302458  -135.44257199166762     24.919572612722472   11.8641562925795    592 0 170.65954113787677  233.3445966368078   8.3963042516057     16.47988505968343
Planck2018 -113.69196573445738  -101.2121749117456      65.81775840641978    11.855209109060645  593 0 165.8365000371651   221.67648473387675 23.383490442298562   15.183726557274294
Planck2018 -151.71200443787578    77.86499336344255     10.586530122272992   11.844848978809212  594 0 170.85538944404647  152.83119443971623  3.5524328364770845  14.993366319581963
Planck2018 -107.27988874116654    32.37529055598416    134.24886269282757    11.833441808426274  595 0 174.87106993788063  163.20705705538592 50.14797275839095    16.15018763163874
Planck2018 -152.76405386688677   -40.865373920264        7.3991549004194     11.829452994523399  596 0 158.3085039810827   194.97633085770687  2.6789138925087843  15.411298834852822
Planck2018  -79.00118107029208     5.665455288101833    97.2319545119365     11.824161074501976  597 0 125.40867981257854  175.89813826310947 50.83412397178251    15.575420545664636
Planck2018  -67.22768606496251   125.90179343896943    168.4693316822516     11.823285597194046  598 1 220.80022437095164  118.10084600683679 49.7288922657495     13.904485111749395
Planck2018 -127.68159810414798   -65.9995957657494     179.31202293537018    11.821399710311582  599 0 229.80717722657448  207.33478869582646 51.285453187013054   15.244422340559392
Planck2018 -229.61713386462765   100.42892211153868     75.72372966361456    11.817633095203666  600 0 261.80924314252167  156.37660705576198 16.812009700293366   15.862791979718644
Planck2018 -119.3445903335404    -52.210067202903254    10.550366655527787   11.816984096721399  601 0 130.6917464715287   203.62809185093926  4.630361104948864   16.551350593886035
Planck2018 -209.80588110303572    19.77321380552863     77.05291426006089    11.814663431706483  602 0 224.38056806592812  174.61604609406817 20.084326903702276   15.512072363596003
Planck2018  -80.57984895234462  -285.855352995312      131.0766585282652     11.804937579062859  603 1 324.63438712525897  254.25737101539283 23.813885214333297   12.71404523154258
Planck2018 -100.50355852281533    19.301381853553114   209.303104786155      11.795566127763664  604 0 232.98347213982757  169.12889129526178 63.94336767458801    15.639731894846975
Planck2018 -120.30379661575853  -243.67039042402376     35.117197505968136   11.79387436632478   605 1 274.0100002011517   243.72374242535994  7.363294664271323   15.783187926118883
Planck2018 -209.04824559980256  -138.9652119606702      77.77648562766991    11.784473724739941  606 0 262.79589197744417  213.61404742940016 17.214978213968372   15.332379787099194
Planck2018 -223.9823449053324     97.11105331192353    126.90706638582249    11.776884825184064  607 0 275.14369155642675  156.56010119066934 27.46710215667114    16.065171187780155
Planck2018 -117.29858377373894  -121.78820605707182     40.20019701320053    11.775744524752268  608 0 173.8027063363076   226.07578582383388 13.373495239026566   15.426411065739972
Planck2018 -180.28517995814943   236.4933895086502      98.32324832541752    11.76723342429705   609 0 313.2081265789478   127.31923421099631 18.29581115426691    15.660304218241965
Planck2018  -95.41144139559145  -184.90164757709593    129.62484430551558    11.759752676727501  610 0 245.14192356089998  242.7057297287073  31.922702803872628   14.952172000646616
Planck2018 -262.8709306555928     50.83177558010108    106.97916132770031    11.757654019959485  611 0 288.3219321361824   169.05570042950814 21.77981208558584    15.366142132863562
Planck2018 -228.70862585108893   132.97768677414658    160.25832359520737    11.756482530511077  612 0 309.31122029445135  149.82506537480026 31.205794680667037   14.799129639274339
Planck2018  -36.11214057780433  -182.99622119497488    112.94187811722774    11.748426628752323  613 1 218.0540563745559   258.836787750673   31.195081217639526   14.927293460630011
Planck2018 -310.0161976446135     42.812624166587476    37.20072377628855    11.738267217407335  614 2 315.16163700478086  172.13729776905444  6.778823879039948   15.664670823817842
Planck2018  -78.60324506317849  -143.08871946597242     69.72447650893432    11.734958468447518  615 0 177.52282782030815  241.21858921797286 23.126558347876728   14.858434988855542
Planck2018 -125.47882444966389   177.59306404405925     65.21243423018477    11.731429056218653  616 0 227.01738558985537  125.24321239800665 16.693834306848174   15.779245622408485
Planck2018 -134.3063154062703    -41.018560381672785   138.35234419503243    11.728982255470402  617 0 197.1346742662341   196.98322217102327 44.57291498595969    15.623609900631887
Planck2018 -107.26761686788431  -130.26591329580734     75.9004974849567     11.727930089526598  618 0 185.0309036722513   230.53021200570817 24.217677797440555   15.5236106157453
Planck2018 -163.23055666663285  -152.20114583357       178.7104573676735     11.72541341229878   619 0 285.9140272797288   222.99740694021324 38.68583036003886    15.837740873710311
Planck2018 -223.96558995306438  -159.88109737679596     14.586123087858885   11.722616693756494  620 0 275.56361473925915  215.52169640402127  3.034196078268473   14.813175297803028
Planck2018 -228.400075422275     131.75114577577338    122.8652541868478     11.71939264276132   621 0 290.8965959796173   150.02177275854012 24.984145139366575   14.673245109162664
Planck2018  -62.51206486296127    38.786328234733695    56.58566818835879    11.719337605248073  622 0  92.81204316082378  148.1819920096362  37.56638538834686    15.283267339700085
Planck2018  -47.46466119747246  -119.04840358829496    100.66036924169691    11.714009769162605  623 0 162.96602834758897  248.2628040392549  38.14669522620896    16.098328553103443
Planck2018 -199.89342017914544    54.46593772154984     48.13935629846883    11.711072590621594  624 0 212.70005977346378  164.7583415026041  13.08080938533282    15.938042951510608
Planck2018 -184.04653348847603    36.903878697230496   197.31323808343595    11.706117393901518  625 0 272.3371746108035   168.66176134534913 46.42878205416258    15.607627156152267
Planck2018  -82.73784399902276  -167.50611863680757    110.75889140559518    11.705449886418657  626 0 217.18973879023682  243.71342678222015 30.66141448863584    15.06283337030601
Planck2018  -62.47102551452925   -70.42460940647521    160.86623512133923    11.70408762272159   627 1 186.38723196883836  228.42497229762728 59.66366258792238    13.891657664084535
Planck2018 -195.3328062628878   -101.94238614251506     42.09574892090812    11.703102873171188  628 0 224.31943155281186  207.55963986347172 10.816246607907663   14.82041140691515
Planck2018  -80.47737458659269   -19.853530299420196    29.086905799826333   11.699976905503478  629 0  87.84542432425677  193.85799207708595 19.33644338931449    15.541783412621147
Planck2018 -159.59040947190505   -54.10703174953362     93.5627989403944     11.698709541425895  630 0 192.74508301307205  198.7285532207798  29.040156785535938   15.712627372942656
Planck2018  -41.25822736328432  -102.5366290012449     103.09678029103559    11.69812225839042   631 1 151.14545219250715  248.08135384439623 43.0082054716545     15.269046661526962
Planck2018 -130.56250994432233   228.21442011760632    110.06922998838344    11.695772866158743  632 0 285.03267521954785  119.774070142834   22.715993937836103   15.49535207892865
Planck2018 -253.80693705941138   147.44314315864546     45.61055441929937    11.690315158999004  633 0 297.0484210333674   149.84656625646625  8.83247047071973    14.753601904258502
Planck2018 -198.45661345510726    -6.300781605289893   182.96928671363418    11.677262520273459  634 0 270.004605800352    181.8184678387846  42.66046962979357    15.100186904606382
Planck2018 -165.5431712141269     31.31831907882777    103.26402561404008    11.670944419803051  635 0 197.60778737582717  169.28709726729338 31.504842662442748   14.890402488095154
Planck2018 -165.86385871825502    93.12007526443854    115.30246085883735    11.668868031247722  636 0 222.4338677590885   150.6890675992091  31.222802039518317   15.754635207203863
Planck2018 -135.51251719395324   135.90031931979027    104.31299573058898    11.656582728663215  637 0 218.4347504078788   134.91813427006102 28.525355495626332   15.619243556966541
Planck2018  -34.839283445066776 -167.95591133147317    100.29774672124867    11.656403557403237  638 1 198.70229444953858  258.28126249474815 30.31568132098715    12.848665076552658
Planck2018 -245.52705930135195  -102.02289410242267     94.5560355514145     11.650972799315396  639 0 282.19328771146223  202.5641584099055  19.577124507375117   15.466675962286189
Planck2018 -124.45081526126702   173.80881136798754    155.34940188093043    11.650566678477471  640 0 264.2554540460982   125.60347122411407 36.00641711869589    15.107942037419395
Planck2018  -72.50521234845962   -89.56015123762825    149.47320437608576    11.64255445816348   641 0 188.73331802799729  231.00740693112104 52.37102751645898    15.83555017223507
Planck2018 -228.4752079706988    -93.87117992753656    143.20157760144525    11.64233963885737   642 0 285.516043167078    202.33576887166012 30.10283365310766    15.124957289710126
Planck2018  -44.33480693515876    75.32769981764255    106.49565055932548    11.638913838559986  643 1 137.7721345332525   120.47932844972817 50.62260757182414    13.959187893975685
Planck2018 -197.95128451034753    47.06755780809398    157.142325798461      11.638888009360722  644 0 257.0870992381074   166.62495205522347 37.67933182332088    14.701692815670368
Planck2018 -225.8987218684412    130.77246309748915     74.37859143124348    11.63873994280558   645 0 271.410840810892    149.93350823206097 15.905068248346916   14.313197290103599
Planck2018 -212.19623381415917  -166.71321515881516    138.562798381033      11.63764062668938   646 0 303.3482929714382   218.15515685099453 27.17938637080954    15.704501175216905
Planck2018 -265.1728513306764    -71.1376886789349     171.57890875468772    11.634326925716428  647 1 323.75381659969895  195.0171014633157  32.00323975144893    12.874649177007628
Planck2018 -279.78391428146915   106.7246789467195      -2.3004846283227285  11.631528396694076  648 1 299.45698859179424  159.12045043016755 -0.4401612303521362  13.128596456745319
Planck2018 -142.92092149312973  -239.09475652126818     75.25225156724126    11.62764537810135   649 0 288.54045429081384  239.13076984077767 15.117721944038712   14.385792917129919
Planck2018  -81.97259961474899    91.37252832082709    199.95367816321374    11.621353654321465  650 2 234.6271924358691   131.89608079394912 58.45381244356139    15.388597077710225
Planck2018  -99.44713898065099  -258.60062861194353    162.0899624443767     11.61781465583153   651 1 320.994041214395    248.96531492517383 30.3288649036723     15.210696624371966
Planck2018 -309.594419483599     -63.47885841869222     64.02763461420646    11.613993314642682  652 1 322.45590091641577  191.58725788046877 11.452907767017      15.056606310820891
Planck2018  -63.94844873918506  -159.44405904674167     99.46852302823036    11.60983235376208   653 0 198.50893968500918  248.14569150941992 30.071365764759356   15.015903135799725
Planck2018 -248.28583378272117   -60.01622540105619     73.9458965919977     11.596468387802005  654 0 265.9244219536179   193.5890034024296  16.1451156196771     15.620711909319608
Planck2018  -99.74810746957827   -52.325408964311954     0.2887317837549854  11.59641982235818   655 1 112.63976532773843  207.68040072377926  0.1468675888018339  13.542099094458719
Planck2018 -288.80579441216       79.90681574301023     58.49877106577437    11.593202936291108  656 0 305.3129415934282   164.53429270166728 11.046328265975795   15.488536713478428
Planck2018 -160.9954061860758    138.82328294391408    189.82410476630008    11.592918868971045  657 0 284.9993253512591   139.22942556458153 41.763010997273724   15.235799267985197
Planck2018 -108.23907883308779   -20.252817855009845   127.5656868261982     11.590847765503982  658 0 168.5196702855286   190.59817153567138 49.198506486954415   15.140056702781532
Planck2018 -193.46366561658755   -62.46376289785605    234.2080601101955     11.590257998884205  659 0 310.134369281683    197.89375158250343 49.04132209236387    15.894273568880543
Planck2018 -286.93111392027697   -45.19479285129732     59.17992744912893    11.589803576922764  660 0 296.43599182502584  188.95117095753153 11.51579873809327    15.73063765876349
Planck2018 -201.90296793462304   123.70044691425677    139.9547180254294     11.57345166846614   661 0 275.0525988337026   148.5053335087906  30.585856427218275   15.725659976172372
Planck2018 -167.89114893029395   -42.03910785238694     79.33114347369613    11.572746468762897  662 0 190.3894818602197   194.05754319726324 24.625044236871492   15.307450887216916
Planck2018  -94.25739387626773   -66.26232963331978     73.42117817742017    11.572159330679288  663 0 136.6229191378265   215.10696679497443 32.5068310215265     15.292716605500434
Planck2018  -44.336090125038325   35.94122024907085    115.03163205051537    11.559839672941646  664 1 128.41236923588357  140.96991504112611 63.611203902313925   13.435705517404124
Planck2018 -194.25712953151537    28.32362797868316    125.05787718236368    11.54989611906304   665 0 232.76067735134717  171.70445408175513 32.498732259696304   14.514349277843447
Planck2018 -244.25477095948784   197.08971842467776     31.78557618495866    11.546495277116488  666 0 315.4600974744674   141.09986304864285  5.782902873761457   14.907086103177999
Planck2018  -88.59669053037923   -66.70887127035869    222.04544126267805    11.53935198203555   667 1 248.2007757132086   216.97791615806636 63.45969434283926    11.539351982035548
Planck2018 -149.55880213918374  -110.65529393198722     18.969953276037277   11.532245156898693  668 0 187.00879257344303  216.49693069738302  5.822030774767755   15.430259898115784
Planck2018 -103.21557276157843  -247.71659608400017    148.5164803555827     11.530930379839724  669 0 306.71503284507355  247.3800711204563  28.9611525074694     15.52652368869373
Planck2018 -235.8850846307461     77.95620657586196     84.74400661295786    11.5274315939577    670 0 262.48902825026755  161.71211455456196 18.835235783106132   15.181029772636341
Planck2018 -134.27770074536545   -65.75815969973479    132.03988201749914    11.525381061052656  671 0 199.4722209425484   206.09180714164157 41.448471792414004   15.370530415769014
Planck2018 -287.3196733955176    137.02649595831343     66.03980649520086    11.520885779819174  672 1 325.1001558852966   154.50291749337143 11.720450998357203   13.294625887315933
Planck2018 -106.11609930013572   151.82711215948208    101.0570773708133     11.520461838284938  673 0 211.0086050475069   124.95074667430303 28.615147905220713   14.789693005874586
Planck2018 -166.40692335444933   188.3488965768643      84.24203389761634    11.51591524078375   674 0 265.0722378092867   131.4607120540966  18.530403696981143   15.31913904345631
Planck2018 -225.69807404162495   -39.89809462172846    226.68395470631205    11.512788126913193  675 1 322.3617438559305   190.02497185080387 44.684101735800894   14.420974044462676
Planck2018 -249.16317722069698   -60.59101191841154    168.0652022290684     11.509671339953156  676 0 306.59333294823483  193.66777965071736 33.24154314141215    15.031205821554613
Planck2018 -170.9576676586701    256.87410347211045     20.449792337639952   11.508781741925658  677 1 309.2394269373577   123.64499445951807  3.791697813964217   13.268663485019875
Planck2018  -96.31036336519844   -21.181861672272486   141.20909608788858    11.507833412618945  678 0 172.23346415083915  192.40377647220095 55.07180900221798    15.19546607674361
Planck2018 -192.64325109331622  -216.27830858875032     70.44627240460694    11.503705682110573  679 0 298.07785267194424  228.30793048465284 13.6703380457126     14.656642111811216
Planck2018 -131.35619770069545   148.84429131566975    198.67551708077727    11.501357285383111  680 0 280.8576771586676   131.42864310950915 45.02283933301819    14.531183152133082
Planck2018 -268.2641761312919   -144.64690502071144    101.59153384252032    11.499683811860287  681 1 321.26194153050164  208.333357743705   18.434871325776626   14.826090351925886
Planck2018  -79.60059131394009     6.839060313762083    16.657384728761897   11.49445597343261   682 0  81.61185789764977  175.08936612850533 11.777109093321934   15.6727681321488
Planck2018 -113.00983963496888    42.343158376673124    78.93074850949648    11.4941792754431    683 0 144.2020456716991   159.45974985741552 33.18623618056541    15.473857230657092
Planck2018  -95.01960465219604  -201.4716335938987      38.61851701731798    11.475296673431325  684 0 226.07727499213777  244.75013645802682  9.835498203692595   14.902578762306375
Planck2018  -90.30323578676357  -270.2368010486209     132.27179222425693    11.47440781632099   685 0 314.13123062307693  251.52226083203504 24.902271100065278   15.330143115621404
Planck2018 -254.8547039079801    115.65893741676012    113.6767563663379     11.47275240602228   686 0 302.0766704768344   155.59035813235258 22.105769683891758   14.794878288840827
Planck2018 -119.78384022852666    72.68106465934311     87.1750894636816     11.472204835962843  687 0 165.015762165042    148.75194167418445 31.889544933667096   16.017990362442074
Planck2018 -280.71012314768984    10.86723241738846     99.39614231159206    11.46393065723128   688 0 297.9863471443465   177.78299490440156 19.484958604626595   15.033949743315167
Planck2018  -78.42501111166425   -38.59994886892712     15.837996727861343   11.461461677764087  689 0  88.83287995387855  206.20591627380801 10.270161529765618   14.82285476724452
Planck2018 -169.46047498005393  -179.1378987787933     156.43389676914776    11.455546726096669  690 0 292.0253472178863   226.59017714494917 32.390447748472376   14.468274718292593
Planck2018 -205.5970569673044    -65.65401363773347    221.32872263010216    11.438676464114831  691 0 309.139131786051    197.71002089237206 45.72125828854038    15.466594746866148
Planck2018 -217.96836821122213     1.6145312233081737   40.93893726311727    11.430470433667685  692 0 221.7855108792443   179.5756075343227  10.63711111456981    15.072198012873152
Planck2018 -179.4611801562699     43.523887113015675   171.4051799820578     11.428674859552444  693 0 251.95312988170897  166.3675333080171  42.86754532157007    14.661733931304095
Planck2018 -123.57883678176951   -11.188762196194524   164.93553953280997    11.425653168421691  694 0 206.3992478203284   185.1734239913746  53.04512201559278    15.057900597981769
Planck2018 -119.60685688128363  -124.70897569694723    154.56736135320085    11.421900606809793  695 0 231.83873280384495  226.19635058672674 41.8130358522822     15.056558661999345
Planck2018 -124.75386826130242    84.93720636607674     59.44895195402284    11.421843595163798  696 0 162.20984729622188  145.75146831596885 21.49956111595777    15.249047716358511
Planck2018  -88.3358281450464    -73.27938692277664    196.38070041481194    11.418731169745861  697 0 227.46091219649432  219.67755751364    59.695986594982465   14.77644159354136
Planck2018 -190.99422119201822  -190.10304770936705    167.75349391804193    11.4113969325713    698 1 317.4258905616333   224.8660174436675  31.9028670941564     14.737230743891482
Planck2018 -243.04430384728107  -141.60551198822554     25.89573228404991    11.40564673694271   699 0 282.4769789002002   210.2264682590489   5.259905724290036   15.522164151799863
Planck2018 -283.9725653097071     -6.874494309135221   146.2327993165021     11.405038730559287  700 1 319.4866321405679   181.38676281457742 27.239551987043434   15.549823089355161
Planck2018 -177.45798008218117   -80.8428161432642       1.374570147483676   11.404198209820903  701 0 195.00970504031787  204.49212761607427  0.40386564485107246 15.346238217241995
Planck2018 -282.86568886327586    36.24357757969752    123.53528384001598    11.388503128614543  702 0 310.78539413123076  172.6984760529914  23.421600342162478   14.65219798302568
Planck2018 -162.56622317534348  -182.2097439686082      -0.7074314901559887  11.3842795455018    703 1 244.18981996372125  228.26088673042827 -0.16598929220327985 14.608864375515404
Planck2018 -107.7768256520529    120.89018201420258     35.52968758883434    11.37246867963307   704 0 165.80904364726374  131.71785638574312 12.373334400412418   15.0740970424841
Planck2018 -114.93829199630017   126.16684740323791    261.4626736086774     11.37085976836573   705 0 312.2364713503156   132.33359344375899 56.86518355637161    15.241989515718654
Planck2018 -121.57791149392115   157.52251517504726     76.77933499574549    11.360308100293153  706 0 213.28290515811534  127.66142359871185 21.09947303992407    14.87721443937392
Planck2018 -111.18755934515144   -53.796709996978656   247.51160837923638    11.35715247959875   707 0 276.6202372244429   205.81943786798502 63.478957363446355   14.944651684578465
Planck2018  -68.99921662473764  -236.0177036445673     131.2310397126225     11.355123387710671  708 1 278.7235801157451   253.70384435888053 28.088097765412893   13.35970541935562
Planck2018 -169.45221535095362    18.837173511894353   207.89748384200382    11.351027467830088  709 0 268.8684737582661   173.65675231057327 50.64493820746989    15.115992599162446
Planck2018 -245.04154845656595    96.24103760738507    190.60808002737622    11.350222553615811  710 1 325.0217499821517   158.55738554353584 35.90529067725813    13.591635956721003
Planck2018 -202.12838703220268  -143.94186592063457    108.45141348349048    11.342172667913385  711 0 270.8077818223119   215.45584193533958 23.607799502827273   14.446843506814998
Planck2018 -179.13816759771998  -199.9252181428871     142.02364590692721    11.322484000136873  712 0 303.6960518947292   228.13883796484416 27.88190072849627    15.038967988655026
Planck2018 -180.68717468602614  -173.0837022947406      91.0998146977345     11.320476889641725  713 0 266.27992664493974  223.76875162830072 20.006117565352003   14.739915297794829
Planck2018 -218.2114447202196   -150.70730085081038      1.449507391661153   11.311672936390828  714 0 265.1999739975489   214.6308210033824   0.3131639425849073  15.511023637232766
Planck2018 -311.53257176044485   -51.46986715170892     42.94695552929184    11.309881335077534  715 1 318.66303752008366  189.38137917222517  7.745454225702862   15.028692460830303
Planck2018  -45.5798882191895    -13.607237739166246    11.574657405811346   11.302654332082659  716 2  48.955651594334874 196.62225845973444 13.676018943257214   14.859230468793033
Planck2018 -248.39371929733372  -115.23278682979928    164.0915629303015     11.302248081291854  717 1 319.224178238168    204.88714353330872 30.932799584416422   14.929443263180357
Planck2018 -263.86981781996883    84.4325463686173      26.2874298844902     11.301823835273803  718 0 278.29330680518393  162.25646987235933  5.420208090328337   14.38159423074592
Planck2018 -171.5530580982536     53.31441385742212    140.19203342817121    11.30007260424724   719 0 227.87427389801758  162.73605785789508 37.96765969120507    15.501947377578338
Planck2018 -278.81508625505774    48.24582596107714    160.34384813897054    11.298810683130826  720 1 325.2317046077997   170.18282053380634 29.538889367813578   13.815695244631556
Planck2018  -37.70896533452645    -1.0478716257028873   77.86657058141738    11.298631850954738  721 1  86.52321605011758  181.59174812697069 64.15149922721321    13.522602311103059
Planck2018 -267.6325829554049    150.5786069643532      70.54634829386089    11.293858218140821  722 0 315.0839627659675   150.63650943997996 12.938025213379262   14.696768250791576
Planck2018 -287.88048993228637   -66.73929885505555    118.83714233750175    11.286271597195869  723 2 318.5146415696793   193.05230130491003 21.9067998367966     15.648081633961523
Planck2018  -81.87995601789781   -19.751132012533308   120.49644161888396    11.283827139553043  724 0 147.0164169611085   193.56184122076158 55.04598732665043    15.30587636666481
Planck2018 -205.43550930587725   222.87924476462078    118.45594136373887    11.283111675740894  725 1 325.43926664584046  132.66783566931377 21.345306987226092   13.493661676052948
Planck2018 -200.8552044675154    202.9179009215688       5.078474730916244   11.282333908113175  726 1 285.55958849545846  134.70730399925304  1.0190185189762577  13.364611536548418
Planck2018 -228.4164138687096    -13.682686335099106    76.09928584692119    11.281218824632118  727 0 241.14803614460092  183.42805705764093 18.39527769313239    14.33191472509489
Planck2018 -293.73350523503586   -67.52809744015914     -8.191496053432116   11.280083660012766  728 2 301.50707562036064  192.947093800022   -1.5568321524574782  14.811625351650347
Planck2018 -103.5421650480057    106.07319091700506    120.65399727907555    11.27946890363798   729 0 191.12793839091924  134.30820882649064 39.14413961295926    15.676137091693898
Planck2018 -204.2827396167856    139.73885457317243     55.69785278488178    11.278167030776684  730 0 253.69398098419288  145.62606440618373 12.682450755475399   15.087057316018887
Planck2018 -117.47174476281054  -129.69724647524248    218.68787233897928    11.275346345093562  731 0 280.0810098329203   227.83166286695604 51.33408407415398    14.856894120175602
Planck2018 -160.92642707741038  -111.48310673856443    236.95334067717076    11.269165879812205  732 0 307.3640897666065   214.71260004352555 50.4366394679288     14.176491752951364
Planck2018 -185.94166984518358   199.56909488995782     99.7177756070233     11.268269714774393  733 0 290.42342018512363  132.9754937052386  20.081293980327562   14.950850998335927
Planck2018 -141.92124887405794   168.06613360815274    147.46177864877302    11.266559547118971  734 0 264.8260604816404   130.17898238896976 33.836510427309214   14.705161624278663
Planck2018 -179.2228606231697   -137.74028878400534    139.20453766022203    11.262360469992629  735 0 265.46397915621145  217.54378927723297 31.62665046374224    14.807107901930907
Planck2018 -121.39400871133151    35.6038300805764     290.18450039689884    11.25999844572381   736 1 316.5614985086013   163.65403581175923 66.444951775768      12.482065914153196
Planck2018 -174.36486287072805   -19.217384931123874    52.40772080683101    11.257612732166235  737 0 183.0819010379932   186.2893921174671  16.63375359368315    14.118449910170167
Planck2018 -196.76589202955535   -81.87213142687787     12.487915750934786   11.25684926846783   738 0 213.48491799274495  202.59165946668043  3.3534619102392504  14.880981279357485
Planck2018  -93.89660413802683    95.41173420570375     55.597708019063994   11.252182737257723  739 0 144.95197973731254  134.54144278302434 22.554340969916577   15.473520331583037
Planck2018 -288.1482076204714   -128.4502102970805      -0.4673179881500005  11.248487246244846  740 2 315.48227282425324  204.02627429491412 -0.08487119724214887 14.549082155034954
Planck2018 -184.69800699344134  -173.51691494025363    201.3232505377801     11.245135866085517  741 1 323.654947073006    223.21218654555213 38.464564877900486   13.459191053042103
Planck2018 -228.61141286119576    80.10574219617143     48.36054607867404    11.242691861818743  742 0 247.0199393575732   160.68947145946441 11.290051916710366   14.929757399829489
Planck2018 -109.0543382102087     92.61393516378818     89.01254096882099    11.229513873754579  743 0 168.50347806118123  139.6605609132778  31.887522200130295   15.14260406727709
Planck2018  -67.47233460040925   -90.87916013792521     27.658332317581785   11.227958044270592  744 0 116.51832916066908  233.40832525672633 13.73155804914065    14.466860520646918
Planck2018 -250.99386371272706   -72.95719945942325    190.01804273986738    11.224706175366807  745 1 323.1524858965116   196.20773399154498 36.016170546940046   12.979857575780429
Planck2018 -218.78683073496063   149.61167522771936    157.56185157118028    11.223415810375316  746 0 308.3456951832335   145.63474444283446 30.729857231452957   13.950709553501682
Planck2018 -175.9336392611339    135.8394825113358     129.99324569150855    11.207356615113943  747 0 257.4941831537699   142.328041152394   30.320701435597996   15.466295217023509
Planck2018 -220.32678212608448  -109.4744371476926      63.57097077940072    11.206056490967994  748 0 254.10590633960993  206.42154250643833 14.487873998338195   14.95138220837803
Planck2018 -186.2855111473609    149.8712388694551      73.00897519018326    11.20553064522796   749 0 249.9879804350993   141.182473794209   16.98072298882743    14.427792739762163
Planck2018 -128.27912058945884   256.4287344537841     149.29881426955615    11.185837781262997  750 1 323.2667081143211   116.57662466826434 27.506166548069793   12.407605251166276
Planck2018 -142.03881850258566   221.36912368511946     31.68164698862763    11.177685516285784  751 1 264.92082145169377  122.68576881134686  6.868389928795537   14.000762693645353
Planck2018 -165.0700820682085     12.731539859033834   153.3274693360807     11.176716272064633  752 0 225.65357731308856  175.5896176395967  42.80315210011336    14.38343657568052
Planck2018 -308.0488591985246     78.20629267235049     56.77279554882592    11.175408222460623  753 1 322.8520933515757   165.75491883595865 10.127992322255698   13.990683268158941
Planck2018  -28.23217488308248    32.2440121672899      38.320650299362505   11.172905551551938  754 0  57.490905877706645 131.2047036588814  41.80146360784814    14.482437825271832
Planck2018 -141.71886904540102  -194.6652347385911      36.17721036177078    11.170391662312435  755 0 243.490414614001    233.9448858654306   8.544502759957242   13.973493823579759
Planck2018 -123.45667375957682  -163.447049531944      191.3914525399228     11.160250123831922  756 0 280.3340443146673   232.93510677083052 43.057062586391936   14.919650982908369
Planck2018 -176.21932603316083   -46.596253050248045   106.96055314090971    11.150092778842634  757 0 211.3410078383122   194.81127458181777 30.404673252044947   14.880614542945077
Planck2018  -95.54368656004988  -259.60952023047594     63.33426153478919    11.149002979243315  758 1 283.7902882762904   249.79494974017632 12.895453034457562   11.908612494577962
Planck2018 -118.78932845477502   -21.79824959778329      1.6818620347039461  11.142699363376243  759 1 120.78450604348001  190.39828661286936  0.7978400024175843  13.8383715788706
Planck2018  -21.51509496394721    12.828544784411394    19.041877667264583   11.132063275743574  760 0  31.465282100886764 149.19415672967213 37.241151187017046   14.840325348138633
Planck2018 -228.25953455231704   -11.804840423426125   110.40566555297154    11.131572272598493  761 0 253.83297728557173  182.96051375087004 25.782366048905416   14.55326255591692
Planck2018 -110.48948186696212    71.0968683593738      52.610071191268794   11.114903712803743  762 0 141.52918386145754  147.2398606758775  21.822100909553733   14.661218039336863
Planck2018 -145.66272656893017  -241.39005890105435     43.69654654400686    11.109594581748093  763 0 285.3001553235153   238.89183292548853  8.810092719629464   14.846383610630939
Planck2018  -64.15189299201964    -2.045624892968078    55.43853026945208    11.107802616086184  764 0  84.81203095138817  181.8263837106789  40.818388107269016   14.84936648244761
Planck2018  -89.31050480531955    46.887396505961924   101.12594397153079    11.105480167915715  765 0 142.83294705291732  152.3008382559978  45.07254546175599    14.486296090774978
Planck2018 -134.59968318537383   -71.05921314739979    158.8968070353489     11.103399488956647  766 0 220.03336513528922  207.83091830749612 46.23216663098869    15.035492694790252
Planck2018  -58.927372720767465 -176.1346129040498     147.20672969544003    11.10296545252126   767 0 236.99295007712374  251.50188527893053 38.39971767471423    14.082955395195922
Planck2018 -194.1731369688716    148.9750179355018     207.5558574769155     11.101932098771584  768 1 320.8990449692752   142.50357913737926 40.30038275468434    14.481003045619575
Planck2018 -240.9544432120767    164.15778280831185    127.5830425952646     11.09787710413732   769 0 318.251872135967    145.73412305652488 23.633641699324468   13.973751323110761
Planck2018  -71.45126550126672   -16.343617331388103   157.21897531853023    11.09235618399791   770 2 173.46528001134973  192.88406950654064 65.00472202181152    13.719404175627567
Planck2018 -134.38565490077303    -3.012733888276596    41.88066857950389    11.086060815661098  771 0 140.79265325029382  181.28427417940358 17.30531566116534    14.743664666691002
Planck2018 -222.02512726245197   -40.318944488822424   176.34341757122266    11.085025467503835  772 0 286.3874566759154   190.29254062639276 38.006523470950526   14.43701066037304
Planck2018  -83.6770677457477   -161.50529988600996    130.12499701999317    11.083005257008603  773 0 223.6477775593795   242.610998354621   35.57936163060631    14.673530969930285
Planck2018 -114.79639740761843    81.4094658103755     228.47955738483043    11.081018797180105  774 0 268.34422319861216  144.65710870643545 58.36886356555742    15.771778118189962
Planck2018 -183.3170273235406   -193.70168594665165     68.68175168341821    11.079158307787667  775 0 275.39545867645984  226.5777644119696  14.441607154346125   13.958655457617596
Planck2018  -79.55844254526693  -241.2481950242403     167.01093656729915    11.07183267585741   776 0 304.0113325449708   251.74856092802477 33.322952924930526   14.665437743199828
Planck2018 -258.70583036367367    -7.133840739302893    94.31110312384541    11.071517325438055  777 0 275.45268653670496  181.5795369315208  20.022299975986268   14.64065765992581
Planck2018 -199.2469731914108    221.67608248901158     10.664292537162236   11.069997056113666  778 0 298.2505138452104   131.94984849171937  2.0491137440188076  14.545443728607994
Planck2018 -194.72183585901178  -127.13746735758656    102.71355617626354    11.0683993832036    779 0 254.22549751899348  213.1412583814917  23.830067569487284   14.402489774541275
Planck2018 -241.33972657296272    -6.284851068970563    91.57065729768568    11.064427415873075  780 0 258.2044698551939   181.49173150450568 20.77162547892163    14.296830229556706
Planck2018 -174.28530959288898   205.82931555049345     39.00800847115307    11.04634791395202   781 0 272.51183644891336  130.25615025739535  8.229726609765368   14.10276960691519
Planck2018 -269.4827636898985     52.66353946821825     16.881612420685304   11.046182253822346  782 0 275.0988861358557   168.94236072764414  3.518201229849359   15.104197976352063
Planck2018 -130.4618483340395    149.32312365020624     20.72434272561708    11.045685626257821  783 0 199.36696694487165  131.143328038025    5.966717284341864   13.67462296260622
Planck2018 -173.97030246574778    92.72717927617805     15.410859125487935   11.039562248391562  784 0 197.74096817686987  151.94212572260562  4.469855105027055   15.466816300521717
Planck2018 -237.9921323574037    200.87420019675858     60.556072657110064   11.039304859061296  785 1 317.2660355354235   139.83439128688244 11.003469581820546   14.650127526625448
Planck2018 -135.88048046215624  -128.231784123199      171.42967694584178    11.037677518902802  786 0 253.564645737139    223.34117674511953 42.53797998018124    14.78002197700392
Planck2018 -194.78356271081964   -82.37388829537997    193.6712690992348     11.033333255416693  787 0 286.76585265635754  202.92348187478834 42.48240587876771    15.130619749455573
Planck2018  -99.2364286032404     87.59131075055737    223.87624649668305    11.026298347130476  788 0 260.0782194386341   138.5666761427481  59.40692200899557    15.006955676222338
Planck2018 -133.72701901424773  -108.20602521303806    230.88393647218197    11.022975291994635  789 0 287.9216067399808   218.9782621893255  53.31179073386659    13.814625602779845
Planck2018 -240.38552639841433   -55.69011184395893    187.2165066226132     11.02217411803423   790 0 309.7363559723178   193.0436071865896  37.18843091156086    13.945280975929979
Planck2018 -151.3553945246071     68.00988684142837     27.452784633392735   11.020525172408309  791 0 168.18874975458615  155.80375563792524  9.394197362117616   14.594959924632885
Planck2018 -109.00405370964623   159.46812049706648     15.041136492344322   11.017506907168165  792 1 193.7477766762336   124.35446602548747  4.452498274573367   11.522238627680274
Planck2018 -188.75300527884184   213.55132406961613     38.03279745737315    11.015010275877145  793 0 287.53844733550727  131.4727111659665   7.600804187448896   13.515137647862721
Planck2018 -160.25199109103679   -59.44709605478069     25.04808776110862    11.01316084089082   794 0 172.74855883183585  200.3528447076134   8.337127246562892   14.649744795570733
Planck2018 -114.44912472248012    40.207835535611785    27.13170608983364    11.007122627289018  795 0 124.30366713635496  160.6427968032693  12.607415931093692   15.224239244970164
Planck2018 -134.8375162276766    166.02610940157356    203.8456361064883     10.99837781893912   796 0 295.4638186735071   129.0816551385798  43.62357246828844    15.097907494779445
Planck2018 -174.16519003560944   130.42315540164785    149.44218723695425    10.99691304891675   797 0 263.9634069548793   143.1723895806365  34.482004354415636   14.939273552345952
Planck2018 -164.968009311837    -144.23245440329575     43.405204407059614   10.99489849696773   798 0 223.3863397102154   221.16338364687812 11.2041583072879     15.296155726835677
Planck2018  -76.85885825617048  -127.97271634531465     34.39168791897781    10.99330120335621   799 0 153.18971381642055  239.01148431403456 12.973707317750923   14.57782076623582
Planck2018 -216.07017772000398   -22.639032247873086    88.3405547280516     10.988335478090102  800 0 234.526973055839    185.98141495902203 22.12790421585714    14.241767543626077
Planck2018 -222.46895242049376    31.614477519961213   207.4787804034753     10.971760447637553  801 0 305.84204141622774  171.91200175607358 42.717602204544555   13.460534960284745
Planck2018 -107.74725849624586   100.39084734781355    171.54780681064204    10.968587500466635  802 0 226.08946009535737  137.02421336156848 49.355069229453754   13.893821036279384
Planck2018 -241.9549028531419    -93.23364414391503     79.53182824470032    10.966046066295192  803 0 271.21946670357573  201.0734100551424  17.051904486880836   14.368799005565192
Planck2018 -174.91235199954124    73.84431118555021    146.62960721192349    10.962450717832427  804 0 239.89071446723977  157.11155310829227 37.678857090972116   14.813854890816224
Planck2018 -219.5163838976917   -170.11930781671165     30.415766981959948   10.961489745376367  805 0 279.37992156319456  217.77472387708212  6.250113062048704   14.78232329524805
Planck2018 -131.9945777078147    118.41964964820544    206.0257223332088     10.961007296088464  806 0 271.83152913153486  138.1029607913247  49.280902975267644   14.613757744903774
Planck2018 -141.12105548175998   -11.888527998360825   178.55272188352737    10.955483395627112  807 0 227.8981436744715   184.8154253712536  51.57994410502408    14.340974391052884
Planck2018 -137.7690188716128   -148.61332023166       158.03792720813306    10.94923457054239   808 0 256.9867855500899   227.16855545681375 37.949390921210046   15.505537394896828
Planck2018 -152.55493176545517  -138.64193959822742    230.14767620382315    10.947387230280881  809 0 308.97014011638896  222.26456546314873 48.14934826583036    13.845174844982978
Planck2018 -188.92450308221953  -146.0956957901741      11.963069604982934   10.940678019291317  810 0 239.12242727868988  217.7148528576605   2.867650926800237   14.478025118739065
Planck2018 -193.81375910310535    33.41090667702456     20.576805025332888   10.933073127546452  811 0 197.7459653386333   170.21910268437082  5.9728253655883465  14.17731146890862
Planck2018 -177.24420948271543   114.15223269972093    197.6114975049272     10.932478491691967  812 0 288.9576888951457   147.21687406200522 43.14734803209868    14.245247559368032
Planck2018  -58.2834593736459    -32.0758346815018      78.35490988995724    10.927877485008725  813 0 102.78770700301561  208.8258351444457  49.667245438525626   14.064711863900206
Planck2018 -115.285334616273     -40.399366991469684   146.1714117385116     10.92614986304533   814 0 190.49645361666705  199.3119595385042  50.11368000335993    14.348141867311991
Planck2018 -214.04025088094542   -17.48576896377175    169.27641541026364    10.923930830654475  815 0 273.4474098022883   184.67034062225792 38.24647245553233    14.917174972801524
Planck2018 -101.0768284074472     83.77187049055406    114.11656224426027    10.920883692489523  816 0 173.94493756600914  140.3482640194369  40.999308413574084   14.736293209230903
Planck2018 -136.2906559003301    -63.668293797061644   221.46927199586807    10.919660455979548  817 0 267.72641438444384  205.03966913809015 55.814453908363056   14.48718331967371
Planck2018  -33.86763111982604  -150.43749529812482     85.23530388437447    10.919410778992189  818 1 176.19169520015294  257.3126584546777  28.931563632098907   12.502985227931353
Planck2018 -170.72271076391928   -69.55384495580472     67.25097745378926    10.917902169006663  819 0 196.2311781731105   202.16638841493233 20.04225167599427    14.752786422665547
Planck2018 -126.8617036281889    169.0784936843548      94.30383853081204    10.906468375555177  820 0 231.46196844333267  126.88135428850134 24.043300545762797   14.139332237938385
Planck2018 -199.18155477802077   -15.252849307904349   131.80742375428383    10.903338420211183  821 0 239.3306042539079   184.37902801298145 33.417360862491485   14.792139420742762
Planck2018 -129.84714892222607   -46.363056123232894   231.17145814346551    10.901479591324739  822 0 269.16548463072456  199.6495483084734  59.18715728602876    14.833999387586136
Planck2018 -112.91848583287371  -138.46836388873683    253.52457260509095    10.900330167351882  823 0 310.1592835228483   230.80336874273226 54.825484373348196   14.728020917052003
Planck2018  -95.79499141179843    -2.0672574436318993   61.3395305038305     10.89931869083351   824 0 113.76946837950479  181.23625195389337 32.62622590190614    13.622936917365575
Planck2018 -190.3857249287116     65.02534144406037    227.39129545953978    10.898468545122787  825 0 303.6145921020849   161.1426417508893  48.49926232121746    14.493142266634463
Planck2018 -277.8489125690694     53.77866505442581     42.438786882515345   10.896325735983789  826 0 286.16990348901135  169.04564791973903  8.528379428993519   13.722353953520926
Planck2018  -62.523493606883704 -214.01010950508513    163.17604285585747    10.885152844333879  827 0 276.28958573439786  253.71416821322708 36.199446874082284   13.659717571704146
Planck2018 -219.63486856223582    78.39601889656669     98.40912156560395    10.879130246478983  828 0 253.12006335827127  160.3565890358319  22.878879790552475   13.858904587283018
Planck2018 -110.00002294923846  -104.13065927685915    181.4936206555931     10.879022696750592  829 0 236.3961370008881   223.42990466833726 50.152452542245264   14.658234770468214
Planck2018 -123.23014721286843  -268.9723451059893      34.7050289795332     10.878045555841794  830 1 297.88627133587556  245.38503422306133  6.690397885333199   12.54985492049766
Planck2018 -246.2289887899006     89.04220550347732      6.021926027000998   10.875899524296834  831 2 261.90359461927045  160.1188153684299   1.3175128623289658  13.899172416925937
Planck2018 -150.87259131978664   -67.22160428428029    254.66331836320197    10.870030018222758  832 0 303.5369641639339   204.01546427502913 57.03321718157807    13.828114901346172
Planck2018  -48.1878883353853   -240.28089448036226    149.79514498966347    10.869086653827893  833 1 287.2204141369148   258.65987210172335 31.435190001219663   14.760583007002152
Planck2018 -141.12521896457906   222.38525576102873     90.60428098448773    10.865481436350029  834 0 278.5330593312301   122.39912648667627 18.983202491175756   14.638010196970335
Planck2018  -67.17875584138035  -174.81246649171547    116.56648160675216    10.864813707381293  835 0 220.59040847573183  248.9787105662714  31.899404479562442   14.096713753576365
Planck2018  -63.6382345774285     25.936845743595697    37.873771797115666   10.863324997611398  836 0  78.46634601788774  157.82581123157667 28.86028025175356    15.054865733344743
Planck2018 -230.1821900560084     56.06768377033498     55.275740852800155   10.860305050413304  837 0 243.27522132181193  166.31049948757362 13.133153075760935   13.891271866410479
Planck2018 -110.01562189109674    11.668682510766413    54.51830353103516    10.849569068066053  838 0 123.33629081306083  173.94562323158578 26.233455807895364   13.974403984201954
Planck2018 -269.43692825218415  -135.05349769166477     80.76550099959147    10.84555573056369   839 0 312.0236716924537   206.62201875038522 15.00148894605617    14.441644087277098
Planck2018 -246.02929315658548   -25.939410459407313   157.14206557326585    10.839577241985145  840 0 293.08172047868027  186.01858523493397 32.42339455900525    13.883949326713331
Planck2018  -86.50860715306746   166.31272891069833    180.3469478971323     10.838047524822972  841 0 260.132052091045    117.48147861755265 43.89110769565849    14.91415418205698
Planck2018 -182.07389538660883   -71.58864574303595    164.83706325874496    10.837962482057113  842 0 255.8262985002581   201.4639862978108  40.115607444410166   14.988038664529828
Planck2018 -108.4349007372947    -33.72494379965685     58.57159593924241    10.835870257932173  843 0 127.77375075917136  197.27650786074622 27.283965316836024   14.558117100969913
Planck2018 -121.94803503615749    56.7574413027097      53.32145293318192    10.834967339553266  844 0 144.69245915152584  155.04164013260666 21.62411003505446    14.51974152989137
Planck2018  -73.01820489209321  -165.96881629866897     36.03623274641587    10.83449270511229   845 1 184.86729375365155  246.25284084049392 11.240650588196532   12.498997785840015
Planck2018 -139.2407416145087     90.63431033817619    256.5513066238842     10.83417394361381   846 0 305.6487121946655   146.9391710112206  57.073289732351974   14.746421926613849
Planck2018 -138.6161434428416    131.6573974036768     144.83381832571925    10.833638930153791  847 0 239.843574950182    136.47487138481517 37.14741547352533    14.606001383245772
Planck2018 -147.63921192658333  -281.09449481683004     63.641041538451006   10.829631855242729  848 1 323.8234612913807   242.29020544646878 11.334118821475851   10.829631855242727
Planck2018 -183.69490794063597   125.6479859860832       4.236393514309416   10.829199178613681  849 1 222.59645688035056  145.62772993374     1.0905030898676165  13.904717439420182
Planck2018 -133.40382848056427    23.361825868203905    43.15154488508582    10.825986504938564  850 0 142.14222520819655  170.0670220072923  17.672757140371086   13.813234861420083
Planck2018 -132.4578450882284    221.08431566674037    193.40690030253268    10.825867422530537  851 1 322.2259835020786   120.92701355234723 36.88574908925572    13.69410315614936
Planck2018 -163.80906480411426    51.96277512699248     58.73823555973085    10.82446707888364   852 0 181.6142065686694   162.4001656012013  18.870068277629372   13.970473166867203
Planck2018 -211.27548774977055    85.90260994591375      1.900226503449476   10.822854156877499  853 1 228.07937429804488  157.87380722940168  0.4773610883980793  12.989277606571024
Planck2018 -273.02073764041216    29.362374651174864   169.18619800937032    10.814441743543975  854 1 322.5313036338281   173.8616432517972  31.638455746666626   13.83016290363385
Planck2018 -259.18904217389587    68.91499005909287      6.9867842019464925  10.809224204051308  855 0 268.28539019363507  165.11029817432714  1.492285918743974   12.856707683663638
Planck2018 -218.17394726769732    96.21866521349764    221.78552327365762    10.806696648904115  856 1 325.6481554309885   156.20165129873047 42.92643242571923    12.27954926278464
Planck2018 -115.79971587320573  -171.39787495040738    244.40259372819835    10.804607148293849  857 1 320.18656054697465  235.95627952861548 49.757149843824855   13.653660340840906
Planck2018 -130.1815023575097   -257.0884402807194     108.44530154298728    10.795900222905132  858 0 307.899452920561    243.14377994594423 20.62255530695014    14.377131049525065
Planck2018 -102.73921887426563   -49.91107337664635    214.50721467327543    10.793969494948689  859 0 243.02223661095275  205.91064429664658 61.96552706528278    14.394068921914098
Planck2018 -104.14580002913299    12.934983498813642   101.59530901801216    10.792154379221865  860 0 146.06597234225404  172.92007882303713 44.07058194317841    13.63483852961398
Planck2018 -283.7634183253313    -25.60322430615473     -9.859670286713826   10.784641007299358  861 1 285.08668115629496  185.15568643607793 -1.981959207567339   13.802638930967078
Planck2018 -140.1253297385804    158.03765060673848     43.75214064148284    10.780950682991236  862 0 215.69714150715006  131.56205345649073 11.70311977598982    13.930598260627631
Planck2018 -200.6147058911279   -253.1593225463139      30.881745115059715   10.780375968727924  863 1 324.4835665996721   231.60512963075308  5.461218675001491   12.68064115334336
Planck2018  -70.92026174417873  -194.93432034641125    197.5205887526274     10.778729838900093  864 1 286.43228825669195  250.00779401214209 43.59759271786814    14.517151182357226
Planck2018 -151.108533243024     177.4180598712744      25.98357256818435    10.77586530585085   865 0 234.49115725491933  130.42133068067756  6.361914099171228   14.550298719639343
Planck2018  -67.7911118000399    -89.28443640574204     69.46324096423064    10.769574190680313  866 0 131.88057957345833  232.7916397769342  31.783646223290603   13.936774898907439
Planck2018  -87.05197816822223    71.58916726631837    127.83079395916243    10.768950635177987  867 0 170.42232147554904  140.56705529959942 48.59752124706243    13.59362419662292
Planck2018 -158.88374656281894   205.2739015340854     167.70840434124474    10.76844305346589   868 0 309.0429233287019   127.74017598928636 32.865600857859754   13.914750364398033
Planck2018 -290.0581594088554    146.49498321399895     25.82954550678556    10.768311040559961  869 1 325.97803816761933  153.20376709414182  4.544714008502526   12.63635602039498
Planck2018 -120.74552022869128    28.85607551255228    263.3231877284796     10.762391902552768  870 0 291.1206879367585   166.55939864307734 64.75811396155542    12.898024982130686
Planck2018  -67.33386698155236  -109.2092225583351     110.70550757167088    10.747999870504048  871 0 169.45858886815574  238.34374199164736 40.79007356645713    14.221308528918737
Planck2018 -111.24977188355201   206.77935299490025    101.55582967469434    10.747001275028014  872 0 255.82767463675123  118.28078440635171 23.388874595356672   12.796485533796542
Planck2018 -123.96437430088255  -222.08601216487062    106.80937857143972    10.7458604246712    873 0 275.85794577267757  240.8305393952214  22.77975220966859    13.81907490837647
Planck2018 -158.96353060860673   114.55681309322404     54.283589187348255   10.744559679501846  874 0 203.32086844367478  144.22165355246176 15.484925638239249   14.303763212578826
Planck2018 -125.62474679816609   -72.84917906047343     87.96372061023418    10.74207426475878   875 0 169.78279076951114  210.1092368941658  31.204596073174702   14.060061713905732
Planck2018 -198.6014222850151    150.59148914552082    145.73075624483712    10.737534975099571  876 0 288.71746544396746  142.82841752034477 30.314899720393832   15.137798780645774
Planck2018 -261.2009972355574    -76.85968158566384     57.46956097267526    10.73656919741765   877 0 278.27346630372676  196.39677963189945 11.9186033076839     13.954986325476005
Planck2018  -84.18836676603698    64.99235899184035    247.73346358381897    10.735024135301622  878 1 269.59888131313227  142.33231149688373 66.76528460704121    11.586151306946476
Planck2018 -257.63608294711383   -32.42675327510789    124.87397673457677    10.734043924329647  879 0 288.1342666706001   187.17367546998722 25.682773619713092   13.729072697359557
Planck2018  -92.68681491644432  -256.5576226061114     104.63714267196794    10.73358140705126   880 1 292.1670600926957   250.13668463700452 20.98610160443278    13.125223065020025
Planck2018 -166.7931812987934   -226.59939715104022     24.93051228759448    10.72923144236313   881 0 282.46908248498437  233.64430356857153  5.063471505625701   14.63485599673246
Planck2018 -101.89082130551557  -178.53049720837998     73.45577289981335    10.726261550356385  882 0 218.29023906737754  240.2857579966065  19.664086689168347   13.281046536503837
Planck2018  -32.6113435143452    -24.137445843652685    69.67988381174973    10.72383126289554   883 1  80.63127324856549  216.50717562248224 59.7891329903409     11.56020453056388
Planck2018 -273.18725126477136    -7.648595155475396    83.6099517094613     10.72346166096552   884 0 285.79782939398285  181.60372699721788 17.010640021292094   13.534647867206779
Planck2018 -210.1341685862026   -106.53141911059537    180.99706189917484    10.71658555283126   885 0 297.0946793217032   206.88357577583997 37.533378485789044   14.808203766891063
Planck2018 -135.06082374509484   239.08757880358098     98.11549170755298    10.714988592727204  886 0 291.6006621423844   119.46215045437248 19.662081420661547   14.513196409915537
Planck2018  -95.3919631238566    -37.3868919563849      32.61585555356985    10.712639003584956  887 0 107.52302242902655  201.40166112354927 17.65822259249079    14.29120982373968
Planck2018 -174.30847863124094     3.1530521514343004   58.63597224343614    10.705154248737438  888 0 183.93358774715526  178.9636942391282  18.589693940368566   14.67976299786621
Planck2018 -110.12524165385162  -117.26052677950695    279.43132886867767    10.704463742420382  889 1 322.42746090127275  226.7973315518576  60.07149787341513    12.128942098891615
Planck2018 -261.944828339084       8.935717212699384     2.2073311286282795  10.701821565532017  890 0 262.106490660588    178.04622817238248  0.4825223988478517  14.463756038864638
Planck2018  -87.66252028298088  -224.4328600815114     191.9879257113833     10.700771278532065  891 0 308.0814661184456   248.6645949833157  38.54818588808861    14.22340467435995
Planck2018 -207.45114810412636    37.91530988979709     54.02551775329621    10.698928960755827  892 0 217.69774032421935  169.64251572090163 14.36910447776048    14.218397258095882
Planck2018 -126.8886401722833   -268.17856878822977     73.46405774720265    10.69853683046478   893 0 305.6426664305211   244.6788367399915  13.907747578114137   14.197831078270529
Planck2018  -83.62083028886764  -219.362253735652       83.31438912998385    10.696863384093664  894 1 249.10545770473703  249.1331673515792  19.53935705958954    12.293191857687377
Planck2018 -117.90263103604786    51.726662322530316   118.91298399572976    10.694010090329245  895 0 175.26259088299534  156.3118065118615  42.72534426724784    13.941356107180281
Planck2018 -217.2113671740664    -42.46167527093466    135.13871921501425    10.68782388218574   896 0 259.31881020765894  191.0610053091953  31.40805632015951    14.355757721580856
Planck2018 -158.04774546304316  -153.88723239594069     10.06964066774243    10.68639189307275   897 0 220.8206688777357   224.23584810235113  2.6136505132498167  14.039364605014587
Planck2018 -233.78786045274003  -159.2638505546849      45.67630609068351    10.677048215303184  898 0 286.5450448475155   214.26395654958856  9.172279600315179   13.695091436204363
Planck2018 -241.65166781778723   -64.42659465871797     92.10013423718607    10.676695540700043  899 0 266.5121936890405   194.92835128376962 20.216941751366925   12.793564780979189
Planck2018 -102.00146993267285   131.43832982371302     65.37943859763881    10.676566518843641  900 0 178.759070837302    127.81291190321794 21.453163730376126   13.782779754918998
Planck2018  -74.69415062095865   114.75958819588        71.35397037960593    10.675937917964609  901 0 154.4032652142049   123.05909819685584 27.52446634096197    13.971888117821878
Planck2018 -206.48547754728833   -75.10568105064502    239.05921317308776    10.674597345989223  902 1 324.6943534571378   199.9880208089098  47.41372637062515    13.334933128088833
Planck2018 -183.2301481692571    217.23241438664274    159.25702944242826    10.670721418710086  903 1 325.7698735076717   130.14680021667823 29.265915889824143   12.013681750686745
Planck2018 -319.056871149782      52.97143327301434     13.120149784297068   10.670659836262907  904 1 323.6902811349893   170.5734498204867   2.3230082728515176  13.359093207637992
Planck2018 -180.78748872515115  -266.5621573898416      -8.179742472678987   10.669149115770374  905 1 322.19001849652744  235.8541385439759  -1.4547784072145515  11.615760866381855
Planck2018 -232.25380233776946  -130.7409285388352     112.402545074846      10.667391542206985  906 0 289.2565491650125   209.37614630137352 22.866867153667386   13.573066401932248
Planck2018  -97.5891599629827     66.86282895464164     73.0058697909671     10.665951497671843  907 0 139.01129113145427  145.5831608584478  31.6803227664897     13.31569454266258
Planck2018 -224.52796905591185  -156.42773824913422     78.7738838564623     10.66108733658808   908 0 284.75914552467594  214.86477243938782 16.05937640115113    13.485654312249403
Planck2018 -256.773528495754      97.131459073041      175.65034854395319    10.659426260388777  909 1 325.9144216223484   159.27953429797782 32.611932871099356   12.542410787195625
Planck2018 -253.29328609683236    55.82097082609734    194.39551388159484    10.651183339037495  910 1 324.1343631628543   167.5717734922013  36.85109563959584    13.081857855784968
Planck2018 -129.23865631121228   174.80919301462262    119.9982556912752     10.649221133547918  911 0 248.31525449818804  126.47598726588053 28.8978566670068     12.957842372303535
Planck2018 -104.82716086790415   220.57324414207483    113.04855873426798    10.643527275648303  912 1 269.11199586581057  115.41934609464424 24.83963633457397    12.939574046459446
Planck2018 -280.26775929200284   -26.286758605196443   121.81196453266412    10.640608781539296  913 0 306.72327150028076  185.3581871705887  23.39948387452058    13.84509416813964
Planck2018 -125.55384463637691    10.641118467116415   132.1175553104425     10.639213187139099  914 0 182.57067049889068  175.15556368802996 46.356790992432444   14.509807947108289
Planck2018 -168.31946347084082    47.5056385922688       2.037777879817713   10.63274513936191   915 1 174.90677522571403  164.2390778617309   0.6675482609278038  12.448144918396423
Planck2018 -148.0538141911636    230.25617005563868     46.26753322083546    10.629010335131927  916 0 277.63018635512947  122.74085852801316  9.593196589157506   13.92664908331163
Planck2018 -111.27164673725194  -122.85720625882705    204.1511789198021     10.62867559507665   917 0 262.9695350258064   227.83289584175103 50.925784803031625   14.836729178736896
Planck2018 -117.82121747265353   140.16592676978055     72.80148469837533    10.628230485574951  918 0 197.04918799187573  130.04986749996678 21.6822214766161     13.45649642478952
Planck2018 -285.021352409169      83.2989901155255      20.041407648563144   10.626192752103792  919 0 297.619809663191    163.7087201296977   3.861159901063903   14.41615344335514
Planck2018 -116.21139776668284  -208.8844534471676      68.62007618482723    10.62197651697322   920 0 248.68960315706724  240.9109322400103  16.01724096367877    13.756424635613753
Planck2018 -203.28367197969834   -35.11728527141099    251.77615957206163    10.618965121832318  921 1 325.4976337045164   189.8011215832249  50.670273339782376   12.74751781138795
Planck2018  -58.87531165429792    24.547904354296893   125.35254798905244    10.61540338467525   922 1 140.64907826902424  157.3664341170587  63.029896952887775   13.25314678510641
Planck2018 -100.75906055109667   120.14345278953297    216.7554320149146     10.614325150949131  923 0 267.5252414993818   129.98508997423983 54.11784479416003    13.603585238743555
Planck2018  -63.729586322092935  -32.90910925190471     56.44134349988394    10.607507774766685  924 0  91.26935356739844  207.3112276775415  38.199687670206885   14.23015378343436
Planck2018 -101.93610192770163  -220.06549444954254    184.40858595928538    10.600153839220564  925 0 304.67411655577104  245.14604948966866 37.24791509272281    15.016755079880111
Planck2018  -34.35567201137559   -82.83814713618952     87.47439396281705    10.598342314490798  926 1 125.27665552477175  247.47462591786035 44.28674968436106    12.685234609937828
Planck2018  -48.2362220870628    -27.439581781196125    29.17282386748558    10.59706135521063   927 0  62.695433820675746 209.63374851977014 27.7302984914482     13.162952666511075
Planck2018 -117.57583980358558   168.47195573229104     35.98841927414337    10.595350650479633  928 0 208.57143691223155  124.91101926016044  9.935952305078937   13.298320820820228
Planck2018 -165.45717300357353   146.16679886474634    237.82886956201477    10.595021242721998  929 1 324.50482336299336  138.54224513403173 47.129879754832956   12.609651278481453
Planck2018 -270.9749127940196     65.63793934755597     86.28967050239469    10.593550770773533  930 0 291.85895511519226  166.38357979122392 17.196841023376386   13.935307187490483
Planck2018 -165.7356004969238    -69.38012803447266     48.0226152338726     10.592066623021475  931 0 185.9786627870421   202.7151285717795  14.964215876141429   13.896753980967578
Planck2018 -260.921952278476     168.04928496899643     47.64376032056214    10.58743892037128   932 0 313.9916483871593   147.21605157554552  8.727529606293615   14.31816819675949
Planck2018 -308.38355001757134    56.475578029422195    83.13451236967676    10.587027640750456  933 1 324.3474248119464   169.6221804642404  14.851409798158146   13.719300955841609
Planck2018 -181.5103500863699    -98.68736507538425    251.98390836486743    10.586432944236453  934 1 325.8544050474577   208.53297123303489 50.651351209005774   12.242494796803566
Planck2018 -132.9880048074371    257.4522865045532      91.90573245796338    10.584218793531779  935 1 303.9969620040967   117.31879524414165 17.597272184034573   10.974701733099241
Planck2018  -36.93073795183268    37.32841560641525     87.01353512291956    10.583339870788558  936 1 101.62994298896244  134.69316868954718 58.89035309956964    13.264353103490048
Planck2018 -260.32117264275996    19.597385928136195    64.30007309073626    10.581661272984373  937 0 268.8599446938721   175.69480461793    13.836864762458553   13.846951524236827
Planck2018 -120.41960606996163  -235.5447004851459     116.00422195226686    10.576381567345196  938 0 288.8583856553807   242.92211627455933 23.677957573924253   13.742144420407419
Planck2018 -269.4893811785974   -112.43354927213976     45.8992642127414     10.573480745084881  939 0 295.5885180876028   202.6463644966074   8.933090459091021   14.363920338700575
Planck2018 -210.0412361455256   -233.4048685732398      82.296498370113      10.571772184753366  940 1 324.6041700274564   228.01592673644666 14.686425781467864   13.030199171823321
Planck2018 -174.03692947958078  -168.90337080036298    126.4912240417228     10.569629046459653  941 0 273.5273866543875   224.14238927467022 27.544956734562184   13.203163027648262
Planck2018 -128.27701153272105   -53.52415161614464     75.7525184566723     10.56659339707774   942 0 158.29804340711974  202.64855371678505 28.59032655869542    13.7975683604444
Planck2018 -156.25195415186928   261.9333091199335     105.5942800850513     10.565576787689903  943 1 322.7597923990483   120.81748574441696 19.096524423152022   13.202533536524621
Planck2018  -91.34840549025832   -50.902065413256764    90.11059729505753    10.565432481876185  944 0 138.04155603954976  209.1278604058337  40.751438414300395   13.416366500386042
Planck2018 -129.07708537060427    45.50452659117834     85.97809733733277    10.559607918004936  945 0 161.62855295338565  160.58052938567522 32.13721489049171    13.090258755570803
Planck2018 -220.20535510674185    36.56518220213622     98.80762826690423    10.557234956165418  946 0 244.11136469016026  170.57203768052784 23.876373883407872   12.536098719855952
Planck2018 -134.68708564414226    16.62471362950097    155.0092109255205     10.557184280663536  947 0 206.02147367283814  172.96345104862849 48.79813495244732    13.892588242313312
Planck2018 -277.66483296078604    95.05998143001335    106.98483164956117    10.554816367255663  948 0 312.37783809947314  161.1010970022944  20.02836724948385    13.884845466110974
Planck2018  -48.40773492300264  -158.78950189565697    146.86371655535186    10.55280732756032   949 1 221.64468401722894  253.0459080117572  41.49913897301995    12.68022502705078
Planck2018 -186.9147214988769   -118.94279142222202    187.81038330984046    10.54705009029996   950 0 290.4431800254606   212.47055073998592 40.28828457376499    13.923121811434957
Planck2018 -210.94945217976073   -95.84256784655967     66.54609779359859    10.54550283793554   951 0 241.06814870056712  204.43415160963406 16.024407988810115   13.7342322756373
Planck2018 -166.09926184772382    91.39016340851458     46.95511005414773    10.540521078080227  952 0 195.30977731386324  151.1797870494184  13.910947622010665   13.452311175506958
Planck2018  -97.15159649732317   -44.877635506034764   120.72326441592566    10.539224698700403  953 0 161.32743549015063  204.79382547908276 48.44437348501618    13.417001988733094
Planck2018 -107.82558973830567  -221.36490548028462     61.93239467593068    10.536921058685158  954 0 253.89840623959023  244.0295495341491  14.118366051076704   14.509262368146496
Planck2018 -235.47403159145568    23.186682542859884    91.61185498717893    10.530913856054822  955 0 253.72893759969347  174.37632186475545 21.165425914712795   13.528262814612235
Planck2018  -90.06464506854088   214.6379716886999     188.20623241105488    10.529819375098239  956 2 299.33707605361116  112.76350049545053 38.957478880243805   11.180992589517727
Planck2018 -154.31592734703037   -43.52857193351331     67.17890396289536    10.528992317881844  957 0 173.84230539543853  195.75240037420124 22.732910306907364   12.654377983261496
Planck2018 -185.27656805628197    -2.43097543151744     85.32195524370135    10.528348200275502  958 0 203.99302036802854  180.75172290675874 24.724731502537676   13.512850037764911
Planck2018 -146.2731704046858    -12.304151565278312   160.96107095965158    10.522805466242596  959 0 217.84328975311033  184.8082654294026  47.63649448500977    13.603051898735837
Planck2018 -219.70209930233077  -100.07693527250927    112.30067944734604    10.516651281902233  960 0 266.2627424476147   204.48983274447457 24.94615829203564    12.717383513605892
Planck2018  -76.22278191103464   118.12722946468809    180.6195314825099     10.516449241444942  961 0 228.88287392511833  122.83253705144996 52.10476747150069    13.673926822944063
Planck2018 -212.08729752534109   124.96308243158005     30.50403769402404    10.516227602730496  962 0 248.04695131777544  149.49315795051507  7.063937542975293   13.697375329845341
Planck2018 -223.20085414737554    49.40057911594144    196.44770429066494    10.514802145862474  963 0 301.41456340094277  167.52003039873435 40.673865816530935   13.53932799577046
Planck2018 -206.1396593036996    222.7763753180059      66.16492741345527    10.509228153365816  964 0 310.6455699946519   132.77873538919013 12.297731254004855   13.341764296857162
Planck2018 -140.69257362969364    59.07784945512862     14.716727141405649   10.505994759397371  965 0 153.30092833555898  157.22210559529566  5.5088178511868335  14.582561038270288
Planck2018  -73.33979956515992  -122.06592076927461    129.69356465729956    10.505523331591242  966 0 192.61161939775545  239.00165719619505 42.325557780970584   13.98811129715826
Planck2018  -92.78604960686982  -199.1767547563437     112.5648258610567     10.504281771309058  967 0 246.8835163757338   245.02164664467432 27.12562878366961    14.16976689056384
Planck2018 -147.0745187319354    152.81798728464807     84.69597896345118    10.503960197234246  968 0 228.38051613598444  133.90281925651072 21.768336113457913   12.826227524080092
Planck2018 -246.6095004219353   -195.4482007556151      76.19874609855535    10.49660318445059   969 1 323.76302102611385  218.3982761101731  13.612458736134167   13.396284813790155
Planck2018 -195.3953874249072    -86.69662272436463    131.3857016848656     10.495942777908317  970 0 250.91405784842922  203.92678512896043 31.575946940315745   12.722157424581138
Planck2018 -190.1918726628126   -103.98672516655107    102.22269181890994    10.489766775014303  971 0 239.6573932941673   208.6674750666876  25.247975138884314   13.389108637453026
Planck2018 -133.13910468765195   230.7173602922466     172.0609111208093     10.483534423096454  972 0 317.1142990673472   119.98777556022961 32.859666496385586   13.456856915294544
Planck2018 -138.9386596974879   -244.5683531364957      19.13240915412437    10.48244406632997   973 1 281.92850085522184  240.3992032848484   3.8912328530841735  12.672575230959579
Planck2018 -116.46789403705588  -201.69664462479295    160.9172149491743     10.480942032155106  974 0 283.0912518276142   239.9961051464918  34.64073233541099    13.317209542198073
Planck2018 -216.14707551293228  -134.42258532721752     -8.936930959878039   10.477450979563237  975 1 254.6936560533614   211.87761814327862 -2.010861076101358   11.7064239387364
Planck2018 -235.19989593969063  -112.38170503225295    194.0984447155099     10.476485615059207  976 1 324.9966844707458   205.539104597252   36.67191587428801    12.706624637232668
Planck2018 -242.33307602540123   -90.35594950913097    133.8584724705135     10.472270403312727  977 0 291.2174582674753   200.44839838149497 27.364606425271493   14.215860117598197
Planck2018 -242.20161801152642   -28.289744504794342   139.5762919490922     10.465274495885842  978 0 280.9688144364177   186.66210076441814 29.786396322138106   14.106328687379738
Planck2018 -199.28324057860314  -181.8533594609431      77.84196914551273    10.464872492940144  979 0 280.79142879224673  222.3816124855357  16.09456130420938    14.099695031200975
Planck2018  -95.57590375420236  -111.73570950594501     33.15360043717144    10.464088600347344  980 0 150.72751367675744  229.45715604340654 12.706518599006795   14.211428811413217
Planck2018  -68.85317715640932  -111.99029019036766    184.32827682272517    10.458905557988823  981 1 226.40560668386692  238.4162252011306  54.503468623651      12.400642758674337
Planck2018 -216.82113093617463   176.68789387233736     50.80074309464826    10.456654083035163  982 0 284.27228173083034  140.82335261396557 10.294311146951861   13.67058810795486
Planck2018 -298.57317688716176   127.58605313694575     13.584859166784401   10.45418132823191   983 1 324.9749087393322   156.86205081890037  2.395821786672777   12.562453475023403
Planck2018  -27.327980964539684   50.31899263705484     41.14649363075821    10.453549828146226  984 1  70.51137143548017  118.50615291926508 35.70020265175164    12.062935596734308
Planck2018 -179.8870285489863     60.53181379559614    200.33602285340598    10.451759551374279  985 0 275.96732700500786  161.4019626417042  46.547192029288766   13.766918355416179
Planck2018 -126.69222057834213   -84.75316608342783    256.2849697054411     10.45149638781061   986 0 298.18786630772763  213.78129494110001 59.25766938089139    13.885203808868114
Planck2018 -114.75795730395296   -30.587898972381993   183.69823855674025    10.446722102094835  987 0 218.74654552008263  194.92478724490672 57.116540650892695   13.1274655715383
Planck2018  -72.14025389973453  -160.70480371684496    166.19358404492425    10.442706209197688  988 0 242.1787718774813   245.82472750475745 43.333472210747715   12.707491908428633
Planck2018  -59.22346075051068   114.06302281525116    146.49109820281774    10.440381315290706  989 1 194.87799601208798  117.43910664572549 48.73843586879953    13.151043958440964
Planck2018 -272.82738915093574   105.96856520609715     78.76250879450133    10.440044755629472  990 0 303.09677311769406  158.7733907412359  15.061712398799605   13.335051998435077
Planck2018 -239.5151829098743   -133.76146850645992     55.34260366942728    10.437310855765404  991 0 279.8614962481737   209.18194325718696 11.405414398663718   13.847297645954834
Planck2018 -140.97236467753186    75.02831032920527     43.14109942841145    10.432852026541834  992 0 165.41949526438123  151.97719947802278 15.117427193677363   12.933139705523292
Planck2018 -189.7408135948684    181.39963882551856      5.1464699559246005  10.431239140058029  993 1 262.55264512603645  136.28747396525876  1.123164818286025   12.362018615829818
Planck2018 -239.08388863175676  -213.0257381956905      46.200738289350745   10.430490580908238  994 1 323.53605541822105  221.70130435695327  8.209865091732004   13.49010288248958
Planck2018 -291.1711858927156   -132.30972429589443     48.190379511573475   10.428532326235064  995 1 323.4328915167649   204.4372982674213   8.568778668439442   11.961102331601479
Planck2018 -223.23166411697278  -127.84713426601019    196.21334478223636    10.424956627998888  996 1 323.5381620073542   209.80022318906094 37.33406281192455    11.210857425236595
Planck2018 -175.30901802395877    47.56937882731317    206.98732442596844    10.420795455799329  997 0 275.3903594455736   164.81857588236284 48.73040522342796    14.08607840650603
Planck2018  -64.1109844403174   -218.09976368030706    125.51128249626191    10.420722257372732  998 1 259.6744255354556   253.61916562007931 28.90383277824679    12.845861723788465
Planck2018 -204.52433034394886    90.66670507036666     90.10753839292326    10.420337669576561  999 0 241.18462137165736  156.09203975292522 21.938057537686973   14.190712364644051
Planck2018 -214.07346834880568   218.73747721153893     20.580598729480755   10.419673612954139 1000 0 306.75249767820884  134.3825995321075   3.846970759966829   13.347850062536336
Planck2018 -138.25074695698768    28.6384547410572     253.1262923232482     10.417679063366592 1001 0 289.8384894892932   168.29678060823036 60.848610910053914   14.032801649989093
Planck2018 -207.10252779304008    80.05366088669948    193.38132021022824    10.415772393494962 1002 0 294.4424912370503   158.8664288606148  41.05408130370736    13.335477204787985
Planck2018 -103.36911520738275   154.97274758790627    123.04918282336807    10.41421969539833  1003 0 223.25507355310145  123.70387420793428 33.44660457645832    13.794675168227132
Planck2018 -211.36357009282298   -54.73677276539932     22.09315440220087    10.413251618478604 1004 0 219.4510891442422   194.5189115253684   5.77801924975433    13.57052104317443
Planck2018 -162.9993752234451   -168.59790415650184     86.49536369341088    10.406893934926986 1005 0 249.9509902954054   225.96726247609934 20.245861724553514   13.801253932532216
Planck2018 -188.86129362034126   -22.18737442301921    235.57940275628698    10.404149709269362 1006 0 302.7515859822123   186.7003804644368  51.08946985220808    13.146348534490478
Planck2018  -87.44357911196977   -41.70584710827582    221.77704293415266    10.39804067936886  1007 1 242.0140780689156   205.4986117967096  66.40257945290962    12.381517197519646
Planck2018 -124.55781671633385   -93.64896457228961    176.80552342099833    10.395803435793237 1008 0 235.67980690499334  216.93772561049255 48.60716584133148    14.06687300118471
Planck2018 -114.06590434507221   112.20406376943328    271.2367190804315     10.393873536836207 1009 0 314.91290897318123  135.47144214739882 59.46366040209958    13.413430038805279
Planck2018 -135.33526026408504  -180.85636025730403    225.46441906910678    10.392965367562715 1010 1 319.15334869375437  233.19240049475036 44.94643533879765    13.841056692700105
Planck2018 -179.15641866302747  -136.63144961979742    115.021342702942      10.384101838423726 1011 0 252.9724978145981   217.33051128081283 27.044297779226063   13.806137924364204
Planck2018 -222.3049100371783    -25.743676071788666    -6.640148296656093   10.383879437370778 1012 1 223.88903826165475  186.60562582187774 -1.6995395250938494  12.331898643528751
Planck2018  -93.8719156190101     27.33518114765896     62.36272582041541    10.38008112971629  1013 0 115.96662555282958  163.76462058156613 32.531582921209846   13.609670332887204
Planck2018 -172.4884345364943    212.61782554328468     78.26455083848522    10.375672997800516 1014 0 284.75241826111846  129.0510535054446  15.95314831353789    13.103385793210705
Planck2018 -284.8619974773919     96.82361495353284     81.33179528582826    10.36854340145306  1015 0 311.6665380561338   161.227279141118   15.126898605940976   14.015521181139807
Planck2018 -108.32830708980548   235.54859191226205    163.030160006794      10.366975316999941 1016 1 306.26294967010523  114.69760266536572 32.16240123652367    12.696973191111343
Planck2018 -105.38550606230592  -107.19832615738629    126.10228412702588    10.365720456495929 1017 0 196.21256861120506  225.48858100723768 39.99210072967623    14.070586076892795
Planck2018 -188.84145261048832    24.11898331712402    162.0023078404208     10.357158257559645 1018 0 249.97513341513286  172.72154278436128 40.396523529396916   12.614381551392619
Planck2018 -305.0056462619065     64.580437866978       37.89371828416145    10.355377190162278 1019 2 314.062113430024    168.04503262830386  6.93000779609154    13.499096142265602
Planck2018 -188.42994867640118   -63.75911884546981     -2.3949519498238683  10.353742715393597 1020 1 198.93920324808755  198.69429801162937 -0.6897783411229963  12.531998971954938
Planck2018 -250.84649609829108   -19.736718775383515    48.814390673971005   10.352373490295758 1021 0 256.3129872044716   184.49879038200257 10.978951720404881   13.600779905735559
Planck2018 -205.9544573198803     22.251762523205674    44.402084773231664   10.349346468148457 1022 0 211.85826525657382  173.83356035291925 12.09796975467901    13.105969228245973
Planck2018 -296.48837772826835   -93.40753928052395     44.36573870444663    10.347732558746767 1023 0 314.0042122220245   197.4868358560183   8.122515259995403   13.747550778698905
Planck2018 -280.2141563434569   -116.0550670530682      57.454424697289156   10.34425354133563  1024 0 308.6903997879817   202.49765485965628 10.72662060676562    13.923134238776663
Planck2018 -290.3625681388255     61.543628427329836    18.952650574401165   10.3439299149943   1025 0 297.4176224435443   168.0330131108999   3.653593754724528   13.124499905273044
Planck2018 -262.64080204182454  -182.82361291120552     61.20699637238042    10.341000620519116 1026 1 325.8081655514603   214.84168101783558 10.828043261082676   12.181569643510562
Planck2018  -55.51013473423038    65.03067858569057    127.08028043279832    10.34031825837207  1027 1 153.16579869672753  130.4840446330537  56.06700645666257    13.761107403662217
Planck2018 -152.98331528873197   128.48953239172258     37.217828685177786   10.338636338263127 1028 0 203.22062263218842  139.97335362011768 10.552710731135793   13.783598291029735
Planck2018 -274.20875356274917   106.2755937479024      45.78711938909142    10.336223674205122 1029 0 297.626280188522    158.81507136048145  8.849583237552158   13.531640292142994
Planck2018 -211.10434420085798   191.5691923408693     107.94957871689242    10.334909991784183 1030 0 304.822753645068    137.77744819792764 20.740675578164453   13.626563531856323
Planck2018 -222.63752659232475  -169.86492824897977    160.4012207831295     10.331462829771384 1031 1 322.7229674580001   217.3424108865739  29.803336827764802   12.756625931881727
Planck2018 -169.82388257726174   216.98590270692472     28.01459327847906    10.31973435456617  1032 0 276.9618213828635   128.04848818967142  5.805376682800457   13.389452392343767
Planck2018 -252.33771321506666    69.0211431211487      96.38268280106074    10.319245617780801 1033 0 278.79716865902566  164.70224848775763 20.225080103571734   13.270401063236504
Planck2018 -131.04090465580433   122.84221466215608     43.61627343732539    10.313964142680945 1034 0 184.8358939834857   136.84961940242022 13.648982500204594   13.283315580599897
Planck2018 -149.63970147425346    13.319170196196193   256.40947953194495    10.310544035950594 1035 0 297.1788379845743   174.91360608562732 59.63380012345055    12.828795344747322
Planck2018  -94.25133379026397  -177.37347116674516     27.231919596225378   10.308409339606278 1036 0 202.69740906059755  242.0150648771559   7.720899074111239   12.76667520907869
Planck2018 -116.54197880582113  -273.2352717833965      55.95108354315335    10.306595216746333 1037 1 302.27482581282874  246.90048630100432 10.666965232130659   13.129127112025062
Planck2018 -145.6096290104034    -54.96897848390874    172.11283574088122    10.304068891126912 1038 0 232.04866059272848  200.681984400894   47.877294490146454   12.208728945920454
Planck2018 -138.94636186403724  -209.63882955408562     62.0868600384336     10.297043282543955 1039 0 259.05464389099643  236.46401078706674 13.866889711408808   13.183737966240635
Planck2018 -261.61348277607283  -136.06114572649992    138.7152865159788     10.295443961966098 1040 1 325.87755439711475  207.47824737958652 25.19288295116061    12.03758052282017
Planck2018 -221.18834513713318    74.38570814684451    218.96109230955102    10.292852442820557 1041 1 320.0023086579264   161.41219208962323 43.176532745138985   13.639927614850462
Planck2018  -98.10318103239727   170.91552125202514    247.47029675911378    10.290772196555183 1042 0 316.35090850441793  119.85523687992108 51.46844253744969    12.398377822045326
Planck2018 -241.52179504279724   -57.33798914594263    124.4683080461905     10.290349855804365 1043 0 277.6918835469927   193.35495524188528 26.629827206485153   14.009339359530806
Planck2018 -251.04308744715226   -22.26931958017129      8.0239367022734     10.290149942994683 1044 0 252.1565741950117   185.06927707904532  1.8235310054253953  13.69384124838484
Planck2018 -151.08147632815704   171.4569750223096     132.1026893826739     10.274702957627259 1045 0 263.9587606339892   131.3852966569159  30.030911394048985   13.701632449479677
Planck2018  -69.83005424099268   143.01476761866152    120.4688946463195     10.273918874973457 1046 1 199.60514725233355  116.02494456595065 37.12356787478436    13.551839375112445
Planck2018 -187.95112035075346  -168.36825163515132     70.11915956270295    10.273739843456461 1047 0 261.89728585375     221.85425999946779 15.529550875882439   13.031292543399164
Planck2018 -131.73646693556177    38.310331346149326   211.23045765986672    10.27308501587023  1048 0 251.87394555950573  163.78502113949918 56.996321653848696   13.699610430160428
Planck2018  -59.904909122536004  115.12653869492844    121.9293079014179     10.268195529258026 1049 2 178.07154229177925  117.48975036575142 43.21366199766194    13.654626141069368
Planck2018 -322.04597331110205     4.558302018263269    17.108095129238265   10.266554836280713 1050 1 322.5322835967523   179.18907842361298  3.040569679674657   12.370721468378159
Planck2018 -145.61200394053972  -139.71520172032092     86.8472287054439     10.263493727211008 1051 0 219.69441143812784  223.81604773996293 23.28526136176492    12.857090369261348
Planck2018 -253.05741893831132   -26.307945219450982    77.13176862214347    10.260128337998186 1052 0 265.8561170862343   185.9351702735741  16.865498886464707   13.294281168283954
Planck2018 -158.01380086016826    64.43789286967665    258.5824578666831     10.259160280588622 1053 0 309.81525271706005  157.81440700747672 56.577785340574415   12.965838439918093
Planck2018 -278.49872533367204    54.78178944600728    116.27687180615783    10.25913644526063  1054 0 306.72935200989883  168.8717703516563  22.277092745587325   13.879633902456204
Planck2018 -199.8654195238109    239.72992110040911     72.39327640925934    10.258334056269833 1055 2 320.4019467192806   129.81833167011493 13.05846452456428    13.39334387114498
Planck2018 -133.71582119490944    45.43191138049127      9.870592153079437   10.256922786438611 1056 1 141.5676799236543   161.23405407505265  3.998105329916058   13.603191747050838
Planck2018 -111.53674765884077  -193.559645515005       63.36655593800639    10.254949728895085 1057 0 232.20917910722395  240.0477471240405  15.836053062347363   13.359150251071801
Planck2018 -200.07810572530843  -129.82821401772222     56.64643623367902    10.247123211684116 1058 0 245.14369721376775  212.97904173234997 13.360335247780712   12.98327188224673
Planck2018 -247.12608706445297    31.7473262634432      73.70380633337679    10.245251095138293 1059 0 259.8296493872341   172.6795297871403  16.478888399274474   13.12327400580753
Planck2018 -182.89954544338752  -215.56656391726858     41.613840917004744   10.243995869289744 1060 0 285.74971383775943  229.68673711065964  8.373785100181886   13.50478105107377
Planck2018 -230.10891576876227    45.484971296925266   210.00581165247561    10.242582944058906 1061 0 314.8355708270152   168.81864713403684 41.838504794541585   13.207435917441108
Planck2018  -75.29193668991964   184.20015105890613    187.2599691411372     10.23640103044799  1062 1 273.2487281276573   112.23232256315224 43.25995815970488    12.744212369018612
Planck2018 -266.599586546979     -79.52238062510848     74.51412555105325    10.23392856219927  1063 0 288.0130265698809   196.60899819585475 14.99400049429004    13.171936256003573
Planck2018 -106.44209971077525   229.80083425667402    129.04605963590942    10.23225898819689  1064 1 284.23798043797154  114.85323413428915 27.001067121677274   11.886765417314221
Planck2018  -43.71785843595793  -104.1893673045022      30.96533393759284    10.231837577362379 1065 1 117.1559956272216   247.23707882501225 15.325872106643528   11.78780007687183
Planck2018 -316.24368990176015   -71.52274829014264     13.173137758113628   10.228506805191797 1066 1 324.4982380291918   192.74381364686784  2.3265847671884     11.570003722848492
Planck2018 -148.95199572051166  -181.2057027606474      47.23628473812614    10.22630686490599  1067 0 239.27697410734018  230.57962395936977 11.385694369686382   13.11297227699296
Planck2018 -105.16295012306209   177.4475486450135      77.11774115142165    10.226054710650455 1068 0 220.21358858846054  120.65278213417893 20.499254728179725   13.879877550804766
Planck2018  -57.071980523979725  -62.39594096716715    117.39696208588533    10.220290216464733 1069 0 144.6807213041963   227.5516370340492  54.234991070372374   13.245950610576127
Planck2018 -129.5874922628401   -226.43605125201313     39.02973319495535    10.220212162608101 1070 0 263.7982629412964   240.21784841342875  8.508316036954076   12.3164546974051
Planck2018 -189.22706718652972  -260.86319648257364     47.54946541025696    10.218229441475412 1071 1 325.7567219504802   234.04331422744613  8.393232724914485   12.46712825570642
Planck2018 -137.8451285006215   -187.28942869457822    126.53680755030855    10.215754447375321 1072 0 264.74548762371415  233.64691008261372 28.552017943681232   13.149752444390126
Planck2018 -166.1660954601228   -263.20688519597417     95.9448682064048     10.215734709555923 1073 1 325.72143532499325  237.7352236423887  17.1312216020975     11.332993168935637
Planck2018 -284.3961956865603    -53.03533996326063    128.19739439298613    10.214080695107407 1074 0 316.43090135945596  190.56340942240956 23.899619130795838   13.03355787937405
Planck2018  -81.66081655393256  -136.7119433749195     198.74434697577982    10.20866018249932  1075 0 254.67225973087724  239.14927145978407 51.29653557472195    13.857810041482171
Planck2018 -137.52009927550813   -75.24573191337917    248.76969943125465    10.20859661420233  1076 0 294.04091761359086  208.68579010575553 57.78328707437694    13.527599941659025
Planck2018 -179.6981542236357    249.0760425142266      82.96051380226861    10.204947662912014 1077 0 318.1395109637701   125.8089037890339  15.115620592166145   12.565212918298078
Planck2018 -171.70566641733066   123.94836163038768     79.69596189179131    10.2030779453772   1078 0 226.26859829091364  144.17578933816037 20.623062061009506   13.197233980250681
Planck2018 -229.96508469247735   176.52700185498966     34.30627195885906    10.202867049257758 1079 0 291.9291743852351   142.48924606397992  6.748750262462419   13.419761261303753
Planck2018 -130.5478930369572    200.6073440024194      23.446271377881757   10.201183877724336 1080 1 240.49072016528856  123.05460037225828  5.594850681077127   11.239094429395218
Planck2018 -107.28729854692118    21.327485442715272    36.42356956357097    10.190247882389933 1081 0 115.29138079040305  168.75682491662297 18.41673760160426    14.031255278988992
Planck2018  -91.62658731378899   110.79751916036594     37.142695767262005   10.189702116930857 1082 0 148.49613329552537  129.58983893682054 14.484949183352793   13.659662594529314
Planck2018 -135.99147654482078    71.13441080265511      5.110443604913515   10.18426308334847  1083 2 153.55748997336613  152.38683731140856  1.9071744933356531  12.47708001890818
Planck2018 -207.3657006460744   -149.54384823296098     90.61453389190346    10.182683105149032 1084 0 271.2469172197301   215.79763490354503 19.515788036467015   13.380647484484443
Planck2018 -202.1927092216226   -198.56917899358453    157.98707340955028    10.18237658493408  1085 1 324.4557379259619   224.48196837600688 29.138966162655752   12.284731771369085
Planck2018  -66.87640046155146  -136.04740263903525    134.61725387440575    10.179448838703822 1086 0 202.7391273144081   243.82279588384733 41.60507677859758    13.670258346837397
Planck2018 -141.11223239265718    82.6926475208884     278.3843144183657     10.171652635486396 1087 1 322.87545988977956  149.62943154912006 59.56488633130414    10.171652635486394
Planck2018 -143.03057371199696   -25.44710859389982     32.956653710364144   10.1709273821564   1088 0 148.9679206270853   190.08815087650015 12.781476635176787   13.303850153719607
Planck2018 -216.21075276473414   -44.13265440966532     33.76513695496219    10.170614827348485 1089 0 223.23723988152895  191.53665866573485  8.69950380102474    12.61118380253462
Planck2018 -190.4557485925947   -244.39936050074198    101.32765923796858    10.169702435889297 1090 1 325.9934571610037   232.07139517726236 18.1090932238694     10.628549023529677
Planck2018  -58.6057410350152    -71.89658407502023     32.330024513703556   10.16823214744996  1091 0  98.22923276182294  230.8151657319359  19.21587794605365    13.171215529079506
Planck2018 -225.15249347632223   -83.93584600090817    171.24501712142884    10.163870097422969 1092 0 295.0656324471082   200.44523093125858 35.47604037716084    12.222345594993048
Planck2018 -265.06851716324695    42.03623051162558     84.99951720609188    10.154613619340857 1093 0 281.51959326486985  170.98871870480332 17.573625752084762   13.65522672738232
Planck2018 -258.0712157911529   -110.56266217741853     -5.631061553225859   10.145670792696771 1094 2 280.81410851646683  203.1912211684642  -1.1490081079589511  12.934424670435869
Planck2018 -183.54216062481237   -23.909724583357065   211.4994932098221     10.145014897286659 1095 0 281.0541500929812   187.42202838787145 48.809335347312306   14.112030565692972
Planck2018 -107.17868173128235   182.86747516789657    247.3902202470135     10.144424852085232 1096 1 325.775542921507    120.37458020664276 49.41032425397098    10.23212971718843
Planck2018  -94.04204036169646   185.0094169827892     159.95839490583234    10.140397620089743 1097 0 262.02877290204736  116.94466231820397 37.622857033544406   13.024343834652342
Planck2018  -35.158744045384225  -98.29159434791178     59.08580269739651    10.13780266665845  1098 1 119.95210245218277  250.31795238445997 29.510187081316623   13.697740234837962
Planck2018  -78.93567055149308  -180.91721678369865     86.57739001509648    10.131262917570849 1099 0 215.5400748724      246.42796063723299 23.683028571867627   13.59832602325641
Planck2018  -56.07349872671232    52.94468224599747     45.62739793463358    10.128920436786986 1100 0  89.6060047087786   136.6439348160192  30.610571934761698   14.14998862708395
Planck2018 -172.80330425908343  -114.10535867432435    249.98408194060755    10.127699986633106 1101 1 324.6121625336025   213.43755320202794 50.362940328502575   11.92571679880272
Planck2018 -162.93767997560212   -92.08321027521119     87.5070328902396     10.126176802630557 1102 0 206.60466106957503  209.47269083301254 25.05880393177217    12.03810527429378
Planck2018 -105.60569674989596  -137.04403533098747    124.33533831693907    10.123765618036686 1103 0 213.0561127032492   232.3822680244912  35.70275398501534    13.348189403349545
Planck2018 -226.8778508661663    -77.60876990581082    118.14053055383611    10.121983182085213 1104 0 267.3085582982434   198.88442860658907 26.22920461073163    13.3656443565797
Planck2018  -40.933989720996564  -37.38126780849822      4.877006156562306   10.120822161461914 1105 1  55.64832330358629  222.40259413554722  5.027839144058672   12.174679074107583
Planck2018 -200.59234325811502    96.97277486005841    236.095745787113      10.12059371152919  1106 1 324.62625959187915  154.1993870762007  46.65924998992918    12.34604125663027
Planck2018 -266.25740976889034   108.95195587523365    136.36957336798326    10.118242998521888 1107 2 318.3711630886871   157.7457283894876  25.361953576962595   13.510929055571058
Planck2018 -177.96197734188965  -122.21556192296532    226.07643096169656    10.116282480162218 1108 0 312.59824310440416  214.4793710196121  46.320742530390156   13.143928043040365
Planck2018  -89.99768043094946  -143.37236133294348     96.77021598930928    10.114105462351922 1109 0 194.98638716524027  237.8826910219191  29.754993224174022   12.37747062539333
Planck2018 -275.58288552862416  -150.9537404525383      58.63326093210803    10.111885663503083 1110 1 319.64170228621254  208.71223842303834 10.569863995485703   14.194061240315712
Planck2018  -39.76536372715229    53.06094166194255     79.05287627738461    10.109557939984708 1111 2 103.17996380175886  126.8489228136815  50.010746613615545   13.563281825278088
Planck2018 -150.5883900125279    224.9198943152491      60.976424881305526   10.106609625241758 1112 0 277.45981052515253  123.80310366064859 12.695330101279774   12.170217005192429
Planck2018  -61.44553773367312  -103.82043709248815     93.177258911955      10.106560855822165 1113 0 152.43437553190236  239.38107201492693 37.680770716030764   13.16894443228306
Planck2018  -99.23464963704635  -134.61525002885102    137.90402366658597    10.10428787977361  1114 0 216.76323713294124  233.60338412821838 39.50878695662015    13.319215279690129
Planck2018 -117.8688774027379   -222.87445995711712    135.25302227223045    10.102638732516024 1115 0 286.11095259554594  242.12752988640372 28.21160581954192    13.720216254723752
Planck2018 -199.1441029853867    -17.722649119689073   255.9698849160839     10.099091869587282 1116 1 324.7969335286698   185.08558838786274 52.00756745969631    11.844513171791506
Planck2018 -146.17926491612963    71.40719350908643    199.7382901212217     10.095941319426863 1117 0 257.60968405091734  153.96492674901313 50.836994476291      12.489877304357178
Planck2018 -214.56166544111704   181.72926814568436     31.238710030691013   10.091042356060717 1118 0 282.91004256125916  139.7360945993496   6.339483095721735   12.364574437167994
Planck2018 -279.1082889200289      7.2882730792588815  165.95278721528857    10.085773311571742 1119 1 324.79975900986597  178.50419199691822 30.726380550424576   11.490664980389175
Planck2018 -211.23334635180768  -183.5137753735991      61.157354414158384   10.084362536304734 1120 0 286.4211136801781   220.98322181334134 12.328860499066183   13.1260796558384
Planck2018 -217.9853433286928     56.884913429145215    86.3590591968169     10.083411960274727 1121 0 241.27036781861287  165.3744080578458  20.97341865340019    13.427866776849232
Planck2018 -103.69577412713606   164.26218061497167     43.9610333779766     10.082148598675067 1122 2 199.16688983832418  122.26348436814364 12.751596171115077   12.076415506897995
Planck2018  -72.08009291118472    -9.55562716116293     74.08044965486077    10.081998827319653 1123 0 103.80155502493466  187.55164321893517 45.534616983914546   12.790256496760167
Planck2018 -175.86957646219756   -62.25113893625617    144.33679353467554    10.081285244636199 1124 0 235.87798157463823  199.4920259263713  37.72795121239385    13.932229111355564
Planck2018  -28.54635020697741    46.80938846771362     60.98910339939564    10.08066060518292  1125 1  82.01026577400474  121.37660993525571 48.04554171381252    12.356175966071184
Planck2018 -147.21456890299467   124.51651962405033     52.879142047334916   10.078203060630091 1126 0 199.93172989859139  139.77490555921554 15.336412643321182   13.372594120417329
Planck2018 -120.02893116103782    56.32825370910481    193.94680134056227    10.078050282968501 1127 0 234.93654086117374  154.85985253803804 55.64210593018849    13.208103251091725
Planck2018  -95.16939801940018  -147.0423153238185     245.536405743471      10.074352881870674 1128 2 301.6070015112161   237.08806401070086 54.49786234834101    13.210791949195123
Planck2018 -208.8914606035183     87.42513420019841     26.03349817938746    10.073736703242648 1129 0 227.93977149775796  157.28974273787676  6.558186887046868   12.37105965971496
Planck2018 -220.27127454563424  -185.43263792609756    116.79184455526243    10.066339822430008 1130 0 310.7169653443628   220.09193296863808 22.078623428561237   13.350862526478531
Planck2018 -201.28089937482588    28.908532569684326   210.47209119250437    10.06587278444331  1131 0 292.6571456148254   171.82690898401484 45.98651831649235    13.49719598458996
Planck2018 -194.79186849068458   129.24473030265568    184.74117817740765    10.065072331373571 1132 0 297.9553242609956   146.43565961374358 38.31831018636132    13.146215884783999
Planck2018 -105.6783383531204     53.477844100356684   208.14987375422243    10.064807128558034 1133 0 239.48728765969474  153.15860196491803 60.35977076753146    13.68176271805383
Planck2018 -194.78255145321148   234.7951531123588      29.002781335546114   10.062922399184783 1134 0 306.4476588275337   129.67859351705562  5.430707950160892   13.355018785262141
Planck2018 -112.45797894330086  -192.90940843738804     32.51848576959577    10.062820440373264 1135 0 225.65081167242076  239.759633700669    8.28573114166823    13.715602185297135
Planck2018 -243.27969153409325    43.86133045227831    162.59270746972885    10.062192414263013 1136 0 295.88040344758275  169.7798335796127  33.33420697594942    12.670169280715037
Planck2018 -135.33032853345003   174.30902919273586     50.732564986087745   10.061011485082261 1137 0 226.4326138813779   127.8251079585686  12.947108761760699   13.5842027716518
Planck2018 -134.78874250325734  -178.56560716925358    101.20012698360573    10.058669582085969 1138 0 245.55070122243905  232.9529777274993  24.339045630208947   12.476307727054024
Planck2018 -305.7656931465576     42.736570047957834   102.34523727068937    10.056141856843213 1139 1 325.25931365120437  172.04337001925532 18.340130234865654   11.847846345003166
Planck2018 -262.8187870045946    166.05077680998036      7.18141519267244    10.055033479613906 1140 2 310.9632582893579   147.7150117967924   1.3233118517972908  12.726968536733583
Planck2018  -63.270935584327695 -239.49685969948246    102.33588094001065    10.052735985331212 1141 0 268.0197560318973   255.20153501495724 22.446596914384703   13.518454498268063
Planck2018  -92.08062121837061   141.2373528213611     103.7562392658071     10.051119287145251 1142 0 197.97016902182534  123.1026046032896  31.607700475230793   13.85104065343751
Planck2018 -184.5715346654132   -135.91049938074926    231.2755213047644     10.051011482702059 1143 1 325.6173859078489   216.36632513448512 45.25670269466089    11.535004741718852
Planck2018 -184.26805693294173    29.665690682498855   230.36834463433712    10.046571481650677 1144 0 296.4866678605908   170.85431065509545 50.98616156574959    12.89274137337116
Planck2018 -210.22935204498876   -56.20113059469764     -0.9540620996017637  10.04418724838433  1145 2 217.61401098244562  194.96702601877217 -0.25119663284553806 12.84259258248765
Planck2018 -268.38763892675803   115.99157795746238     65.22178075506463    10.042104151760016 1146 0 299.5661055102924   156.626999355832   12.575201478994979   13.621488327536557
Planck2018 -204.0741248097484      4.085886828475685   104.5344453267818     10.03842175988969  1147 0 229.32595393417165  178.85300109800193 27.118573981754587   13.758348704315544
Planck2018 -209.0715827347672    -44.04854826151675    238.37161659923163    10.038217011687287 1148 0 320.11283777958494  191.89744303852112 48.12893595969223    13.24238282621314
Planck2018 -182.27589885841314   -31.54858006824606     77.10940664348374    10.032710442663763 1149 0 200.41376400306223  189.81955344315077 22.628286171991483   13.558356971686829
Planck2018 -102.58454923213166   149.05182231490238     74.92444117497048    10.028550748197084 1150 0 195.84102573754686  124.53759673154958 22.493453131055524   13.018434623443873
Planck2018 -215.03531564482273   130.55099672761975    149.93804010636984    10.022321281683553 1151 0 292.8569029269805   148.73746741549513 30.79607164534836    13.468485245801073
Planck2018 -255.535054274868     154.8527702385189      81.38852910422166    10.021390375247487 1152 0 309.6798945420125   148.78437844929917 15.237161535482965   13.299849006897187
Planck2018 -134.79603521994179  -181.69783209965377     57.57607975192735    10.019429154867684 1153 0 233.45037644075467  233.42941653452573 14.278236190492072   12.652596203136477
Planck2018 -138.16159198688223  -140.977502065856      222.67096465781358    10.016601311476302 1154 0 297.5661944689272   225.57797096106967 48.443965616422005   12.679427012770153
Planck2018 -322.0055570366341    -30.7480409434579      -5.869067829988548   10.015645341588838 1155 1 323.5235180655753   185.45458747994215 -1.0394646595843722  11.868940145750576
Planck2018 -173.76224035663654    39.78642888039046     56.151655680624685   10.012584484398493 1156 0 186.89377874206335  167.10326991769423 17.484446694724      12.42567956263508
Planck2018 -171.43929824207706   137.23369792719748    164.75605701555185    10.00985221200112  1157 0 274.53429503765267  141.32343259774217 36.87915412611021    13.131409297364055
Planck2018 -159.1915891877054    158.21237868756623     35.171638375498695   10.006557481983574 1158 0 227.17870275204467  135.17676039557935  8.906314010223975   13.06246904190726
Planck2018 -242.18316264409606    91.93124855018193     33.51138675127112    10.006246787193566 1159 0 261.20308530008845  159.21354417205762  7.37115250199346    13.022091789507927
Planck2018  -79.49228618416996     4.931499460244072   147.84633025626425    10.005758926448298 1160 0 167.9341556085501   176.4500649002699  61.68856633922066    13.18131061369869
Planck2018 -107.0399464685881   -134.33687477933424    277.81312600942414    10.005614668790251 1161 1 326.62528844014037  231.45207833823804 58.272203656884635   10.208765785006573
Planck2018  -79.44036592523672    98.97862677806053     47.74910907285152    10.004769868027285 1162 0 135.6005815417367   128.75057016627827 20.617685335591705   13.659932894711364
WMAP5      -169.8089305800467    163.57434343936856    210.3571468554907     22.563759264835706    0 1 315.9774801620237   136.07136117565415 41.738707940035376   28.111305531185153
WMAP5      -136.61079571847245    52.7926336628963     272.80227226881317    22.461278567804705    1 1 309.6298619818939   158.87119741802871 61.77041242662349    30.73535074377583
WMAP5      -168.4545092096291     96.24853778143108    253.1202471423988     22.129653009288532    2 1 318.92093410679337  150.25798582106697 52.53048386833889    27.955759143094205
WMAP5      -270.6995571097438    -81.02646271470341    135.6392455392579     21.883949281562142    3 1 313.43506952784935  196.6636237907866  25.64225351643022    29.65215029949703
WMAP5      -230.22104545721382   111.41004391135826    104.04949955450907    21.24092405232525     4 0 276.11632695892337  154.1764341439534  22.137594095207838   28.76928001242392
WMAP5      -203.12564280161666   167.41042470627346    104.67675981667655    21.128712350353016    5 0 283.272838637281    140.50561548844547 21.68640504923315    28.648846940657158
WMAP5       -89.26388635883097   -95.83585259186019    221.10559848188709    19.73150335799752     6 1 256.9829522165323   227.0334324874091  59.36041615335289    24.76274797993312
WMAP5      -163.18432638078843   -16.642762625543128    10.131340131910079   19.713014716601528    7 1 164.34339042696638  185.82331908832037  3.534376022254233   26.800773099228003
WMAP5      -141.6940306614711     78.13595669508508    101.37147689124099    19.668304152323813    8 0 190.94135848700125  151.12583835115643 32.06653567919091    26.325290843836058
WMAP5       -60.20729508724983    49.96897564188035    149.14191115541345    19.560262803536837    9 1 168.41949581776822  140.3090619702804  62.317835541104415   23.386113159654364
WMAP5       -79.97747851844494   -63.80829220838474    133.74771710680582    19.543599360078993   10 0 168.39342937300464  218.58385480794095 52.585165615387595   25.16552845459595
WMAP5      -209.36369956361753  -129.44181816685597    150.8560348011842     19.53956863176558    11 0 288.69687601573077  211.72696601593003 31.502870353578732   26.181084395306744
WMAP5       -94.3599509224589    -73.82751212482052    105.89119624673152    19.386839939408787   12 0 159.89761513916704  218.03973415917355 41.471219236389054   26.015494971243555
WMAP5      -226.024416058695      17.292611466022656   177.50054568789943    19.358359344978666   13 0 287.9106020720511   175.62495392471484 38.06191894616654    25.772184312911374
WMAP5      -262.22940419656766   -48.15688558912088     93.57206141491635    19.23261084188873    14 0 282.5580944378827   190.406084040905   19.33922429440507    25.93645025156642
WMAP5      -229.30680936015662    27.470696171144095   145.30810334404075    19.17279770284106    15 0 272.85654997544947  173.16858728580723 32.17750057937948    26.08052833038347
WMAP5       -78.44684660274613    83.05807335581133     21.089345832620744   19.010793576056358   16 0 116.1779316356682   133.36455710480033 10.458672969743198   25.34034824320928
WMAP5       -82.54543024025519    95.30989240797564    133.88469049155663    19.006280119490736   17 0 183.90985289643575  130.89498927348305 46.71822347221904    24.618460907908048
WMAP5      -204.32456358293442  -164.61941994643277    176.74568607129027    18.98122460521261    18 1 316.36548207993184  218.8575631197195  33.964258359597856   24.42706407561839
WMAP5       -92.31358504709625  -144.52741164050727    220.5773417883742     18.924619256253205   19 1 279.3999542057539   237.43252322349704 52.13582929110028    25.69994810042516
WMAP5      -102.69193704138439  -150.92584712806968     45.119400458294244   18.840287432292726   20 0 188.04256316683475  235.7681125054985  13.883145984676293   25.173739456110873
WMAP5      -252.82995584364173   -25.827469026699884   195.94131815909714    18.82533374441931    21 1 320.9097145462373   185.83273265018883 37.631512229645246   23.37158844109206
WMAP5      -105.23471392035754  -144.69652759007255    190.0847815957124     18.772116694664856   22 0 261.0433954437725   233.97239982751313 46.73345742752312    24.610892355866465
WMAP5      -219.8128278238426     60.2053336695253     145.52913441167982    18.5273151726132     23 0 270.40911678563265  164.68269881015343 32.559918781649486   25.676444670888902
WMAP5      -196.41233974760723  -145.01722318994888    197.55359004185047    18.481844199503957   24 1 314.0624510591428   216.4395833718527  38.97833257343703    25.600972819431092
WMAP5      -143.20570162095527    50.01621739569281    190.96883163922845    18.379647224237388   25 0 243.88232743881886  160.74766512403335 51.53946696608302    23.88018997247666
WMAP5      -166.31064113518707    24.464792035888998    32.3186561481025     18.367830014864957   26 0 171.17900262408227  171.63163709077182 10.88278246021427    24.7548996558035
WMAP5      -223.16035060964666   185.20825011494208    132.26307949244398    18.36620106525009    27 1 318.7415256782271   140.30958304017713 24.516421346794992   23.050377839651215
WMAP5      -165.5618053669776   -239.0522396442853     128.8666675902739     18.351735649855993   28 1 318.0617906809052   235.29446193985825 23.90130221748626    24.57746571891485
WMAP5      -151.9863047388655   -104.56732059413717    213.77185807347507    18.055047125997138   29 0 282.36956044977353  214.52816174783285 49.20605487407028    24.763991936557208
WMAP5      -106.29632685634574  -280.5095761129049     116.98774520237168    18.048537096761784   30 1 321.9792911379981   249.24629283271827 21.30541892499294    22.192845077026444
WMAP5      -217.65157965942933   207.1791196809988      41.38193322451669    17.90238673653013    31 0 303.32797786791264  136.41210666764823  7.841107716570508   23.587071433658675
WMAP5      -129.90814909552026   173.82668177864164    238.42392367131777    17.885588537822613   32 1 322.3938738227255   126.77234199202655 47.69244555211794    23.034008178138585
WMAP5      -254.34967377509844  -114.29549812858262     17.865654524817167   17.850644859594098   33 0 279.42154364608314  204.1974178562341   3.665878148840351   23.487070614427473
WMAP5      -104.7781672338287    -13.346691836592518    41.382025137706      17.842465588966483   34 0 113.44192574334619  187.25926914344436 21.39441273103622    24.122993908133793
WMAP5      -230.32348124910936  -207.77884603443886     18.44075066790698    17.808688373770117   35 1 310.7426848041765   222.0541720979661   3.402166432803279   23.67332417757322
WMAP5      -129.24092587534122  -202.70859887839904    214.41260125322975    17.747124549229518   36 1 322.1284783382798   237.47963683371674 41.729298398803714   21.76538322558097
WMAP5      -162.06383789728196    96.37250868006358    222.0348135473235     17.7198315646413     37 0 291.29333396128396  149.2618412145431  49.66188368690379    24.30850531531301
WMAP5      -245.06278073465037   103.91066503764539    157.80264083775398    17.63711211034847    38 0 309.442831982475    157.02225369011273 30.660987654539813   24.248982461406477
WMAP5      -261.3212168146819      2.3931710831594657  186.06735859605482    17.604593897734855   39 1 320.80456287318003  179.4753018094822  35.450698769899      21.78091029342148
WMAP5      -194.1150806373287    118.84993605524339    228.74035826901724    17.540797318607808   40 1 322.68889558243313  148.52230870353753 45.142012727853306   22.190680063092003
WMAP5       -95.71443275030506    78.3916019142172     270.337440231336      17.529219480585905   41 1 297.30258572407496  140.68199299548647 65.40888742896516    21.56796698786773
WMAP5      -106.64466720479885   128.68443558235907    189.37530732182495    17.481042954212562   42 0 252.5782572344822   129.64956555065982 48.57035819815385    23.027932723390535
WMAP5      -245.07867083352693   204.85430414059286      7.975541884182037   17.42633054881722    43 1 319.5190919034434   140.10870680708453  1.4303131380953344  21.159460855111508
WMAP5       -86.14968939792307  -187.54590770828847    159.56756746926055    17.39330582429521    44 0 260.8774522060914   245.32819517963586 37.7094247650429     23.532073196573307
WMAP5      -156.7398017572364    -91.87930932718746     -1.5761106850957973  17.185967253168876   45 1 181.69110342069706  210.37840684160844 -0.49702831458116603 22.460361763464597
WMAP5      -172.47459754266632  -126.5413010337613      31.049643590286625   17.160071991778317   46 0 216.15797008647527  216.2667818601011   8.25872343787122    23.229394505310854
WMAP5      -222.12829305519094    56.52803163610008    110.3495741886666     17.13666678964512    47 0 254.388335935209    165.7222268588548  25.707939190778397   22.976220605514172
WMAP5      -117.21599430561922  -152.87162451567158    229.48493348065318    17.093298875673828   48 0 299.6208564131263   232.52041779648687 49.988708738013266   23.640246501253625
WMAP5      -183.61808424005469    72.08479950968987     79.99809461060111    17.064510276537156   49 0 212.86501432050005  158.56601777805108 22.074760356009733   22.424229271449178
WMAP5      -236.06553904215428  -122.17190809895389     36.80268559836399    17.0147513587047     50 0 268.34185569726935  207.36309473530895  7.882876204600263   22.887650476927714
WMAP5       -64.00419672602773  -179.28758858575645    177.42722922441766    16.99007706329524    51 1 260.23258498830154  250.35385281586088 42.98465848962878    21.353174656351825
WMAP5      -240.19975010370422   -29.41716556862583     98.29317712006957    16.87738128574437    52 0 261.1950195703036   186.98222100293893 22.105983714428987   23.086496700937023
WMAP5      -282.7868906283942    -62.677482666100865    71.62221037184445    16.829322087240257   53 0 298.3733120826718   192.49712989169902 13.88903582405419    23.044488377026333
WMAP5      -134.1761298108905    -36.52777607439051     62.26592263156265    16.82820247090704    54 0 152.36324148930902  195.22899706385263 24.12116395094468    23.096487639918756
WMAP5       -33.41251288186044  -106.387779776895       81.67023173912446    16.797777751988907   55 1 138.22005084379     252.5644024447066  36.218847597198106   21.557754804154378
WMAP5      -264.34641551858726  -162.03297974289833     87.36328578732372    16.790619251057333   56 1 322.12739347259134  211.5065054014497  15.73611811940655    20.61094445228739
WMAP5      -110.1205045527451    123.56696287618104    148.55441988804742    16.780510506779763   57 0 222.40444129034148  131.7068121368683  41.90882437826555    22.211730317404566
WMAP5       -88.98402993300603    67.31965790151288    215.48693741430785    16.77187999737845    58 1 242.66172775963798  142.89116808990434 62.62470019514187    22.544087503973664
WMAP5      -226.26087977265425  -201.3603969073891      58.73606636328001    16.76152995632265    59 0 308.5286382980167   221.66741716832124 10.974655734877668   22.236795621865642
WMAP5      -251.22756640758314   112.46258304676178     29.316527190419496   16.720858529907968   60 0 276.8078421489048   155.8842171028842   6.079558239933064   21.951744058085257
WMAP5      -140.15870905814887   102.31594962798398     48.1545711984987     16.65298578211544    61 0 180.08853378389824  143.87053131816143 15.509246001897822   22.864113387655227
WMAP5      -181.57832160188897  -242.52405251878758      9.956795203807241   16.633474071946864   62 1 303.1299072949174   233.17771689257407  1.8823117121828095  23.10709173101215
WMAP5      -217.2690632293436     -3.5305947687480645  139.61363222833248    16.59352355059771    63 0 258.28332745255875  180.930967225327   32.72071305035217    22.679129769122905
WMAP5      -238.0813100838293      0.6808850005025648  203.26576211870787    16.587794482349327   64 1 313.0497466303328   179.8361411465231  40.489462110856415   21.95594980471752
WMAP5       -83.86662475152218    -1.696753368222216   189.73736509718353    16.585841841388966   65 1 207.45302464227203  181.15902537242846 66.14955153915258    18.969287380969707
WMAP5      -299.7103567546645    101.0189276301031      63.54060035999421    16.565138639037453   66 1 322.5965430373561   161.37334455414674 11.359603776256503   21.397230431543175
WMAP5      -107.75846628287832   160.71565006213027    185.57671677278364    16.526034249945496   67 0 268.1046904451642   123.84151413294015 43.80292704968399    22.912741593923833
WMAP5      -155.00716994614095    61.814371599563586   219.99495870832837    16.443538984179458   68 0 276.12682073286516  158.25867991234816 52.817741820893666   21.99995121852107
WMAP5      -196.64739876260845  -112.80234871233085    132.3301486708588     16.434007261668057   69 0 262.4992144033391   209.83976636061084 30.272711975496037   21.814169741120327
WMAP5      -166.04758829648634    93.06636856797246    196.10972959653384    16.413373184165746   70 0 273.2986948010084   150.73023733468278 45.85385218466645    22.470826004486014
WMAP5      -105.91078275828147   -93.22083676357768    255.1869183167529     16.411067964422166   71 1 291.5948929446032   221.3536755111366  61.061777823724206   21.24888397194492
WMAP5      -244.5979791588412     45.978306148478396   132.15954781131623    16.40237343525643    72 0 281.7948227391052   169.35405556220883 27.968891926562172   21.6980441385607
WMAP5      -208.7457178901856    -57.04385817703833    168.8662212994638     16.306971115769866   73 0 274.4896668167501   195.28403640461823 37.96650128340301    21.88627615934826
WMAP5      -139.44061670879788  -218.82971522201584    191.11178381196657    16.254390019730106   74 1 322.26362463683404  237.49428035899066 36.372275173294376   20.563895542629137
WMAP5      -216.3447070689491    -95.27997607139478    208.24114695637567    16.24721785232696    75 1 315.0360001692216   203.7690846217572  41.376752910695345   21.517005047253946
WMAP5      -290.5154709867457   -116.8483134171166      30.464271137248375   16.221380961952452   76 1 314.61220422450106  201.91049914095365  5.556724714581937   22.275891455064418
WMAP5      -123.07739759393878  -175.87113559210832     83.20521414013785    16.19453446905267    77 0 230.22121925022554  235.01506396326204 21.187071341642056   21.468546561111918
WMAP5       -82.05736455769075    31.170402139104624   154.19260071234785    16.11712740494198    78 1 177.42706434505644  159.20016266655836 60.34817607628552    21.67783352660065
WMAP5      -216.78392122451166   150.16137279662303     83.48030052293909    16.10074748917308    79 0 276.6092315108842   145.29052053854977 17.565667997289225   21.599201993783307
WMAP5      -164.26050723984838    25.200494740872653   177.85197854187663    16.085508972266155   80 0 243.40892638754474  171.27781158310148 46.94272238715671    22.096576553126127
WMAP5      -145.3300024139806    -86.99956299156864    171.511428447828      16.076983862957736   81 0 241.05166178764657  210.90619718818945 45.35816353169249    21.78456262473768
WMAP5      -151.93551644096954  -223.40713245448703    147.77654330109104    16.07326332415878    82 0 307.94976008716105  235.7810244420611  28.67705859044224    20.97648597861973
WMAP5      -131.19933700461945    84.9376263311771     213.35407297167146    16.055152296192777   83 0 264.476136637746    147.08123399219295 53.77518443128322    21.386923824726892
WMAP5      -142.58940115173868  -232.45190176632818    117.32233808669416    16.035566834029023   84 0 296.86723458428804  238.47443748363705 23.278533639594908   21.225001355255475
WMAP5      -250.4421680221547    -77.28120444160264    111.68476805877847    15.988209721858661   85 0 284.8984933268779   197.14912951603677 23.07999916632463    22.407644833072826
WMAP5       -56.95132476365285  -176.3840193799564      71.72625385888341    15.98545525978534    86 1 198.74463811029693  252.10563642441875 21.155266321830098   19.580886617334574
WMAP5      -206.80320463117172    -9.20884120202493    237.21940675800252    15.978595911975521   87 1 314.8418891199598   182.54966749819104 48.890612045744156   20.409896072062313
WMAP5      -126.81950030447392   -39.34830323309476    168.5908260708063     15.9560479281577     88 0 214.602752219157    197.23755561555626 51.775732070069466   22.423047248520387
WMAP5      -104.81199562378649    28.306576558220492   238.7332547468669     15.94653070525524    89 1 262.26014494223     164.88668629443924 65.54570485752632    19.077262595508984
WMAP5      -195.6386087911568    200.0897522270112     120.23995213787121    15.883884811709626   90 0 304.57843043479556  134.3555655759414  23.25194259198383    21.082899737781183
WMAP5      -252.06623867463404    27.774180189046533    -7.304623877457393   15.871661641173297   91 1 253.69696745279063  173.71216995743788 -1.64992893842492    19.92844213440142
WMAP5      -108.29683027843456   206.1284379210461     199.0589512076973     15.870149802382617   92 0 306.33576745792357  117.71677158368877 40.527009059688616   20.949471674945027
WMAP5      -169.3954955504066    171.37613473471046      6.133854033238903   15.847264802017117   93 1 241.04405745564137  134.66698815846786  1.458164505986165   20.574060461058323
WMAP5      -142.85891236097      118.71359825662428    187.96046214179765    15.84312747090808    94 0 264.255033217066    140.27393055143054 45.33950759982955    20.900678140844544
WMAP5      -202.81334105016967  -179.53925285770188     -0.9945144416883247  15.817113457807714   95 1 270.86635760760134  221.51666104234516 -0.21036797889016456 20.176980955555926
WMAP5      -252.1506849785437      4.903138819549688   118.37544790790716    15.801168203884167   96 0 278.5978380620176   178.8860083382332  25.14415817909389    20.440660474867496
WMAP5      -143.64853006199687   -74.54776018751807    280.44685155932444    15.782281728401351   97 1 323.79423294352523  207.42748161146028 60.01161719891907    19.874433386022414
WMAP5      -199.2073952829716      8.750731845631764   200.36933657470976    15.770973695264322   98 0 282.68008893915675  177.4847425763897  45.138998536751345   21.183900787109387
WMAP5       -58.970080444765564   68.61075770182104     59.51826967239221    15.756130285769663   99 0 108.29280163000548  130.6786430479279  33.3399213463749     21.546337130275848
WMAP5      -239.87563517692507   178.5366880193845     109.65164843744358    15.745095749447392  100 1 318.4951386214757   143.34011212654016 20.13787772411972    20.654586372532584
WMAP5      -134.16331673627997    71.75227683685937    249.05213281532687    15.700149735723913  101 0 291.84781933195234  151.8615524919459  58.57935471695343    21.26414027669621
WMAP5      -115.51688037247219     2.257561502204461   242.84654822609784    15.697870552064094  102 1 268.93064574394407  178.88040360972755 64.5563280753094     20.60500616789211
WMAP5      -139.23591880707167  -164.52984157632952    242.09501084080458    15.697038939130762  103 1 324.1399452847347   229.75991581425285 48.321195609110084   19.39194564143133
WMAP5      -249.1612827370798    128.4021487694034     144.62652107459934    15.68710975498522   104 1 315.41288372850045  152.73625165368793 27.29234310685136    21.302988380658505
WMAP5       -75.53930662406152    51.02526639814308    173.37437427893434    15.683283555389576  105 1 195.87863158817876  145.96177336023774 62.265210989543064   21.172954108381333
WMAP5      -206.35414916407967   -89.14125317649804    162.30856340694993    15.680287262196996  106 0 277.25848526300445  203.36346952229408 35.831621811672534   21.326029001812767
WMAP5      -146.115314015395    -286.6719728203674      35.89551071453217    15.666091141834551  107 1 323.75761408806443  242.99228144173674  6.365559428382908   17.826639550031263
WMAP5       -63.53663586828389   -36.109074786014304   145.9299293837262     15.650487757243507  108 1 163.20635302983823  209.61039039942736 63.398649390637736   18.643642499445175
WMAP5      -167.1972595693677    209.1587411493267     110.86460681608695    15.64713289699683   109 0 289.8159133849677   128.6381319217762  22.49076860058343    21.160514734999
WMAP5      -136.06033979740002   -37.34863267027081    104.422712566876      15.644800332337695  110 0 175.53187553247182  195.34964130592434 36.50501627597084    20.104266671376486
WMAP5       -96.308593552525     195.73625133045957    234.81570737226568    15.638195338322571  111 1 320.50965930171867  116.19868441565602 47.107519721368895   18.912370917169778
WMAP5      -162.1162815411082    125.35748075363941    208.99896212362646    15.621058012642129  112 0 292.70591536620503  142.28677579522827 45.563245267944026   20.893935792109684
WMAP5      -154.1952759167597   -149.48241713477861    198.8224577097064     15.606747270975992  113 0 292.66285353155024  224.11088220018604 42.79339036018165    21.68595150791003
WMAP5      -227.06315604264864   140.2476085482661      52.4383251352475     15.57832275730611   114 0 271.986849826505    148.29807387055354 11.116075526466267   21.15687153046437
WMAP5      -114.79279355046081  -244.78499072720854    167.38127150618314    15.557301170038356  115 1 317.9835957835952   244.87560364001337 31.761416697069055   21.09773911418275
WMAP5       -94.81852036163359   146.01001124747953     30.057358902936983   15.503734562191944  116 1 176.67178612409677  122.99958884850287  9.795439463157695   19.918178590982503
WMAP5      -246.0077300392315     69.33870806970693    137.86972704338626    15.466156767220397  117 0 290.4061316688222   164.2592012637641  28.342942896185882   20.60179369095179
WMAP5      -118.88818261197397  -209.93859082604567     47.89724708327976    15.431715188957037  118 0 245.97308422053143  240.47713089966632 11.228692143565247   20.729214031070477
WMAP5       -77.38074831512722  -204.4159981769658      97.74044779630069    15.408592009163637  119 0 239.43031482232095  249.2660673914286  24.093120585002467   20.108599525055226
WMAP5      -165.17485107667383   212.63437246104067      8.494006866541907   15.390584680232704  120 1 269.38495862380813  127.84013983187556  1.8068990392901538  19.872247717485664
WMAP5      -200.38375728694982   108.72949053486218    188.22034362152226    15.352874682843069  121 0 295.6393919108376   151.51546311375697 39.542852787817125   20.536109173313502
WMAP5      -103.10973709235438  -178.2453594620526     183.49411955946454    15.34635933663237   122 0 275.8135565303378   239.95187175936462 41.704053741663685   20.270637884922376
WMAP5      -302.490023845918      47.63013599858886     66.25504889690227    15.335440525159875  123 0 313.3026905180979   171.0516672065939  12.20868572912082    20.937994110313205
WMAP5      -118.58679122715428   171.80993331767706    215.17116534682995    15.334177992213927  124 0 299.8001178066649   124.61424552484421 45.86618139347255    20.43441435577874
WMAP5       -62.21126814026509   -85.05161935937399    102.81527097823779    15.330510797915581  125 0 147.2243179152149   233.8162814638149  44.295409094128935   21.36861399479782
WMAP5      -168.1464502819297   -272.8603321332821      49.55148071668442    15.3193127756804    126 1 324.31672611124213  238.35711566074332  8.78849006450611    17.862233720416736
WMAP5       -64.24633920699542  -135.44397954610466    170.0457570802034     15.271053480191558  127 1 226.68970686329249  244.62319818208744 48.60126071922311    19.976629973025073
WMAP5      -170.22228005779473   101.23620837799167    153.64418718693724    15.270786882157378  128 0 250.6609877327564   149.2588028374023  37.80355819399026    20.030101370350266
WMAP5      -158.81075060886224    55.67768204651942    101.21257874406164    15.265899052884205  129 0 196.37933924689335  160.67977294449776 31.023741553715105   19.9322297534552
WMAP5      -211.11761903788505   -34.577188123201495   202.2878846352219     15.247135379267931  130 0 294.4259147509364   189.3014145994387  43.397727669376636   20.27346759813923
WMAP5      -140.95249094963143   126.85830740616035      5.586453043954698   15.237630891955412  131 1 189.71516365455375  138.0125482034049   1.6874057433046252  19.091971980885155
WMAP5      -194.99073628120743   252.23905900841217      9.856630541698708   15.229763888343323  132 1 318.9719161471307   127.70543702851774  1.7707930322461207  16.659651029941234
WMAP5      -255.42101640696393    -0.48220273986792034  75.1876867312494     15.21619785452373   133 0 266.257988383157    180.1081670938041  16.402695930544347   20.736705127662713
WMAP5       -85.25200066454235    33.08648407683099    130.64798656919479    15.206587485838998  134 0 159.47261658497368  158.78866048691097 55.00981466463288    20.21547136782819
WMAP5      -109.63699873540948   209.63981490317042    165.90170832049247    15.200761790015807  135 1 288.9506883674124   117.60857473927125 35.04029029309695    20.035929192769917
WMAP5      -195.8067889030852    -50.29213260526534    212.8349902353631     15.198175162729964  136 0 293.54442636679386  194.4048023327094  46.47317855501565    20.688719507444766
WMAP5       -81.27296740894865  -199.64667588726346     62.64388723580242    15.18951195910307   137 1 224.47348848427956  247.84954806971064 16.204726072805702   18.772166199294233
WMAP5      -278.4619672169188    -47.35852462367353    154.38226503205496    15.18229330393772   138 1 321.89715872818005  189.65204288074776 28.659359288769096   19.58133900382862
WMAP5      -163.4276690938447    187.15627856810036    105.59536209906555    15.16900558243463   139 0 269.97491759372826  131.1279492671507  23.024846325656277   21.249135944857436
WMAP5      -166.54180195857313   151.86614020264693    147.3246369255783     15.161313818635044  140 0 269.26575160036987  137.63893798564038 33.1706627948665     19.444242538234928
WMAP5       -82.13657472954463   -41.55872454748934    107.56758140207054    15.079588242125462  141 0 141.5779963942393   206.83808729566056 49.44446548512922    19.59324028449595
WMAP5      -115.66028238755997   -71.08815544530185     28.355805334759655   15.079196539974566  142 0 138.6898643115938   211.57608690990725 11.797584104630404   20.63503868203437
WMAP5      -213.16560192913897  -218.31514139496338     33.44040619023795    15.05030632837178   143 0 306.9516828008654   225.6837683380894   6.254419483840825   20.452700623560812
WMAP5       -71.36230080933852    88.04878865482026    182.12223614202543    15.04837333832178   144 1 214.5079859999515   129.02427879178433 58.105575259485384   19.686238436690555
WMAP5      -284.7668401335503    153.06138969938635      3.3914770482608367  15.03646451757332   145 1 323.31322950495434  151.74209321875665  0.6010297978597803  17.834452625256418
WMAP5      -255.64288916828903   184.98760189702975     68.68118392691022    15.029888494673871  146 1 322.9408686795868   144.10985265612626 12.279112135397067   19.655670558756086
WMAP5      -188.88788860995825   -81.82915266414591    231.27121887822253    15.007289960134646  147 0 309.61431066841664  203.4230063877829  48.32820233647411    19.9149883639531
WMAP5      -118.49146125358583   -98.55234960834078    114.87047916764344    15.004564231435783  148 0 192.2186749187983   219.75115517717023 36.69842568887563    19.81972117845249
WMAP5      -238.72684553868532  -111.45883809350705    127.37852274026812    14.989577962033884  149 0 292.6411922910016   205.027333525239   25.802604158763305   19.752987420831715
WMAP5      -187.53520431252377   -29.48038454204836    193.18152876411767    14.988020288823353  150 0 270.84617218068394  188.93374062007518 45.5001131210494     20.147215861945842
WMAP5      -140.42127186822023   150.43420203620002    221.24538011649986    14.981554390622078  151 0 302.15575612298267  133.0283260421643  47.07307723061021    20.203363004024833
WMAP5       -97.76098240601264    64.0784336281167     109.15260313083446    14.941001275878804  152 0 159.92981619278854  146.75675346187006 43.03955894024259    19.678670186972337
WMAP5      -131.3473196636739    223.3544626277287      55.60554018042425    14.934635003353623  153 1 265.01190625575595  120.45836747969324 12.111968072483718   18.836075367413816
WMAP5       -68.91087933090128   -69.68132288778547     60.52957199468894    14.89761300518879   154 0 115.18691390696291  225.31850788674944 31.701236025724075   19.47009128056172
WMAP5      -247.0128869228475    162.76928439763495     27.687413350497042   14.891984499383616  155 0 297.11243512737553  146.61709221210933  5.347056495543799   19.349512408797104
WMAP5      -146.9132899839052    128.09442858420599    256.3687396062494     14.856891814726197  156 1 322.0506606972049   138.91466473305803 52.75463503587244    19.14760772713528
WMAP5      -284.1560356686314    -43.72276060766249     -0.31753688855568085 14.839080983412083  157 0 287.5003186637244   188.74743222640907 -0.06328176378189876 19.6082613136372
WMAP5       -66.54384177567322  -260.7344940121072     104.08436138666619    14.837778652134238  158 1 288.5205599801954   255.68278161118548 21.146384462975625   18.15553639272743
WMAP5      -185.8695781976716      9.523319810283747   242.23784796898477    14.83069875385706   159 0 305.4789169619309   177.06692556203248 52.4646222087999     19.88746264894096
WMAP5      -114.49815168751381    78.71063367534205    288.76247576497383    14.817783792261713  160 1 320.45117881410255  145.49380321224638 64.30465198302574    17.567203134197886
WMAP5       -77.4719448475782   -188.02814534744857     43.71747022044368    14.816766076333641  161 1 208.00890097239306  247.60720604227694 12.132382339746234   18.345780204126402
WMAP5      -124.8914019722283   -138.7685063770052      -0.6526540653116153  14.816101906348312  162 1 186.69490246394682  228.01284539221928 -0.2002968431185691  18.452547259320163
WMAP5      -198.29238131019014   -90.28255198340554     84.36897138756285    14.780087897439055  163 0 233.64274226112303  204.4797814432299  21.1679179379338     18.889495226504234
WMAP5      -273.5015522177778     48.85941848441907     61.38791816310157    14.765826676140476  164 0 284.532631409069    169.8712973920851  12.459532471010931   19.70730851525668
WMAP5      -140.45163047375874   112.6035836147569      70.61631371454459    14.759722428406246  165 0 193.37241609974728  141.27997701570646 21.418843576500795   19.998297690350647
WMAP5       -94.71467627206856   124.02253270012625    260.89491526568287    14.756159199102012  166 1 304.0043014994434   127.3685837625184  59.11449703109095    18.41643735731806
WMAP5       -88.4489620019452     27.479371227725295   195.45821199200785    14.75142295467764   167 1 216.29204182633572  162.74099722794784 64.64572488341247    18.119722534831546
WMAP5      -139.61268798030898  -199.82599577523592    177.519856344023      14.741655793772166  168 0 301.5550208984329   235.0591049746966  36.063497827855855   20.505912378865293
WMAP5      -148.81679382832692   135.20066811627947    123.21733273619984    14.736764104060748  169 0 235.81384580014486  137.74472446061876 31.501406803073035   19.05990008166834
WMAP5      -205.33860273128352    72.68608336705863     56.85138915122727    14.722106471507132  170 0 225.12060975242395  160.50697470970175 14.627717520246152   19.41341323444806
WMAP5      -260.6721069358193    -47.70073208711322    182.79271998645123    14.720155763960184  171 1 321.9293177951503   190.36989778794194 34.5972260931777     20.35249351173534
WMAP5      -176.63216353779686   -27.623800938000308   173.5341117766279     14.710153213797362  172 0 249.15072451110487  188.88858322768158 44.14707126007808    20.071658491177747
WMAP5      -108.69145931100029  -273.7821504115371      90.43412197226527    14.695415155272233  173 1 308.13767966286576  248.3469322044508  17.066778726887428   16.726238503397063
WMAP5       -71.93595592409878  -175.57202978555918    202.3849509317343     14.694841446118613  174 1 277.4166320921939   247.71994315035244 46.84736771190207    17.574678915361943
WMAP5      -224.93413529675908  -185.66312342229847     -9.97123392820072    14.677306295905     175 1 291.83143443891584  219.5366423367723  -1.9580510288352926  18.151913437426366
WMAP5      -169.63378154123765  -239.98853993904868     72.9773679248623     14.636288279661823  176 0 302.81316908499446  234.74575699910304 13.945450566689539   19.593604249200652
WMAP5       -74.05659773562738   -59.65745427922442     95.21853939878856    14.624539018506033  177 0 134.57325798424043  218.85372649670904 45.036666105463006   20.229025352015974
WMAP5      -166.18682492615804   104.5674658589663      30.446994038757207   14.62341828652575   178 0 198.69432589080068  147.82122650230278  8.814466503116362   19.878911049004106
WMAP5      -190.8467907315417    128.78087681504044     75.99970974525513    14.588687200405085  179 0 242.45199039633087  145.989046534627   18.268046809687      19.234997629475824
WMAP5      -119.37152070082635   -38.221536632315235   215.9922181348784     14.521953027747713  180 0 249.72601809140377  197.75453276536993 59.87320154628148    19.740215135395957
WMAP5      -162.73199724262017  -193.59863969297567    173.3688888380445     14.504815616061252  181 0 306.62502806274796  229.95080830855093 34.43077447168985    19.014982171433363
WMAP5       -37.624761897237335  -64.4503182637103      11.689980606240574   14.467648307770357  182 1  75.538876604644    239.72450168289342  8.902557977107257   17.368951348916017
WMAP5      -135.79055824888596   114.40154676834943    104.74022186016961    14.463244483411087  183 0 206.14874165963877  139.88635541236184 30.53607852529478    20.42621113053095
WMAP5      -293.79737025149586   -91.77856291066394     80.58978882722474    14.459101446211273  184 1 318.1743444086244   197.3481409309902  14.672173229622699   19.212129658500935
WMAP5      -124.66685968006021    21.742915561466493   100.63657670212281    14.455535126624678  185 0 161.6858090554738   170.10666101132767 38.493115066079795   19.43936207262131
WMAP5      -152.15823150110396    78.11419694613235     60.04776702854398    14.449905813666877  186 0 181.27241793278145  152.82517992379843 19.345091279181776   18.53205996421759
WMAP5      -195.07558334161774   -38.30851728059887    107.65339762686651    14.434160498092142  187 0 226.07803903280524  191.11024055037097 28.4360798728907     18.962264545834337
WMAP5      -313.888970151854     -41.862740284281166    20.610341394513483   14.428128709353734  188 2 317.33824348713324  187.59659422192763  3.723841607936023   18.58159146108865
WMAP5      -165.54537916894384     9.564064764026465    83.56914968644409    14.422849510143395  189 0 185.68938224442232  176.6935223633045  26.74676866187894    19.123635599245517
WMAP5      -192.62409159613918   135.1106524615127     158.52061479717614    14.413749627445087  190 0 283.70356780888073  144.95335992928793 33.96969941276532    18.857098764699952
WMAP5      -100.04437606577167   129.17822921466905     15.679994219897731   14.404550188265588  191 1 164.13943555454048  127.75662801921881  5.481739030819962   19.87659969067874
WMAP5       -99.19310262704377   -16.921625011367563     5.120521422125943   14.400119259768138  192 1 100.75630373053107  189.68105069703793  2.9130753380763985  17.78295395628442
WMAP5       -96.96672390171338  -190.5090807005076      89.26985323557606    14.391352209361127  193 0 231.6578556196291   243.02447888563844 22.665604038631663   19.112522439812956
WMAP5       -55.528544639158184  -83.1217421182441     137.6779080643365     14.385218656227977  194 1 170.14067606391703  236.25554148338733 54.01788457466916    18.28223321500821
WMAP5      -249.40405326791097  -136.17285964418053     98.98640747702275    14.364545285117224  195 0 300.9048659549125   208.6342299552738  19.20581365393021    19.032609481808954
WMAP5      -104.31001542291165   -61.61819212474028     50.64741765608423    14.325489606762536  196 0 131.31085954131632  210.57126924314116 22.687591384947638   19.559641861941294
WMAP5      -152.89906668420616  -125.64527833088322     -4.844360473282453   14.303184717381564  197 1 197.96042126683184  219.41176072443633 -1.402245550256644   17.455258723828397
WMAP5      -165.1416684350899   -127.95925015313844    176.14573624288045    14.299522839764204  198 0 273.26298825458423  217.77014725111354 40.135805011452966   19.03345084187874
WMAP5      -139.74698568233268   101.33450250511528    173.40644113639465    14.298795754940262  199 0 244.67875925966115  144.05306779451388 45.13010641025507    19.85136242755433
WMAP5      -153.79751292625863   -31.703084421538186    49.05699562418731    14.296925130853316  200 0 164.5154988559236   191.64753246500194 17.348966143364443   19.363154213232892
WMAP5      -106.18262774574356   -88.78926426618216    136.2362692073552     14.287083150611975  201 0 194.2127826160267   219.90216161006606 44.54581854025635    18.399729282623813
WMAP5       -60.735207175080944  111.69570831899416    102.79475906719215    14.284577252702114  202 1 163.497581447445    118.53540018399553 38.95600167687506    18.55515770490762
WMAP5      -106.99633444609219  -252.55110061230738     82.05743176704517    14.280643396037918  203 1 286.2930249125729   247.03946666700463 16.65573423759257    18.079886537500272
WMAP5      -273.0671551702332    172.84383419046665     31.863446515669963   14.253470298929399  204 1 324.739805805021    147.66733932191278  5.630917852448368   17.31954060938718
WMAP5      -167.18079436610623   181.60279166018432     59.68396615460284    14.25182850315589   205 0 253.95111293238782  132.6322018788386  13.592888890298639   19.26248892909501
WMAP5      -213.49820341397      233.1410564891363      36.947892427257855   14.239189190886036  206 1 318.2787800603109   132.48179814456648  6.66630079967876    19.19563425611681
WMAP5      -119.16754526474442  -141.36154190068456    167.71990443189662    14.236100782024304  207 0 249.6276341185175   229.86916686159276 42.212358217652586   19.45274347460588
WMAP5      -141.15543646992234  -131.05084047686032    150.31836523910758    14.231628323258773  208 0 244.3251746399939   222.87409385444218 37.96928527011269    18.171275353376004
WMAP5      -155.29893686789637    43.64677949227351    238.86642785715023    14.220225251105633  209 0 288.2359649828265   164.30197734518518 55.96730384812948    19.84219504396521
WMAP5      -146.39077625869854    96.65266684690202    121.4796887339436     14.214144699315925  210 0 213.37598777073862  146.5657146879783  34.70297484932352    19.901488922014007
WMAP5      -183.25847368817253  -124.17969022577758    151.87115467462036    14.211634265182452  211 0 268.45690765054115  214.12237006508215 34.45223002915766    19.99832411702153
WMAP5       -86.14901345876345   125.89858467220965    145.3533469859809     14.202114661524497  212 0 210.7123670371787   124.3827862311048  43.6157650808531     19.243404032068344
WMAP5       -24.862093780199785  -63.04638833782056     35.3102182239832     14.194881230843041  213 1  76.41846832149962  248.47839921741277 27.520369888958562   17.6160936853538
WMAP5      -144.8462353758346    185.67723379262736     68.74956264714102    14.191683414581176  214 0 245.32217473275188  127.95768273777279 16.27464508487966    19.26749582308153
WMAP5      -245.04753293057172   133.9470525467119      64.8863168605402     14.179166261787238  215 0 286.70601737151884  151.338250935029   13.080308145774756   19.433114511154937
WMAP5      -129.19413512622026   199.93114476978863     97.81017211739787    14.176122646953255  216 0 257.3527092719352   122.87026734019321 22.33756807694674    17.79934959855046
WMAP5      -153.0185386221416    -71.60413867937697    111.98064564306782    14.16163324538717   217 0 202.6856947016972   205.07697160886272 33.53760754967634    19.191422840601486
WMAP5      -202.99287081881425    11.519334881807138    -4.642453985147679   14.152590358494828  218 1 203.37244911341173  176.75209201335116 -1.308024402851789   16.9150409433608
WMAP5      -203.86948006360734    12.894839553852558   153.94699233667328    14.150179456990982  219 0 255.79037948686212  176.38083642676773 37.00238382206201    19.26739366758079
WMAP5      -214.833276217531     114.22663371139629    214.47331772679658    14.145165322041398  220 1 324.3452858238191   152.00046687819764 41.39527411459077    17.26432634932439
WMAP5      -101.9255632725593   -170.52281444303074    220.88822815286926    14.14026262450175   221 0 297.0832543757975   239.1322297571843  48.032390929859005   19.383058266606803
WMAP5       -56.617413276545406 -213.4129926449928      99.47240981975615    14.13576272701464   222 1 242.16811770166694  255.14197755787166 24.252438828259223   17.307133141859495
WMAP5      -115.08442504270377   -34.90172160419815     33.48262536099575    14.11972435781488   223 0 124.83445541761077  196.8710075115223  15.558148891530365   19.047228950642303
WMAP5      -258.6738333883945    -57.09365127160142     50.28149918592359    14.118898793083849  224 0 269.62949811872244  192.44658424003228 10.747646074375554   18.58607159420151
WMAP5      -176.2631947484698    -30.591123772067387   138.56319222723747    14.11139864811651   225 0 226.2836470379097   189.8458194645069  37.75910579289609    18.196947593973988
WMAP5      -216.40069652936046   105.86857406140513     14.900683943878105   14.09696504110875   226 0 241.369937676967    153.93097604186687  3.539336846324392   18.74394841684486
WMAP5      -279.44824929545956  -143.86176976848927     30.415956682328176   14.08298692178995   227 1 315.7731199075064   207.23970320661846  5.527424422286931   18.205032798759838
WMAP5      -132.3729879213698    -90.35322190761775    237.8134507538023     14.076013011426106  228 0 286.7778757152467   214.31609293614804 56.02280754810044    18.078510880215894
WMAP5       -99.02957938853122    73.73451779140373      6.1069735572429895  14.067900826046623  229 1 123.61606624476086  143.32971239473008  2.8317217062651134  17.047321398010677
WMAP5      -125.27511510702412  -126.7345777388522     268.2638972792432     14.066251701771575  230 1 322.057489034445    225.3318130877306  56.40494276404642    18.005265856444105
WMAP5      -282.34265093071946    62.437194449119474   145.29302431217877    14.0573790667362    231 1 323.61371834185684  167.53030610286126 26.677653719883313   18.503366926958595
WMAP5      -147.02587049344106    58.51563844325718     81.99142787280552    14.049485432262331  232 0 178.2225596870317   158.297665779982   27.390384391128517   19.436706372635726
WMAP5      -238.77700996830245  -177.65340109652718     34.772630190753986   14.044922614477274  233 0 299.64032976378417  216.64975805113392  6.664069835857818   19.02113106793209
WMAP5      -182.92678616463166  -152.9472565840911     220.20892414128022    14.030599307151888  234 1 324.5720916292415   219.8993958422568  42.723357115342196   16.899520007956134
WMAP5      -227.36592363553376   138.3571028831452     186.46759899983041    14.026051296422509  235 1 324.9740245398363   148.67857913732936 35.0151013220608     16.123684327562476
WMAP5      -165.34867765476992   175.32971173420682    166.3051395844156     14.012376092045882  236 0 292.8106768394435   133.32185542425904 34.608184654713696   19.36557151720306
WMAP5      -102.77273210390095  -191.95513744327116    214.39087014972412    14.009383625741402  237 0 305.5690665930064   241.8354147221444  44.55646433088373    18.092515395791114
WMAP5      -234.1599954073633   -103.63724266537919    172.45066031641994    13.989055224159646  238 0 308.72449167506676  203.87377794047876 33.95839798703631    18.993101565825413
WMAP5      -177.5152092892526    148.4375195397845       5.364993421774386   13.982201905406866  239 1 231.46086038582578  140.0977649525505   1.328168447599088   17.164146276519233
WMAP5      -286.45120125150913  -135.46406818696417     67.06288255192113    13.978025390418157  240 1 323.8861446316712   205.309678695998   11.949938472021548   16.64675824455681
WMAP5      -139.4408055366917    -27.102373183590387   235.55002811373302    13.977919111162958  241 0 275.06743286925933  190.99913934839304 58.90759797154115    18.70994896109277
WMAP5      -180.73227121867748   162.82513180702645    122.35443559018785    13.949170676508695  242 0 272.29907329337453  137.9837106507407  26.701245638310773   19.13242121661456
WMAP5      -205.54886171208923   161.6040116003786     168.30322541658572    13.943759478475233  243 0 310.95364092111373  141.82531286521146 32.768677540789355   18.805179190910984
WMAP5      -169.4241437549194    123.87321223582701    103.8536769944826     13.942767936708     244 0 234.16810077801836  143.8278709805198  26.3274430056994     17.854164594502475
WMAP5      -211.9841365601882    110.54648804160833     80.33602370051443    13.941888919026638  245 0 252.21355410744997  152.45864734961393 18.573675003493044   18.30048984534329
WMAP5       -43.84194470750449    49.20275707885851      7.326607631116761   13.911804473557437  246 1  66.3076662179976   131.70252335314672  6.343800546901019   16.502324661313736
WMAP5      -167.2463695130841   -261.25929815909745     11.271511062618558   13.91047736203918   247 1 310.4107213862401   237.3744690128783   2.080959105618885   17.893464791104524
WMAP5      -181.26342785570333   230.79848840952081      5.374416871269181   13.906162785053127  248 1 293.5187504859369   128.14521512798115  1.0491616385717566  17.1532271826671
WMAP5      -164.67998897891994   -23.43668041381536    279.033999699082      13.902011730342771  249 1 324.85188893861124  188.09974329619553 59.199743265338725   16.5263817560188
WMAP5       -69.91293280175901    37.18439898788912     74.73760881141509    13.892104214541456  250 0 108.88621525189454  151.99295130183708 43.344441866140826   18.93557156673772
WMAP5      -194.2480542596324    -30.3403974882134       3.731675287297495   13.887116186537217  251 1 196.63868313189477  188.87753189379666  1.087385638710182   18.425130051540528
WMAP5      -159.25487807714194  -217.52470364373545     39.28320936625459    13.88332015581478   252 0 272.4376688800087   233.79127711510026  8.29046636814863    18.318602205668665
WMAP5      -183.98019969258405    90.65293576501146    139.57420507930635    13.864681572730682  253 0 248.08794280508408  153.76905594155556 34.23577647336323    18.96161095412727
WMAP5      -249.36957551808942   178.84001718276068      3.47142535631714    13.863739065311181  254 1 306.8892108465313   144.3530990374482   0.6481240025547316  16.564575233549515
WMAP5      -246.12302940986572  -168.7090843551954      59.95140115720511    13.859078962814978  255 0 304.35747280224643  214.42933052105363 11.360233639950831   17.902384100156308
WMAP5      -172.70696427669517   -98.36764557386115    146.94500112962453    13.852994553302903  256 0 247.1775122506127   209.6642756961938  36.47641126977761    18.521928475243488
WMAP5      -132.38606574475952    29.940481309303546   231.36078542973632    13.84908943276622   257 0 268.2355603924898   167.2563516625606  59.601666546003614   18.609448438483987
WMAP5      -106.5295076262079    -69.58681819811888    266.64523023749763    13.837969440589436  258 1 295.44972511482973  213.15322687465263 64.4894865589589     16.890553099177453
WMAP5      -275.8409501185028   -129.3687840419315      14.429867540511529   13.829409333996583  259 0 305.01267698901137  205.12647149949032  2.7116224613004847  18.898366238096298
WMAP5       -92.49290918982378    81.040261345656       43.10493993846856    13.824249411054426  260 0 130.30924010394733  138.77586700138954 19.316707309074516   18.845461505739127
WMAP5       -48.85960026002281    81.23109772034461     41.008830841659936   13.804077612023555  261 1 103.28347390275597  121.02643983406688 23.39396587245127    17.64408033816263
WMAP5      -303.38352655955657   -50.68661173685666     80.99499552087433    13.802625716502039  262 1 318.07371173440674  189.48486534532367 14.752385942333571   18.577803602273434
WMAP5      -137.20123311499296   257.9304602178598     121.57722929476671    13.797174304497497  263 1 316.43849854191865  118.00990042579801 22.594389843281597   18.361977621416315
WMAP5       -78.73620878510131   117.7328350145184      51.65073405051659    13.778307403441733  264 0 150.75877865770892  123.77342498758364 20.035673625149542   19.075019844115864
WMAP5      -133.98059415089787  -109.57938945508677    142.1072964115181     13.767413433951567  265 0 223.94848938041144  219.27887787432974 39.386875813653894   17.515878082160004
WMAP5       -84.4363061307003    147.08698484576493    180.2800498548726     13.742938230420416  266 2 247.51761003955048  119.85827828484437 46.74844872156755    17.766008531419466
WMAP5      -147.67429204025748   245.92033718161505    151.18718952850438    13.742239971531998  267 1 324.256187368319    120.984667459047   27.791697655917854   17.07575366643573
WMAP5      -142.18369222102143  -138.77764283002398     29.829389622313826   13.73790019976789   268 0 200.9109976290488   224.3054464392604   8.538309808650528   18.410083267516377
WMAP5       -53.68052859272899  -193.63582183634685     92.23648883381296    13.731279426477917  269 1 221.09726484202005  254.5053408160568  24.656429147953656   15.569142562962975
WMAP5      -121.50227680624216    -7.427484268739715   187.55862425585656    13.729645207512942  270 0 223.5983191448734   183.49816149638977 57.01566805598198    18.077847465639028
WMAP5      -313.5702192978296    -26.997367066884834    74.4757345765836     13.729326473993662  271 1 323.4219771440321   184.9208437491955  13.313215129105584   18.064867084392347
WMAP5      -187.27221526374393   182.01958652511723    165.95150396105865    13.728158182763478  272 0 309.4219031605583   135.81489262402454 32.43399024035803    18.37450632042217
WMAP5       -65.63674272283622   -31.947314244097694   121.23034023710308    13.72055271507906   273 1 141.51186620449428  205.95353595864339 58.945796932479375   17.648331465709358
WMAP5      -289.82167476360644   -85.5667320098699      -2.317831207444594   13.704057235561203  274 0 302.1980164248878   196.44866864320224 -0.43945770883480256 18.218017522054588
WMAP5      -251.2894233977906   -145.51866429261247     -2.966726111349515   13.7028585495069    275 1 290.3977572794251   210.0746129682987  -0.585348329308051   18.419280401952363
WMAP5      -108.1828978814401     17.907014642642718   193.15362854112692    13.70186920442305   276 0 222.10926317027292  170.60131345961207 60.4160634319638     18.217844720187884
WMAP5      -284.2156454089893     49.013139065482086    83.21516924171647    13.700694567651023  277 0 300.1759238983502   170.21554880128934 16.094434846994698   17.664964394324958
WMAP5      -108.52914994499488   193.20252587446043    145.29225257488298    13.693912042989824  278 0 264.98232214685254  119.32456576693119 33.25109611941606    18.19789709690157
WMAP5       -98.7558942432929     97.18204109272267     13.206666540023644   13.690608063980628  279 1 139.1815066732627   135.46021309588733  5.444878417602301   17.332065882983283
WMAP5      -105.51576030651906  -236.16960899001816    197.1054572988916     13.6859591824376    280 1 325.2079660472142   245.9258831908438  37.30735400380206    16.444894036426803
WMAP5      -157.63337251470168  -129.76872420345748    253.24041955974505    13.684535276380892  281 1 325.29818937483714  219.4622800390597  51.12225677954557    17.88707612452763
WMAP5       -80.99786595125883   139.4224415373991     216.5812641426701     13.683477380471063  282 1 270.0124357701782   120.15456837531886 53.332632273187365   15.33349308551585
WMAP5       -91.45944115144451  -123.61091626991573     67.72247131154674    13.682071527744824  283 0 168.02029971811717  233.50234390195956 23.769691752151488   18.430869840634333
WMAP5      -129.39087890855944  -230.78598799562496    150.58403868746495    13.678506895755236  284 0 304.4334484042024   240.72269522119586 29.645814622429583   17.97500066026697
WMAP5       -34.1211931840359    -45.94522217465678     42.70235660912049    13.677672066700232  285 0  71.40525558355888  233.40059487165513 36.72880815906266    18.566383405205517
WMAP5       -17.7582315513025    -42.71927644411025     29.471799787704494   13.675556853590967  286 1  54.85324375517392  247.42754029720373 32.498976275095316   15.871790123882665
WMAP5      -100.73680560006865   -78.68036670209759     13.526809215145962   13.675424344942092  287 0 128.53590422300505  217.9915750823192   6.040855495618266   18.77370667318193
WMAP5      -167.25381681688964   -15.104457553549793   230.55525819453987    13.674454347102548  288 0 285.2327312195352   185.16030331670808 53.9307278658057     18.367353369026375
WMAP5      -104.3221270958431   -110.74006324604794    239.9414799702342     13.654999606101095  289 1 284.1098055679287   226.70932674557193 57.62245243728383    18.778010986133864
WMAP5      -199.4741874609292     32.86822380682614     86.93949657957886    13.651049471076167  290 0 220.06532590329655  170.6432031092377  23.269854728077494   18.64220657232803
WMAP5      -239.88258886331087  -170.80738364012439    135.86981484236432    13.643569404919107  291 1 324.3137760426578   215.45260641226386 24.76803384461672    17.711316535002272
WMAP5      -191.57865396286175   -75.88705366671876    148.17542348052763    13.640653166119286  292 0 253.80540122714305  201.60922905062074 35.719325678273876   18.43230823229041
WMAP5      -192.40765129112546    59.09317124089291    255.48717267694065    13.621888497550158  293 1 325.2482168515759   162.9269767138489  51.76828323360319    16.75681895156748
WMAP5      -116.26389478818481    -0.5721933328607711  272.70768332322905    13.61935159201833   294 1 296.4575874894263   180.28197918546    66.90966750697447    16.976486279173944
WMAP5      -134.95735254836347    46.19544704507132    143.63976932495225    13.609059443433571  295 0 202.43490229276856  161.10409745778674 45.19915111065942    18.39305721203816
WMAP5      -120.68032833275764    83.67039660407448    192.8536093328121     13.601842953261642  296 0 242.39841490215696  145.26555655715828 52.712522045455074   18.342723545580252
WMAP5      -123.0685961782682     -2.946267505610362   220.08898032907766    13.598719246814259  297 0 252.1779512959002   181.37140148000995 60.78011046119905    19.10445865202616
WMAP5      -147.29722382535155    30.034493759308376    63.33431288368819    13.594950793505147  298 0 163.12503839227918  168.4751501101783  22.846040546708142   17.502881507923952
WMAP5       -34.94134199879679     6.002212870882196    30.959813194650145   13.58528674150453   299 0  47.06839675484919  170.25287935408173 41.129429538957105   18.176058345919486
WMAP5      -209.06064112146643   199.5807903760302     148.16891125778164    13.576161495049002  300 1 324.79665918318165  136.3289353241068  27.14151189141539    17.17144888563977
WMAP5       -91.63642851520024  -146.8359236289688     165.19896119166003    13.573398929101224  301 0 239.26704804004532  238.0328002996634  43.66475696071859    18.345704469681984
WMAP5      -132.33519013441622   -55.09667547516215     40.805368599661584   13.554926370847959  302 0 149.0413509831472   202.60400465871191 15.889654085371532   17.63098765701858
WMAP5       -96.77577697369027   194.55958870555415    128.3374704193864     13.545132613629868  303 1 252.36776909855726  116.44618586706562 30.5661976499123     17.25145338076974
WMAP5      -173.12240209467728   -76.22426773837007     21.44497555147946    13.541426976769802  304 0 190.37172078774043  203.7634706464005   6.467978332762628   18.437859764214625
WMAP5      -170.28410630460328    72.77104542180548    233.86211367651183    13.523593849628197  305 0 298.3015087541222   156.8605212168568  51.62634510722293    18.58124574176029
WMAP5       -61.27672765646581  -236.12518589671552    190.18800619068782    13.520004303468472  306 1 309.3241317224252   255.4521113069723  37.94103681629518    16.453403567862214
WMAP5      -230.84299735679878   117.11272296113096     58.132687399947265   13.518564502262912  307 0 265.29848972879887  153.10012116146763 12.657458391565825   17.617870494414337
WMAP5      -284.0086833229422    -82.69986162086946     37.77476471794713    13.510633518148467  308 0 298.20652602590457  196.2349150971332   7.277389274109258   17.78352848646443
WMAP5      -321.6309030472559    -11.195628673411964    43.84911341882495    13.510384981647123  309 1 324.79920665544     181.99360004166527  7.758837182130151   16.823209351985422
WMAP5      -127.81009134176718    99.26411591151539    272.87677757215965    13.498784761842957  310 1 317.25466095023967  142.16518544424898 59.32995244150531    17.86201158444945
WMAP5      -231.7610088745674    217.88194033771845     67.99856556139392    13.498308200226907  311 1 325.2837378017745   136.76797978652874 12.066325426426125   16.933249554905334
WMAP5      -201.18366873194165    55.39718579289068    188.64061171102773    13.497109945418929  312 0 281.2987684738887   164.60477257902852 42.11384511767554    18.331182845120452
WMAP5      -213.15055682513346   137.67131648320964    113.89158079457215    13.462486591371155  313 0 278.1327802201155   147.14208118508265 24.172573056499537   17.383922932835908
WMAP5      -259.9509952322871     -3.6890131712120784   30.428969084432868   13.458393540245712  314 0 261.75188805427035  180.81304054210014  6.6757971621949475  17.812754964542467
WMAP5      -107.36808890144611    70.90311467913237    127.87842396635129    13.450984885388731  315 0 181.40575928472867  146.5602572298269  44.823916775681376   18.60201558055465
WMAP5      -181.7511961603043    -74.59024346959113    202.90897491748086    13.426266648711966  316 0 282.4345124601757   202.31312584880843 45.924878214260275   16.91116799950613
WMAP5      -288.0544096984472     72.58829035082468     76.31778376974769    13.421052441454565  317 0 306.7063855910119   165.85622225823042 14.408294946698241   18.49287538549903
WMAP5      -135.34303193463344  -248.31134253898733     59.966197575252394   13.393669437835316  318 0 289.0885746244699   241.40724097350207 11.971898400428463   17.61356757569762
WMAP5       -69.80000144900067  -147.9288052973611      25.91388811712647    13.391556853929526  319 1 165.60948413763026  244.73978347734524  9.002401911060954   16.579782841300272
WMAP5       -82.17616797282876   -53.18721151797482     31.125347045943823   13.387053997104553  320 0 102.71606145334236  212.91231792299726 17.63927282716178    17.017272531886196
WMAP5      -123.18254472258326    63.92546098039372    216.10097272987252    13.357447388759494  321 0 256.8268566577183   152.57298852991556 57.29108295978843    17.96099288888364
WMAP5      -163.91160036667492  -183.22833333640614    191.39714019045266    13.353788245722079  322 0 311.5646002759066   228.18496072910176 37.901775257328495   17.840068412109492
WMAP5      -122.92428448256643   142.25265152991554    242.58179269523717    13.353670305334012  323 0 306.9073520300182   130.83116491725173 52.223584893156975   18.08639964116176
WMAP5      -319.29308406566895    45.57754843928871     -4.4170214836009425  13.342421914425765  324 1 322.55991153999383  171.8761844995542  -0.7846126873234115  16.3096731949982
WMAP5      -219.4423461838015    183.00976479263696      3.3157817568248675  13.339403317927836  325 1 285.75953477839823  140.1726870452562   0.6648406814489068  15.881465813415288
WMAP5      -155.4434136746873    205.32063653756978    199.36905558601012    13.333241457084087  326 1 325.6796569764381   127.12850505260519 37.74607119775225    16.83279504757281
WMAP5      -118.46979026367802   -22.03722450433965    201.17925021385884    13.331671986934165  327 0 234.5076143445772   190.53746970960103 59.07930876821399    17.940563364494
WMAP5       -49.460739192316396   24.042645492128383    93.85824971672504    13.330608329367225  328 1 108.7831998223881   154.07581941340575 59.63254481412026    17.94454101150543
WMAP5      -198.86807662116317   -74.48089460767183    118.5531997890277     13.317817086650937  329 0 243.20932700202323  200.53213792847546 29.173334269993262   17.976019447950602
WMAP5      -216.29632141725557    16.920331522250784   111.1564963848173     13.315795019333589  330 0 243.77482020505624  175.5270008887921  27.128021122947043   17.629236995737106
WMAP5      -187.67059573631383    -4.870080178284904    14.5321550282409     13.30860107020323   331 0 188.29538952064303  181.48650047858092  4.426342835657496   17.164527169808395
WMAP5      -208.16062360116803  -133.52463451237446    123.10929960271666    13.304307550088446  332 0 276.2527337210653   212.67814267448495 26.46430031483746    17.703933908882235
WMAP5       -76.54301861451695  -209.8463343570106     215.88346581411326    13.293906102271608  333 1 310.6444729165642   249.9601809661522  44.023512416720806   16.997975228675173
WMAP5      -222.3863611210146   -149.46677860310552    138.3917219216985     13.286595086570212  334 0 301.5763256873603   213.90520835362133 27.315795600017857   17.277903870068172
WMAP5      -304.31396687446716     6.886386772546987   107.59032529746605    13.284750487840816  335 1 322.8468535625986   178.70366262254745 19.466459738546266   17.81055186261574
WMAP5      -215.27273860920022  -113.26794055546058     99.29794460830914    13.283950469477006  336 0 262.7395290956715   207.75155790504544 22.20570800784844    17.265873382159466
WMAP5      -109.65072642345956    99.34950287172214     70.81469943298903    13.282877046652377  337 0 164.03757856611782  137.82171646298434 25.575369715013707   18.63865135439892
WMAP5       -93.8878664076643   -196.82557102900464    190.08718433859366    13.277441123535842  338 0 289.28943036214037  244.49836730847608 41.07778801173438    17.41251161942149
WMAP5      -183.83245160350478     1.3251353906481966  268.07335479850184    13.271307028417452  339 1 325.05299537041947  179.58699702087475 55.558757637289204   16.66446396322032
WMAP5       -49.79336089804191   -83.33170405558197     59.19519902030791    13.260322325242422  340 0 113.69970658442179  239.14033111280048 31.37435534313582    17.00651917951597
WMAP5      -110.73027296198299   118.17919905457785    282.5695824174326     13.25497295749403   341 1 325.6886325111441   133.13619998400026 60.18168227755607    15.668579822602846
WMAP5      -131.62127254897467    13.3129253867593     275.5855113098307     13.25050074893411   342 0 305.6939113127144   174.22442058108953 64.35700260303027    17.26559027554112
WMAP5      -190.49341651819557   165.17480666521223     39.0688643559846     13.240481698318392  343 0 255.14081338690465  139.0717906507095   8.808165663848394   17.29885402714456
WMAP5       -93.81187245610882  -149.96009523549085     12.193703626359387   13.239313496246664  344 1 177.3059051043879   237.9707711883407   3.9434651133160266  16.4047350316451
WMAP5      -176.81246545321866   188.58492285565504     27.735240989980802   13.224377996397255  345 0 259.9926242432491   133.1546696663816   6.12379605194718    17.64229632090612
WMAP5      -163.12170806378148    17.725726412634213     6.518305528339003   13.223616967247533  346 2 164.21139219147338  173.79825103741587  2.274930736378237   18.099833096982152
WMAP5      -158.78471559022802   -93.0429252386352     234.6445483873183     13.216907616681617  347 0 298.20737068342294  210.36898164847398 51.892130375211664   17.791622025203388
WMAP5      -284.9856261418833     80.8588108302369      95.22531127711284    13.19643922820163   348 0 311.1636455374958   164.1597997666915  17.820122720539683   17.445320628948597
WMAP5      -161.02566057701054   117.7812720189327      13.834185145321296   13.195299958528816  349 1 199.98268945410112  143.81661568677583  3.966713213229066   17.871137504911758
WMAP5      -180.6108380819519   -111.61934274617575     48.61013595830448    13.165997585899202  350 0 217.812069972346    211.7164887210261  12.895565138260293   18.551882450135963
WMAP5      -146.07041874956798   -80.85833948836684    131.7047339308359     13.14747862484728   351 0 212.6517698921935   208.96703887534204 38.26829241490394    16.977781561467708
WMAP5      -126.02928649490997    96.72720113795916    232.05498456365706    13.146714551611018  352 0 281.22775175156244  142.4938403069475  55.60366778700476    17.990111890784146
WMAP5      -221.62907301994454   -62.40121974846133    186.9360373502684     13.134400648390976  353 0 296.57788234121     195.72493761970918 39.07300552415233    17.647147724720785
WMAP5      -269.0011325892493   -102.2743356583307      61.42470705015571    13.13070793097161   354 0 294.26967853458706  200.81682314001495 12.048295159624269   17.396221143963533
WMAP5      -213.69103154348062    57.207752774057845   211.25666698006896    13.124493204759709  355 0 305.8855395129072   165.0126556576341  43.68076018034961    17.535052780454393
WMAP5       -49.25931672771571  -136.40355214418923    130.91674496538545    13.11860486320374   356 1 195.37554461693955  250.14386466685673 42.07304201460153    15.824792998603833
WMAP5       -96.19674991273324     8.368721191330334   225.97020824007367    13.115200212581758  357 1 245.73641407046986  175.02802097555877 66.86233474693421    15.36276094903824
WMAP5      -218.56718943164617   -75.65428619398504     33.581345337810326   13.110898867244284  358 0 233.71541256465687  199.0926522879532   8.261124558049035   16.954368044400134
WMAP5      -209.65889898689503   -63.300895757924025   202.3636764749054     13.080057682273008  359 0 298.18604072724935  196.80028605196685 42.738165871297745   17.4965861700894
WMAP5      -214.16693224046966  -229.4932784524431      -3.703524162185081   13.071932417188181  360 1 313.92412429019276  226.97850938126584 -0.6759634255570838  16.68413688338968
WMAP5      -106.44333205161371    50.144312938491424     5.9078420823251845  13.069200204910969  361 1 117.81144959804689  154.77537782489608  2.874393336252459   16.361026570923197
WMAP5      -185.49743788002414   156.2420634815099     173.47230543774518    13.067459406027552  362 0 298.1837061525997   139.89300367772304 35.57465214065485    16.083506881188526
WMAP5       -77.59327520785409   163.73038719378548    106.30731144394309    13.06650932132095   363 1 210.07046559321043  115.35668600089453 30.401442933092273   15.695936311739038
WMAP5       -70.05070697341391   -41.88549423522971    166.4706030892346     13.053569941054763  364 1 185.40215173427208  210.8765145360213  63.88199371914601    15.663224006024251
WMAP5      -173.40134520942965    68.59863647768607    128.19774267458442    13.05048036801682   365 0 226.29286483205007  158.41594444307734 34.5073899322676     17.723189479901546
WMAP5       -49.610882357666874 -119.90710215933679     44.50676822501371    13.040896768818284  366 1 137.1852951827964   247.5229521441325  18.9309317809687     16.86883147375531
WMAP5      -137.3416311080201   -171.8909886078592     164.4604939720855     13.015694454805166  367 0 274.69344673206353  231.37499648141863 36.77724638401254    17.390803214242794
WMAP5      -198.06736342564142   152.82274257863583    127.95537439855379    13.007666957981789  368 0 280.99474895647995  142.34731648536393 27.088467357820086   16.457417465183475
WMAP5      -244.9222046605542    -76.9256961026982     148.51911383845817    13.006113687191053  369 0 296.58451785626295  197.43657366247473 30.050617715042844   17.56865700485207
WMAP5      -144.29967335801103   -33.50243796437173    183.43129926738138    12.99908009795684   370 0 235.779241307849    193.07093775676205 51.07590553138313    17.9139814783875
WMAP5      -180.74899933514885    -4.942755770892217   201.07815290852233    12.996757799828973  371 0 270.4201456481588   181.5664179900475  48.0370040533905     17.788274680935874
WMAP5      -163.21205769687336  -154.2535228112573     236.18313490336396    12.990092150715371  372 1 325.906118828891    223.3836041082609  46.4436344514763     15.825745012597832
WMAP5      -166.00362015418472   -54.29609417132649     -4.176828725088557   12.985498692785342  373 1 174.70750883907402  198.11177019180337 -1.3699323097559142  16.314506775512665
WMAP5      -250.89542183380638    89.53436511239306    103.07458651287722    12.98276042496864   374 0 285.638382606476    160.3605859076098  21.15283163686282    16.455345039421637
WMAP5      -263.7899443373106    -99.56330822736209    106.33634834813381    12.979985625147306  375 0 301.3393536507865   200.6782144917437  20.66351283745995    17.63018112590361
WMAP5       -77.88121805482376    37.093760401799514    41.39279047198194    12.969305459461618  376 0  95.68068921943714  154.53217771973158 25.633555788079896   16.203424420273503
WMAP5      -100.76006558438453   115.45256551422756     87.3431120646436     12.967350682216198  377 0 176.382269305969    131.11250256191215 29.682420565595557   17.39520162267458
WMAP5      -258.90673729914766    31.216404837181102   110.29141634351048    12.964107423991758  378 0 283.1454733328898   173.1250295168894  22.92476567239081    16.991824463007397
WMAP5       -81.636546518229    -283.3689766426805     106.30728161247634    12.955856913150209  379 1 313.4704783145892   253.92869265125745 19.82388528254174    13.90871402830797
WMAP5      -232.09017479957288  -152.35613727894375    156.33117269699613    12.95234767164238   380 1 318.61838829840735  213.28299043941786 29.383532000835284   17.41444809039907
WMAP5       -42.49049419180884    13.120640345805567     6.772517216200145   12.952198847953252  381 1  44.982888848892856 162.83983424829404  8.65924350969937    15.548196981414268
WMAP5      -111.60732165742043   -71.01931601397865    219.5706645745664     12.951544775396274  382 0 256.3419868775949   212.46990422890417 58.93180155038992    16.9656584660096
WMAP5      -106.8227430812463    125.17339183895939    124.4379688744096     12.931971284308439  383 0 206.311135330743    130.47738092635888 37.096324562534775   16.762355137114064
WMAP5      -246.56260518255647   -94.3972000345366     157.02601266143174    12.92445043533911   384 0 307.18254882254894  200.94948774944436 30.742555870939153   17.79724916770742
WMAP5      -179.34408789165315   -90.01029513517494     46.292118274324956   12.91698312639841   385 0 205.9347355506943   206.65143591933227 12.990543730107694   16.480317122988858
WMAP5      -204.60638563203082  -111.94093047644249    226.69559476847223    12.915643775555026  386 1 325.24673348823416  208.68323664534225 44.186467746816454   16.192948493926295
WMAP5      -224.89219645155381   -24.63492144102877    144.9247014984606     12.913544121642154  387 0 268.67554500480287  186.25131418965336 32.64308533450169    16.92479802612161
WMAP5      -184.62087138909908   -65.57229925056484    260.5379751208708     12.909869701922545  388 1 325.98255944384414  199.55365100170695 53.05749361652499    15.114624901178164
WMAP5       -51.57064100576934   -50.3793156059574      28.538704667619438   12.907436875587164  389 0  77.53750137047365  224.33050671994633 21.596222316709692   16.884273646781985
WMAP5      -323.37596684222643    25.36960426936412     22.48458389758086    12.900285256507454  390 1 325.1479498089696   175.51419946768394  3.9652740423341086  15.883963594938557
WMAP5      -244.81264752721452    66.7901874207061      19.713441635135457   12.899496160816991  391 0 254.52461827115883  164.7398490154431   4.44212173243142    17.081367405010113
WMAP5      -162.65488017747344   111.61912127964462    176.8287047259791     12.88663723969583   392 0 264.92230765991707  145.5408066192322  41.87239115697642    17.3327100117928
WMAP5      -188.35004725058354    21.097061275244076   263.9674037776687     12.882917657999707  393 1 324.96094619334065  173.60894709332393 54.321752101155916   15.850644105077938
WMAP5      -121.94082603364392  -210.9168203474333      26.090258147094584   12.881387483203792  394 1 245.02279838704987  239.96579536990527  6.112496619874944   17.0015065435859
WMAP5      -236.33255277093812    24.622151675692397    12.102333565345912   12.874673844783816  395 0 237.9197182456636   174.0521350553627   2.9157399038908864  17.67322060882209
WMAP5      -139.77604309263546     8.833499718982148   216.36008254865612    12.871359619647626  396 0 257.73447239432454  176.38385773390686 57.08408268042126    17.02264545640723
WMAP5      -172.03862992221255  -190.03086492810394    120.25304947301379    12.860091773699569  397 0 283.1427479530323   227.84484569526663 25.132195415402347   17.201869651656082
WMAP5      -226.74608300317348   190.00868656684136     94.58788958367403    12.85368591798134   398 0 310.586471025432    140.03766502444503 17.730856567356323   17.07342182776923
WMAP5      -311.0663760342888    -31.829606376632384    39.504072103733485   12.834938234388993  399 0 315.1761187875342   185.84240880585105  7.2003719652281255  16.33256165071171
WMAP5      -172.74293420246605  -222.962455309603       85.36676629410518    12.834563283675703  400 0 294.6860406976832   232.23282061457996 16.839228505737193   17.082749092258883
WMAP5      -218.1296709980809   -155.94500230712555     56.79037488060172    12.81144082822673   401 0 274.08856924975856  215.5616892443439  11.958149402508157   16.644986834236384
WMAP5      -139.36133343742569   -64.48920858521006      6.925927154487618   12.810247127066392  402 1 153.71534649589591  204.8322559542953   2.5824408197195887  16.745981125305725
WMAP5       -93.14972000630684   135.89369519684487     82.85100695359775    12.807769086245763  403 0 184.41327523996594  124.42908623064241 26.696737496463406   16.970795372713205
WMAP5       -87.96727363117732   -68.37961716990667    221.56033999912623    12.807692316386577  404 1 247.99797889284065  217.85900130092546 63.30310651194009    13.723909650685288
WMAP5      -252.05831236876847    45.66513372507084     15.321630207953111   12.789483348873846  405 0 256.61926978414834  169.7311668756794   3.4229196800706516  17.326146969668326
WMAP5       -85.5041938092538   -100.3603172759819      70.42349083256008    12.788497066506302  406 0 149.4745078725796   229.5699277973962  28.108352814088082   16.664202589950943
WMAP5      -130.67709047612394    -9.237684333625655    10.535168741441648   12.78645070193747   407 2 131.4261258942203   184.0435650643297   4.597784679078606   17.22115266574876
WMAP5      -105.84033817349675   234.45738308486455    197.02708210987967    12.785037340291584  408 1 324.02486440459523  114.29569043139774 37.4494766402759     14.03886425677797
WMAP5      -271.08229428208557   -28.241033368085986   175.80059641592206    12.771581743045697  409 1 324.3285617073071   185.94755187701082 32.82294308959535    15.981453363700098
WMAP5      -269.65443471381445    80.3654644208203     130.74880416811723    12.767154982839765  410 0 310.2698371156849   163.40429581900293 24.92322986744865    17.326167679456614
WMAP5      -115.31807722958098  -161.1378582949162     149.02538051314764    12.765478577811313  411 0 247.9359440437964   234.4106501627686  36.94614206113015    17.542205976033397
WMAP5      -271.92881767831295   179.26289056372738      4.168652679721345   12.764401561463492  412 1 325.72663919666167  146.6060401855359   0.7332919589849515  13.45995376298764
WMAP5      -278.4678418153143   -162.5963296414194      11.733394895948965   12.764268348507887  413 1 322.67565432477903  210.28049565784528  2.0838952024125192  16.041843768536925
WMAP5      -144.47825088242755    44.39505732437191    118.41197533206244    12.76234020866989   414 0 192.0059426031416   162.9189334850547  38.07627366552332    17.05691869225878
WMAP5      -162.67344035229746    19.71473293266661    121.58322808288635    12.740892057275522  415 0 204.04362337920293  173.08990441742452 36.57459136671832    16.70022496605963
WMAP5      -122.20544048701153   199.4791451912225     223.8224422444364     12.734655293503401  416 1 323.7631614361174   121.49257885770498 43.73432036383461    16.13793043841791
WMAP5      -240.12944814851807  -132.9030760794577     132.7865807085305     12.733389366977816  417 0 304.8895792180458   208.96296200694013 25.818610518887283   17.27453050139818
WMAP5       -80.96525553202201   -50.9319704080451      68.38948681263909    12.731829702905168  418 0 117.58639427887795  212.17233912953864 35.56389967221828    15.861534291119021
WMAP5      -260.3847866311109    -57.216670848059664   119.38042350754277    12.72599814954277   419 0 292.1055803107921   192.39314934522056 24.12252488327039    17.329749210406707
WMAP5      -111.05758044708922   207.74025402251982     77.31906517263444    12.721767629064757  420 1 247.92748366260818  118.12888289207464 18.17145585501995    16.30446783268081
WMAP5      -178.36067214141246  -111.23446323784277    210.33374181988333    12.720828961817176  421 0 297.3649577984951   211.94968818204842 45.01770457583258    16.69574321081485
WMAP5      -304.00450689158004   -13.414537330748535    12.057006138364407   12.709665770394093  422 0 304.53909670059005  182.5266010520159   2.2689899906141884  16.60310986691425
WMAP5      -265.7559109773247   -181.85380686214697     -4.427396758550428   12.684208496498194  423 1 322.05063752723794  214.38340129515478 -0.7876995416613882  15.54653645105569
WMAP5       -86.06395448144589   169.24498484789788     83.10400006922131    12.678637887308186  424 1 207.2610527442498   116.95411093196357 23.63839002095763    15.72265487754761
WMAP5       -67.95842702852727    74.28642107894466    156.27168328395135    12.67733579222299   425 1 185.89690464692933  132.45278328588003 57.20737084074932    16.201105305241203
WMAP5      -162.74401637061496  -180.27708172296573    216.07064721552305    12.676136389051925  426 1 325.07224681157095  227.9260508222003  41.65816418936471    15.774802943883046
WMAP5      -319.03155928458665     3.049671997611351    70.35631847392526    12.676006889205976  427 1 326.711566780321    179.45231746721893 12.435879123680948   15.765943212231782
WMAP5      -202.32824334555792   107.37581185048124    105.04281091950838    12.675702639450149  428 0 251.99260931964025  152.0450606544702  24.635796824530455   17.11186591117636
WMAP5      -185.2447257763346    121.46172333108973    125.1442907382614     12.66933452846495   429 0 254.4202275112773   146.74784572930136 29.46424149735293    15.84216319029858
WMAP5      -307.79471100757036   -88.20974477223884     62.21525234687305    12.66852319055863   430 1 326.1736973172459   195.9915767690738  10.99613060237786    15.545375315816253
WMAP5      -147.21550877881631   -56.824553167013164    54.223096824039104   12.657061000072323  431 0 166.85796383998448  201.10637379815452 18.963490340676216   17.319041107656496
WMAP5      -257.9455922762493   -161.96529465134793     19.732309302584348   12.656359875637783  432 0 305.2180356346195   212.12491203595178  3.7067504469967916  16.591938695301565
WMAP5      -110.97811289083346  -120.48045762745205    282.37340580599425    12.641739009939048  433 1 326.4451294129039   227.35091178244232 59.882134704100665   14.347736815259308
WMAP5      -182.99106788725663   236.3936975668665      43.45881336890359    12.635007962911104  434 0 302.0867088027656   127.74325794889586  8.271388612433983   17.041872511878456
WMAP5      -172.53917475243554     2.1075657107699857  176.72285252289632    12.630529662906792  435 0 246.99225749263087  179.30016696088944 45.68415520565628    17.151885885038276
WMAP5      -149.0204557457319    254.62533453650042     69.1509551617317     12.606399938561408  436 1 303.02312093018617  120.33846878891738 13.191330893208304   16.539570205351335
WMAP5       -27.635634066877362  -18.672475495911087    47.564293492344255   12.602960641953572  437 1  58.09261249805878  214.04558118119246 54.96152018974351    15.722481344462642
WMAP5      -240.34170498933736    70.38649210773052    178.55727504851836    12.598907482017335  438 0 307.5729082691867   163.67679852410822 35.48828041166731    17.521396144883372
WMAP5       -91.57971687619076   177.33797974466947    223.85473708053533    12.598324697345577  439 1 299.91089829554323  117.3124384811631  48.27984637171172    16.501636333460425
WMAP5      -157.83817660226174   -11.6561648221069      50.6241595894355     12.597348345128069  440 0 166.1672702598906   184.2235595317279  17.737579191027645   17.249745492146403
WMAP5      -139.64815885009725   188.80458019295844     12.716268058451389   12.587693360676036  441 1 235.18180466480746  126.48825577168233  3.0994913563160096  14.766178678054853
WMAP5       -76.91264681073581    82.88135991796115     94.86653385142819    12.587452107987431  442 0 147.5958478625594   132.86085120299137 39.996833693234734   16.52555713448902
WMAP5      -190.05863499372035   -84.57563191818163    177.2818292189109     12.587317630256173  443 0 273.3206344593087   203.98894809328021 40.43780147593525    17.120348559673275
WMAP5       -50.03708715422264  -174.35408016869368    123.21272105408464    12.582110871844572  444 2 219.28162255853138  253.98729025460423 34.18678495940061    17.027534691533976
WMAP5      -181.13919450421213  -146.36102082858002     80.56413801557302    12.578484093415247  445 0 246.42146119567414  218.93831678385556 19.082930727938425   16.613522748095086
WMAP5      -190.16423452516878    46.21731043327707    222.00955877026306    12.578011990295925  446 0 295.95053651175596  166.33974620484446 48.60403580155857    17.210880904824094
WMAP5      -158.65548912889437    32.152906672785676   203.78857868279493    12.570086396062583  447 0 260.259790286151    168.5436722908508  51.53790653920137    17.410158365900827
WMAP5      -146.87386286555164  -112.38488504723841     52.51000928085959    12.566379345634783  448 0 192.24878427393455  217.42247979796159 15.850945748560626   16.651153729801447
WMAP5      -287.40685132930486  -155.19164001169136     -4.041976533759724   12.562643922328599  449 1 326.65498755543746  208.36780228927458 -0.7089868984840649  14.962002310435182
WMAP5      -285.19868713126306     4.297324481255459    34.98208983976952    12.558142861136412  450 0 287.368238935083    179.1367424330854   6.992107806059966   16.52493619536581
WMAP5      -183.47422438629982  -221.87052482358303    131.44146297299972    12.556513526228677  451 1 316.49040899864394  230.41119935571652 24.538806584329482   17.76670922512138
WMAP5       -95.52630711453345    51.249262716172076    60.944448538608555   12.550903418729721  452 0 124.36232583691292  151.78672187723282 29.344233071705702   16.6354956839529
WMAP5      -136.25508130596305    93.60636305735397     17.566125849184065   12.550618891568751  453 0 166.24129199410459  145.51118552806648  6.065564486772718   16.693472986244977
WMAP5      -189.54703598757467   -43.86011979903172    175.71929591162973    12.545649011000574  454 0 262.16227782833147  193.0286197653435  42.0878439151204     17.273094936024084
WMAP5      -172.44240757079524  -194.96636079088054     47.977327651143945   12.535382354413276  455 0 264.66977488447236  228.50812087031173 10.44388279444619    16.405297535884888
WMAP5      -245.655269615761     134.7238119216759     107.01236781798917    12.531121609188663  456 0 299.9144275534472   151.25847763552372 20.90439568381034    17.59128761459569
WMAP5      -135.96248268079688  -102.22596468092478    194.04145545504593    12.528249230435367  457 0 258.04656747723703  216.93836808604928 48.76070107182253    17.089649388674115
WMAP5       -85.17134903390723  -190.59273534189458    247.51381704259492    12.526374663756558  458 1 323.79443955750116  245.9212709974131  49.85511049974279    13.547938507862254
WMAP5      -179.04693570282143   157.3704263602777      93.629454663375      12.522237235963479  459 0 256.10492197134135  138.68666471734127 21.44391033495527    16.9132796475548
WMAP5       -63.943115767259854  103.87300861698719     83.14593450597057    12.519995705786316  460 0 147.6196816079788   121.61600896997714 34.28045641461295    16.18011130593974
WMAP5      -196.48727443687184   199.05469852024888     54.20161134680693    12.517149449532395  461 0 284.89969584260365  134.62810394747402 10.967260415238687   16.184887884554282
WMAP5      -114.07010023785554  -170.93644056292266    164.87104832692398    12.5133215806062    462 0 263.4648307782557   236.28384066022352 38.739467700575055   16.182911834037274
WMAP5      -172.62064739451657  -148.3804754193795      21.203525804041035   12.51168637436498   463 0 228.6137417110042   220.6815459567532   5.3217320973166125  17.579681366788996
WMAP5      -127.4152042889004   -158.59109531429363     13.134513862499393   12.497068719440797  464 0 203.85849320392265  231.2209200044008   3.6941009193650363  16.427224187221775
WMAP5      -129.25697056912762    60.172394538887445   159.25630414737228    12.497043274665149  465 0 213.75371789967116  155.0368290296343  48.16303069847965    16.42986223317899
WMAP5      -271.0841727566074   -114.88185378265361     82.98143911299582    12.48708158337417   466 0 305.89277252811485  202.96658243490668 15.740224280886013   15.941385439104023
WMAP5      -112.40035037768703  -104.70125167705189     11.742494491196926   12.484311768472057  467 0 154.0586805235069   222.96896442901658  4.3713767415816855  16.60650224885025
WMAP5      -203.18533812048923   -55.68494877675493     48.69345515426443    12.470552294036699  468 0 216.231699161496    195.3261612867733  13.014116043326004   16.348407891505875
WMAP5      -277.4840367485144     28.913590707346415   169.32851469941116    12.469123453423604  469 1 326.35185347742635  174.05129782736012 31.2553190406077     14.862493509077328
WMAP5      -117.3969641847674    190.28005132521758    115.94650994754618    12.462244615404735  470 0 251.85737690435715  121.67331488457623 27.41071113130382    16.07737778259923
WMAP5      -103.52613400913539   157.90241944690612    163.43215096902887    12.460235971079719  471 0 249.72164996336937  123.25019576581496 40.87851060198825    17.253062247214565
WMAP5      -256.46289074228116   179.0290569903146      89.2768407049085     12.455805925296003  472 1 325.2613900557183   145.08226142243336 15.930862060736956   15.8727747566761
WMAP5      -123.27071400849218   115.91685983168563     59.29398153867119    12.44962369293793   473 0 179.29908971355766  136.76101172553828 19.311191130261705   17.01859864072333
WMAP5      -205.46997336200155   -32.30548914954777    126.69915588878867    12.447745605795458  474 0 243.54513069553403  188.93531166522334 31.347590503635487   16.62305193609106
WMAP5      -117.57603446764882    19.65965058687793    145.28509353045573    12.44267384190318   475 0 187.9318603762788   170.50750401649665 50.630671610875936   16.907449869616872
WMAP5      -223.07019883887483    64.26807550609135     30.976278746373332   12.434826311262817  476 0 234.20125743523417  163.92794096719715  7.60041114965045    16.949286638172175
WMAP5       -84.17515057997991   -29.2200035812247     194.66571454580068    12.434250983574424  477 1 214.08877832356424  199.14359414262523 65.4054438264849     15.13771738928678
WMAP5      -268.15165040540074   -70.39393741595892     14.334657783387133   12.424324401589553  478 0 277.60781050580874  194.70912930106553  2.959862006986942   16.24709591574797
WMAP5      -156.3480091154465   -154.2131044986191      72.86374480750791    12.411459490030845  479 0 231.3774121664416   224.60613517896147 18.355559106279564   16.896043928592416
WMAP5      -123.10819412082365   154.76827626932604    125.7143535336279     12.402361070215813  480 0 234.33511363738643  128.4999883036787  32.443830634762286   16.470901022519797
WMAP5      -230.9892311489243     24.197351920314695   219.54903767704903    12.378591682370221  481 1 319.59868067882417  174.01977339024765 43.38933583091382    15.57690934176785
WMAP5      -238.63234906337735   158.37763479545163     69.29122133734757    12.374944328823885  482 0 294.66955488704343  146.42821295295897 13.60040000712876    15.76155058920394
WMAP5      -127.09524361170642   120.72219404509143    165.46908509514208    12.365574349222468  483 0 241.05407527358477  136.47313434115796 43.3489361839366     16.3341690379731
WMAP5      -241.8669019879905     -4.236676439588127   151.2322186052808     12.361904136999634  484 0 285.28710389500156  181.00352241136494 32.012572833899135   16.024112305719736
WMAP5      -142.59092642037328   215.8864348977795     150.0394814230973     12.360106496461997  485 0 299.0835519650077   123.44438057411267 30.110157286903757   16.54111830029729
WMAP5       -93.39677648039694   217.36847850844924    187.49280945879056    12.347321401828609  486 1 301.8701159518075   113.25175963268111 38.396816967019774   15.45449191428817
WMAP5      -175.44976001861045     0.6668649420316892  131.07918891705032    12.340900923515072  487 0 219.0087139056131   179.7822261900801  36.763351222943676   15.924519834552097
WMAP5      -218.10349150604597  -135.06185074601558    103.92055775159353    12.337773599271097  488 0 276.78569120796175  211.7681022991916  22.052434288093057   16.985381026541937
WMAP5      -109.62125533038669  -183.9454846081268      11.146353320094164   12.337185891216565  489 1 214.4224851088729   239.20741460452916  2.979757364838845   14.790515435424087
WMAP5       -95.05985554030245    55.88780870686179    164.19486735261938    12.337075414487863  490 0 197.78720323201455  149.5477801466016  56.11509565738542    16.25624426701503
WMAP5      -174.40458187545386   132.28878321434615    228.16371764398932    12.326960568667088  491 0 316.1897569381561   142.81907646579273 46.18704910205622    15.564694919068314
WMAP5      -282.0008443920029      2.6318212135396535   65.25053264013685    12.323784699780983  492 0 289.46335645556974  179.4652928412904  13.027516519281258   16.60536484486542
WMAP5      -143.05318775536176   110.45090272213103    155.30048460995735    12.318215740866258  493 0 238.28943946216341  142.3283859139645  40.67219811503105    16.55348072996508
WMAP5       -85.81053691022933    10.265352978305463    79.44136902664322    12.317065502042894  494 0 117.38720896851729  173.17823234788983 42.58991410876595    15.84504110843902
WMAP5      -295.004309340695      10.314139657740805     2.823257861682408   12.316026657658423  495 0 295.1980602771864   177.99760194497873  0.5479820088177229  15.820667108349161
WMAP5      -164.0416509654533   -126.28645560068428    215.17853758829298    12.31583163919491   496 0 298.59627452178904  217.59065397126184 46.106824547894234   17.037608877161475
WMAP5       -66.34856987487392   122.52076239686272     66.94404875359852    12.31199882650549   497 1 154.5799974326358   118.43683850329269 25.662585130977224   14.326870440322164
WMAP5       -87.95421046696663   -95.66767429961746    118.75500915875286    12.305808960123308  498 0 176.04260633454794  227.40542809966513 42.42162607061232    16.4518366235182
WMAP5      -164.01181064216394   -68.7593680754942     175.71926873240676    12.303957936367327  499 0 250.00997206534404  202.74510008835853 44.65603212665356    16.20464439786351
WMAP5      -257.27489029139264    44.82857083052284     48.92409514109615    12.290754580403625  500 0 265.6944429650917   170.11579596661335 10.610803683449722   16.517400957700673
WMAP5      -128.56152304067308   213.79044280798524    208.36795957628786    12.290660184522132  501 1 325.0409592967592   121.02032951636751 39.87026393955631    13.379959051851733
WMAP5      -306.5925529271627     86.51242864443978     13.40992226978422    12.283510321268547  502 2 318.8467027203449   164.24231664229427  2.4104330796738624  15.783524837133184
WMAP5      -154.08416942577878    94.78271891938887    140.03660605065855    12.28095304307739   503 0 228.77050969819365  148.4028310248139  37.7434584048754     16.492316567702456
WMAP5      -130.2466364338633     -8.098011843752065   123.18511155275147    12.278734234840236  504 0 179.45566529485865  183.557753436475   43.34876934648478    15.873547077359499
WMAP5      -171.188618500051     -74.73817447792976    133.24196802270657    12.26740965897511   505 0 229.444459228837    203.5853011703156  35.50088718936242    15.837572951707891
WMAP5      -275.2064024795355     29.933179405869986    44.14861212132653    12.264844124663833  506 0 280.327770917031    173.7925521333028   9.061193597376825   16.387087814773277
WMAP5      -118.03969531611789  -292.054515545219       59.363125280641555   12.255827110423029  507 1 320.55138490382416  247.99291502057739 10.672248990327672   14.12937526523031
WMAP5      -103.58431966136688    49.73285420202423    230.06779893745886    12.255186227361396  508 1 257.16582233009706  154.3534286075335  63.46071423054408    16.12349241570767
WMAP5       -99.82278259929781   159.10188933050347    261.332897334913      12.254362994039651  509 1 321.8274108025335   122.1047433417694  54.29455710141909    13.938942688908842
WMAP5      -117.02367488046383   190.21108365757496     36.49923380283951    12.248573659172003  510 1 226.2896172980807   121.60110032535368  9.282032150266032   14.389705427751226
WMAP5      -231.14967490891195   131.28378414197326    123.27008716172087    12.248384339585234  511 0 293.0206794374591   150.40515501325078 24.877989086612914   15.506271746914797
WMAP5      -226.41364647355812   -53.69885541657926    206.76211141057354    12.247300102475316  512 0 311.2832746831453   193.3423983451058  41.622891598292554   16.14843314519554
WMAP5      -254.37930819833784     7.819247008489544   146.27603611860627    12.245644091937365  513 0 293.5415674241325   178.2393661109909  29.888554491968492   15.918193450522596
WMAP5      -121.47353369979034  -136.86128253944733     21.875603892113066   12.245107382760164  514 0 184.2969671305015   228.40880330534895  6.816942153670264   16.7876869268498
WMAP5      -127.35626926812452   198.15843314977587    146.81238405152385    12.239757594460615  515 0 277.56127262491316  122.72882315955961 31.93364988854384    16.578118110894664
WMAP5      -194.5237357196417   -240.18942885368332     60.10561117034097    12.234577289199732  516 0 314.8700207792794   230.99680592344157 11.00474164388357    16.432976582163793
WMAP5      -174.7534535108896   -107.22095846539342    164.8367927656649     12.230413264734516  517 0 263.0708491974948   211.53142980897582 38.798769256164526   15.418681810181997
WMAP5      -266.2179368534486    129.58917746746621     78.43502490795561    12.224634800389486  518 0 306.29625846802764  154.04417521405216 14.837334020532543   16.130958065335832
WMAP5      -240.05550491064065    -9.575179998552349    41.12607957736664    12.222969563935969  519 0 243.74101815515414  182.28416644425155  9.713905123725274   16.172533505280075
WMAP5      -196.76835571354223   -56.62902921900323    133.2179134057785     12.220562772417118  520 0 244.27780335652136  196.05557551157315 33.048868210933485   15.191679509593348
WMAP5      -216.90062014622185   -24.08239063193632     47.077329395329244   12.21475208339293   521 0 223.2534781394483   186.33557881733208 12.173306795061242   15.454452544126998
WMAP5       -81.76686997724737   156.86118428700217    155.78786462869223    12.213764965654576  522 0 235.71404482415696  117.53163375921105 41.36999019349779    16.170386220323408
WMAP5       -78.07129557702835   -25.32844674467239     94.34430484655644    12.210714027359971  523 0 125.05001105379162  197.9744695533176  48.977561346764716   16.728312672037447
WMAP5      -143.36216206898789    90.62245016728208    237.8736941310958     12.209003957370031  524 0 292.1455670500417   147.70209779921007 54.51130009995114    14.68508565000346
WMAP5      -294.62451869241727    64.52757945592454    123.56492989515132    12.20895946405496   525 1 325.93819571380834  167.6463510479512  22.278280050704467   15.046612998089644
WMAP5      -258.2082901705808   -198.8822262768409      -5.723604605165216   12.204951007402121  526 1 325.9730367550722   217.60488511256693 -1.0060808824552436  13.642015385135947
WMAP5      -144.77081573943775  -190.06913515549965    159.99111535226982    12.201394162090734  527 0 287.5448177593975   232.70439960531937 33.807480211036015   16.28107869326848
WMAP5      -164.30622475124107   -49.27278390955048    196.1880781782982     12.201267732082623  528 0 260.60334753317477  196.69313883025433 48.83547152351421    16.11392570964655
WMAP5      -141.66605059259535   -66.74294762380057    219.22084218748333    12.197239488472269  529 0 269.409852450512    205.226472196158   54.45977119407829    16.275529384350413
WMAP5       -53.720433056554974  -62.72709362897946     99.13758093545964    12.186103443917412  530 0 129.0303575003083   229.4227498078139  50.20394265774035    16.271992299272483
WMAP5       -96.84613095172864   -33.77211651832158    241.0122663720307     12.185413217104756  531 1 261.92869540435834  199.22465015347183 66.94722599608761    14.605569342168936
WMAP5      -271.2603212060589    -16.16937009891111     13.588931321759665   12.182731788339673  532 0 272.08136548590994  183.4112683226445   2.8627924063422303  15.937602402033368
WMAP5       -95.93044035017205  -101.28238270929438    193.41471733834624    12.175476909505296  533 0 238.4743661614855   226.5545057381932  54.19868042275726    15.636237569494726
WMAP5      -104.66563366321333   -19.5198231382933      88.25577157085569    12.173473900715722  534 0 138.29316534463763  190.56412739674556 39.65615369973746    15.962831713197625
WMAP5      -201.45061542030143   -24.009783092597424   159.15341665733877    12.16985973506985   535 0 257.8538930694595   186.7967053728182  38.11364345645222    16.487970330614868
WMAP5      -136.91625852159353    12.748015728905274    18.124170227026994   12.166910614139901  536 0 138.69772636562757  174.6806335980363   7.508535060673929   15.76126967326858
WMAP5      -210.88839515071396    53.706721308161484    63.18204399831903    12.156486655660169  537 0 226.60604097579068  165.7122604950816  16.18972480904787    16.16062502317861
WMAP5      -200.90903864180325   -67.28910594679567     82.19985432654326    12.156273319941166  538 0 227.2643430861903   198.51689507204887 21.204187095242634   15.799238229620105
WMAP5      -137.8861648077611   -175.77343310656656    194.04382737271357    12.152275931566997  539 0 295.90860273556285  231.88744895324527 40.976995089910865   15.944533949771747
WMAP5      -183.93357768061327   198.1670929590678       4.3907657684296035  12.147473386447919  540 1 270.4090171467498   132.86667880940212  0.9303809691759574  14.693666944751113
WMAP5      -105.92258992362763  -111.18120035991932    143.81913777368018    12.129093764019787  541 0 210.39201210969563  226.38752659343047 43.123797769583256   16.033719952779485
WMAP5      -196.46988019285914   133.4448265776826      18.756372719501037   12.127153475151387  542 0 238.24302105400076  145.81515724677257  4.515449134173175   16.180333935309736
WMAP5      -155.59141278093193   181.1915555149107     187.71085360571894    12.126833187909648  543 0 303.7670687919725   130.65309127476107 38.16610528913229    15.541682067730072
WMAP5      -132.196613296497      44.837872178499374   168.95748449814099    12.125801381758693  544 0 219.16434681877107  161.26431498870596 50.43629132847787    15.421101690786521
WMAP5      -112.41659280179316    86.80232719253418    145.8804753828        12.125368638789856  545 0 203.60070589542573  142.32652109407303 45.766494639012      15.96722403574508
WMAP5      -111.36348448689625   -60.260258484565874   196.69189173152876    12.113983554116581  546 0 233.92482703342392  208.4184080065309  57.22826755705948    16.10516561413425
WMAP5      -109.9888798680463     73.47146413375434    161.4787038813873     12.112157532958138  547 0 208.73663201220296  146.25747556477125 50.678295251366535   16.46433573614485
WMAP5      -106.7685054580605      7.862581769793088     0.5433739918229914  12.105350702952759  548 1 107.05899871159625  175.78826134097037  0.2908038602176929  14.066049396317407
WMAP5      -303.79228573768717  -109.29081783892042     49.015459641802224   12.103379624221274  549 1 326.5528303682664   199.7864524708251   8.632700416485637   13.703621593698099
WMAP5      -106.35587592078777  -169.22257148048755      1.432999034611259   12.09573303238168   550 1 199.8747220825583   237.85076231391795  0.41078481198473427 13.0242068555772
WMAP5       -86.38382196750777  -165.97965605013889     58.36061518359098    12.09469951929263   551 0 196.0035007974186   242.50535562751517 17.322688317051426   15.93494573956955
WMAP5      -165.26324132705022    -2.306111577957015   102.34336222135654    12.092101307289084  552 0 194.4001565722225   180.79946323420094 31.76639317812491    16.84886178072187
WMAP5      -108.29586346692942   171.02621594356378     61.77795102024474    12.086548091226144  553 0 211.64705482543832  122.34248421323997 16.971224197360492   15.743215628172678
WMAP5      -141.31643219087974   -78.40964799958785    204.3173249574115     12.085462968895571  554 0 260.5071518871052   209.02377370966266 51.656538185752076   16.417351495934945
WMAP5       -76.25506503492583   -96.29941927857337     88.6357505007287     12.084469226869462  555 0 151.47511136717696  231.62592269261984 35.81362908303829    16.162557738772616
WMAP5      -234.82967193014693  -151.85432247012668    104.7556742365823     12.084129732165504  556 0 298.62762992804704  212.88902395610762 20.535660666809243   16.514782828293896
WMAP5       -66.89542305907948    60.03316327957977     97.75958104965571    12.078980035817915  557 0 132.80027863905298  138.09462296797602 47.40362234593334    15.883579798492102
WMAP5      -141.85647585117593   192.4553842978115     163.74454762251062    12.078952864045679  558 0 289.78373239751437  126.39346672649077 34.40630258068727    15.764609359575784
WMAP5      -163.3394141986575    -52.14716585385771    236.1803880303282     12.06386467939902   559 0 291.8565860615565   197.70601964093385 54.02119710631414    15.97229753489502
WMAP5      -250.18070048023196   -91.86282288009987      7.490902144310697   12.059528154893009  560 0 266.6182190609182   200.16252264631018  1.609993368477106   17.095813468293233
WMAP5      -224.5562387895067    153.35243188634425    128.14005968993578    12.050804243748326  561 0 300.6033061063802   145.67031320437792 25.231474675499015   16.100788885279467
WMAP5      -122.29221741491253     8.65234679990825     83.5081581305394     12.042494383311322  562 0 148.33698803655577  175.95298662377851 34.26092133454085    15.974773694390796
WMAP5      -174.925537556847     -93.52012848363896    206.86702089270688    12.041285827859445  563 0 286.5988877406398   208.13021738208826 46.20327617003686    16.38919663274516
WMAP5      -167.55359493774816    80.19552151329185     97.96917490272165    12.029234693182667  564 0 210.00830478452966  154.42300717706047 27.807435497510443   15.769536549973663
WMAP5      -148.92378385967314    72.92943245579673    135.06100219134146    12.022263669375832  565 0 213.86554147486407  153.90855673443275 39.16257418117977    15.168222226126602
WMAP5      -265.75194069249983  -139.73240432800236     52.85256041319384    12.020982184660191  566 0 304.86494049553255  207.7353993831795   9.983458448309985   15.287062214982482
WMAP5      -122.97180292038384  -185.9018199419855      46.259955016684366   12.012984104397901  567 0 227.64343700044986  236.51584665746773 11.724870982395878   15.922919399691812
WMAP5      -149.84246257476275  -164.5353836194426     214.77319235539898    12.011498863496113  568 0 309.2768665901081   227.67585719289534 43.98234278880156    16.017194953606204
WMAP5      -194.655814050733     105.53205710243434      1.6513456066637415  12.00365367583979   569 1 221.42860691956145  151.53579955620378  0.427298044974369   14.651949298517962
WMAP5       -91.1017021487667   -199.56458843281817    139.9405253633232     11.996352529925243  570 0 260.2093305969746   245.46319119238143 32.53398677883271    15.561581435205945
WMAP5      -212.87796916561223  -242.8639807182846      37.39773692552917    11.99571657756171   571 1 325.1131089537267   228.76440896339912  6.605351147782244   15.427572545233826
WMAP5      -210.75426148077182    17.600894295094843    80.79649555542099    11.994383849319256  572 0 226.39616583840328  175.2260884304982  20.908772132748478   16.237134358596013
WMAP5      -300.54618620466226   -40.61685454648266    121.59959341779275    11.994360142621602  573 1 326.7479151192707   187.6965207185444  21.848342005875956   13.061882397413669
WMAP5      -140.88564039535922  -272.2202815808573     107.6467406115234     11.99290527892184   574 1 324.8699218731342   242.63650201377334 19.35093960975338    14.56894974641757
WMAP5       -23.793442411431297  -19.107657574780433     6.095512740575588   11.986527756803673  575 1  31.11889707800842  218.7666944486878  11.296028640212393   14.00631790437812
WMAP5      -139.82910677749805     5.846168225216894   234.96037303770265    11.98396941152152   576 0 273.4826021580292   177.6058933321541  59.22037591398441    15.298554090175273
WMAP5      -170.05715631176614  -109.11218246861905     15.087587574410659   11.97317385409558   577 0 202.61426424298264  212.68506873285548  4.270459393705419   15.305857790231556
WMAP5      -151.9430240287923     78.00392688390899      9.339549747734496   11.968703046238296  578 1 171.0512272677831   152.8251166486342   3.129957240352784   15.228976406680303
WMAP5      -153.30203066790298  -118.75326885981539    121.07077610764661    11.965294980496793  579 0 228.60880188457784  217.76265161583953 31.978300831599025   16.115098229745687
WMAP5      -268.3683852077586     72.86253107278449     39.08974873164955    11.962875658216761  580 0 280.8176402387426   164.81024877365655  8.001542589515516   15.720312486536697
WMAP5      -157.0783940829937   -195.11607114791357     64.25937424578385    11.95559633726745   581 0 258.598473093616    231.1641609582986  14.388230964931      16.160510164381453
WMAP5      -125.68381630463715   164.19873340268435      4.579696555989619   11.946389147040183  582 1 206.82992857052514  127.43178674249357  1.2687657542255828  13.346656562418056
WMAP5       -99.09271920396122  -227.3385401101363      42.96583371235179    11.944994201500549  583 1 251.6907659912072   246.44849188541653  9.82903390570804    14.37359574714553
WMAP5       -59.87831653331393  -154.12887656092823    118.7079763086282     11.94264192441719   584 0 203.55025674286787  248.76909453369575 35.67505193141095    15.617985204601005
WMAP5      -162.59984064940585  -234.34146012159863     97.69240658169024    11.935494319511498  585 0 301.49367226337813  235.24481985533694 18.906700069535127   16.340907415826226
WMAP5      -136.7309195957924     -1.8509044522140363  106.70070026192766    11.917645698175585  586 0 173.4468496606035   180.77555637549423 37.96486116616193    16.132497783773648
WMAP5      -101.04663963869555  -135.78869167406262     25.005379514093214   11.913362563421696  587 0 171.0972272524306   233.34536072746198  8.403716242746707   16.272152548920744
WMAP5       -80.98232149622322  -287.186622547436      131.71646773746193    11.90079061269139   588 1 326.1648669589583   254.2523439046761  23.818081130098964   12.794835564700435
WMAP5       -26.392145398402782   20.54674255213708     51.524422026665235   11.900053181527154  589 1  61.42865807923969  142.09862405569837 57.01030149196308    15.743924527066008
WMAP5      -229.37623385575722    79.1394437674949     217.8850238955672     11.897951468461617  590 1 326.1140779783225   160.96452921854092 41.922528946142336   14.136690808230355
WMAP5       -72.69762129789551  -185.5847269239655      87.91663270362835    11.894544957799523  591 0 217.8439104399289   248.6086282763751  23.80193958556802    16.822556370018503
WMAP5      -236.64432266029326  -188.2785308023667     119.91425024441344    11.894084910157533  592 1 325.31333821429234  218.50639628029057 21.630012754505913   14.514680532097728
WMAP5       -81.37948918436882    60.4938211466219      52.302581738432686   11.893815668309305  593 0 114.0950643688574   143.37456121800034 27.28470397520224    15.140789306178654
WMAP5      -113.97801370420723  -101.4694430286939      65.9975088929295     11.889250263530379  594 0 166.26095950818436  221.67721925006092 23.387729169720604   15.434494039608671
WMAP5      -160.01384715593485   -33.09476571852407    124.5114612909225     11.886341481768154  595 0 205.4331978829317   191.6854040663928  37.30747763579417    15.147037454114981
WMAP5      -153.13779957563722   -40.93221220292512      7.397227791309007   11.881080577277782  596 0 158.68632780958114  194.96475869770973  2.6718343381382508  15.358486169550513
WMAP5       -67.66083291284623   126.61081332104433    171.20278678969697    11.874608885000763  597 1 223.42488797095743  118.12005215496485 50.019709572122174   14.025914165100023
WMAP5      -128.10124133911782   -66.22646236523124    179.92337411507376    11.873060837427863  598 0 230.58250779924546  207.33830047218274 51.28798906318364    15.420232399161696
WMAP5      -107.56227136470785    32.45931064985035    134.59890001696715    11.868011754266005  599 0 175.32858567494367  163.20764208056755 50.14736161568174    16.059322784143376
WMAP5      -230.48478814732286   100.81072938808516     76.0141028159399     11.866869204028294  600 0 262.8006555432964   156.37612367325326 16.812835200541823   16.01212441011584
WMAP5      -120.78523494921632  -244.65746698223649     35.24428455176477    11.863504271730422  601 1 275.11544617754066  243.72485268444274  7.360231467726925   15.848592484336283
WMAP5      -164.25036787069436  -153.44659894344153    179.92106427369563    11.859462676255038  602 0 287.91601456387787  223.05232036944983 38.67544629095008    15.824277845489483
WMAP5       -79.15152013754894     5.680743153796058    97.42479735950705    11.849693859879238  603 0 125.65359176484064  175.89489281356828 50.83625930665505    15.951821689160992
WMAP5       -91.25795765007068    65.26515947362908    251.08758930497606    11.844898365982825  604 1 275.01369671084507  144.42870170740773 65.9233213589926     15.133702013041255
WMAP5      -119.56723173456712   -52.28117928953015     10.536190488463758   11.842847013054122  605 0 130.92232782295335  203.61751772044224  4.615964169029286   16.356850198416776
WMAP5      -209.86175185308545  -139.4899294372586      78.05730860091833    11.838693074603885  606 0 263.80359878378533  213.61100598809264 17.211018324884435   15.469002909037698
WMAP5      -181.12394278878395   237.5924569196431      98.76407473038465    11.836621748806238  607 0 314.6591818044027   127.31937370436273 18.292993253470655   15.847346156205923
WMAP5      -311.41636373876173    42.62766460214195     37.29230181136271    11.831333239905574  608 2 316.5248571093513   172.20561134600015  6.766185491937609   15.736938099987816
WMAP5      -126.12760206892803   178.24571428781414     65.4378280469884     11.830177875629497  609 0 227.95134569714247  125.28342506864027 16.68257901261371    16.096597534928172
WMAP5       -99.39152818712846  -259.51366537545005    162.45459306955237    11.822941144250976  610 1 321.89674307356336  249.0435848228072  30.310059733731514   14.88647735234697
WMAP5      -263.9737611839792     51.04697542496842    107.41495676505704    11.820378680183076  611 0 289.527050947736    169.05529374875582 21.777392781151647   15.473129860833373
WMAP5      -224.81292888045294  -160.56017779282962     14.687338448961777   11.809072859965516  612 0 276.6516611108399   215.53422050769836  3.043243300625867   15.070779585295085
WMAP5       -95.81183825974107  -185.70102915961405    130.08637694557567    11.805372832899108  613 0 246.1447664454335   242.70867649947718 31.903851367238406   15.129066942468748
WMAP5      -239.53256915096262    86.94501409711114    186.5254660646007     11.798347581445743  614 0 315.79587814128297  160.0502247503333  36.20328954592773    16.359248490253854
WMAP5       -36.24287694376145  -183.5967738373395     113.31634885643103    11.796982743236757  615 1 218.7736648017585   258.8331158722819  31.19561608173179    14.935446877221814
WMAP5      -131.11678469520427   229.218432579665      110.43568997994036    11.784866391498493  616 0 286.23197355367637  119.77027993699149 22.695018632052825   15.48197439959766
WMAP5      -184.7502836442243     37.05587809440128    198.11692140129458    11.783431944106722  617 0 273.415654185153    168.65851532483057 46.43556397783916    15.69480159474628
WMAP5      -288.79219945049033   137.93464634910939     66.56226839299138    11.783316221363322  618 1 326.89055768028277  154.46964877746197 11.748872635691034   13.439667496106615
WMAP5      -200.49288197987747    54.6735086155481      48.32945654754239    11.782962579312864  619 0 213.35961342089155  164.74657521303055 13.092065351598576   15.980712130159452
WMAP5      -134.68625979070976   -41.09476683914052    138.73932934407517    11.77840177709084   620 0 197.68098023031362  196.96772174323644 44.57437107171702    15.847597417871322
WMAP5       -78.79617362493543  -143.446124625385       69.87949300215527    11.774088992375322  621 0 177.95721730295384  241.2196341794553  23.12109839860132    14.81849386439165
WMAP5      -194.7981711618475     28.994712255836      126.01435714191801    11.772333791266316  622 0 233.80897979481034  171.53397194197788 32.613064310941205   15.001611426884214
WMAP5       -83.02316654119574  -168.03910200066977    111.09580697138004    11.76817460844448   623 0 217.8813078498033   243.70738025868522 30.656596796400684   15.261215202491869
WMAP5      -125.10009454107208   174.495956503859      156.05167156157955    11.767401818687063  624 0 265.4260663302399   125.63759407901655 36.010178363164215   14.890500625026668
WMAP5      -117.94769221449754  -122.14717965145425     39.917087373549265   11.765058925664032  625 0 174.42753641532076  226.00205544466357 13.229155105734222   15.303510825937567
WMAP5      -107.44479153220644  -130.79259439985682     76.11512231253168    11.757713514515876  626 0 185.59255863826118  230.59724223225294 24.212340118816776   15.36809194933747
WMAP5       -47.56695866826303  -119.35415548448132    100.90814937711968    11.754080337837689  627 0 163.3722271350828   248.27092539904973 38.14530409990887    16.438448299064213
WMAP5      -131.96947463001828   -20.479300761401497    91.13766433371148    11.753662524446103  628 0 161.6830784405197   188.82092171535032 34.31074120616737    15.899166231973847
WMAP5      -160.02882573972687   -54.28180873802743     93.80490759405373    11.749010915553269  629 0 193.27467634492785  198.73694620847317 29.03508166473406    15.640666225616323
WMAP5      -199.2454099404544     -6.3479524552573565  183.7229401931457     11.742313250770502  630 0 271.0961981214936   181.82482445514077 42.664474168657826   14.450514629393524
WMAP5       -55.22761663791604  -119.92485688403136    149.1570885186102     11.739833941595922  631 1 199.19813752520014  245.27305450546265 48.48546197437458    14.64070732923293
WMAP5      -213.20027330116142  -166.24682326451233    138.54744577610685    11.73870655771369   632 0 303.78900163158505  217.945977571184   27.133461093775313   15.700825989246407
WMAP5      -196.00818382338332  -102.28926860199292     42.2488989135632     11.734894840278194  633 0 225.09391830140672  207.55835541200435 10.818270524499507   14.861661082595017
WMAP5      -214.0102715880484    -16.247539879180728   170.17678286853447    11.733222427504378  634 0 273.90603557570637  184.341535061101   38.41085278776554    15.461412414218906
WMAP5       -41.34791780820797  -102.75904473354129    103.33149792469395    11.728306315269018  635 1 151.48092303978507  248.0812598825425  43.01125311184201    15.835034479122442
WMAP5       -35.65697450153701    -2.4961768597769862   63.35780273563422    11.725033922806814  636 1  72.74518469978673  184.0044745881698  60.56983969724249    15.356587956697114
WMAP5      -166.4067144020828     93.40775941935189    115.67725905238488    11.72205949256211   637 0 223.15338307924537  150.69354146264394 31.223349961453266   15.773373136792287
WMAP5      -198.42729188328562    47.14750181167172    157.72215554424238    11.721351158097324  638 0 257.8227209551912   166.63403625917266 37.715896053881096   14.942427944278617
WMAP5       -80.573418377558     -19.87690255062045     29.124765297877172   11.71786397018677   639 0  87.95123056392272  193.8577765950209  19.338394112134633   15.435897945979486
WMAP5       -34.3809945386883    -39.22077676564382      6.486090228724052   11.717718238780028  640 1  52.55845775919352  228.76214394644342  7.08878081996048    14.421272235715856
WMAP5      -246.55446911889328  -102.45506339862979     94.9572670697359     11.706588141330833  641 0 283.37789050642203  202.56519953180145 19.57804731452937    15.665735495799527
WMAP5      -135.92986454761768   136.35124407325836    104.64472612894103    11.70575963038066   642 0 219.13262774598408  134.91132969437325 28.524897423345596   15.380770631332561
WMAP5      -266.4329411643788    -71.49109846654738    172.39204903521724    11.698944241429288  643 1 325.2944940634804   195.02018411195706 32.00254015852444    12.966312704227269
WMAP5      -254.86884271542408   148.27746628871287     46.10057877373401    11.697491442493853  644 0 298.44530044779265  149.81003313133033  8.886007453769686   15.067365163953959
WMAP5      -311.05736194811783   -63.75430335868846     64.32280480759408    11.697375932553227  645 1 323.97332735456774  191.58292441163505 11.451800961159462   15.380795597212362
WMAP5      -229.3954460360568    -94.25481995092926    143.80889800053154    11.697175788092501  646 0 286.68317162015427  202.33695521245332 30.10790295444956    15.323942156231348
WMAP5      -281.0095054705922    107.19878496717584     -2.274842528277982   11.68915368081243   647 1 300.7708373027446   159.11927578604917 -0.4333535784011388  13.782710618731015
WMAP5       -62.97553814555802    40.7530615146096      56.613777736075946   11.686328543757845  648 0  93.97792430717969  147.09207400743975 37.043106554186025   15.659749665038756
WMAP5      -143.50547656617246  -240.08553925668284     75.56134317013856    11.681311240752422  649 0 289.7316077792202   239.13212259392475 15.117401374469406   14.466249682950846
WMAP5      -161.6788489396887    139.37960086487638    190.63535135550273    11.673305317761043  650 0 286.1967164698975   139.2361340076743  41.766694270757995   15.230249604951217
WMAP5      -249.2776751338384    -60.24258155726511     74.27469466242357    11.66332698682244   651 0 266.9929928294214   193.5860947372498  16.152188696414793   15.759006965090457
WMAP5       -64.18135523466049  -159.90246460703995     99.76728780872537    11.662601944620555  652 0 199.10187408427976  248.13055209416441 30.071917171303724   15.48789625050376
WMAP5       -82.26160332504111    91.663460426045      200.66916711371437    11.659050537412364  653 2 235.45121785413502  131.90577695031772 58.45997075912744    15.329457932079132
WMAP5      -290.0811661198295     80.26321278872982     58.74826895255769    11.65052145773085   654 0 306.66043985087333  164.5336455865479  11.044674693082538   15.771290114248844
WMAP5       -63.39197774323857   -70.347840189302      161.32448668171972    11.643128029539296  655 1 187.06403038697525  227.9772941725672  59.58741472432194    14.762851166227101
WMAP5       -94.86508005732351   103.83828090979766    268.51344482659334    11.642113241594048  656 1 303.1191878605319   132.41434934268875 62.35439504464153    14.495235617545664
WMAP5      -286.27558031247025   -33.443122969924985   128.59789858548638    11.639791275515067  657 0 315.6098380561452   186.66317316300555 24.0452789143312     15.8871681565046
WMAP5      -202.71856240743287   124.18634051352939    140.559073804898      11.633557079380372  658 0 276.1773269904126   148.50816926047304 30.593583236534514   15.840713309258064
WMAP5      -166.24735426214366    31.373310980681495   103.90384346433953    11.624191694053538  659 0 198.5408676512602   169.31312890232937 31.55637903104842    15.05852675292815
WMAP5      -229.06628306418878   132.87831040721633    161.5023512113119     11.623198355889146  660 0 310.17900776858113  149.882548722971   31.37751763314082    15.158606580989531
WMAP5       -99.92597538721272   -52.40814904325845      0.28744137535388964 11.617717806436165  661 1 112.83570917830268  207.67564995373493  0.1459573001999864  13.610414173639086
WMAP5      -243.92052878634368  -141.8537223750192      26.293691596180437   11.616994107939984  662 0 283.39206257905954  210.18044717074946  5.323675745760618   15.594933281369471
WMAP5      -103.67186197108457  -248.8180148471744     149.2169213762532     11.615495955249271  663 0 308.0973046004253   247.38058846685462 28.96776761512265    15.592705460526945
WMAP5      -168.37525348656106   -42.14822504792399     79.55341317955592    11.612778606453514  664 0 190.9330888292317   194.0536685367524  24.623644779463202   15.539585701571443
WMAP5      -108.52002468793827   -20.279908436827633   127.93898176922002    11.603818482589062  665 0 168.98595651894172  190.58517442151674 49.20905461163331    15.28661526998638
WMAP5       -94.4298556818087    -66.39119942501348     73.57091060633545    11.602077953396043  666 0 136.88487094132986  215.1100651290309  32.51127799913828    15.521505816625288
WMAP5      -197.89778680776803  -222.90742713439738     61.48926811683155    11.599119002344061  667 0 304.3553600458403   228.40124878896881 11.655761252766162   15.514791221487302
WMAP5      -106.51969104717506   152.33945199045468    101.31469168006193    11.594932946757623  668 0 211.70361348773358  124.96224264161131 28.5919535328448     14.860105398363087
WMAP5      -149.97705328396654  -110.84652060227529     18.92110063560064    11.594374973467918  669 0 187.45152890983556  216.46773125593006  5.793223552369291   15.216241760776454
WMAP5      -227.07831863518652   131.09983153627712     74.6038799164108     11.587159791940621  670 0 272.6123025866694   150.00073743829284 15.882349021044721   14.365412492400495
WMAP5      -236.81151093089724    78.2454199558279      85.06943361049716    11.582635751854014  671 0 263.5125158094946   161.7158130324199  18.834086268937643   15.148727454765265
WMAP5      -167.04599248643132   189.0432759474204      84.6437436588549     11.5824576828382    672 0 266.0945078863811   131.46506630722547 18.547850996664696   15.338219497957898
WMAP5       -45.12174306464806  -233.83581715278567    155.07174432433712    11.578344673354682  673 1 284.18727446614446  259.0782505765926  33.070286382246536   13.82041158269492
WMAP5      -226.75660884741035   -40.07084452375668    227.74103960407678    11.57504028019439   674 1 323.86758614713233  190.0214498985149  44.683648992380455   14.472131633193401
WMAP5      -245.28253625691084   197.92753295785366     31.902279040778918   11.571146779655152  675 0 316.791076742071    141.0986593248531   5.779738707007681   15.009252098954233
WMAP5      -250.2763360389165    -60.86068364422528    168.82605073948068    11.569721806333744  676 0 307.968346754982    193.6675583044072  33.243124168951894   15.149962373090693
WMAP5      -134.65463980537862   -65.9647195265506     132.42738263482272    11.56851292038562   677 0 200.05056339546383  206.09934532679745 41.450255867153565   15.328182309017567
WMAP5      -120.0699988796657   -152.8839203430013      62.7551823297042     11.568104009459162  678 0 204.27557524002353  231.8550753402965  17.891078846294217   15.530681347100803
WMAP5      -269.57483257976963  -145.3346285352981     102.10317438579692    11.56173813178191   679 1 322.827822269953    208.3302327816642  18.437952129410082   15.106276952896161
WMAP5      -131.90881975429804   149.45405876514155    199.5089341900962     11.558285858699298  680 0 282.0288411351123   131.43176747729635 45.02426181393558    14.621257969703295
WMAP5      -155.78761955542137   266.55271812141876    105.35641812373545    11.550258166272352  681 1 326.220950866931    120.30429209846432 18.842046451679177   13.816353152931345
WMAP5       -96.54332129332802   -21.236156883225945   141.57263982974078    11.54873882315889   682 0 172.66846728304867  192.4055086914185  55.07580676381339    14.736916575718283
WMAP5      -183.14508433165545   -92.90461422177118    252.67479944422305    11.54509051717858   683 1 325.60396731723597  206.89746458126334 50.89749186142581    13.91999623192536
WMAP5      -253.0950573670061    -73.72191430816544    192.01673413888167    11.544587699030272  684 1 326.13257258702413  196.2398656696181  36.06969813739695    13.463738150992398
WMAP5       -90.67960277114153  -271.47782795004616    132.91720511194976    11.542873067750024  685 0 315.5788092410183   251.52953980996736 24.90945301330619    15.365380500538107
WMAP5      -113.24782283361913    42.423522928014116    79.0946181144426     11.524091495926314  686 0 144.50184527834944  159.4636559878027  33.18612751115756    15.348008350416995
WMAP5      -271.9197748958661    -79.05344361430713    107.74653481742575    11.519330781578882  687 0 302.98370697425577  196.2103844471765  20.831340076670305   14.068092717522571
WMAP5      -281.9282037724633     10.916361021216142    99.82641731012099    11.51597334151392   688 0 299.2791215793169   177.78259461463017 19.484767297639888   14.866855714427514
WMAP5      -206.5422234716493    -65.93278736953476    222.3727556484714     11.512987164312069  689 0 310.5744113439222   197.70421834577382 45.725603193581094   15.411255317290184
WMAP5      -256.03134738574414   116.17714986796241    114.22364320911602    11.512951791029499  690 0 303.4735930251033   155.5932855906995  22.110089949128774   15.245674237016848
WMAP5      -170.2071194490093   -179.90539563738545    157.10235908196603    11.512781939785837  691 0 293.2875144285765   226.58671344451625 32.38867491610595    14.464958399089182
WMAP5       -79.7036694577967      6.846490897945599    16.67872886076978    11.508597735114755  692 0  81.71737489092783  175.09038342871688 11.776971285393415   15.666034413964718
WMAP5      -120.05295585399315    72.84216291004033     87.36503256479276    11.495856966423773  693 0 165.3824108596225   148.75270653345328 31.88801429933535    15.80268636623952
WMAP5      -191.87571426583526  -190.9544531433594     168.53940280033498    11.486353614051199  694 0 318.8815190577802   224.86212091744605 31.90638837553954    14.71876691465445
WMAP5       -73.54489699123619   -89.55336881728066    149.93427501229388    11.485809943570244  695 0 189.49655554504838  230.605757501142   52.3000696400459     15.65104912977177
WMAP5      -218.65534875182698     1.6330554284505916   41.06285835032717    11.483681454232     696 0 222.48367747705564  179.5720871013899  10.635813523255038   15.212737530061066
WMAP5       -78.52863664619052   -38.65216050994535     15.857584583721902   11.479659078581236  697 0  88.95054398049452  206.20662592511286 10.269251322365143   14.584084421254557
WMAP5       -71.13141449592776  -165.81551681474807     34.29034894726635    11.476704731127624  698 1 183.65808388322787  246.78167223393584 10.760701976288676   13.186905863842872
WMAP5      -123.94271763193451   -11.22469148549218    165.4465934850705     11.474881307975494  699 0 207.02745288668385  185.17479207232589 53.049288132375196   15.39530283014382
WMAP5      -120.00549214625634  -125.10050756580995    155.07721235056988    11.472005707924888  700 0 232.59492025603697  226.19083516854067 41.81491951096801    14.973333560845346
WMAP5      -285.2686182443769     -6.897657716101158   146.91155611523433    11.470564458996355  701 1 320.9497897759464   181.38511444413786 27.24136958071791    15.601466064489799
WMAP5       -88.63135990627438   -73.49671625878248    197.01018810257523    11.459864162561056  702 0 228.18917475610363  219.66689873291722 59.69635222861782    14.915385979678902
WMAP5       -95.41777137833807  -202.07677203778417     38.79829208473826    11.459384199928941  703 0 226.81463877076374  244.7239866496879   9.84929643803284    14.737461173079422
WMAP5      -283.88426045005116    35.57008610552395    124.39182925608839    11.459281064804847  704 0 311.9756906274954   172.85818154025463 23.498360462519013   14.897645723324553
WMAP5      -206.97665102509086   137.0637299326759      58.75226854147302    11.450455190897857  705 0 255.10317362077078  146.48674445270981 13.315198011139731   15.522613116617137
WMAP5      -131.00906573846478   -40.202598727305876   294.73017318613296    11.439462105667051  706 1 325.0315357567971   197.05961779189408 65.06329246241052    14.092297973178349
WMAP5      -177.99326414998748   -81.08606917390797      1.3781411576184812  11.429155940334148  707 0 195.59767884587313  204.49196736264489  0.403697659931541   15.533490317090925
WMAP5      -115.49878171844902   126.75968117830526    262.7012108685758     11.425151638628794  708 0 313.7194790616092   132.33863611193829 56.86407639886715    15.367102458744762
WMAP5      -108.05062906119386   121.18309743663059     35.61820725301122    11.412551232910772  709 0 166.21954828711958  131.72119158598878 12.373530758669178   14.935367097679853
WMAP5      -268.8566170321009    151.31189351551228     70.82851165498994    11.409930441360933  710 0 316.5372769587439   150.6292896288109  12.929996667932667   14.196333563209135
WMAP5      -284.1111997553578     29.729952219259992   152.7463419510033     11.407389146720629  711 1 323.93593327199926  174.02619839884784 28.13382480054675    14.625832084655103
WMAP5      -121.97098504421972   158.02015418625362     77.02829882054768    11.398696556714038  712 0 213.96413050063376  127.66346616343267 21.100543854964332   15.201333412326967
WMAP5      -179.92358361785682  -200.83032983075742    142.6590241960886     11.39525691532913   713 0 305.0523143764081   228.1428873171987  27.8821389945743     15.138969362876642
WMAP5      -177.71925112332113    43.72448573639256    172.15137591375841    11.389464117628144  714 0 251.26093827283665  166.177973307653   43.2473874264892     14.682686698474775
WMAP5      -312.9302295060563    -51.77625600183584     43.10291743335947    11.38441265297284   715 1 320.0999386372133   189.39483047765125  7.738645436166749   15.371516833942138
WMAP5      -181.37904769933428  -173.7592983854251      91.46121037344224    11.376107469954556  716 0 267.3121877556046   223.77086631978815 20.007996709623626   14.98008163015806
WMAP5      -163.34649951113315  -183.19384569617776     -3.5759357225209882  11.369638747267198  717 1 245.46863612239184  228.27791051158923 -0.8347024510992744  13.847470700325381
WMAP5      -219.06820929099356  -151.26259962469692      1.4468862689842341  11.3688317735159    718 0 266.2204872789833   214.6243706211813   0.3113993427947296  15.490335687259918
WMAP5       -96.18544286550929  -261.2665475037116      65.38238591339167    11.367853725230086  719 1 285.983748928975    249.78878434088153 13.21599976566447    12.519992975077663
WMAP5      -289.47304140777356  -129.1131781147649      -0.43482110279973696 11.366248475777356  720 2 316.9622115239497   204.03822544702365 -0.07860060582029402 14.629332600083615
WMAP5      -264.95466110838805    84.77498949725583     26.38316276230173    11.364636165901604  721 0 279.4348628297169   162.25738848892323  5.417716388405108   14.687823158934153
WMAP5      -249.55528763639452  -115.74549565173902    164.87228223144106    11.362290828563728  722 1 320.7144069092536   204.8822015677449  30.93585989564216    15.043238420504792
WMAP5       -48.71535490337636   -13.438929540190031    13.668899233027396   11.360186556627792  723 2  52.351021353845276 195.4223918741448  15.135396178367833   14.719460633231295
WMAP5      -172.13488298408222    53.49757614378463    140.67021219542738    11.345187197605581  724 0 228.6493323679522   162.73534587721662 37.96808877753338    15.658045831893224
WMAP5      -117.94172663024585  -130.25786007146664    219.5783889203325     11.345134351853984  725 0 281.23305259476564  227.84079493377732 51.33114909433516    15.17816707826599
WMAP5      -295.0001557065781    -67.82857332993355     -8.217830388846053   11.343701281732686  726 2 302.80908170525424  192.94880538012646 -1.5551211724643503  15.009544966529175
WMAP5      -201.7074830465129    203.769586955931        5.120379102608863   11.342923395262455  727 1 286.7650110583654   134.70861772195943  1.0231084416380831  13.15697878523164
WMAP5      -289.27173877719014   -67.06231151272196    119.3520803894784     11.339698183859731  728 2 320.03189149505835  193.05239145518505 21.896931036292926   15.38379452663659
WMAP5       -67.95129029897883  -195.6339718078397     202.73167335620693    11.338582694892985  729 1 289.8105590906144   250.845896427595   44.38944436799639    14.081478024493075
WMAP5      -128.67894583178713   259.08013041836887    149.61895250106733    11.329406376597344  730 1 325.6787006015218   116.41249892333603 27.348824689882083   12.643677335227991
WMAP5      -161.61996741584477  -111.96149934941559    238.00168640086386    11.32877266198123   731 0 308.708914567952    214.71210581481725 50.44001755892551    13.830322167279908
WMAP5      -186.70618610897412   200.41120160382576    100.11195568066499    11.328510248321797  732 0 291.62690776033617  132.97241933220224 20.077310888584947   14.948502861977019
WMAP5      -229.2267653341226    -13.730371342714001    76.35918867710564    11.328237161242686  733 0 242.00032797122313  183.42784362124178 18.393018256817452   14.228616618648525
WMAP5      -142.44805189129588   168.70512778369138    148.05322427963273    11.32786507508401   734 0 265.84323359403413  130.17644719042872 33.843012556813456   14.832859647036598
WMAP5      -142.21176726154292  -195.9341441246581      36.14534123836906    11.31968480451811   735 0 244.787379729331    234.02732539872918  8.491353091704656   13.872883378372162
WMAP5      -197.3724557073114    -82.10399378985757     12.522691071704186   11.308779381434292  736 0 214.13493376807276  202.5865810480615   3.352591436657401   14.608047948918824
WMAP5      -185.57056767673697  -174.34776481106883    202.27580435845115    11.30715743100596   737 1 325.1908358354223   223.21400884004203 38.463931251787656   13.527719272078116
WMAP5      -174.8189162584585    -19.272668116755746    52.542387552674064   11.301776672508241  738 0 183.55868736689075  186.29108897881267 16.63316241409252    14.335349603301214
WMAP5      -229.4198803026372     80.41419125755901     48.521679982745646   11.301715322766947  739 0 247.89973187164128  160.6838750498982  11.287433873606735   14.977176932786994
WMAP5      -134.4465789093727     32.05553191553286    294.3925276210608     11.301516393603935  740 1 325.2236154185901   166.5895803547543  64.8502791694678     14.767261738728822
WMAP5      -103.8445136549299    106.34548126613817    120.950391968597      11.300552588792913  741 0 191.62996039062557  134.3182923524057  39.13622983198186    15.66953033962106
WMAP5      -219.75424148650086   150.31731625191705    158.31630247801206    11.299777886558566  742 0 309.760026224811    145.62691024399012 30.73668750571116    14.020161779372266
WMAP5      -112.13410814498666   -54.123587355319735   250.2315980628769     11.29573074483099   743 0 279.49825328037684  205.7651339078271  63.545522811208876   15.332529536468876
WMAP5      -146.59112244196075  -243.02817842247754     45.19018557606658    11.295074455641467  744 0 287.39138045275615  238.9022208349234   9.046886507396081   15.093722524357965
WMAP5       -88.77324019495963    96.67276509480222     54.645331554158005   11.29046742447419   745 0 142.17040460816963  132.5608211441732  22.6043260862813     15.159435460072324
WMAP5       -69.4503559841237   -238.1825051061932     132.4635180969383     11.268716281517188  746 1 281.24871788436855  253.7441275976945  28.098159507433873   13.314861737718772
WMAP5      -221.1135107173459   -109.88280650842012     63.809162018289484   11.26173272265975   747 0 255.0235772343276   206.42517194995253 14.489872593293343   14.607511140583485
WMAP5      -186.9708903974254    150.41321764840785     73.28586850318794    11.257713122736101  748 0 250.904500600567    141.18422728712676 16.98292529993541    14.746599536863874
WMAP5      -309.47635560174643    78.57445227759675     57.02458562914637    11.238922112816091  749 1 324.3475953255069   165.75391838158433 10.125984244897328   13.51703531692784
WMAP5      -142.57678072549723   222.2014361383637      31.813180680895208   11.228131438581903  750 1 265.9204676008094   122.68648463621287  6.870991325751535   14.072915711417416
WMAP5       -13.994350348198079   13.848004803249415    19.014981086586268   11.227772917418072  751 1  27.371126838735815 135.30115645074198 44.0040704393517     13.52630203429658
WMAP5      -165.60187207864823    12.774899730135594   153.8239938430592     11.227267089728736  752 0 226.3824180030276   175.58881147330024 42.80359731053611    14.805025949687877
WMAP5      -123.92907582106383  -164.11168502680013    192.15094409715016    11.221253248370882  753 0 281.4481236633578   232.94169138994832 43.056750590115655   15.020161545458468
WMAP5       -95.64040638966331    -2.4959087098394197   60.38367926988375    11.220775915961832  754 0 113.13490008320152  181.49489728855016 32.257937288020145   14.655251734102075
WMAP5       -83.42216814851896  -162.5730398969356     130.0909638455231     11.216856012494299  755 0 224.30539519634294  242.83598318382056 35.44860940912833    14.414699079260023
WMAP5      -134.33612673014642    -2.591374973340052    41.539085415933684   11.21468301483548   756 0 140.6357201649092   181.10511178457523 17.179517732814375   14.807240108992
WMAP5      -176.78092158479825   -46.58958202355834    107.31449613695743    11.202790908628861  757 0 211.986991276893    194.76425962851133 30.41313736443902    14.922015187790752
WMAP5       -28.25362393372838    32.27415189512841     38.3587838966978     11.186694815252942  758 2  57.54376115594055  131.19973844638625 41.80534096343626    14.37199129473057
WMAP5      -242.07530101040317   164.9563157285201     128.15007785109222    11.182445297405872  759 0 319.73970649771593  145.72847953101214 23.627887605197724   13.530331273978902
WMAP5      -229.081404474397     -11.83577644360528    110.7993143633236     11.180822802393607  760 0 254.7447026796983   182.957628072817   25.781639246838225   14.570794068960527
WMAP5      -195.04320545127138   149.70480389548197    208.48416592872076    11.179263776858182  761 1 322.36474333445017  142.49207096814476 40.29579242952734    15.030046601380601
WMAP5      -207.96334828417775   223.85887900687436    112.7628226601947     11.170129982239905  762 1 325.69465165101366  132.89187367999597 20.25644073091995    13.604134913146346
WMAP5      -119.01359428364744   -21.838159569749028     1.6851165841323394  11.163954609563191  763 1 121.01231530554473  190.39770742912606  0.79787903097392    14.253431629262144
WMAP5      -259.86795490705       -7.331468980451106    94.80746512489611    11.156665444039774  764 0 276.719279900032    181.61601624338186 20.036117625335436   14.981493392530417
WMAP5      -109.8745662791554     83.50549414557459     98.95099841504843    11.15392934178342   765 0 169.81427488542894  142.76489372649831 35.640762715660486   14.649995003282374
WMAP5      -222.96789751785352   -40.44847537247154    177.08529005618178    11.149820262505942  766 0 287.5933977645723   190.28217356552634 38.006349723599584   14.66120285486069
WMAP5       -59.1937784589706   -176.68725975539704    147.73013661792547    11.14781592045473   767 0 237.7950471167803   251.4781165360796  38.407462470446184   14.141786941806526
WMAP5      -110.71870275917185    71.24839019140212     52.725529038937474   11.146842853748646  768 0 141.82716826467336  147.2383878357687  21.82414155261995    14.427507511645807
WMAP5       -89.5181363627629     46.997039413153736   101.33738835487922    11.137427608578172  769 0 143.1484709315868   152.30051824937976 45.065774743346125   14.59051354468057
WMAP5      -115.29148818942133    81.7246458163486     229.3865449875226     11.133989520229882  770 0 269.4238890745433   144.66898819989188 58.36388229919416    15.617590135707337
WMAP5      -200.1020283715074    222.66011699952475     10.699491990151396   11.133966058176776  771 0 299.5543833588167   131.94566143033387  2.0469276781180707  14.756175221537315
WMAP5       -79.8942564104603   -242.30477340420288    167.75836728733765    11.132350950440511  772 0 305.348268730569    251.75125302029147 33.32586658358087    14.5061989075349
WMAP5      -178.64599475978252   138.5416197954715     130.10534285050144    11.12757202824195   773 0 260.83629367385157  142.2060914604013  29.92069092312216    15.194840386474016
WMAP5       -64.22784990004243    -2.0467379000839054   55.50916322951387    11.125932634256658  774 0  84.91568195130293  181.82521713389045 40.82095599163936    14.866880678161479
WMAP5       -71.63069679456373   -16.386855494773005   157.64619078966675    11.123986479607213  775 2 173.9304666433495   192.8857382466275  65.00908583851661    13.897269040363868
WMAP5      -184.11311516879272  -194.14810350166644     68.3437801581422     11.122409836790633  776 0 276.15574873023263  226.51965790050596 14.328603298475764   14.15503446731903
WMAP5      -242.25361059539225    -6.323250162266996    91.94057448764372    11.117617824622355  777 0 259.1907879849061   181.49518226855935 20.776383676981467   14.33748058651625
WMAP5      -195.97856752296556  -127.5183727215802     104.98341559586085    11.108381884117584  778 0 256.30070592974704  213.05105073310673 24.18035841442682    14.566611273665854
WMAP5      -174.44625540574586    93.05546478352953     15.50122204413864    11.105185703242313  779 0 198.32070854055334  151.9230480883068   4.482948074509717   15.275273277334074
WMAP5      -239.0850410100868    201.79067110220862     60.85147867177022    11.101780243412344  780 1 318.72250349671816  139.8352288266609  11.006658370058133   14.703358766996327
WMAP5      -130.7953477951497    149.7793241448048      20.858621238101463   11.0995069872567    781 0 199.9408688239682   131.12920716982453  5.988217845884769   13.77059289255217
WMAP5      -114.20450424498536  -195.31720638294692     31.570645220126384   11.096238901405506  782 0 228.4473364666278   239.68461982117006  7.94350468548421    14.753188105031835
WMAP5      -174.96474077854353   206.60949618871769     39.146122395461035   11.093490166649406  783 0 273.5554118083923   130.2591891055221   8.227342418328705   14.582141860275994
WMAP5      -189.58696387360587   214.44502369206302     38.199891034299185   11.091687728396707  784 0 288.7717381118411   131.4793161640028   7.601598031955119   13.583879753030562
WMAP5      -241.45401616174684   -55.97219971969016    188.11214441771708    11.091456532611936  785 0 311.15768982869446  193.05138806175526 37.196874715458875   14.141152360503176
WMAP5      -171.73169086943275    16.76223457628632    210.43237102664912    11.090684180272612  786 0 272.1296178896413   174.42518364716756 50.64934403783372    14.102085007472065
WMAP5       -45.42852145293796    79.11810218077851    112.83406527833263    11.0851892451367    787 1 145.10324235289568  119.86384731943582 51.04247625695341    13.582864692319697
WMAP5       -99.62279489627998    87.9168673890738     224.70432503997273    11.079298874464154  788 0 261.0481000239687   138.57167777096058 59.403990406854085   15.03046903228766
WMAP5      -113.09978570466814   -28.240736944624985   142.11395870515267    11.057428371830678  789 0 183.8082642550851   194.0199313894556  50.63888246380731    14.868900353223024
WMAP5       -77.09364137643911  -127.49362275738575     36.34012225699267    11.056040737286892  790 0 153.357940355675    238.83922314072547 13.707349605814244   14.237268774631147
WMAP5      -246.74404121208389    88.7371238102243       6.43419320319583    11.055083275953312  791 2 262.29429627416164  160.21977704447895  1.4056313942989098  14.456699798426797
WMAP5       -81.04979162668484   -16.99649368091446    119.14163087029628    11.054903131190168  792 0 145.09540904731733  191.84355401004046 55.19768249637494    14.718614818698121
WMAP5      -151.7241134953694     68.16931209921586     27.527760033026155   11.053818521321134  793 0 168.59726955224366  155.80572081516428  9.397054419555706   14.914511235660841
WMAP5      -114.28373817215595  -121.67304793145928    205.96918513516673    11.049292380467785  794 0 265.1196119278573   226.79370954861685 50.976842786926454   13.96538469884163
WMAP5      -174.8193161402107    130.93013985573964    150.00862898746584    11.049005260052384  795 0 264.96619329467984  143.1687897648534  34.48166776376294    15.086736721627938
WMAP5      -160.64311989163542   -59.60601044063377     25.102259524648105   11.044615829754902  796 0 173.17393534365985  200.35717782285866  8.334617079400452   14.947379125735472
WMAP5      -242.9387596690198    -93.61125450281438     79.80965914282747    11.04138439518177   797 0 272.3084457221383   201.07310122176972 17.04277149663788    14.55908322205691
WMAP5      -153.04025826508524  -139.35578965075337    231.30546178361905    11.040085805568562  798 0 310.392611719355    222.32044739623848 48.17652597136779    14.026836889688054
WMAP5      -216.79603451460682   -22.70533011479056     88.62120370288702    11.039346472806853  799 0 235.3078204026139   185.97886492324506 22.12436177216801    14.105191351951175
WMAP5      -223.2869125085374   -129.49031534173326    197.40199501262293    11.033453141512517  800 1 324.94974180611433  210.1106428688041  37.40785145884503    11.89109481632242
WMAP5      -130.72292242740045  -149.9980030551767     150.9082488782439     11.031159604383756  801 0 249.72221156316664  228.9279227144294  37.178808707396186   14.854112918039027
WMAP5      -114.65140519881291    40.28440660071722     27.177013347669682   11.030586628943444  802 0 124.52456859485082  160.6403472841072  12.606044478345517   15.110215357701664
WMAP5      -138.82384799491317  -124.96046341031492    170.6631522971953     11.014406603381573  803 0 253.00808236072436  221.99154470019104 42.418156660010496   15.46697580222969
WMAP5      -189.5994302021276   -146.46876957232956     12.036582942708508   11.01243846521971   804 0 239.8873146332259   217.6866936790729   2.876080006144479   14.536970761362095
WMAP5      -220.3929086378237   -170.79698246034962     30.549562804477098   11.011443080836417  805 0 280.4958452151222   217.7744626172307   6.252641902087221   14.753693301130555
WMAP5      -108.09316806759794   100.71605999822704    172.11584182416127    11.00706363553653   806 0 226.8297174783237   137.02338486458416 49.35753437621929    13.685664024747284
WMAP5      -175.5244886271623     74.10023226584114    147.13958375338575    11.003352618873457  807 0 240.72753817708113  157.11224853000454 37.67840015996499    15.100503520084104
WMAP5      -141.58293595567264   -11.91643787769991    179.13775513614482    11.001276712285895  808 0 228.64396900145556  184.81100501656417 51.58022518130257    14.155852016410531
WMAP5      -262.448558717514     -76.7097151996143      57.016957346258074   11.000703143130051  809 0 279.31086588948045  196.292837195831   11.778832624699408   14.215112913019627
WMAP5      -177.98063196193186   114.6398260089118     198.42548504719085    10.997849254475819  810 0 290.1586948156735   147.21384598445496 43.145358075488005   14.688792463696954
WMAP5      -194.37910081077663    33.49050206961345     20.63950060394628    10.976677008722943  811 0 198.32003818591087  170.22421586699403  5.973685025180254   14.197232727038337
WMAP5      -191.23070284968048    65.31740982354408    228.38534977586778    10.961521121912067  812 0 304.95149406206406  161.14171065150705 48.497216689553134   14.243060538318728
WMAP5       -58.3706615557659    -32.13934009176204     78.47800309841556    10.951309731311449  813 0 102.95080515618434  208.83752235123154 49.66618241560433    14.062300520381864
WMAP5      -199.8692419371926    -15.302147794339477   132.26745363638375    10.94919733292311   814 0 240.15942390653913  184.37806958497833 33.41838155113991    14.916587537413424
WMAP5      -127.26876538558021   169.64123478594342     94.6105438113387     10.948139369828901  815 0 232.22110623874542  126.87807603424488 24.04260137518775    14.468231654133776
WMAP5      -129.44142737479075   -50.09107599122882    233.38292647729037    10.9408880578278    816 0 271.5359817517498   201.15537631203495 59.259560429727564   14.777682220963461
WMAP5       -62.790257844250796 -214.88270204234905    163.8252636486396     10.940379455858306  817 0 277.4092808950608   253.71126087923764 36.19635798973116    13.93652683417316
WMAP5       -66.68912906403486  -175.226399781241      116.9209204187894     10.937774452957852  818 0 220.95753607241298  249.16375751459756 31.948420728375694   14.343448580352488
WMAP5      -110.45211361105521  -104.46498157168104    182.1047696884958     10.936453930844566  819 0 237.22299407776896  223.40427445310053 50.143530235497565   14.457467971526098
WMAP5      -220.44331696447617    78.6720783305401      98.764374516443      10.935331999858922  820 0 254.04518018803535  160.35947232825305 22.87779830359147    14.335197203898488
WMAP5      -151.56631204193164   -67.51787428226999    255.76288472061302    10.929568839927843  821 0 304.86991241216015  204.01142098326318 57.02673897898637    13.913086508129135
WMAP5      -270.52070885806774    52.39976832898645     17.488158159914395   10.929172980343527  822 0 276.1032874085875   169.03758345925573  3.6314991165423187  15.198755572340524
WMAP5       -94.98613096851884  -145.82073567627054    245.77830020769935    10.911444569407594  823 1 301.1528264561423   236.92019175723334 54.698735131681225   14.577569537572126
WMAP5      -202.294771550891    -145.81575788926838    108.40449149517663    10.908664383747132  824 0 271.9134855463714   215.7843776097086  23.495230582295278   14.20276670847304
WMAP5      -164.0559218289484     52.3543039710314      58.739232132774916   10.907719326848824  825 0 181.94948755900688  162.30083022359182 18.834317306237494   13.898376691114933
WMAP5      -139.85421651007007    91.03240378123823    257.7177253763123     10.907056248225512  826 0 307.02528623384796  146.93952450623817 57.07705561995101    15.039345252820034
WMAP5      -111.52923490748778  -139.04331613924995    255.5828695064777     10.902425746206529  827 0 311.5997708394764   231.2662506260449  55.107628015154866   14.073038529568073
WMAP5      -270.6765291000247   -135.6788225813391      81.13539116063585    10.901217748662049  828 0 313.4604887405818   206.62269257283884 15.001106405882194   14.61211570289958
WMAP5      -133.44152558406793   234.93451815403608     94.69069724028331    10.898767539624286  829 0 286.2991385148121   119.59633888253944 19.313722106584095   14.508273724734808
WMAP5      -170.39723425673876   -69.063777812747       67.14415737490195    10.897503092077244  830 0 195.73798997052154  202.06322627658724 20.061634144429753   14.51981340936198
WMAP5      -210.1386711867819   -108.6377974942847     181.0090369709963     10.89513146659847   831 0 297.8669226982465   207.3381256585592  37.42224672720316    14.757892765590736
WMAP5      -182.74113393502583   -71.86537397163532    165.4376628394131     10.891529387476792  832 0 256.76560185061663  201.46789123594814 40.11425834340789    15.105950022029171
WMAP5      -247.0491471582769    -26.279709604932915   157.68936561766878    10.891205614372225  833 0 294.2615168136234   186.0719714846391  32.40372677443296    14.066381284940018
WMAP5      -274.61143253622276    -7.849946455708712    83.01355999450267    10.887936520088875  834 0 286.99183208222985  181.63739123769392 16.813304497168343   13.410593405436293
WMAP5       -86.83658649423354   166.94203742923227    181.0162466414236     10.887788200025474  835 0 261.10748392786905  117.48165165116392 43.88898897176041    14.540563073305936
WMAP5      -129.1708222180564   -273.74194695065063     34.13542834977148    10.88081658451827   836 1 304.6062742319073   244.73874529290578  6.434315678555297   12.122088068401757
WMAP5      -122.94113504969707    56.61226075962292     53.90909462252402    10.876561467640988  837 0 145.69029219081017  155.2747493269203  21.71717783962581    14.166445240585654
WMAP5      -139.10006942111545   132.11768103764703    145.34504281435304    10.876332972131506  838 0 240.68463271765128  136.47473030446537 37.14841202122069    14.747836972033697
WMAP5      -184.3165829745998    126.06894533066261      4.282488424324854   10.874030272229643  839 1 223.34798285035532  145.6286339323752   1.0986602458782608  13.772460563317631
WMAP5      -110.21345724960467    11.677958459218395    54.609604724681084   10.873804276164218  840 0 123.55399548728312  173.95164173961717 26.230906746112815   14.100596790355786
WMAP5      -295.90003668037957   -93.60973581440744     49.88223044492779    10.870889901905338  841 0 314.33716175605775  197.55507685064742  9.130879549793448   15.576624288811933
WMAP5      -211.98395384400212    86.18404172479227      1.8997556351882487  10.868641117988103  842 1 228.84163696065056  157.87534357550015  0.47565308363535513 13.131840583181477
WMAP5      -116.32821516991486  -172.20192966482603    245.5582570456504     10.867768403791533  843 1 321.69024826407997  235.9596459678724  49.759322057173705   13.752493526641324
WMAP5       -34.92481033467931   -99.81765534472557     60.25384710071008    10.861634350280438  844 1 121.71208972763343  250.71576768648464 29.67319756954447    14.946441332243046
WMAP5      -108.63407878505944   -33.78477453116417     58.68330687747545    10.860202674385727  845 0 128.00978310143356  197.27548990829342 27.28573480198652    13.714619751311325
WMAP5      -219.19809794569406    96.67046207547038    222.8138182101976     10.859448081409965  846 1 327.16812492402437  156.2016233217257  42.924783718431215   12.624791090291364
WMAP5      -133.6788714055297     23.403973854863093    43.24753180829889    10.856101008259772  847 0 142.43642673124415  170.06952456943006 17.675574453833416   13.698802531988616
WMAP5      -284.9506183735765    -25.735056779452854    -9.891042257994233   10.856058268725432  848 1 286.28129658759536  185.1606156881896  -1.9799679282187137  13.809650630024224
WMAP5      -260.1933236710501     69.17184858098923      6.8599951210707415  10.847919026053935  849 1 269.3183429552474   165.11238915885198  1.4595785722264725  13.37313904787564
WMAP5      -103.11822317324709   -50.0965775883604     215.2681971593591     10.845847641236087  850 0 243.8922543762202   205.91126582185674 61.96205257104908    14.514299477733887
WMAP5      -140.56190584823898   158.5591691576378      43.90089846777373    10.831261418432085  851 0 216.3930414452539   131.55682695926492 11.705175090246472   13.986292834994897
WMAP5       -80.57226900952979    68.33830817334524    184.8190875623764     10.828814307729376  852 0 212.88520386520173  139.69666843017754 60.245881373424986   14.5489092351031
WMAP5      -104.339141376519      12.96676841298782    101.82895653722788    10.825515112091939  853 0 146.36915623083274  172.9158759751102  44.08298877139743    13.156859368987169
WMAP5      -151.6388756768368    178.01843439163824     26.077374755636153   10.824731979355914  854 0 235.2975585804729   130.42487435642565  6.363003475795946   14.497932888459177
WMAP5      -160.06399858461245   206.34088239836615    168.69987988530738    10.822619980477647  855 0 310.8965951327681   127.80166493009258 32.86242890720216    14.063002358915657
WMAP5      -230.48746257328176    90.7244403607619     172.01198387640224    10.81970921383252   856 0 301.5684285188671   158.5144163694888  34.77751122512892    14.925757707514373
WMAP5      -111.69498325431553   207.55625454438345    101.92525580357143    10.808220298143635  857 0 256.79588364165454  118.28661332783699 23.38524685738462    13.460148930776905
WMAP5      -101.6771176288918     83.33480872141908    114.79862848685478    10.805734438182663  858 0 174.53266655963836  140.6618719598065  41.128398395139904   14.346535114350495
WMAP5      -133.6804976776       259.4476119909         92.38552594739397    10.80398978269939   859 1 306.13497714519326  117.25980771054122 17.56456755478944    12.339966572054395
WMAP5       -45.977343613277256   33.762409691133755   114.11022301541038    10.800217815635685  860 1 127.57334921727195  143.70915300227145 63.44012187823204    12.642427397485118
WMAP5       -93.07843221657149  -257.61679422870765    105.10645639702143    10.794607477723005  861 1 293.3894585511043   250.13492010955835 20.99269503095833    13.153646887046179
WMAP5      -123.75898903466873    88.13272708992761     55.616591596236866   10.792239035111946  862 0 161.79267663270028  144.54411830031626 20.10564517244673    14.909809475532397
WMAP5      -199.45338174684196   151.22926374503862    146.3452186815052     10.792045780495204  863 0 289.9463135376194   142.82991903683492 30.313571774039737   15.078075859556966
WMAP5       -67.9231866842444    -89.45716400645674     69.59992953080835    10.791819778797894  864 0 132.13740451558107  232.7912628526755  31.78436826431248    12.955812529409053
WMAP5      -118.03031664672892    53.98708948496162    120.25264290260826    10.787128298545417  865 0 176.93631510757356  155.42063429563441 42.81536137211293    13.766416869220484
WMAP5      -167.47294597285563  -227.54883537855653     25.040471808151942   10.786094281933492  866 0 283.64182580032036  233.64742117030244  5.064780338313146   14.478277589486872
WMAP5      -108.41148113859461  -222.8716034745485      61.12346490005515    10.785204625646882  867 0 255.26629005681207  244.06031184490843 13.854070045931637   14.769594822284272
WMAP5       -67.50592262228733  -109.48139484265675    110.99317680225403    10.78163337456154   868 0 169.89029019469115  238.34213215581892 40.792587410027025   14.171546313556293
WMAP5      -125.9281392070361    -73.02650170165856     88.18789778905084    10.778276338882602  869 0 170.19950502683926  210.10970910241338 31.207854724363337   14.155139962831031
WMAP5      -208.0706520033153     38.09390942783304     54.25096670685064    10.774712436395381  870 0 218.37515781152513  169.62509663547752 14.38463421798501    14.477715171977769
WMAP5      -158.31845925541143  -154.51146850423464      9.879894353426538   10.765261359701329  871 0 221.44105480415624  224.30277215698206  2.5571781371711406  14.132184025252352
WMAP5      -288.57106305902875   -45.56880678046521     56.851673004521054   10.764823325689122  872 0 297.62709438125137  188.97358644235183 11.012109389541905   13.975951025009719
WMAP5      -262.97132962494993     8.941531535426623     2.217558105559711   10.76198914502835   873 0 263.1326447913003   178.05258343683988  0.4828675834553172  14.443395896662748
WMAP5       -69.21212487017277   -90.68856808525648     27.6592500715816     10.76069109784082   874 0 117.38725963630327  232.64968150586398 13.628405473428787   14.011610236545755
WMAP5      -231.57708051916603    56.36711621337163     57.58159065660557    10.758576481324358  875 0 245.19550484162008  166.31992030142345 13.582162256233163   13.982003395371395
WMAP5      -127.44259831633983  -269.35309329342914     73.77206273632004    10.757719414561837  876 0 306.9772336391255   244.6791440140563  13.905292024691201   14.290800396341435
WMAP5      -302.1325061204301    123.85021593986933      8.97197668533916    10.757625744617664  877 1 326.65489986927525  157.71028539892694  1.573896652343432   13.103802632779896
WMAP5       -88.07917829011399  -225.46314885663628    192.88418433823833    10.756921954426204  878 0 309.50909794130274  248.66145717861613 38.54974754836941    14.104569489369593
WMAP5      -166.48363836701154   146.8465427597815     238.9247438428042     10.754908753416208  879 1 326.13761234296146  138.58616290991728 47.10385890968064    12.816383584112879
WMAP5      -259.51279213248813   -31.792559718261685   125.95675123569023    10.75467723883732   880 0 290.211576811968    186.984425283224   25.722759076703007   13.656909838050186
WMAP5      -195.25338283224897   -87.53690201243784    195.207919637861      10.74624233162884   881 0 289.6424081703395   204.14786891245924 42.373580051462405   14.676645480811978
WMAP5      -218.02631367715367   -42.637028455099056   135.65194857713118    10.741917874091156  882 0 260.2976004574421   191.06506604566306 31.40886943425739    14.40806751364842
WMAP5      -174.76455736039802     3.1547311634164523   58.805208147822114   10.737949262067213  883 0 184.41978023899162  178.96584779572635 18.59436267589497    14.743643574003274
WMAP5      -181.60316969617523  -267.8057231320403      -8.221096646582335   10.73793507893043   884 1 323.6776220501586   235.85820211215707 -1.4554135605447618  11.735686732741163
WMAP5       -32.65158251141193   -24.1674485787533      69.76775470269205    10.737834455894221  885 1  80.73246563533927  216.50742463055414 59.78972892074481    11.745427510713913
WMAP5      -107.37570781570328   223.71706152853085    109.93339492362857    10.734533874457142  886 1 271.41152806636313  115.63924032538856 23.89383455209082    13.406713664906121
WMAP5      -207.47356067757312   -75.45758365256661    240.20382080704235    10.732640542837693  887 1 326.24684035438014  199.98619249697978 47.414135082007455   13.01112054740022
WMAP5       -33.98705626727515  -160.76055422288692    110.79033632586798    10.731766336492669  888 1 198.1756150765367   258.0626403216564  33.990214557919145   11.181896050505783
WMAP5      -148.1663632616045   -282.2832460905165      63.89071663034936    10.728948280351283  889 1 325.14477682581406  242.30567340270608 11.332321055069343   10.72894828035128
WMAP5       -63.9704476758827     23.23896967155549     38.743386413360135   10.726946825597041  890 0  78.31550215649045  160.03509884309236 29.650565536884866   14.477806377785521
WMAP5      -234.74502965421016  -159.92408317866455     45.8694769147241     10.72619500701765   891 0 287.7237394451887   214.2653198854514   9.173345192964778   13.647968222894896
WMAP5      -320.53713448966084    53.21882750226331     13.204263128527291   10.723314844815224  892 1 325.1932513941917   170.57316567797955  2.327098082970863   13.548426239120694
WMAP5      -102.18798890406411  -221.17222131884242    185.75771652932931    10.720977822293849  893 0 306.3747147033495   245.2016917736111  37.32308832726828    15.02013881095021
WMAP5      -254.4882766009366     56.1254562463198     195.25261842247457    10.720062824077221  894 1 325.63466456599     167.56294211191687 36.84171100883892    13.171439056929927
WMAP5      -245.02221080330136  -192.37103426686596     66.83456420413165    10.715034180361577  895 0 318.60533200842286  218.13605117877458 12.109007110528019   13.634960170421754
WMAP5      -242.56796601465973   -64.67461071333761     92.45141020115143    10.714185089299631  896 0 267.5243664707805   194.92917217718826 20.21728265200706    13.154529420623694
WMAP5      -127.44413770121521    59.17151829026303     78.97652690479897    10.713826963342743  897 0 161.1848895310155   155.09485180580268 29.338922368118926   14.19806431363974
WMAP5      -233.27479417484517  -131.32102848381876    112.87858044447609    10.712027640304962  898 0 290.52352063563524  209.3771460924114  22.863378704961615   13.188729832197122
WMAP5       -33.501068202431796  -83.68224738382882     90.23760749555895    10.705848383263811  899 1 127.54554443191996  248.18196572416525 45.03132083359968    13.081770213932995
WMAP5      -184.06632734961659   218.23017832766084    159.98447985416252    10.704612354772097  900 1 327.26114555673394  130.14597028830852 29.26559915778599    12.113681138506452
WMAP5       -97.78904769952129    67.01029669741962     73.15643083095276    10.695270569904249  901 0 139.30161910537663  145.5789681863342  31.679398051086736   13.543662582020648
WMAP5      -100.76304183166225   132.37806688222483     65.7452766752637     10.69475657676797   902 0 178.8842771060416   127.27752955891572 21.563345164134013   14.328539519798104
WMAP5      -129.72190564215293   175.44819270427402    120.44406874295227    10.69355998931322   903 0 249.23205015002526  126.47827373724554 28.898584528241216   13.455040533289557
WMAP5      -285.8109261744475     97.6366628249379      80.89252149925967    10.689560560589733  904 0 312.6729976873511   161.13917762271328 14.993700761229334   13.922075028924993
WMAP5      -187.5745115829354   -119.65950583224394    188.43881781538917    10.687294051416368  905 0 291.5678013623161   212.53504623245672 40.26284114869201    13.453857818745954
WMAP5      -219.4084467621293     56.846334966245514    87.50067717024237    10.675763306258656  906 0 242.95666447931757  165.47468116585947 21.109366473469564   14.746096356273908
WMAP5      -172.99242942603632   260.43918951949723     22.537384818578342   10.673709573846656  907 1 313.4691145723218   123.59344361108131  4.122932842761918   12.324812981982754
WMAP5       -68.91339109364323  -112.29306125709721    184.9148873523831     10.671654739758221  908 1 227.05132160606362  238.4628784239772  54.52994439723782    12.820991406782365
WMAP5      -109.54566816833481    46.46526095385881    258.3697797930193     10.671278316224349  909 1 284.4542441241656   157.01512138371854 65.2714663264608     12.235156708887297
WMAP5      -102.47034097664871  -178.76557884278603     74.11146224712448    10.670611257916997  910 0 218.9744546637209   240.17820412464297 19.782344917096523   12.95818995094528
WMAP5      -290.8091118141765    147.38682379830036     26.51936735164013    10.670177904466291  911 1 327.1025713568035   153.12336122887584  4.6502761995357025  13.26797353539865
WMAP5      -118.16907528556264   140.55140427049002     73.01891399740978    10.667034704200407  912 0 197.61171371559132  130.05555967417632 21.68521669439802    13.461529527636415
WMAP5      -148.6794519422904    231.22510891102613     46.46290135961994    10.663801287672563  913 0 278.799984977635    122.74131676528464  9.593283970353623   13.979470380974789
WMAP5      -101.16940090966058   120.62782698356817    217.60529914970311    10.662816004453335  914 0 268.5859016054809   129.9862379582628  54.11438536690435    13.924820543560122
WMAP5      -272.13877334312366    65.90244251602796     86.68713797431795    10.659366447054087  915 0 293.1165361702694   166.3870436480148  17.20209096808162    14.228346764943273
WMAP5      -206.76759707823473   -39.125322858969525   240.7024161541027     10.659123974808649  916 1 319.72063310451     190.71503016074388 48.83806128291738    14.03572335287628
WMAP5      -158.47407332858705  -144.04778736017167     41.387566729388574   10.65604733594748   917 0 218.1209014296778   222.26981842633833 10.937960934241145   13.77833194423976
WMAP5       -58.99007986652359    24.58789572884173    125.61666291002247    10.654313754450365  918 1 140.9394910579765   157.37293881473522 63.03463598093278    12.850955252553826
WMAP5      -229.25556405139278   120.2314923921964       9.992043374392992   10.65144234212687   919 0 259.06286175786136  152.32554779798028  2.210444027218265   14.528936323738161
WMAP5      -262.10612335773163   168.80131829386        47.842167606163976   10.649157123529708  920 0 315.40827186461     147.21769608132107  8.72448888598246    13.908912070150908
WMAP5      -120.9349695071696   -236.5404452648284     116.52883527064583    10.646817680852447  921 0 290.0958781942905   242.92090647768268 23.68391900095146    14.06711256293921
WMAP5      -174.74059628439608  -169.56425561774094    127.03762316780097    10.645101324813634  922 0 274.6358870816942   224.1386699033029  27.55290513355272    13.860193542266456
WMAP5      -166.1778991742357    -69.59931375095846     48.14567112188858    10.644497646122707  923 0 186.48636490731394  202.725111643914   14.961658733607779   13.88452620703985
WMAP5      -261.3328133827903     19.66089295923787     64.5229608771427     10.644139150901362  924 0 269.89739261962535  175.69756263090022 13.831349524888287   13.745883212615196
WMAP5      -316.95876850076723   -42.63778930576504     62.47556057020381    10.643801386382323  925 1 325.8589229635533   187.66152435647936 11.053516691392637   11.101370030658174
WMAP5      -309.78282473136136    56.763320458757356    83.59199436034801    10.63777979026383   926 1 325.8452003163241   169.61654581089132 14.86479592210632    13.41503575164398
WMAP5      -110.00969738759237   172.51317784724102     36.84650275779247    10.635019457543756  927 1 207.89563443166253  122.52519584477375 10.208781215386836   12.916398366918378
WMAP5       -52.54400676304352  -252.18271138285849    153.12241340115702    10.631376130234626  928 0 299.67226440383115  258.23041723559743 30.72821267552726    14.035231424069567
WMAP5       -63.811012805423445  -32.958601680764275    56.525644546918585   10.631205120007682  929 0  91.39618849519809  207.3165049011867  38.20436707789797    14.433913839200748
WMAP5      -278.9614798440559     95.47717733300621    107.50386593462217    10.623459524990034  930 0 313.83511565653885  161.10600900312704 20.032241629791557   13.865891038806819
WMAP5      -112.22408149875872    24.33911027517267    269.89317667626557    10.621687193500355  931 1 293.30694429834585  167.76322647673476 66.9514093292486     12.00470111600785
WMAP5      -103.36767635240972   154.88530415044204    123.6554021489848     10.621512682241635  932 0 223.52850475252282  123.71843593914392 33.5866501705411     14.139389378954656
WMAP5      -211.01773460783215  -234.48214578883736     82.69180108473685    10.620759276716853  933 1 326.11086301961296  228.01497412313472 14.68884375559867    12.722429178492256
WMAP5      -225.10871507562368  -157.3650367775651      81.87393193596425    10.61943079911004   934 0 286.6025630270212   214.95594995763554 16.59893894171046    13.930563421202347
WMAP5       -92.47496712501      -36.87928983413529     25.323483489568876   10.618296285777435  935 0 102.72770015671675  201.74225938136084 14.27113256676053    14.27869647246618
WMAP5      -220.99266198410362    36.71561644357022     99.15316321409439    10.616117308647938  936 0 244.98396461199758  170.567066857729   23.874414090602315   13.59338742174579
WMAP5      -307.56754292072907    65.47093976403698     38.52203378640691    10.615416633169183  937 0 316.80938196164857  167.98299034265102  6.98409007360605    13.65741814841011
WMAP5      -203.44452714664237   235.20401688133023     70.4068941158249     10.615033169708907  938 0 318.85378455033424  130.85883734845126 12.756758175410903   13.55415445290024
WMAP5      -136.26517244465816  -181.39906772834883    225.60621707548722    10.613108937095909  939 1 319.9562222823591   233.08648944331165 44.83890754919691    13.928437486069688
WMAP5       -48.27504134185908   -27.480782591299914    29.198017868183747   10.611974893894981  940 0  62.75505777082253  209.65088869179388 27.727668646335832   13.219551906892827
WMAP5       -36.99110776319445    37.370298251638424    87.14170990798165    10.610950610434145  941 1 101.77700551033864  134.7078346487191  58.892818635230434   13.386718771300416
WMAP5      -286.05714604260123    83.55689922565735     20.3108395149541     10.604642215293524  942 0 298.70215334350536  163.716988867635    3.8989475127167768  13.937181785970672
WMAP5      -211.68726624888677   -96.16119742922889     66.78705925304152    10.598717113843877  943 0 241.90697771378876  204.43042993451218 16.026725725790325   13.972815205166134
WMAP5       -91.52835660573739   -51.011066868107775    90.30011498178686    10.598281274398575  944 0 138.324545080378    209.13202901235144 40.75405669528671    13.834425597861037
WMAP5       -48.55880286729154  -159.28540148418423    147.332197776199      10.593163906759266  945 1 222.34336725759835  253.04594401859413 41.50104082431288    12.497340099382024
WMAP5      -166.58402233428077    91.67894930806435     47.0682160346117     10.587020972114225  946 0 195.88436181579087  151.17396213607458 13.903404732778958   13.402863690675812
WMAP5       -87.74220053649098  -219.68492938268767     72.1436521276534     10.582519399988394  947 1 247.31532199841186  248.22822345294765 16.96018934183113    12.309460995890179
WMAP5      -236.35756748435963    23.269407262512683    91.95346173365577    10.58188089271493   948 0 254.6798071034985   174.37734831728704 21.165011934260225   13.830516366456514
WMAP5      -135.44554781664382    16.019660362219565   154.848293595986      10.578631368312056  949 0 206.34950925810386  173.2547460779868  48.62656048728804    14.092955743064538
WMAP5      -146.70871188702625   -12.397336942876962   161.3310855817093     10.578143511504592  950 0 218.41442095658084  184.83019413094158 47.61626020605559    13.749619972073535
WMAP5      -224.17539754514667    49.63628766411249    197.3419386102949     10.5737695676884    951 0 302.75767645440214  167.51515387829707 40.67857123946039    14.054334105403726
WMAP5      -190.91696201447354  -104.10388844921988    102.49232184096125    10.571111900894339  952 0 240.39879785771546  208.60291055563042 25.235694565153885   13.845501596853463
WMAP5      -115.94536709023498   165.73575181050177     20.087900788561925   10.568869304262973  953 1 203.2613867314023   124.97585488054051  5.671681108005175   12.520735101794445
WMAP5      -220.5442718308122   -100.45529617993644    112.72811243370839    10.568851205085252  954 0 267.2801333822788   204.48870130869733 24.945763860729436   13.372042194868149
WMAP5      -212.85682680537636   125.42158384000557     30.63701774492154    10.564797284277693  955 0 248.95226302826043  149.49214088754348  7.0689578323080315  13.750647553726926
WMAP5      -131.59374504965334   118.6117339056606     206.3537965340629     10.564331732658422  956 0 271.9697529144037   137.97015099090848 49.35307199860854    14.376805833716757
WMAP5      -133.72754029287057   231.79119165258572    172.86605953253473    10.56413876338936   957 0 318.57948160359115  119.98198298603901 32.861842865354305   13.942070574607628
WMAP5      -146.58531504179015   144.14426396026465     77.59391198018234    10.558875464877586  958 0 219.73993400139085  135.48106091755682 20.678085305976786   13.861060802027326
WMAP5      -154.72885180184838   -43.64458669483874     67.35598141237907    10.553126139634703  959 0 174.3063273656651   195.75224236660182 22.73211295459888    12.632872841113837
WMAP5       -73.55855455589402  -122.40774184346226    130.06466147876023    10.547865522418833  960 0 193.16141534259017  238.99705518250744 42.32591722555041    13.945714139010489
WMAP5       -93.13348463941281  -199.91175250054957    112.9924719476162     10.547795893293742  961 0 247.8020449184259   245.0204602219461  27.12792779073235    14.407899428199974
WMAP5      -116.56916502535046  -209.66690738852827     69.00788475739571    10.54680172488013   962 0 249.6210536939284   240.92711699879774 16.048477848960623   14.114005980470713
WMAP5      -141.01563679096895    59.21274447157282     14.757302206366193   10.542505319006791  963 0 153.65330095975247  157.22236865236832  5.511345668366782   14.48951011294716
WMAP5      -236.30938193040635  -112.90319339995752    194.99514406342476    10.533124606853942  964 1 326.5154839767245   205.53739925997255 36.66964575250083    12.449637989837665
WMAP5      -211.6415818071859    -55.19659106677092     21.726719507841015   10.531517325751416  965 0 219.79734565233608  194.6172603502321   5.672887225003994   13.605140085132804
WMAP5      -268.0997652391998    -78.95530860710652     75.46177749896538    10.530476584296936  966 0 289.49249513909825  196.40968704223943 15.109773879465592   13.859170003767021
WMAP5      -215.03350113141738   219.71087855009776     20.738508879333477   10.527705797074251  967 0 308.1271856111195   134.38358341581016  3.859211480647074   13.583183968432838
WMAP5      -200.05528170281084  -182.71111494730982     78.05558676138484    10.524014983912949  968 0 281.9541485545906   222.405550052908   16.07156938137078    14.22806922335704
WMAP5      -147.8380476405574    223.61422712319816     89.95718450818323    10.522981483315531  969 0 282.7573269549638   123.46988213464951 18.550641460669908   13.923909901522812
WMAP5      -116.91857714741656  -202.50914488320012    161.5484695157199     10.5212270558903    970 0 284.21438289849584  240.00002804486846 34.63897660714603    14.001848085520459
WMAP5      -149.73057501845702   122.04029043413614     52.098658195995      10.515910642184016  971 0 200.06835774412005  140.81769614182082 15.094052493428938   12.868409719878526
WMAP5      -139.51619440482446  -245.5676474270174      19.23468654367607    10.510362928310077  972 1 283.08693210828045  240.39746794239832  3.896033279998987   13.297767986160855
WMAP5      -127.24435662699068   -85.12641917717512    257.3981998072904     10.509468342019941  973 0 299.4853365348272   213.7825053645937  59.256953457146686   14.163976609769897
WMAP5      -240.2143030027892   -214.00514486272783     46.432728231977066   10.507171217130384  974 1 325.0493987779359   221.69760754836582  8.212694198448643   13.74062454319381
WMAP5      -258.6276279661697   -112.0836141849189      -4.992283389471412   10.50326577427785   975 2 281.91472010095896  203.4308641868476  -1.0146746508840345  13.495048653078092
WMAP5      -180.60427197334258    60.78045502465605    201.13219721902635    10.500040200007957  976 0 277.06737001346556  161.39988533073227 46.54647279384649    13.805640506656502
WMAP5      -115.11850225981965   -30.702362835316812   184.2622674766483     10.4975830351778    977 0 219.42535829263542  194.93332024068704 57.11364445669539    13.043741017710877
WMAP5      -226.07245775518115    97.2835352482524     129.7818551291153     10.496134785297237  978 0 278.23761842464944  156.71681587021624 27.803619299993883   14.094713147001462
WMAP5       -95.79591658922304  -111.98519285742061     33.213323693045005   10.493637593783243  979 0 151.06510492242094  229.45520279492663 12.700868468719365   14.0929381355093
WMAP5      -216.957624034261    -134.89609476519593     -8.892135200993257   10.489117438337061  980 1 255.62988299086865  211.8717955535322  -1.9934469876098242  11.794669550707255
WMAP5      -243.36090052555542   -28.251660454182407   139.88867739079723    10.488456111876962  981 0 282.11970205069736  186.621801261816   29.725727792129753   14.120953190260652
WMAP5      -190.48699508601354   182.11493847817098      5.133388544342782   10.485923250408858  982 1 263.58584520370994  136.2871720884748   1.115917638585241   12.870695690013305
WMAP5      -125.0574065536601    -93.91488151297047    177.3810595270021     10.484097140377765  983 0 236.48128928616018  216.90560290745987 48.597738330742175   14.08260116797971
WMAP5      -110.09123733838133   -85.76193289130526     -1.2931715887389188  10.48191606264923   984 1 139.55952839095752  217.91886897525427 -0.5309156271657625  13.471205913079844
WMAP5      -292.525813742996    -132.9159895608569      48.416115355886944   10.480476779885434  985 1 324.93404286577663  204.43579091863887  8.569147703439755   11.964271790927516
WMAP5      -176.00751653863722    47.73796489015706    207.80330259339806    10.478822420096686  986 0 276.4774344113383   164.82492781655287 48.73006500038541    13.801989505340076
WMAP5       -72.38681226502894  -161.25501824674998    166.74867550587143    10.478782114003621  987 0 242.99825571928417  245.82485539926174 43.33111432444405    12.956663891013296
WMAP5      -129.92673773212624    44.799699252504155    86.2155303992995     10.478405121689457  988 0 162.23775119515207  160.97542818525565 32.101092212469986   13.347056600676021
WMAP5      -141.31796920836862    75.21103242346953     43.23182753153909    10.473878976778652  989 0 165.8205618465284   151.97758352459456 15.112463212781174   13.073001910635428
WMAP5       -64.3588541304064   -218.95180741324202    125.98530959175223    10.469849029998745  990 1 260.68036808980077  253.61978965339114 28.900773272942924   13.118525262576485
WMAP5       -87.63377056106651    71.17749425925386    128.79303438814324    10.467067624007635  991 0 171.27042692385984  140.91596615467753 48.762741529582364   13.607263306100256
WMAP5      -240.53677991929217  -134.33174837917153     55.607889429355104   10.466756896874028  992 0 281.0608448064839   209.1818980545559  11.411261234735802   13.950913991293788
WMAP5      -208.01540055511737    80.39068754620617    194.22281842542097    10.46632601796597   993 0 295.7288837928614   158.87022388773457 41.053216181371      13.733841290742491
WMAP5      -163.5838380272975   -169.22486150785588     86.84752562181666    10.46539345614137   994 0 250.8768991412446   225.97105601976926 20.25359099465345    13.451676871663153
WMAP5      -159.46438379386814   -68.05125188827203    212.33759836767769    10.46125194776935   995 0 274.1297471323977   203.11031319519125 50.7676894600301     13.93255179276647
WMAP5      -189.96042961410205   -22.529634184628996   236.82091308922676    10.459509172020526  996 0 304.4284712573424   186.76378228974895 51.070500160178916   13.35442183086899
WMAP5      -257.7629944592403   -115.4936344357223      69.14095250980786    10.457334547467985  997 0 290.7937623501063   204.13530690099273 13.754742093264484   14.34549974591393
WMAP5      -146.48096242755395   153.9751790687834      94.65671396606604    10.4526320215696    998 0 232.6476340344342   133.57117924544892 24.00819460616853    13.149936705124055
WMAP5      -173.1840345941455    213.53012070922568     78.58321984067639    10.45128462844727   999 0 285.94255494579807  129.04385018269426 15.951389096488704   13.040706527408469
WMAP5      -209.09693585055658   -86.10822356529135    129.15370395542442    10.447355663806329 1000 0 260.4166546000224   202.38235733333005 29.732430182364766   13.592835615954032
WMAP5      -138.81092413764785    28.75644819981812    254.14406355657093    10.443504742833    1001 0 291.00620442537473  168.29600745145717 60.84778804002302    13.547408398996007
WMAP5      -265.5921634806181     46.295357123020175    85.53416864669401    10.440854877709022 1002 0 282.84015167501315  170.11212101510594 17.602512628439225   13.528531172632375
WMAP5      -222.75156904941582   -26.55395239571098     -6.434797961056612   10.439111379485174 1003 1 224.42098949654857  186.79808164443088 -1.6430606739014708  12.017445887456095
WMAP5      -163.06485473106432   -32.035184261910146   222.67115000501153    10.435684263950703 1004 0 277.8467939777459   191.1145926457109  53.265631770214796   12.669788775219708
WMAP5      -179.41984346534588  -136.68376384764215    115.2180681661793     10.434315468290029 1005 0 253.2767947535533   217.30049928107059 27.059123670798595   13.910514274351048
WMAP5      -182.92157177938427   -91.55470468241971    162.6516935205494     10.424880315431531 1006 0 261.33912599690893  206.5885805843913  38.48998921141401    13.228911769637618
WMAP5      -269.66731158335085  -102.99388735078014     39.83914417889191    10.424071035812657 1007 0 291.4023973427874   200.90332921545846  7.857814725083684   11.70610268105805
WMAP5      -244.17883834886425   -90.08559083488197    134.0746332916783     10.422598248003219 1008 0 292.7707739269215   200.2506736106435  27.254960319593504   13.39624843888246
WMAP5      -136.90947372055444   -68.74471592320887    163.95639360816264    10.421980495233713 1009 0 224.39193159914782  206.66205247847859 46.94256987327308    14.055264117005542
WMAP5      -259.30444408846245  -137.49022335383157    141.19214873923195    10.41482455121662  1010 1 325.6955312980429   207.93374368414283 25.690497074290054   13.445795654511606
WMAP5      -213.84200089628666   184.80389322801742     49.11323087514547    10.41358531959203  1011 0 286.86754739174535  139.16617295750376  9.857902368337438   13.786826490604332
WMAP5      -200.07822330525164  -131.67435729214893     57.25027869743163    10.413276016100614 1012 0 246.26616945942905  213.34948982603476 13.442721846344462   13.278857810909773
WMAP5      -182.7720117637839   -220.50388213892126     41.78268225306823    10.411916749256264 1013 0 289.43628462716435  230.34522754542033  8.300151993903471   13.736775400091936
WMAP5       -99.06928101396922    95.86931413500386    289.2716853103933     10.41095787750619  1014 1 320.44306164380606  135.94044040493242 64.51848544475558    11.57329147970353
WMAP5      -281.4572061417383   -116.56120889402354     57.73377730071941    10.41038815374793  1015 0 310.06106390412555  202.49614543269573 10.731179636905443   14.027882313190283
WMAP5      -187.65573025387965    24.08897828072396    162.7140735218656     10.410246556052769 1016 0 249.54122243389992  172.68506344715664 40.696559867426025   12.572450634918653
WMAP5      -189.02767963045235   -64.0850238599258      -2.4861365598406886  10.404915429123193 1017 1 199.61095867861155  198.7279204367198  -0.7136322382662605  13.031660925731892
WMAP5      -223.82121513870896  -170.27854607196463    161.38995460822827    10.401621794586971 1018 1 324.24903553749607  217.26312601160757 29.85023326494727    13.086668636298459
WMAP5       -94.01736176773392    27.37890914083361     62.467290936104554   10.401508190777461 1019 0 116.15089933531685  163.76384837701323 32.53478297631552    13.324610860321888
WMAP5      -251.79339062097864   -19.805945659153675    48.98989759656863    10.400946601555212 1020 0 257.27844276266984  184.4975973857589  10.977054677344427   13.735861483039274
WMAP5      -212.00815512835882   192.43654768976847    108.47193378137406    10.399399549911603 1021 0 306.1787764459803   137.7704564137954  20.749106955086333   13.430838287431452
WMAP5      -275.3821537119413    106.74976107472322     45.98955968082706    10.398604432789075 1022 0 298.9078146723068   158.8115639483775   8.850609029647192   13.38896558166676
WMAP5      -162.46224695103328    49.17993585229939    259.3236405321231     10.395362073300193 1023 0 309.93773296203966  163.1580917166318  56.79284546508641    13.530668315187683
WMAP5      -291.6448286472386     61.819069669855594    19.037307717202925   10.39482595973718  1024 0 298.7318572510189   168.03232490462904  3.653768414502368   13.561697083833078
WMAP5      -170.51243019860868   217.85712995877955     28.102190696526712   10.392483620522762 1025 0 278.0754412889709   128.049577998171    5.80018976184829    13.82096489425875
WMAP5      -206.6070437965668     22.316955245841267    44.54924922855515    10.390825533601431 1026 0 212.5303569954873   173.8350170530799  12.099708079995118   13.05400633029213
WMAP5      -275.6358595429623     74.18029902114105    159.07734689489865    10.38366711887382  1027 1 326.77736476686     164.93720163092866 29.13089765167146    11.456876725228442
WMAP5      -204.3359479415292     91.65661437034846     89.51853104502761    10.382169060692117 1028 0 241.17977108260484  155.84097797006535 21.787750210361267   13.546171034610413
WMAP5      -153.42772260387574   128.87035720907957     37.330405500862945   10.380112964441855 1029 0 203.81656999730532  139.97169594403522 10.55369297470304    13.850868903489918
WMAP5       -55.618593817401795   65.16802101105152    127.36251356360671    10.37953801004965  1030 1 153.49758565515577  130.4795806143146  56.07165567276099    13.488761016836946
WMAP5      -273.52726843415553   107.47249979954685     78.01122208137241    10.3768939971958   1031 0 304.0612694192461   158.54947669427304 14.86628835585516    13.384984803835364
WMAP5      -131.17436237244772  -211.67065361957634    107.47243704222268    10.374878676458513 1032 0 271.2222403700541   238.21310230231538 23.344099830199347   13.62174046042939
WMAP5      -253.39077145903545    69.314921650993       96.76683849972368    10.373884433053826 1033 0 279.95582233152436  164.7010411832785  20.221502892085795   13.458905336285172
WMAP5      -104.21200391025414    50.88760467585313    205.83153564236127    10.373314970214622 1034 0 236.25475896482885  153.97335099041607 60.601544688223896   13.611458685834428
WMAP5      -231.1321742771302     45.78784313848249    210.95622795294034    10.370858270710677 1035 0 316.2611874345015   168.79464721423278 41.83837896600869    13.333534931389194
WMAP5      -242.53065230052246   -57.55326586136806    124.95570715405086    10.365262279656498 1036 0 278.8322514828497   193.34953661886894 26.62436984361791    13.837423141448138
WMAP5      -102.55956366362636   149.22538934345735     74.90288173158719    10.362365378219966 1037 0 195.9518374888993   124.49994654821015 22.473214999595914   13.48292237397481
WMAP5      -117.07742379191575  -274.46573715771626     56.19704743335437    10.361185984957098 1038 1 303.63904916118264  246.89861071285242 10.665706784833967   13.223959531873517
WMAP5       -94.54680321946698  -177.7918091897955      27.405273208492407   10.356924443309156 1039 0 203.22419741170924  241.996678419136    7.750085682335347   12.638183252073791
WMAP5      -180.08579939622152   221.36702749912857    122.24332735562913    10.356778554809276 1040 0 310.4475593251646   129.12893406956587 23.188961298980512   12.837852669909415
WMAP5      -144.78604524712298  -268.9299440368971      24.48832990639529    10.355298143468199 1041 1 306.4082113775592   241.70294173520148  4.584002176710937   12.95856018731095
WMAP5      -132.16286179384943    38.38645787057738    212.1040061342973     10.347704117878711 1042 0 252.84115884010615  163.80415897897643 57.02229463939816    13.935723363896285
WMAP5      -126.70836578692376  -246.3004249198286      83.38349668005063    10.345376433070493 1043 0 289.260638170272    242.7766082349744  16.7540668263296     14.265151124605028
WMAP5       -76.70871930535381   185.1433355594443     189.05879624755252    10.343884026532324 1044 1 275.509547489952    112.50524013810531 43.33123854840271    12.00587413252606
WMAP5      -146.10420493242398   -55.15201760260348    172.69188766125947    10.343386549189638 1045 0 232.83185307981958  200.68072543350624 47.87661579550775    12.702854819149506
WMAP5       -89.68515738383209   129.8413622921095     230.56657575844602    10.335157698270246 1046 1 279.39783942222743  124.6339514793296  55.61148876888645    12.85427328870241
WMAP5      -225.25010895884628   -71.32506871509787    122.84997461708599    10.334726496168734 1047 0 266.3024469970267   197.57030342123772 27.47215500920816    13.045460483646469
WMAP5       -98.5498588493942    171.69173540424265    248.57270320298036    10.332712358098064 1048 0 317.7711683947947   119.85552340323525 51.465949546450034   12.588507844052678
WMAP5      -188.66748476859055  -169.00174012637382     70.40181843420866    10.327631798472689 1049 0 262.8943209989368   221.85287217320544 15.53310616954051    13.477800853932195
WMAP5      -253.63001149253571   -21.52047964794491     10.875717767106583   10.326487781229492 1050 0 254.7736152173752   184.84992407602064  2.446572547241379   14.111568918590299
WMAP5      -158.72922457627809    64.71554597653432    259.7743437098807     10.325631115020013 1051 0 311.2326754624692   157.81876982478772 56.58074539576681    12.957456357657806
WMAP5      -151.6687888978625    172.1183790076091     132.59177094812554    10.3252226369679   1052 0 264.96931075336164  131.38614141309148 30.026749002013595   13.673099259647639
WMAP5      -323.59174642737673     4.586882301652456    17.196856472750046   10.322665949648512 1053 1 324.08083824520276  179.1878921507074   3.0417419390060587  12.817389803264303
WMAP5      -128.58703428755302   -54.21261550212515     76.24464298537181    10.317013996557744 1054 0 159.0184852475221   202.86040989401207 28.650813074013538   14.015031393865733
WMAP5       -70.04797612420113   143.43266880496907    120.80555370072028    10.316434708670343 1055 1 200.18399347737625  116.02941913609679 37.119010776629246   13.58458641527132
WMAP5      -150.2509764615136     13.400628687222376   257.2119074122194     10.314998620680917 1056 0 298.18265893824747  174.90337226030292 59.60960373095236    13.390649544612847
WMAP5      -262.44843580572586  -183.56433875989538     64.36337663235031    10.3124864538501   1057 1 326.67673956489097  214.97010010484144 11.363023478920818   12.33491185035143
WMAP5      -248.08814004844842    31.83698253982075     73.99818951637754    10.304895808150606 1058 0 260.8391280878717   172.68723992477962 16.480728379420537   13.107137299734648
WMAP5      -111.91708029247478  -194.18946149959805     63.574849452652856   10.301370108171819 1059 0 232.97369229512503  240.04389145592688 15.835968402825907   13.815789700665341
WMAP5       -29.51445753139919  -146.12367910081915     94.37225298574076    10.298367749949456 1060 1 176.43512952622726  258.58087732899617 32.336016159123005   11.091256795533015
WMAP5      -146.0777866595234   -140.15495076982614     87.12503917616394    10.298088807765403 1061 0 220.3926097492512   223.81458326345177 23.285772570745763   12.848566221971984
WMAP5       -97.18889148236475   -44.352748562218245   121.24834174044788    10.29713975592503  1062 0 161.59828992722248  204.52987683342292 48.61698548238751    13.167515242502896
WMAP5      -279.7101752107693     55.02237020985643    116.78225344401466    10.296477024202925 1063 0 308.0638538670382   168.8713199596603  22.27699031562871    14.03127896258501
WMAP5      -106.79511907265625  -137.56442627239664    124.7690727038383     10.295829546189028 1064 0 214.23466184717208  232.1768085040837  35.619130564900466   13.40002864060033
WMAP5      -279.5065990310908     58.68346282323187     42.046447384028305   10.290677542647938 1065 0 288.6790457384645   168.14275808053216  8.374990139634994   14.633569621451194
WMAP5      -178.30654392258805   -61.91963326272258    143.00522881162615    10.290370794895589 1066 0 236.8074324350345   199.15032794608877 37.148884422888216   14.166619491705065
WMAP5       -99.2430858321869   -134.28318266118245    139.25606599845258    10.289627132412217 1067 0 217.4245044802372   233.53344262394722 39.82762785448271    13.393873249500949
WMAP5      -149.47126810222358  -181.86223013334674     47.38519781297597    10.283852740547863 1068 0 240.12681588888825  230.5834589425104  11.38110483357627    13.075564183614686
WMAP5      -200.72653043588505  -253.81880941843374     30.54520899728831    10.283187256122375 1069 1 325.0355947094218   231.6621338002962   5.392325757513406   12.883013839961759
WMAP5      -133.99135278279473    45.535178886188085     9.89084833131873    10.281915364553505 1070 1 141.8624827693131   161.23035417693646  3.9979844753152105  13.807826838500452
WMAP5      -130.09073419405055  -227.33523302519663     39.15159238273509    10.27619131763128  1071 0 264.83533465886194  240.2200037395633   8.501408195228786   11.861421588868081
WMAP5      -138.42101896581968  -187.9911760227447     126.99678653555037    10.273956609842315 1072 0 265.76163106119463  233.63516823271058 28.545711956498153   13.157210877521065
WMAP5      -317.70586382417366   -71.85264543482317     13.227866698753884   10.273068787656607 1073 1 325.9981518684528   192.74367758045844  2.3255011060933386  11.362787360021093
WMAP5      -110.48454859972844    13.244894259686184   213.41398803932188    10.272574944556316 1074 0 240.68193325234     173.1640012147962  62.46213390759457    13.725736009927596
WMAP5      -285.69919938729123   -53.25366380152763    128.8205164418089     10.269107784932363 1075 0 317.891035883618    190.55862902639774 23.90584295326822    13.148067342674961
WMAP5      -203.1676027096363   -199.49623736698746    158.76010212473025    10.261866670056245 1076 1 326.0070452321864   224.47760913825863 29.14251796527019    11.986337033360503
WMAP5      -139.83616751742264  -210.929656062913       62.190929881255975   10.259559979337928 1077 0 260.6015834799834   236.4575454944555  13.806505118182745   13.37080954150862
WMAP5      -106.85863476754524   230.70592542066348    129.56243655624536    10.25751261485584  1078 1 285.3601528156646   114.85268271565096 27.002622637816852   12.370433026321233
WMAP5      -230.97789943455166   177.30739500236427     34.42714769552659    10.257073476239903 1079 0 293.2131150684974   142.48878858333734  6.742845722353242   13.327683275817115
WMAP5      -166.92941547918244  -264.41853637095943     96.38173669777541    10.250730855220379 1080 1 327.21862920326106  237.73547338164678 17.13046182685553    11.819058272544485
WMAP5      -143.3974943827953    -25.21368730123258     32.82541456450824    10.246950619365414 1081 0 149.2517311923717   189.97242241136507 12.705111003806481   13.330295530591613
WMAP5      -250.92665212994552   -28.448573154014714    76.62407589698184    10.245021517534404 1082 0 263.90292736290075  186.46823592646217 16.878879619014185   13.466999379711329
WMAP5       -73.1730966606283    138.44310895509238     57.98869793868057    10.244190781619757 1083 1 166.98348894630502  117.85836477230521 20.32055178202219    11.820286498779986
WMAP5       -57.2000822593054    -62.53200775004521    117.65694691529858    10.240797512591902 1084 0 145.00089158743958  227.54981870372498 54.23512085541627    13.536237675752377
WMAP5      -133.00736287475257   218.60598056395347    192.03895851349975    10.228270130224706 1085 1 319.9351417149629   121.31776281215843 36.88733216098729    14.147851256603055
WMAP5       -59.896651821219216  114.19751747717987    145.89948315527846    10.224655245569808 1086 1 194.7186202763376   117.67703147273807 48.52836555012287    13.03223244914749
WMAP5       -67.06727301228916  -136.45734844704967    135.02448637592266    10.224402573604173 1087 0 203.34758168118495  243.82639518344808 41.60629142407343    13.980912534501583
WMAP5       -91.81445644406242   111.06571878900493     37.2221050756511     10.221070403603834 1088 0 148.83203085525565  129.57944422136785 14.483117293076246   13.99544509260901
WMAP5      -208.21227643661558  -150.15338002988605     90.98512006921624    10.219172849222634 1089 0 272.35396392805944  215.79745662441437 19.515957408998805   13.255119321382555
WMAP5      -143.06037204316058  -235.91429946536914     30.850318384684854   10.216892727185417 1090 0 277.621268792216    238.7670327645599   6.380099273907964   13.171516102847603
WMAP5      -141.79493500600438    83.09253316750916    279.7323383096243     10.216673594201389 1091 1 324.4385207673724   149.62948639391774 59.565007482503184   10.73317315220829
WMAP5      -136.294355086439      71.2739626172873       5.144647999663193   10.21387300545687  1092 2 153.8915084682687   152.39306870361867  1.9157752930516414  12.538715556502735
WMAP5      -107.47459765895663    21.363851968941866    36.48209379459473    10.210834089749342 1093 0 115.49089349616736  168.75726924061166 18.414380934175487   13.951080491865323
WMAP5      -173.7785627456438   -155.42915352647432    194.53590764689486    10.210471249621174 1094 0 303.6468837315792   221.8097437294232  39.84141908334902    13.239053434775514
WMAP5       -54.01677237053311  -115.38358376385573    132.84966494181407    10.194067202889247 1095 2 184.06579414620458  244.91337751099937 46.199233380702275   13.187633366876803
WMAP5      -267.5163563357901    109.4798095872822     136.98964486631283    10.192260560218285 1096 0 319.870274353594    157.74339933694418 25.357582627552226   13.406532503616825
WMAP5      -191.3197499349992   -245.5122367450848     101.78803258954753    10.18973010702446  1097 1 327.4756612104417   232.07186588585648 18.10903135457414    11.438264453100333
WMAP5       -58.692584894471466  -72.01140718936972     32.37231345067222    10.18934396154177  1098 0  98.379006729772    230.81839397321505 19.211557023008893   13.025878353099033
WMAP5       -59.8696771082273    115.77777162330688    122.84281453360524    10.188326041956284 1099 2 179.10674951447177  117.34387183841258 43.30356868231246    13.083359845524852
WMAP5       -80.88204186229633  -137.10745724333856    198.79062671463163    10.188113486989527 1100 0 254.67248142888187  239.46291605010273 51.313127700412444   13.524248912398507
WMAP5      -174.9699146215737    248.9738926044195      83.50968896365923    10.187910717010338 1101 0 315.55718716594765  125.09817183439563 15.34568219346017    13.681264518732952
WMAP5      -107.67819656943658   183.71018985479563    248.54149274211483    10.185432480710562 1102 1 327.2871850338934   120.3758800514176  49.41122529337468    10.77842702291498
WMAP5      -226.16046062139958   -84.01234012852716    171.82197407988144    10.18425496162224  1103 0 296.1915225307139   200.37863548499539 35.45787846064252    12.092254803430691
WMAP5      -178.77839666206307  -122.74593136779343    227.11633428448104    10.183348743107679 1104 0 314.02246429073375  214.4727702923666  46.32335336539641    13.332430677627691
WMAP5      -173.60663191840715  -114.62762025040034    251.15369171296751    10.180624467141586 1105 1 326.12410341981104  213.43567062929762 50.36438978170827    11.341192803005777
WMAP5      -163.43181140970015   -92.36948844924896     87.74959228872396    10.17856743366512  1106 0 207.22468560446416  209.47455687458933 25.052684147294208   12.355539422582888
WMAP5      -195.00089964214843   -58.84328565059586    236.83441598840884    10.178190055801396 1107 0 312.375453139288    196.79166360437543 49.303335814486445   13.992443830079527
WMAP5       -70.19272244623568   -10.595113907490253    75.48985551304486    10.1779015343573   1108 0 103.62428773462021  188.58361029986665 46.760437123000344   12.889471648557
WMAP5       -77.7753965958439    116.9927914633601     180.81869924245646    10.173792991383312 1109 0 228.97975361538846  123.61548066111229 52.15478806864634    12.82184611215822
WMAP5      -184.33360489075335   -24.011835382252798   212.40693576316337    10.173235534890141 1110 0 282.2625594915865   187.42172601892796 48.808745908019354   14.115927411813002
WMAP5      -280.4312141862357      7.320205873341758   166.78727652532797    10.17291414010144  1111 1 326.36367278655683  178.50472537409033 30.733615635295802   11.553885850431312
WMAP5      -201.53298128002567    97.42203199196967    237.17211045467783    10.169632794312792 1112 1 326.12452351607266  154.2006493371937  46.65584561160709    11.521805158873859
WMAP5      -276.899601467278    -151.67361524555238     58.90098378225638    10.167196820075553 1113 1 321.1660018509289   208.71202009477724 10.567706945392867   14.402358274433135
WMAP5      -151.2143909689547    225.8250968188343      61.22678124875989    10.1641343792473   1114 0 278.58837939051097  123.80659846665989 12.695822262208138   12.034085481699071
WMAP5      -146.7247234559924     71.64757459623823    200.50086439554786    10.16395160236441  1115 0 258.5770988353819   153.97314645219492 50.841375887078335   12.763578130644754
WMAP5      -200.09727151015247   -17.80453391257814    257.20277339892317    10.153466403506435 1116 1 326.35745148188306  185.0847527152078  52.00843925319808    11.913980043794592
WMAP5      -118.35897077072119  -223.7898471933466     135.81736910947623    10.152516432384191 1117 0 287.2927068697456   242.12633274025163 28.2128951628302     13.797170751136475
WMAP5       -90.24403068905522  -143.77787722952445     97.03375318625487    10.150115275297733 1118 0 195.52905746473175  237.88503519450455 29.753040349049957   12.637631002077319
WMAP5       -94.66614899907323   185.64675433630774    161.06210878799587    10.146901389029699 1119 1 263.3769163179574   117.01822709071641 37.7000007420225     13.483716169134425
WMAP5      -182.1778371292735     -2.8065720556036036   85.34625272178533    10.145517548543024 1120 0 201.1979722597975   180.88261018197358 25.09943050825282    13.168076826946077
WMAP5       -61.589188342542144 -104.04946556578518     93.40303643877733    10.139326686585097 1121 0 152.78627759456086  239.37776828527083 37.68582829143695    12.520212102473355
WMAP5      -209.90050534492372    89.5000077489627      26.096515580174245   10.138930696637898 1122 0 229.67259665999558  156.90696229197135  6.524315171041692   13.45769583925297
WMAP5      -221.01169068261177  -230.50600252393883     16.47720477925154    10.138825252872687 1123 0 319.7666069108686   226.2046124697209   2.9536935984649997  13.616711954921282
WMAP5      -202.14177810680667    29.03753825134817    211.34989888131358    10.136436331240928 1124 0 293.89327457602946  171.82541937064275 45.98337956337984    13.687061313533835
WMAP5      -215.48436420093697   182.502243676534       31.376853058883096   10.131926416214329 1125 0 284.12160613006847  139.73741545998632  6.340368371321179   12.945164533490994
WMAP5       -39.82936189394274    53.13567697028466     79.1687117277402     10.129789120131647 1126 2 103.33181094222208  126.85443899866452 50.01031131369391    13.51416542309856
WMAP5      -126.29213464709444   173.65455662461878    193.77781837681758    10.117900998641447 1127 0 289.2325210018605   126.02692271742882 42.06493789212411    13.060113491038976
WMAP5      -212.09037666451906  -184.25021727831324     61.41248649469939    10.116273041725188 1128 0 287.57949151193804  220.98197129552037 12.330449656523621   13.127153506711261
WMAP5      -140.26915506425252  -109.49576428220135     -0.17269826482218797 10.115456065290992 1129 2 177.94602575745654  217.97602015585923 -0.05560609299779255 12.46135024686555
WMAP5      -195.62227958906595   129.7825379577615     185.525874908944      10.115368420588315 1130 0 299.21803704173584  146.4383382868064  38.318743929856396   13.111581035291872
WMAP5      -244.3138719972581     44.066779322229465   163.27577116411967    10.1101018489472   1131 0 297.1365452773601   169.77551931151078 33.33254213032777    13.222642219962237
WMAP5       -45.32883370115207  -106.49860258294044     32.06924268075546    10.107268720141318 1132 1 120.10450384120895  246.94401684571835 15.486490466875399   12.0890991970128
WMAP5      -307.21633589079966    42.93879805803616    102.82843786431945    10.106062936028724 1133 1 326.8016295100954   172.0434664028997  18.33974227308467    11.946818526850981
WMAP5      -269.5561849953955    116.52310104332108     65.49125145091443    10.103795182185234 1134 0 300.8775065747368   156.62225298816273 12.572070259608601   13.727276094181995
WMAP5       -63.50330921236041  -240.42239351014913    102.72707959374476    10.10159809944568  1135 1 269.05101832910657  255.20423862709248 22.446007028662624   13.49453529143254
WMAP5       -28.572418016497675   46.861389907509995    61.071063340158915   10.10036955728052  1136 1  82.10997328504536  121.37157886893101 48.05369390793786    12.282600311616724
WMAP5      -129.7221692825624   -257.42705923720393    109.91760953781963    10.099907362369418 1137 0 308.5099883592057   243.2556353476503  20.872245136277748   13.327010362511771
WMAP5      -135.77411508841237   174.88417251958037     50.89624241591191    10.098902304347103 1138 0 227.1772691489161   127.82454702164841 12.94629004211915    13.654801195970455
WMAP5      -216.99875763833424   -44.38040663341392     34.079541161138025   10.097691988454088 1139 0 224.09706922510478  191.5586854823071   8.74718970094364    12.600828111916833
WMAP5      -185.07388954874358    29.793128546982494   231.34798896425383    10.095914794053026 1140 0 297.7614264795258   170.8550031320368  50.98284962852137    12.972799615855314
WMAP5       -92.36451992663703   141.67843454868395    104.02428140316509    10.093028766016621 1141 0 198.55738334015365  123.10156383034555 31.59424440219102    13.953439820985185
WMAP5      -139.70590805293403  -153.84481409478053    171.13023962814617    10.092947653994928 1142 0 269.205361172357    227.75752709235346 39.47092661842937    13.292818111923497
WMAP5      -135.45178578451484  -179.4884208064434     101.44056009164768    10.092218488707537 1143 0 246.68495435983158  232.95979766922457 24.28118375851469    12.615960287730678
WMAP5      -324.292707331929     -23.31399092738484     18.851105010261865   10.092201648684698 1144 1 325.67570735586384  184.11202301060317  3.318309512240384   12.026538605417606
WMAP5      -211.29213609490145  -122.9421785267631      63.68980509941122    10.08944207168226  1145 0 252.61737333377098  210.19335954189523 14.602977993114687   13.05042452477494
WMAP5      -124.07650144112809    81.13128720471296     16.20344833205087    10.088450119752272 1146 0 149.13019718089734  146.8200831643484   6.237674688203443   12.226968538276957
WMAP5      -165.3113401689704    245.2311657242833      19.40358037570875    10.087952405571837 1147 1 296.38262898211246  123.98407219819035  3.7537252734647595  11.71174211801852
WMAP5      -192.5095311148236   -138.28199086833703    132.99409158866942    10.082488944190331 1148 0 271.7889934601022   215.69015733802246 29.29645322957802    12.348065503209181
WMAP5      -323.51520658579926   -30.871538939565383    -5.887399299649639   10.082112921025438 1149 1 325.0381551130005   185.45096205053267 -1.0378522470734788  11.611909274360178
WMAP5      -138.76544850460152  -141.61978065398108    223.6488369349831     10.077902899528668 1150 0 298.8826094531691   225.58325303690148 48.44188186134056    12.766089674098428
WMAP5      -128.63193383523654   121.79340173628322     43.44342481837537    10.070135575146764 1151 0 182.39281309480967  136.564225423515   13.779504623646947   13.205125566849974
WMAP5      -127.65255450069058  -155.80158151822405     45.03430207689557    10.068554017368811 1152 0 206.39136570526557  230.6712870332775  12.60324869319559    13.328737136765982
WMAP5      -243.08343293617594    92.30675338579653     33.62870661794687    10.065873950515687 1153 0 262.1850148224695   159.20658771019473  7.369244680259634   12.990082217978008
WMAP5      -105.04251464298842   178.27846869262618     77.21703353988411    10.065865984458659 1154 0 220.8610706996815   120.50679264321084 20.463959750774247   13.630462197092818
WMAP5      -182.8167012466531    -31.640609677986188    77.34110815825298    10.06442789073497  1155 0 201.00925711680364  189.81907471489194 22.629084428349312   13.55119446479803
WMAP5      -229.64179216832284   118.12316183963362    176.0631963507723     10.060048277513106 1156 0 312.5486892989988   152.77961307908407 34.28532613479656    12.042865096270932
WMAP5      -105.03952446385713  -114.65390125785632    125.95352307068417    10.059820554282203 1157 0 200.1077428465897   227.5058189540764  39.007973329047225   13.826801259936895
WMAP5       -29.126324267841326   51.07551959407048     41.12501958683248    10.0579804403045   1158 1  71.7517853657808   119.69438141529454 34.970649696441406   12.075562868806495
WMAP5      -174.23348132075563    39.88246347406068     56.31725366510583    10.056482333235895 1159 0 187.40210768902725  167.10697756386173 17.488572862274722   12.4886940486887
WMAP5      -166.10995278132586  -164.71490661348528    149.90961454835937    10.04840717291888  1160 0 277.84241830170777  224.75839244964587 32.65294641883784    13.339132511208112
WMAP5      -159.71867027423718   158.7271510956178      35.29251080253079    10.047213672124295 1161 0 227.92525846831532  135.17839669057162  8.907660352087262   13.029359682102477
WMAP5      -211.09835006571058   -56.259335506637946    -1.4734837701503518  10.046780238683858 1162 1 218.47150245863793  194.9229133493455  -0.38643502850245076 12.71613793202706
WMAP5       -79.45906193266326     5.038920980786273   147.54083893500777    10.044912483754814 1163 0 167.65271367179037  176.3714293220543  61.647005322395984   13.583749193556956
WMAP5      -136.76099785256199  -184.15077114515003     59.07318520348504    10.043801954709151 1164 0 236.8643456855994   233.40028762826077 14.441814642639612   12.485673862047944
WMAP5      -198.30692553426655   218.88451863099746     86.48280595562458    10.039781944235306 1165 0 307.75858223148686  132.17622563334984 16.320409862863297   12.676649855459802
WMAP5      -252.94312509852654   139.55452048459335    124.32001252000887    10.039610707006613 1166 0 314.50143757265846  151.11347157251174 23.28420846367085    13.145689756193674
WMAP5      -278.37166041523653   -19.67086606269593    124.22755733863438    10.036799944149458 1167 0 305.46720003351584  184.04203233651222 23.996479623273892   13.283236743106666
WMAP5      -225.22432554510178  -223.26475921278384     56.51749227098251    10.033716172488917 1168 1 322.1294405300281   224.74966131867583 10.10482505145537    13.555616622833632
WMAP5      -137.11033582593805   -54.19218562495623    150.0386379975361     10.033606641065342 1169 0 210.35120647447428  201.5661657323702  45.50215508699628    13.292836583533122
WMAP5      -193.07144478543907  -193.9228509410062      87.03200018237716    10.02822135861237  1170 0 287.15365915197714  225.12605328088637 17.642996946259437   13.31767050344955
WMAP5      -216.94462153879164   132.1361442852247     150.0075006097849     10.028100336706212 1171 0 295.00369435037567  148.65533535179011 30.563543460898703   13.541092169900322
WMAP5      -100.34497257450202    78.2150467703628     192.55726459519437    10.027164808081823 1172 0 230.7921298715606   142.0649556397066  56.54634779406806    13.184432736439717
WMAP5       -87.5117798266515   -166.69424806999714    191.00638917539732    10.026345417597515 1173 0 268.1953106485522   242.3012548236507  45.413493123516616   13.946414975048496
WMAP5      -214.76514306745855    88.88038208570319     43.87256341145273    10.024561641065134 1174 0 236.53454465844618  157.51782156727097 10.68915226463941    13.019048114582315
WMAP5      -144.71545889571223   -56.00065698601102     72.24888597742698    10.023726338060515 1175 0 171.16816044825828  201.15498238903126 24.966799355726582   12.31382504632127
WMAP5      -189.2223218746539     79.6007867973365      45.13348319918631    10.02197903429108  1176 0 210.18659248411012  157.18480741040838 12.399719916422638   13.740140894090619
WMAP5      -220.0699041261557     46.78151701528181    165.23142344005694    10.021565664360379 1177 0 279.1427884226527   167.9989500878355  36.29368766594518    13.373964610931312
WMAP5      -278.9884432526474     45.28675348285067    159.7682722023703     10.02094509915113  1178 1 324.67112947116635  170.77989194883452 29.478217562271315   11.275899336905791
WMAP5      -284.60511150994097   -39.72872913337948    101.48082292416646    10.019791824031687 1179 0 304.7569504334649   187.94670795449449 19.450318465858714   12.705096758372326
WMAP5      -179.55448079946564    -0.0672184105883481  225.72136002939752    10.019162656834121 1180 0 288.4266778004443   180.02144937311073 51.49881591070517    13.812771354500189
WMAP5      -105.04259556840928    86.48243532483696    250.53852986372002    10.015671947315017 1181 0 285.10123368680314  140.53509176606468 61.49439336811943    13.726823673569811
WMAP5      -194.55790133179167   232.65639327650504    108.45869637866097    10.014900545556541 1182 1 322.0948045579462   129.90390759626212 19.677718487645073   13.837909348545725
WMAP5      -272.03155314137007   131.13025487411213     94.57599537751842    10.000549979191463 1183 0 316.4505151670701   154.26404535109063 17.38944745735419    13.504410330866849
