Planck2018 VIDE     -133.84523607340807    80.94761509328801    256.0188733511453     0.1026062817805176   148.83507297695917 58.57637673165395    23.904054419189166  -4.244442514466699    2.6193655193473164      8.288129483970701      25.889417003116783   -19.202624222204456      19.327018753894997   -21.67912010617833      -30.652276751876776     -1.4148261395064323   20096.98645500121    2010.525900098632
Planck2018 VIDE     -245.11256971302592   134.20857347084134    113.00776373464636    0.10310246884355152  151.29759706776306 22.018112135132856   26.16460327273542   -8.689715483927307    4.6442424858462825      3.8633613677773924     22.479995792070618    17.25838703102539       29.816686108392933    -6.78529660146899      -32.692682667288736     24.038768325810807    25769.4368929407     1736.4889088055502
Planck2018 VIDE     -134.931646521337      27.948707662810417   261.0803308592144     0.10091929794071168  168.29767632536436 62.175321355499904   22.857079256798976  -4.066708164676018    0.611159881258485       7.660024237637246      24.292140163946495    25.800020331173954      10.838230376894565    21.974406030535505     -26.478401178761576     13.778811876340361    18592.458848580856   2719.4826369768452
Planck2018 VIDE     -246.9467183210145    -59.461972361259164    82.55230188646044    0.09107949541397078  193.53845215676373 18.00431695643177    24.16723380427292  -10.08253079531218    -2.3367041378934728      3.294457123916641     -13.396741039771195    18.804518903232637     -27.662359390397025    -0.2477275866483379     29.770935582844288     20.357875310402466    20203.453916926406      0.0
Planck2018 VIDE     -220.53368324110482   184.12688735174464     89.87693760768455    0.1029584240892566   140.14098706687304 17.37175162482227    23.04902652146754    6.2214965007272465  -5.401477467460825      -2.4685137539617883    -23.41878765525179    -15.4415331905113       -25.23494623307358    -11.415907212571026     -24.97481992485632      25.876663721175333    17058.497920119054   1160.7774407850925
Planck2018 VIDE     -170.78837890110736  -153.04710629640303     23.288259278810024   0.07835993220198482  221.86419509153885  5.798467593832457   25.028122810085687  -8.1362299171636     -7.6062426917610715      1.2450499579083323    -24.60000135016146     23.859776085679076     -14.993791494165137    -7.523450027761274      13.614422385730792     34.008339431608604    21672.86745687598    1701.7239353592342
Planck2018 VIDE      -88.19048585204007    64.47893727563125    102.73728649859312    0.0506348101918351   143.8282458912227  43.24086154716264    26.70509839742155   -8.253404507223522    6.22606838228438        9.916176530932185      29.76523175164095     13.013431704859922      16.6033734576348       1.7898802664209006    -30.13552448673477      20.410935749008683    25217.93218455749       0.38256812944040863
Planck2018 VIDE     -102.23580504360395   -17.57565947799668     39.46401336947355    0.03735372589459175  189.7545372598552  20.828267852062982   30.46760756662669  -16.62145949220163    -3.0526258652814926      6.324679911603227     -13.672357434937174    30.62338986327917      -21.15091754177885      7.134243516129444      24.203029471928275     30.430683621147708    29957.84947450122       9.19195947895754
Planck2018 VIDE     -104.58945589282779   115.94839231899496    120.3203258435862     0.06682263296966731  132.05155131943903 37.61571410537949    21.33996292541051   -4.96864031304171     5.6446856405875305      5.522711933397862      19.31231545067487     24.63813006815116       -7.8074957448831785   19.31913425944536       -7.278045613594662     24.819710047199617    13242.987404432897      0.0
Planck2018 VIDE     -120.16548468114424    85.49322194549642    213.4207297106559     0.08840663124352983  144.5695799950912  55.35532033666371    27.97058054779262   -5.406930118190157    4.237442616052638      10.381184850752414      33.11221236684977    -12.598544852390555      22.38868034096834    -18.143247088425433     -37.37037514156097       5.804303838610864    27227.109643150383    338.01438965947716
Planck2018 VIDE     -101.76025202550716    75.27166310337358     13.155674251186953   0.04288589223126059  143.50981104254646  5.933824733237954   19.961248096870488  -8.257883825961574    6.277440701945583       0.931842817508698      14.770537752628094    20.944072189579543     -10.196769498716689     8.05041729786759        6.7891361461451165    25.606261885704722    17222.2515859922     2870.015143034665
Planck2018 VIDE     -220.99037605336616    56.849479048556546   101.82608552857023    0.08508441055346169  165.57354071034925 24.048465682723005   27.72560300466519  -11.419635842632374    2.917781895029686       5.011118474566339      18.455871896698056    17.572206356251854      31.8267212132456      -0.3757232415877628    -35.63641099499067      19.893493381655077    25670.59602344832       0.0
Planck2018 VIDE      -48.557068316483914   71.03237936139111     42.412211038523864   0.032245253816883465 124.35614531219142 26.23956914500582    16.27164000572428   -4.0175929948802285   6.127937605067024       3.7373998667173907     19.106762735493387    12.618353498792692      -0.15018109336451724   5.838900104692328      -8.598782301034051     20.375428986567943    10615.137183617639   2417.7942517016245
Planck2018 VIDE      -65.51217970508479   -81.69720140311841     98.69551219449149    0.048561769890157494 231.27421806244715 43.30358632760365    34.11016745368605    8.404235959582259   12.963830878144421     -14.199645457236963      30.016209420370608   -29.78445406579584       -9.42680710789059     26.17780316895406       16.662902391364195     30.706364084171035    50398.97623615483    6714.243157202779
Planck2018 VIDE     -287.6467258683194    -57.41431447149104     66.3313050448448     0.10285411800705394  191.28789930287417 12.74249322509446    24.60103518393486   -9.742142248059945   -1.848960952662851       2.126509950565631     -10.594393282149928    21.207564989097126     -30.096321347413184    -1.0403888732700035     31.13937094485063      22.3087903060125      21226.351997242593   1168.474222011094
Planck2018 VIDE     -127.88430033415007  -223.95479319654586    112.08491122613755    0.09601121382637255  240.27245360146767 23.490416224814105   27.359585245378177  -6.491613039098928   -7.149001193212588       0.9900354115495666    -26.484225442700243    27.573528853169393      25.45146079035961     21.55919502728771      -14.321266285675504     37.94935145623044     25103.25383522499       0.0
Planck2018 VIDE      -99.32292581503374   159.54849055135728    174.85946888672217    0.08746128132283211  121.90329659532172 42.93540197250438    27.674315800915263  -5.450356286677794   -9.672054060947326       4.982952795194811     -35.344196194338224     9.63500589495984      -19.9576773289298     -11.926503979631798      23.429719719934873     32.43254079718043     31155.84953682993    2197.332236179287
Planck2018 VIDE     -269.37866545087013   -40.04682015762191     83.01689174520885    0.09723995979255333  188.45586954837128 16.952745709101794   33.35343262714706   -5.092024526032536   -3.4496369386975974     11.12419418267775      -43.49150087492088     30.30816937109261      -10.509310301710032    23.65938437801828       42.24881938435396      23.931374184646646    47470.039111879014   1180.297006070719
Planck2018 VIDE     -194.98649405868963   204.397733758558      117.30763263822774    0.1046618824117315   133.65011058601368 22.551611037740102   30.530423373808773  -5.296733706465855    8.751663795494402       9.196315453472158      41.049345936776675     4.974479563093315      18.908929607487234    -8.710676275227653     -34.748674971296815     28.051515779310346    36966.93262245095    5019.617956130728
Planck2018 VIDE     -137.14774481479245   120.04761834326555    182.47884236842285    0.08788284843836701  138.80382132048356 45.03341707392016    23.79753707047313   10.74214236667591     1.5196666097931293     -3.1272710508292008      8.065810628512835   -31.19580109732906       12.546679882567279     6.939980434242745      14.14700735944185      30.713357108509914    19891.083179132325      0.0
Planck2018 VIDE     -216.37797722193       60.938054104293805   125.79290020406582    0.08777288962090843  164.27130444622074 29.230893950875632   35.809732676750535 -10.283544607058397   10.895465387828894       6.001104852005084      39.496301702429086    35.80024679468736        2.6831110171550865   11.485947959366538     -16.375084314876315     49.412638152945355    49773.02745034472       0.0
Planck2018 VIDE     -201.2378460310383    190.19704650227595    123.10334560410867    0.10366197293383023  136.61565447868404 23.96910689731723    34.89162764786835  -10.294310288596122    7.056848067717074       4.454918535647545      25.72087780423295      5.896012416822528      50.095513845015674   -24.690266079573796     -47.553402800041155     18.273707561720187    57380.52028547161    8003.688498375228
Planck2018 VIDE     -251.44378010250955    64.47978104409573    134.48811071316038    0.09991567998180059  165.61710513260653 27.388651628334678   23.00762925015925    6.231601952338893   -3.4800563631246058     -6.772227562154227     -22.54215724404481      9.137280394544211     -25.438011391307693   -15.275541813759427     -31.604211661855775      2.184412967513265    17810.165175424976      0.0
Planck2018 VIDE      -85.5350164320668    -60.24876196784242    137.06586654235602    0.05832971394646764  215.15992446225312 52.64511364413892    28.042390901187233   6.564511315415029   -6.022610426095857      -8.71491443953543      -31.457609561818753   -27.570331816863913      -4.642439848836562    17.01882300129397      -24.418474903502972     29.694292411668464    29066.204223400786   1755.3010961865277
Planck2018 VIDE     -105.69609276105218   -91.91641959322473    140.35574826950776    0.06722364374891016  221.01117772199956 45.05788145356087    21.049658389692496  -9.14999960171337     2.7024104887563904      5.320772708775716      15.638030999240794     5.841439808976524      23.92547401911273     -3.083226585870797     -27.74400521437232       8.788980702293907    14677.453609635411      0.0
Planck2018 VIDE     -118.41963959116592    52.97189176975969    193.2096104546898     0.07912694070463552  155.89990844882036 56.121239750917965   16.097376174045877  -5.138810707721856    5.055718231446228       3.075214441516263      16.64894914271997      8.796946830341666      13.358715119537884    -5.15787094295102      -15.268598532411294     16.482886153873686     7168.710009262167      0.0
Planck2018 VIDE     -134.14716316864644   174.32939580669347    225.06234442444307    0.10776716177729842  127.57842513711657 45.6557642535829     14.470541676515682  -5.077245483323613    1.21888381581767        2.6558782738981175      8.181331753251328    20.244703873986563       6.349194520498099     7.859453346789434      -9.214624871380806     19.253868535127754     7942.791701624389   1250.898111209805
Planck2018 VIDE     -164.72010515053557   141.33463113447917    191.98944739418218    0.09901239362749321  139.36944865327663 41.494809111012735   21.392794039475547  -4.0089433144674995   3.30823385955959        8.548940133738448      28.538764313422373     7.342734205914689      10.541518020467882     2.785783537739623     -28.581636622166602     12.366771163482488    14006.783475339185      0.030267915838271375
Planck2018 VIDE     -188.05192151810908   135.91501851157804     69.761017720327      0.08244703046072181  144.14238012600447 16.733897269915772   24.596921133779013  -6.395133952653124    1.7607619619531107      8.970398715268777      27.30176073824378     18.375136127533644      15.857062862006904    12.266498180204097     -31.027870790260963     14.835304189294451    19734.69601934981       0.0
Planck2018 VIDE     -141.61895706586583   -99.10228339203717    176.57242568387989    0.08411724411269299  214.98360560979503 45.61032042893624    17.306324643568818  -6.608566750153187   -3.490054296360734       1.0942355590074737    -12.069654903599668    18.390765638354743     -14.236742101836922    -3.912102674007385      14.197913892890238     21.657218623114495     9519.648647555887      0.0
Planck2018 VIDE     -284.3072413182992   -114.07110898099316     28.712219182237334   0.10529650009840882  201.86187913990634  5.354537188428238   25.59930518730249    6.7278900623758835   3.999859577532678     -10.1219115485331        25.45218702502816    -24.713946625784875       7.151534539158566    17.333021275128715      23.91990749043463      20.97340325879103     25891.146796019355   4573.133381991414
Planck2018 VIDE      -78.91503744865228  -194.69876629338515    158.69241692615086    0.08975445862114595  247.9363705722784  37.066554007276565   31.514354773898436   7.529271482125618    6.311275776060255     -10.36234515027244       30.257903490784926    16.2207200364703        31.86473742286275    -25.8297406329965        38.72175621331277       4.815951575938167    39308.027914923965   3616.8261074303523
Planck2018 VIDE     -125.33554672327016   153.83165128946243    244.69686421998452    0.10788479047384666  129.17169666210313 50.961112236396794   17.628231290074353  -3.342910582169182    1.3911312902936146      5.478567287538278      23.72531920290654     -4.919058841095086      15.725767847617913    -7.433278872393276     -27.79153315508225       2.5212585790355195   12640.561446932668   2634.4867064063174
Planck2018 VIDE     -109.4132451123137    -93.10508979584631    246.2354761450181     0.09736977024153017  220.39608800324086 59.738653651127535   28.940199494739232  -4.549805114386917    5.9892865712055885      7.635043648226806      33.43556868210575     33.26018455030739       -6.166232632033452    27.132314711544865     -21.195379031439124     32.79508995374311     38080.76438571029    7029.334333570211
Planck2018 VIDE     -224.78134568579816   214.28474418655517      9.098937416192165   0.1063541349468755   136.36948956853757  1.6782247327299173  13.005487167799448  -2.874236245649704    2.5692215082155636      3.2729117901588127     13.327794044648021    16.014914823040588      -0.8673117639314134   10.80863239229973       -8.135164605885723     15.878094552510165     6134.36549440497    1690.6178157474412
Planck2018 VIDE      -99.25090492180857  -137.3314303954495      15.642248501151416   0.05755071124869849  234.1439548205977   5.274374995249155   22.091272140195294  -7.730026581830412    5.553753928254541       2.879640582148373      20.24588444586855     25.40439391041182        5.351873619192317     4.368455044393555     -10.024933361806164     31.06092031338991     18483.383862635474   3608.0184271344397
Planck2018 VIDE      -68.57747423147624   -25.82941728011748    110.54001315921744    0.04471481711296523  200.6386718757413  56.45833984804911    24.16414145931648   -5.412308431225219   -3.9690556641246917      6.6942898702337565    -29.29001145349127     23.008004010190955     -10.039381115298967    12.047559721000052      26.422982127509453     25.40663748162069     24669.051452856118   2965.609511968815
Planck2018 VIDE     -106.28879864854657  -176.33529767522944    174.3555842855921     0.09202727986897792  238.91988555831125 40.25896057478307    19.936774803460526   5.215793934414226   -2.0162845410658696     -8.674761017543913     -21.63142746669814      8.680315018233252     -15.02370530932166    -10.215125705789522     -25.734074884737        -0.16055466242728292  13368.19026331727       0.0
Planck2018 VIDE     -118.79381446969245   168.8565165923988     215.69050897517232    0.10209865070576955  125.12712524206012 46.253013793951546   27.8314451520691   -10.588075112461457   -4.167864433047168       0.8629896341119196    -15.327415208293905    34.463069339691124     -21.61140970129457     -5.2854041713318445     21.204868675303658     37.56332673313591     33884.29845105151    2782.9101789352694
Planck2018 VIDE     -114.25329555580493  -158.59984686969946    231.8338739175835     0.10373649722399349  234.23150566580836 49.864486540400485   28.64216783667357   -3.7216640268188743  -9.888035358914436       7.593581177580548     -30.565601519672963    24.328768584543283      16.699475702367774    26.904040062293856      13.068976375885265     30.20370668620157     32623.872921507907   4181.953300310099
Planck2018 VIDE     -224.5033924242853    -37.220329004402764    91.91701772083674    0.08353909587410913  189.41342155627794 21.99429398532114    18.703000524559535  -3.354982067486643    0.8446988231004017      6.25312832440358       19.90216640538675     21.414392764046912       7.785335036067858    17.821179827399387     -21.073814950224016     12.408311712757007    11273.415644965442      0.0
Planck2018 VIDE     -148.41299407205088  -101.9629473320626     208.15122521046757    0.09392307796041419  214.4899098512085  49.13819854931267    35.42285766342355   -5.164566388684495    6.448049372440195      10.446449048662448      46.424968243495556   -13.842169527997685      31.49585295363554    -26.093985950509197     -48.605224847749966     17.101003983063226    46726.64481860938      63.55144640537273
Planck2018 VIDE      -77.92670501072017  -193.17821980847455    163.97506704097495    0.09038788619786453  248.0312060255202  38.20955991582657    33.69467162720651   -5.732331000134149   -4.797005332659111      12.706224200461294     -46.93410972574847      8.448198657540225     -17.984555799410916     1.4280035395756747     47.39855212639179      18.5387013917385      50369.18003803974    7176.674026274446
Planck2018 VIDE     -146.54732590360092  -194.27198693602242    162.4072184166236     0.09999068273258982  232.97125213900392 33.71873643246644    30.9961317042074    -7.067744127735097    6.941663382122784       0.27142524763002623    32.57461009075794     34.25134907244758      -27.75101626716377     20.38020418985185       18.902729829519515     47.25308760743684     36631.159856322876   1953.5815770672814
Planck2018 VIDE      -86.1708962935336    132.18385035716096    145.8262669204193     0.07294140586721987  123.10040405585423 42.743299854261316   16.80055659163704   -4.4665713010378365  -6.303727644484921       0.6274125511483474    -19.726905598625365    14.36918002042022        3.9332444237588926    4.366817832070394      -0.670493741064877     24.35095256959358      8727.834666394032      0.0
Planck2018 VIDE     -280.1157469311336     52.26452537167423     83.05584689732083    0.10147860721610544  169.43117046745695 16.250100470749317   15.813203477766063   4.286985213606746    1.5576338842652275     -6.9390304194567        17.03762892896775      6.537531135042999      11.993482990855828    -7.701780821393921      20.4000645228748       -0.17892827710448284   6503.770450682398      0.0
Planck2018 VIDE     -113.22553648519678  -113.40811127868409    119.41614666560464    0.06776188433028427  225.04615714812235 36.692257553613835   27.214985693333773  -5.368299053332339   -1.1486778033811835      9.651405770893865     -31.754924423113277   -20.12709464818776      -20.058163772574968   -19.565242310209246      37.29075526429642      -6.444347114310216    27279.61782366595       0.0
Planck2018 VIDE     -204.37668705904852   119.97331862579375    119.3006509304447     0.09046538481873598  149.5861895804661  26.72083204611513    13.458543567927997  -2.0490178087530997  -3.4132662427007476      3.268688401024403     -19.747481168953968     8.384174140970796      -3.6239373631303184    2.9181774629567196     13.9688399266588       16.41599344411004      5205.4151187258285     0.0
Planck2018 VIDE      -68.17284941631974  -185.06934468753897     92.3902003700479     0.0739571125811734   249.77802827779485 25.10063529124884    13.568441695968486  -4.236317615229426    0.5145777379225722      3.415507063818837      10.555553730998946   -11.271452622854065      14.790400329729987    -8.431595618523463     -18.050404922704267     -7.738406045039439     5656.735154904298    627.6071323403586
Planck2018 VIDE     -129.51395818744479  -151.27251970963343      9.91779755907383    0.06760122694206885  229.43107983283932  2.851136091432271   24.5856512967974    -4.546324476097591    6.425421188917961       8.277116790600598      32.87659386069549     12.157411192567258       8.62029347725472      3.9548118675116655    -27.21502416036671      23.298916249141232    23795.818430953652   4541.999350513292
Planck2018 VIDE     -113.53921867556684   124.5425597312192     150.86526293144138    0.07686361196490839  132.35386425050294 41.83455680364957    23.3422582633183     7.584725950214146    1.114402496225249      -4.2690128503048825     13.907634848181624   -31.351766138266882      16.52539239569463     13.154316081636091      21.05057515060535      28.866321174862616    17031.542532781983      0.0
Planck2018 VIDE     -116.3062113809747      1.5643226377822566  241.4529407840544     0.09140282345812813  179.22941621322485 64.27817873009741    21.89183509931725   -3.486599157678753   -4.951841032475603       7.425776607304585     -23.623029563886515   -12.568257717538048     -19.472717386819852   -19.7976690531331        25.385531068490266      7.632680206905807    18952.293050773074   3598.64180546502
Planck2018 VIDE     -206.4904224793594    -56.22262802581588    161.19516128562398    0.09137290609964747  195.2311124079336  36.987843654762244   27.321521306936752   6.965001900775114   -2.830852283167054     -12.042032126259668     -26.97285105051216     17.86497791828058      -19.80056770027034    -19.07387673764702      -32.54569766560913      -3.3812835543027697   26485.023388221485      0.0
Planck2018 VIDE     -307.4450908516354     63.731198998522025    61.40649460557927    0.10960675001002154  168.28885304499187 11.065879686693092   12.670417647327792  -4.77631046739899    -0.8749067389846441      1.9331950890963019     -6.031364809826228    -6.221367699707577     -17.71719139637453     -5.269917200244704      18.432187227499508     -4.6784289476530025    4962.916151462627    980.397298955528
Planck2018 VIDE      -93.58245268154953  -189.89066357991612     87.60906600379263    0.07787507693334016  243.7648699583205  22.481698823542278   19.959256926501737  -9.84537624633314     1.4727330521354773      1.783724462581924       5.8154698928263056   24.859953834682837      11.573207572270974     2.7007388263034393    -12.298753879748686     25.061365790833143    12248.37384729967     225.028725388634
Planck2018 VIDE     -183.6092018907927     73.93138381023638     81.15486708891869    0.07261975085683851  158.06751326530784 22.29402453709264    24.329043095526114  -5.8561444204521065  -4.123884810668089       8.267468515292222     -26.98358492042396     -7.750356942455721     -22.97938591436785    -14.523883183364147      32.70307343343352       6.02478863204754     18468.10720443109       0.0
Planck2018 VIDE     -167.27623988183188   166.92742092338872    129.45762570902903    0.09190691953659082  135.0598014002223  28.714437524784067   20.49006961246667    9.428865806931375   -1.5261614893792426     -6.33089866742825      -12.349920544842494   -20.46108590889044      -13.460778109906707     9.490592211739528     -17.859530988496633     18.440043813438884    14013.695322837244      0.0
Planck2018 VIDE     -263.0227766006705    132.78024107800286     67.35134452891417    0.10338450530425526  153.21425452080837 12.87601933487004    22.13322789244697   -2.878156857267229   -7.661949028758082       6.0730259837563905    -29.007520335426978    -0.914952620128261     -14.901716894829184   -11.742893196343312      21.48380754181759      21.539501082610524    17604.177420862492   1259.1100084130742
Planck2018 VIDE      -96.72165854417084  -247.16286288802246    148.28340179836113    0.10401287607316229  248.62822066479754 29.19153839339647    17.612805272776793  -4.1386539369339275   4.749499615570783       6.247917688863192      20.79748640422569      0.35899082321356734    13.503470501654927    -6.984542187371391     -20.970760261790883     11.314812118310721    10587.659654001023   1038.932212434704
Planck2018 VIDE      -92.71901727066657    70.60119207679058    212.8322868793108     0.082573043470028    142.7124253020469  61.29653036231749    29.23944359368051   -4.1587330068316275   2.020215615768848       8.9602817467401        44.09171713035514     -7.042032371145989      22.051996656546816   -10.67350982204424      -48.26527336811642       5.928159723467335    39084.31658907951    8478.539756733602
Planck2018 VIDE     -223.24004893251606   145.5918400957896      91.72558665020871    0.09624327297316009  146.88856731543262 18.991402196347305   15.079751823937297   3.6178954707439455   1.0137723045477718     -6.564291036349635      15.698352759107447    10.17658685890332       10.223760781791439   -10.176658511983824      18.467944381043814     -2.7567023007020954    5528.322046185645      0.0
Planck2018 VIDE     -132.2204737806738     -2.1052027619879348  224.39824716729905    0.08877127599569844  180.9121812890582  59.48927917549718    19.732493964413496  -4.3143230396340755  -5.79528152322812        4.639514187543258     -24.311366555631555    17.385004790825377      -0.8914924371937597    8.79958844788075       13.5959128906006       25.16565425315188     12703.414470574395     13.278656084555907
Planck2018 VIDE      -77.06672279599354  -184.43523970500777     86.24850532693203    0.07392557722999196  247.322267812243   23.339321703119456   24.68133680457283   -3.8808722282711376   6.229176533056201       6.662889891154583      35.81760488461243     11.530519830087838      10.08239752386452      1.4138502549138698    -28.009417110867656     27.009687823258332    29842.381725579093   5781.89246288439
Planck2018 VIDE     -162.4069788430365   -126.69533592968173      5.273433827767061   0.0698984850248049   217.95815524610975  1.4665482334555022  15.373493635951535  -2.9249601506134293   2.496802157982475       5.302162391188041      20.87498037393184      7.4055693169080845      8.028468603260746     2.932568466670721     -20.470800827423048     11.257517439431407     8114.202805093344   1047.2988989101536
Planck2018 VIDE     -160.94246501254673     8.685602379099794    -0.3685049569757702  0.05447072496054671  176.91090803249304 -0.13099751270812734 14.289172646965145  -5.5397168783423005   1.6777453673451812      1.7366403272220978      7.58957790304231     20.05004014377118        4.8399491310472715    4.415990736824932      -6.614567777143057     20.476835823205516     8465.337585046298   2336.866791134911
Planck2018 VIDE      -83.89878910836836  -166.9254157469522      34.86508622951855    0.06438407877266807  243.31532895135308 10.570952711776824   12.33567200803604   -4.107449575361533    0.6937541720729082      1.334377717919966       6.4494442814885495   15.930187204501737      11.570287133060855     3.0238881023460276    -12.829369799350271     15.978157038265381     4915.070819547063    978.2448618296096
Planck2018 VIDE     -157.58163521036218  -142.97203630153433    188.1424681321591     0.09700004328729019  222.21710267828047 41.484214524201434   27.64639328591356    7.75273987439828     8.28864434875919       -8.203303480836157      26.852977691140794   -27.9057960859667        -2.818019373188342    18.02946556881546       14.18158098005081      31.36831866300606     24773.648739984175     33.99928293749678
Planck2018 VIDE     -264.50384808296826     6.693603632186386   167.0501880624289     0.10713562797109916  178.5503674011552  32.266609835402704   15.5802916287104    -4.451331793798541    2.658658655851406       2.63558278187758       16.413301295043304    13.436996894777607      14.166377944795057    -0.38648723211870323   -18.26856742846843      17.775765702225456     9841.838980480112   1593.8244515927672
Planck2018 VIDE     -143.04369573127244    38.65006693496959    123.55729074823155    0.0653757175577245   164.8798716610547  39.823718078690725   16.021386340169986  -1.7917498387435222  -4.685250241975027       2.4936314210458943    -20.784172096398223    13.666789504207683      10.744287067987887    15.068598541652063       5.814876278732087     21.752737409897275     6825.558394725466      0.0
Planck2018 VIDE     -100.19985433699382  -223.6252303215652     187.19086130319016    0.1055369787191428   245.8642594186062  37.37607834597497    19.405239979488734  -5.337118850180604   -6.3977356381182595      0.6334290437458193    -19.583296425612097    14.695481724859038     -16.57734746305091    -11.582315419116194      12.07685405009935      24.388407435845334    13819.982987503488   1815.1283836926277
Planck2018 VIDE      -78.79482191401836  -193.68020434272893     95.9442688490412     0.07820302182436595  247.86205771497004 24.648274711417507   30.190356196600025  -5.044629512509001  -10.100232752801029       4.713350998607447     -37.885750318407865    25.181472094529052      13.412783192212503    20.77300515338149        9.064547025984725     41.657442800125885    48141.14306532136    8815.228040134361
Planck2018 VIDE     -110.15964010632956  -226.5920272567285      61.05435674654263    0.0883458244331577   244.0729023185391  13.621717247383653   16.32485589869895   -3.654496234158159    4.088627902745852       4.863761913397915      19.686600933183676    14.049866616051267       2.981217534005404     7.655756213010766     -14.541596090928053     17.976436621427226     8117.337312053337    144.45695827684048
Planck2018 VIDE     -142.71304648187757  -185.3942237148788     209.22769359803803    0.10747323722861415  232.4115884587447  41.80569884954868    13.69570641407881   -2.2735869419192576  -0.03612309877538963     4.78717982380485      -16.848511229669402   -11.646183019679166      -8.089784124999087   -10.570003686043076      18.68075569040562      -4.879076289860029     6627.945014644172   1260.0453236677713
Planck2018 VIDE     -209.82468390785127   -30.732416371989775   206.18899005860976    0.10111759626073757  188.3326986332524  44.195328116707344   16.38298288441229   -3.3194928742605825  -4.311414080749324       4.000675899771679     -21.632136040177603    12.9024630809015        -4.044281726990546     5.0635690193575424     14.808832886906233     20.160466362885895     7484.945243333713      0.0
Planck2018 VIDE     -294.82991833223167   -77.06031290265341     82.54906627077675    0.10812339929481131  194.64782883132528 15.157023015522816   15.773627336145205  -5.14263665329514    -1.3910483510006968      3.9643018777328636    -15.310694239871955     8.315418431606261     -16.943762195680065     1.41564933626434       22.274907959893675      9.652555564984375     9575.02052395166    1627.561470236284
Planck2018 VIDE     -131.22448958176676   134.05105485547102    219.01967949677294    0.09852223997636357  134.38952483335106 49.42018234625243    18.336060051354657  -6.023006473363738    1.2276497503816686      1.1597472532182094      7.6765819275649845   10.769742614142285      28.467091186886908    -3.591014552724059     -28.840187006812        11.879264593766466     8718.961323139276      0.0
Planck2018 VIDE     -194.74092237502828   -95.52170097377405    161.1483025894701     0.09217330257688415  206.12825393543042 36.61009990737034    17.177973793974452  -2.820197925595225   -5.5647203302105455      2.584062787527181     -24.77512983490469     11.48691060395467       -2.3023143347480843    2.497190482282255      10.437073937621106     25.201388008399682     8259.316934927378      0.0
Planck2018 VIDE     -123.62831198368607  -129.46408856017302    221.77351117615297    0.09734316755810073  226.3208856894274  51.09025983936915    14.682729292107492  -5.723807782130722    2.316782505300215       2.541054307525205      10.541468896445593     6.322252845884473      17.980747905239888    -3.829849390754523     -19.410131937306385      9.070145522854968     6026.357210945887      0.0
Planck2018 VIDE     -127.770082027389      63.70750455045456    162.11508863876975    0.07334408605191407  153.49867418012437 48.63017932199804    20.11291222284264   -4.510370252042711    4.738936825734834       3.575585947389072      19.066023052641572    25.267478869252237      -9.437939236287363    18.121241873290032      -3.434980195505367     27.41135742830552     13344.701013479664      0.0
Planck2018 VIDE     -296.8064761025333     45.78171638958641     71.30216359139544    0.10564259275473147  171.2313641264569  13.356060148170842   26.99675600141251   -9.293985397041412    4.537907973878481       2.115490564236344      19.29612071803631     26.37055293224393       28.206564829422177    -6.842017803324079     -28.70626664030739      31.518355063432093    27412.969986128308   3737.288827967408
Planck2018 VIDE      -68.92664413250564   -91.70389027815719    145.29351586911778    0.06268933309154993  233.07067794492116 51.70649587463278    19.583157142108554  -2.1137384704220046  -5.587600115898833       3.251492492293856     -31.41692132575484     10.586706409169043      -2.230628945568581     3.2287734882205283     15.71351310523206      29.10220786502465     15140.915087562493   2210.2409594968553
Planck2018 VIDE     -117.14675559325302   108.06002387788652    228.2275061604512     0.09502061110929753  137.3105393437977  55.07280468613953    16.007342223895105  -2.9098276894471975   2.4275196859414634      6.547556512649885      20.811280932968828    -2.5130474000743876     10.180548028599532    -5.432925050557754     -21.892106885045116      5.7020729200651985    7282.339639748687      0.0
Planck2018 VIDE     -199.90262599041017   108.98844610294849    194.11000239321118    0.1023166503529075   151.40044270923812 40.44908690035015    29.237834461453975  -7.530278183369422    4.801697909038601       3.173885638734509      30.071916669119005    25.32882600027163       33.028451278244674    -8.251609669944132     -36.31448115259966      35.36178196633106     32608.987306377523   4200.916091717314
Planck2018 VIDE     -220.73132954573617   105.80406009381836     70.57442610555478    0.08678112734713114  154.3900095989429  16.0832666718779     22.288721595025834  -6.128899724965233    6.679791425602643       0.9192465446298708     23.071601041419175    18.6512349289509        18.294515459643268   -11.532851851266729     -14.636786143994806     29.46650841603011     15599.29533497884       0.0
Planck2018 VIDE     -248.42486705600882   -11.514210907366682   150.34700809335646    0.09930432442702666  182.6536952638932  31.155148635793786   21.503197208945476  -4.2556745232521935   6.184100743467485       7.591925391324535      27.165284731322735     1.7003003510772179     13.842573005638087    -6.800075543090257     -24.802353915217196     16.391276340007348    15693.152212642048      0.0
Planck2018 VIDE     -180.94734389641573   186.5303665001469     165.80177584357742    0.10550110619493028  134.12958251767893 32.53801785745303    22.17764201742145    6.469492326493534   -2.4299681202420684     -9.718587490773743     -19.389041113043472    15.849779443925614     -16.869911560312204   -16.407638311687986     -25.034424350486535     -4.662841911550761    16629.438812111566   1878.9111911073614
Planck2018 VIDE     -161.3087847074375    117.61055889340352      6.113046420103596   0.06771744488489562  143.9041347844617   1.7539426716763857  10.754400130463857  -3.973512065969449   -0.5303782318371832      1.2183262002159054     -5.057142030309934    12.015595328995682     -11.262833114203902     2.0686813031488143     12.154768527185665     12.038282322047309     3850.40477079244     880.3789250524277
Planck2018 VIDE     -235.1994506089678   -160.7100619695278     134.81644651497217    0.10792514131722801  214.3445093745314  25.32673790042063    20.257473248617707  -4.065075974321213   -0.04073097161783861     6.70691252067136      -24.17460731670072     16.22359575476284      -14.553762595336876    13.805160477634729      28.230844501470127      8.538786770948683    15426.53691742766    3243.6076839319694
Planck2018 VIDE     -209.19244638933296   163.96161288330694     93.79305920996916    0.096240381906554    141.91123293622027 19.437053649415972   53.114551544104295  -8.859444804412464  -19.69166555687514        9.4121801536861       -70.86483809182533     16.23758627541         -32.731843019517626   -20.890165457056156      40.65669169648628      65.39640101058836    174050.3317962228    14078.367415926263
Planck2018 VIDE     -102.54430745005577  -192.1541444691133     210.77198405707063    0.10368361888786502  241.91309953418627 44.05999277566567    20.21854503635451   -6.255752854321634   -4.863140919916951       0.18829568959628976   -19.762707739066848    25.286070715033087      -3.5098527800482167   -1.553627188973934       3.2414021953532868    32.099980329421804    14674.0987769831     1449.3669920048671
Planck2018 VIDE      -54.19710524134369  -217.31640053666646    101.23808988024477    0.08366435954335306  255.99651475562268 24.32349007345315    15.108670371640027  -6.1933521697934015   0.44762973607600515    -0.02582117118825979     1.4756005955204854   21.024138272216263      10.538457532324694    -0.8473629981356915    -10.507923161224383     21.08187067781136     11770.943589942164   4267.736429553463
Planck2018 VIDE     -238.3267914862215   -144.33176668254836    103.59162159173309    0.10163678080846258  211.19928433302346 20.39499481767272    25.201397745845473  -4.386303310903995   -8.431954079699766       1.7675696765529554    -32.579404793218735    19.90335836791503       14.099049677572438    15.928970298525515      -0.44007366259145914   37.429140770324445    21343.831196841275    334.0308503592909
Planck2018 VIDE     -182.54081476912935   -25.382386186703766   209.7870847819982     0.09532655568362496  187.9162452424926  48.70082851963741    14.36976919335471   -3.6109759367634906  -3.1824382882245073      4.211662801317191     -13.009354548995153    17.080400188407417       1.7524796396877638   12.116650716035439       7.57549763694554      16.11275429759435      5817.445427437709      0.0
Planck2018 VIDE     -167.68016176067832    43.14661171335473    173.32386379372988    0.08338571053321849  165.56997883819122 45.03002043981361    16.646275346353864  -5.514413414563606    0.15324050362812122     3.4662985347265542     13.033356146507955    -9.538697634736495      21.156004904342964    -5.569023922151706     -24.82496342814528      -7.762086864276053     8792.357655053052      0.0
Planck2018 VIDE     -220.39392038599354   173.0888543493432      10.553896069212854   0.09574431798375628  141.85528058949686  2.1567684167775663  17.258104661396654  -4.908776602579603    1.3359696132429155      4.319478296982716      17.38369260640835     -4.5351362421464145     21.157987483821184    -7.168824517004784     -26.806525352059914      0.14412510194590325  11039.323415780105   2120.3420909046713
Planck2018 VIDE     -130.79219235613445  -199.10816586212636    180.56317385683434    0.10222012386090643  236.69948268879938 37.16050900792461    38.45223630358089   -4.7548485994298275 -10.581063796900748       8.850209764023122     -58.77020517307483     11.947958011970632     -17.290135021442197    -5.292669339154422      41.291947846151025     46.52396994449626     82719.41228366092   10585.808870796885
Planck2018 VIDE     -261.55570449780646   -61.2420641707709     103.81602884524285    0.09838889981904633  193.17813978576382 21.129773774921592   50.2187479972118   -14.428368433289293  -14.178313369496529       0.5981079597026636    -50.11213378908435     52.334394568616496      31.728581105927763    23.78019676693341      -21.14398037607131      72.43418184995183    136802.46390485927   15036.180593541041
Planck2018 VIDE     -219.72902227936524   -99.33162063700455    167.92890508219725    0.10044137035222868  204.32602181882362 34.853399229290744   28.118131941205117  -4.761210534659206  -10.854806429817845       5.694945582421544     -36.55605042516743      6.8578999764815185    -17.490926680238108   -11.476270951076021      22.180294156059038     32.6819378299368      31718.173151707222   2708.9978196061834
Planck2018 VIDE      -67.89554865199275   103.6491511323193      78.74946177845244    0.049557393243810824 123.22687008067258 32.43811399128583    13.68548750762844   -2.1321716377403694  -4.464488038607136       1.251820825081336     -20.21931106521865      8.233368282838148      -5.075221025595368    -2.419689757253039       7.078352453249199     21.122851975491518     5475.118433604936    518.907357502374
Planck2018 VIDE     -137.48412975636495   153.63608594718292    206.0967934887822     0.09962343745518347  131.82436656852647 44.989871797661465   14.298084285862355  -4.441887280787886    0.06907584106793396     2.19662389239498        9.976814107975303    -8.515650406563093      20.442329503261252    -4.0585437142238066    -22.739630229346798     -7.491876363560591     5548.399055156014      0.0
Planck2018 VIDE     -170.5979954254218    182.89741515143416      5.320225665744309   0.08518617228353725  133.0072706646138   1.2185846253163897  10.902577674552415  -1.784572831306763   -2.3232619701270933      2.5812427210239743    -14.075297097425937    11.55178198543041        0.6661221617432339    8.031028402125068       8.998239591969016     13.651262877758487     4962.470514127332   1383.0990117006854
Planck2018 VIDE     -209.9132972211555    -96.95531909567136    205.41433702450254    0.10586158874015365  204.79139791373186 41.61734926621265    22.96064431894954   10.332133723827441   -3.1126833865001484     -2.208132437432693      -9.578705082574913   -10.538658343868653     -29.964214985327487    -6.345405501014709     -29.982319344440644     12.573470989841608    19166.925795531013   2815.1748404901787
Planck2018 VIDE     -128.31386867647117   -45.262561755892584   170.58654291428218    0.07409893426357676  199.43023224186578 51.423479662870776   25.593049841161402  -6.62613761984492    -0.8316104827122899      6.440572305222974     -27.33072894680477     20.223750206813428     -25.506877462930593    11.75457132199176       37.19499072850247      16.89588227241268     21311.83718954993       0.0
Planck2018 VIDE     -121.76294993770928   -24.216699359149864   217.4174289725581     0.08525536404299977  191.2484350831399  60.27315595188449    29.76689991097719   -9.99681562255057    -2.5565122613721716      3.0343460406949       -16.443693261300403    43.19791399828396      -17.779308016012923     7.960185556717083      21.162139478705505     44.0548884646511      35302.34836417402     450.71521397661826
Planck2018 VIDE     -171.64565845149534   -86.73113752742243    146.3638744431042     0.08223450248382186  206.80709399165886 37.27362925001679    26.654966987503517  -5.244933849348025    4.133522338695322       7.167921852297602      36.97642522706915      8.238707523474629      22.305491885326923    -3.3841589236535485    -39.00541095170317      20.016965972169675    23495.141848052208      0.0
Planck2018 VIDE     -263.73334834630793    46.03278990574101     53.437853559405745   0.09314571238118903  170.09916677098835 11.28806483507163    29.36522076809231   -4.721054263166443    4.814256602423516       8.131620738128175      41.8657431136541      23.02240857129539       10.676181948849882    12.858591339796877     -37.0045026346932       29.373637345328977    31027.14838858431       0.0
Planck2018 VIDE     -197.02476938782297   -69.72961811915575    199.58400932300822    0.09873796570793601  199.48953097199782 43.67983504307823    22.27431274473085   -6.364080423211787   -3.2764281294358746      5.493999840790686     -24.713129364210776    10.086634979303664     -22.611614817166263    -2.0706691241991213     31.019627590604884     16.100414657727395    16723.671712665553    306.7708614208689
Planck2018 VIDE     -146.69219860800942   185.17402995443788     64.94362592622626    0.08339015668615479  128.38575801301278 15.371378759062912   21.57384334918127   -8.815588857478103    5.282899544985744       2.3226948884244942     16.8956113325197      23.498586900454608      10.679013021743323    -0.17449808926009786   -12.676533897041613     28.170101924031478    14859.741145589396      0.0
Planck2018 VIDE     -195.8025275523922    130.35052342356894    156.96974287719695    0.09656715195330308  146.34732431206055 33.716091210223944   17.707930061038038  -2.7535184404249358  -2.7471894873425753      4.8786172735373325    -21.574900783445198   -10.17674912624447      -17.907603829957974   -15.84585902042065       24.77851726513561       5.00949669861984     10639.428435466894      0.0
Planck2018 VIDE     -227.9606078902782    -52.0793926443145     204.69684633606803    0.10638339479311565  192.86881748593103 41.19871327651805    17.078694220450885  -4.807363529424247    2.354409500407951       5.85078916028047       19.44118057435067     10.596598266854437      11.709888863489942     4.347185531368027     -21.470388431226493     12.211786431156074     8952.038091823762    953.8032752133237
Planck2018 VIDE     -149.35979554498502   176.55351090903207    184.18949554501535    0.10107044101592023  130.23037467017335 38.53638607612289    14.374277491415588  -5.82091228958372     0.777384022460991       1.4100428190740795      5.097566577846208    -0.9292882666260031     21.55601332068121     -2.9931232384283404    -21.977310263823266     -0.23963668512129083   6693.577874611385      0.0
Planck2018 VIDE     -165.61911139515797    93.695022420972      148.991923936948      0.08223459925061194  150.5020342667727  38.06068885951374    27.931661997778676  -4.31679519199061    -6.015539665606525       9.44887911138276      -39.498541351273964    12.296768170373962     -10.216599828425808     4.55839530849018       34.75659940958394      24.209999794076616    25394.068289335424      0.0
Planck2018 VIDE     -147.30760871558851   -64.43532405091995    220.9241549324977     0.09322821637383039  203.6255400913809  53.9536796208219     18.13771027142265   -2.5339813725572213   2.4096560175633566      4.950227157961325      22.268591574779826   -13.119930711700006      17.785591130185228   -17.790342784256673     -25.628899464273587      3.368822088109369    10162.667619103355      0.0
Planck2018 VIDE     -155.35014104741936   -91.13106465258406      8.559102574249623   0.061034691655374465 210.39661911484762  2.720781206455258   23.670855349122107  -6.707209709075853    3.4807882489684268      6.305803053204066      26.64562775446352     16.096248647193786      19.45670979577963      3.431576505144769     -30.330111558764028     20.39216862173534     22468.712018979342   4363.214019748678
Planck2018 VIDE     -261.02606813046486    47.47333620448959    103.49541323310615    0.09726405867160767  169.69216801109977 21.310525881003198   18.509304401933523  -6.75765804809397     3.0759252080458577      2.073254582945777      12.682725206830332    25.466033899567005       3.5566806439156737    5.433591457081436      -6.533338211877114     27.40349072706668      9731.117716343399      0.0
Planck2018 VIDE     -215.47721485478093   100.59824838920869     15.833699154372443   0.08107290362158315  154.97388961367872  3.8093114068881055  20.17925274704426   -7.247317627152029   -0.36411506758281276     4.304853461068423     -13.550814481313868   -14.581627357764855     -24.046450783911496    -8.47243787668751       27.55228378081404     -11.933099967822441    13282.327584880764   2037.8084130794387
Planck2018 VIDE     -228.53821176508134   126.36111678247258     11.571264522306423   0.08909817733240266  151.0613449518819   2.5370984903009024  17.601707306388516  -3.966825277421915    4.180415509195222       3.579519231672238      21.06903362106867      4.144263057803441      18.508751955197635    -9.220679613836733     -21.94422399843219      15.409653029676502    11844.856541700503   2251.010026056634
Planck2018 VIDE     -202.84370675170288   165.29719634937032    181.33291265875965    0.10905240790171154  140.82343268449844 34.72178995875938    14.127969306415286  -3.969572205938798    2.8750549795449176      0.09942552310509865    13.590521700337755    18.956928966133567      -5.568548173565711     3.651101958250254       4.234395837269306     23.325922205730038     7419.411701189728   1578.6949836708366
Planck2018 VIDE     -203.08996700687263   -70.17839335052565    217.88613364528842    0.10471107341826848  199.0627555543598  45.398879775088226   35.56341417450918  -10.706014252113153   -7.329724979349535       5.838805983303173     -32.669444946932444    45.694943212308985      -2.539590553217248    17.441231331157343      15.315449134195877     51.206377151361025    64993.127341108906   9316.410251698931
Planck2018 VIDE     -104.98613273156147   -65.60461640069799     54.727432020091584   0.045646113668948676 212.0007848537188  23.848727901152085   20.367201268143027  -8.297942224426631    6.701517011168359       3.6999858654009996     17.93087433860857     13.73539490127896       15.335565803044553    -4.620206639164992     -17.21746761841562      20.823037487198405    12328.037310766897      0.0
Planck2018 VIDE     -117.29138423056337   195.68816705333163    139.9558148546536     0.0912788213451048   120.93758846810186 31.526840568556555   21.074310132066206  -2.7854157200844987  -5.120887421959629       5.636624919511881     -22.910179733939128   -11.86296791051764      -22.098915524743255   -22.207483629696448      23.522121586024067     10.395771121679404    14419.066620421865    753.3120569188654
Planck2018 VIDE     -123.99368800594236    -8.577124040565511   178.39412920821758    0.07382862443758596  183.95706764398778 55.13446777172565    22.439710484348765  -2.198799017431878   -8.713348725571777       3.9325814577027542    -29.74238716557475     12.367537295257206      10.77285597514219     14.50574431797396        9.494839053540952     29.148044701182005    15565.803973347734      0.0
Planck2018 VIDE     -269.49694523692057  -142.46413501984182     54.271459265672426   0.1059814835672189   207.86226784065292 10.094899121629952   20.092556709506262  -4.366550553270268    6.8891393644903         4.1512432393651295     24.14636833236153      5.328359946561302      16.556130243917735   -10.054386383460345     -18.868002151888106     20.73627223576835     13923.770011604316   1986.6144550451022
Planck2018 VIDE     -219.55650981073845  -110.03297220671655    100.8446297340381     0.09052182066668876  206.61820360782227 22.324482260953552   21.50024712821355   -7.231761921437282   -4.685449927952266       3.2013989110186856    -19.558425330731044    25.511112208136126      -6.844144482291226     5.401073025208658      12.207075377781827     30.066516970643143    13798.620337378912      0.0
Planck2018 VIDE      -40.33754994516398   -95.89588819543437     70.29768047098194    0.04230791593830699  247.18647959017432 34.04753388313455    19.805855303700902  -4.280054175617873   -0.5890141142463153      4.974355613523523     -25.93635552554237     -1.3025755096603229    -22.47049684658422     -2.9919623160581814     34.175385883171224      1.4723563029861666   14543.77632959495    3288.717309451863
Planck2018 VIDE     -106.67347810620994  -147.22314334047707     35.647341526037884   0.06273940528313475  234.0740390309449  11.093375964380984   40.3001410252892   -10.770993979293094    3.0754439377542973     10.917369553117357      46.8363467533407      15.679575226768888      41.79141798715686      2.725825793812822     -61.44498625174395      19.99844950057036     83357.67382609939   11535.328548148946
Planck2018 VIDE     -265.694020832829      -5.6521922855081845   98.16125672813776    0.096747338258677    181.21868727982155 20.272651403081266   14.721108292564217  -4.046284974598007    3.1705398638078837      0.23079368736694264    15.202765517812173    19.02585073317896        5.166967555580429    -2.3309762782203083     -4.7462540932844055    24.335126232819068     6369.392845057934      0.0
Planck2018 VIDE     -158.64248586520688   -14.869459748324367    50.884863222087404   0.05655718792363948  185.35465314540744 17.71099074362469    20.068346987272836  -4.500802044497139   -6.714417880322531       5.760608526737997     -23.86745048305037      2.8402978482657972    -15.33722051465974     -8.740443189513604      20.839430271109286     17.460939792042183    13763.742236413531      0.0
Planck2018 VIDE     -260.9748085315732     52.13152273053125     18.46597362262935    0.09097051370052467  168.70346019582405  3.9692125043793394  26.753722821412136 -12.72821800790632    -2.9519556069763966      4.878785998269452     -15.107206847967895    19.296248852988818     -27.737669228426867     0.8811135482396567     30.66575457012682      20.85333349592497     28229.65494838337    2356.142068947473
Planck2018 VIDE     -193.34211962793904   -93.05624173712313     43.00576574990522    0.07431835366317696  205.70167545113023 11.33344942816844    19.742007833056274  -6.261987920726385   -2.9189264658924374      4.755249401412825     -19.472323817998447    18.08041040364218      -14.543941286201044     5.188217585096779      21.894011427351302     20.271400532469126    11736.182579996344      0.0
Planck2018 VIDE     -285.71690734095466   -97.52810924695417     85.70410925405099    0.10746024161096021  198.8470951966955  15.848125675530705   14.73554249644707   -2.9139824373902035   4.2087905142984745      3.1996756607246524     15.038685202528079    15.872707971664111      -7.182739947010118    13.428818880691916      -4.506519467992184     18.157571242536246     8478.02996616672    1454.9847709317141
Planck2018 VIDE     -133.2871885973442    117.02659944892179    101.09829816576811    0.06924733290258583  138.71675861349235 29.68227752653763    22.118225844028565  -3.8341738635900082   4.2247214857629505      5.600655843495739      30.769032417380444     1.2241657610281738     20.140866295315064    -9.782456159453666     -31.204251585794843     16.841176645929266    15040.938728791209      0.0
Planck2018 VIDE     -240.79097398125734  -119.20894703726692    131.2927756374105     0.10226422143360948  206.33873823338496 26.042509682916883   21.093675959181578  -5.174499287091743    5.395913159207059       0.12689525786326697    25.46500294008614     24.33134329849017        3.773380359676388    -2.311086342810333      -3.0447450034688925    35.22956706692105     15841.084061529014    303.06028247731024
Planck2018 VIDE     -240.81739867490143  -144.87303093372955     30.161470155234383   0.09651860042119041  211.030641257662    6.125676838118935   13.517980780755552  -3.9066039705554925  -1.789995742564217       3.7514243316858993    -14.558158890183016    11.125994406237474      -9.851585807889538     4.228191027154458      16.33108294903885      12.19548437076724      5196.578458278655      0.0
Planck2018 VIDE     -171.6633466441808   -228.11381724350184     -1.2141514216281344  0.0975133136762591   233.0373044076817  -0.24367042669405312 15.340066440286003  -4.14016341161943    -1.6799203410371102      5.827970278541758     -17.716061740609266     8.692084806062677     -10.079903935171744     4.59732996466423       19.764278225931484      8.963002182909873    11107.070821045258   2949.9727171453633
Planck2018 VIDE     -204.70425462971954   119.59555401404366    142.69531326148442    0.09444170104334879  149.7049982676375  31.043177738568588   15.265040525129129   3.502855973296278    0.6351599549502857     -6.093499996953937      17.073096093632667     9.781857693882069      10.834108633694944    -9.411499460263153      20.09853197582608      -3.3152284315784426    7196.823656200536      0.0
Planck2018 VIDE      -79.72743297135524    87.60431943158338    173.01314904061945    0.07115175933231564  132.30487830430238 55.60273636429595    19.68721277547907   -3.4540539093611886  -0.5311881592812387      6.386975559510772     -28.44923135222901      3.1309532526368375    -15.124850968245015     1.643403389189757      32.13766102460364       3.5615525208138252   13404.935468721715   1948.4836443785412
Planck2018 VIDE      -95.96318267353159   -76.84379774544261     13.414490273931158   0.041664552685673234 218.68646637799216  6.227213357992392   21.582633504103026   6.9711330326307      3.560785356104655      -6.099879187092096      18.596184552232813   -24.927121305846757       6.701173358279237    12.92963403188425       16.153016825079092     24.205663774389592    17552.152720946167   2574.5248519052593
Planck2018 VIDE     -197.27739047045145  -225.1155874993734      57.705874464990764   0.10429721417991454  228.77067783736268 10.911993716173962   18.89327534971826   -8.31596560740366     1.3300160395620155      1.5992753595349223      6.387668188187176    23.742628810617106      13.469570262901708     2.3420684563177225    -14.273183480751488     24.04846886975026     13791.568472281655    769.8544376368551
Planck2018 VIDE     -112.87887392979037    81.09605993016316     96.37425036684152    0.057197761568177144 144.3052355074287  34.737051260246744   13.563977927871129  -3.706136741220521   -1.3364321508485029      3.7566394061935457    -15.522035029329261     7.6738565365615825    -12.583373226164213     2.207677694558286      19.289494686565348      9.04027579366053      5852.21092029538       0.0
Planck2018 VIDE     -180.34669225957356   -71.33013484486912     19.33536408051332    0.066055165666255    201.57962619338704  5.693426719997243   25.109857532377983  -6.403606358971422    8.111438525087722       2.860171062118144      25.798903893803082    25.097751018439617     -13.41627428632299     16.854251951160116       1.1313297271189282    34.526355694226964    21060.955955503137    646.5682542566271
Planck2018 VIDE     -224.88216216125358  -198.66821285798537     59.69778910708579    0.10468808484393392  221.45842523490703 11.251923609408548   24.753841974615405  -6.402668960427192    4.145399275383073       5.180707068273463      23.276804413624838    33.143556583093904       2.2468743205267425   17.608547460299246     -14.635720098610818     33.472767610377524    21529.259192911224   3328.1781845950427
Planck2018 VIDE     -121.3811038510049   -277.707631460896       85.6408379435774     0.10785100299094152  246.39071056257833 15.778827549120278   15.019927535320821  -3.776566743616879   -0.9306637033633317      3.3152236867474847    -16.85619603152686     10.874489322684846     -16.14915369521918      4.112278802336425      22.862014157630266     11.102461132503677    10710.182028551439   3063.410079051626
Planck2018 VIDE     -148.55218210682813   -36.475646810876945   195.26114060374488    0.08444737909001217  193.79553715598095 51.925359893789135   18.256974611639155  -3.6439503430128894  -2.9846241887574942      2.735058330474555     -20.54174604501496     26.330573988964023       1.3651502210803366   13.971412733100019       9.402703093069784     28.874948820098        8841.096404523923      0.0
Planck2018 VIDE     -112.20514706014708   -69.42627249670689     26.746768483532925   0.04539888031168705  211.7469059143679  11.459069953634957   33.49042218749636   -6.100754293428142    7.068793734326158       7.575304539367891      45.76383876238568     31.10918307163309        7.8266869838027      15.00157718306689      -32.810796994877705     42.69844082735955     53617.63880141234    6420.511085291362
Planck2018 VIDE     -184.13322328068142    81.59052081036174    136.56272307356778    0.08281074422575692  156.10158456447385 34.1398743775396     12.114773060423287  -3.6984066683322063   2.0181860196511066      3.3442438635165757      9.774830334866765    15.250374912144087       1.6067022829220083    8.874217509885534      -7.178340903766623     14.14600561494851      4058.629245633339      0.0
Planck2018 VIDE     -269.1344879189754     77.04770934050492     28.459909946986745   0.09607744438823497  164.0246638155592   5.8048698407034385  19.331665827015275  -3.7612640122134935  -1.5926692333532773      5.691972558896628     -22.14314696944888     21.612864001928596      -8.58473539132702     15.609049534138574      22.60089271373379      16.638432769861       13141.744257267706    316.8461187693322
Planck2018 VIDE      -87.90964192609522   170.69557720830488    213.09236357719672    0.0979829761085952   117.24884405814737 47.980167700749845   12.401516573937533  -4.9013301562503315  -2.996404753201985       0.24369386282492778    -9.287860094113903    14.769039988124094      -5.206725893548086    -2.0887853337222806      4.835168120491363     17.441121181283307     5903.284823446406   1387.1435505913948
Planck2018 VIDE     -137.37574327645237   117.60341710336779    132.12073689941343    0.07609136316603662  139.43412029360488 36.151850928775104   13.644082620607527  -4.556002680910506    0.8555171945767365      1.8648915484597386      8.72507115188283     14.925753361603409      14.46851369911302      3.09398522692292      -16.45188689037541      15.106013606943145     4740.327189637137      0.0
Planck2018 VIDE     -237.1090417797098     74.23622734973152    180.31798707757684    0.10505581956837384  162.61523692380612 35.97013272552469    24.36067967039321   -9.152376080976495    4.174918809087617       0.6741020245025572     15.753719521100615    32.901580682958816      10.120927458079978    -1.9921904779754833    -10.246260190321118     36.40996024320983     23206.67615279552    3158.618159303445
Planck2018 VIDE     -148.24009345074268   199.40891692849456    195.20349692466493    0.10821597280338062  126.6270209022263  38.153573610329545   17.310055818905024  -5.616232522548767    3.1982654767200582      0.2286137400920316     12.027209300844676    22.055224792301292     -13.082590759456151     7.247615055929879      10.933210656930436     25.094647381865695    10858.795437300483   1981.819627179759
Planck2018 VIDE     -137.36800573539      122.34173888031798    249.66306795233336    0.10615118274598813  138.3113232624784  53.61752537842729    18.29143671043188   -4.455269924646559    3.7367219658238295      4.1749317362561325     22.024213092198426    17.615958698860087       7.7361443072517915    6.233435410044        -17.653438311488276     22.452493583645822    11126.336289783341   1496.2147967212723
Planck2018 VIDE     -219.96045275839842   147.6521025205408     160.78562281837705    0.10607554959756106  146.12785775728747 31.254254625023947   22.291313624295416  -4.659130703838667    3.8137850458149827      4.329909049619812      28.20956510897974      5.02176115893025       25.931291406561893   -10.40412739114297      -32.763754528964355     17.663125672191494    18167.730474013635   2690.0739022888424
Planck2018 VIDE     -223.57236041448417   -34.85563666414726    181.16170344853163    0.09904318295132505  188.86125905841575 38.68191506397233    14.964332235844527  -4.902756361636361   -1.6935253338403398      5.240008170063383     -13.751323520219506    13.982745433270999      -8.347173100163706     8.023617465948758      15.330010463682978     12.461736803362967     6039.137168224499      0.0
Planck2018 VIDE     -140.8621315456443    104.16569994498632     52.367775787161634   0.06190845133136058  143.51755997845328 16.642170554771074   32.25895106416481  -12.038336013188486   -7.821455158778226       6.589508394004097     -29.45544444752389     21.65821934418619      -28.104637733837183    -4.8779191665340065     33.68454067622955      31.07061744660017     33316.360448792366      0.0
Planck2018 VIDE     -134.8119009140276    -16.4359564606994      88.85311939433774    0.05485323058555292  186.95106489703142 33.194524795670404   17.89954793082795   -5.147024889467868    0.7726187239913115      6.468627970949574      17.85090670558262     14.749065717900589      12.442152669719768    10.329569493307073     -21.613265680267546     10.800646650955406     9153.433154932649      0.0
Planck2018 VIDE     -126.6577492050282    215.9290228765146      70.88592271996271    0.08867159884006055  120.39465888381848 15.810235799396294   13.399768090924981  -2.427312355687663    3.9783191392555297      2.8678812598548995     18.257221518331537     4.41707439767237        9.32515865651647     -4.463494699757109     -13.70147126247979      15.228848605616903     5309.380412724823    870.2794334119529
Planck2018 VIDE      -38.09631992942221   -22.229730918207753    53.697407201222916   0.023308382326326205 210.26415417637503 50.59989326176448    17.13673252124528   -4.002350763559482   -0.09878207224234278     5.664264600999841     -17.52064168742405     16.50063935724983      -12.092264594170047    13.303533462006756      21.28678585367393       9.771464440050503    12883.025656007128   2904.4824572973366
Planck2018 VIDE      -63.72920275933645   -79.80419232218763     58.34944921050483    0.03960757161798918  231.39019936726683 29.740911764953275   27.318228789871636  -8.583996218370556   -4.878070380638429       1.6581448956185376    -20.1752192016817      39.014276911377586      10.33105329736213     11.498279024489676      -5.517831115883399     43.292245039571796    23985.166510822353    259.7680117121101
Planck2018 VIDE     -166.0539108709841    -45.22276403611385    159.59082438688307    0.07981631941002851  195.23434873598958 42.83992280700881    14.799826744879754  -4.961880928843221   -2.4010299428055237      2.1284401234757886    -11.255906447371927     5.789384719532458     -19.709260793080144    -5.922608851389695      20.602547680867737      9.434164367443993     5692.867428897412      0.0
Planck2018 VIDE     -109.82913014312304   123.61257590889844    261.86468797134967    0.1060073704797404   131.62092322093574 57.729443376566955   21.68328819444062   -3.619415075298616   -8.720706698644042       5.901650067709518     -28.53728079001775      6.566863820210628      -7.797915915961234    -2.618970443521246      17.607929297371758     24.412570080373268    17629.497536108473   4167.593849865957
Planck2018 VIDE     -109.5820155672232    149.60837530909853    255.99484420069348    0.10826097105534127  126.22125116574185 54.07967515128226    12.05957487165091    3.9034002296745895   5.2896787757785        -1.310786332191793      10.262265045452429    -9.575029323724067      -8.07996039907576      8.228044982611955      -2.69168025796378      13.640078710060337     4906.888615668494    847.71472494434
Planck2018 VIDE     -185.9841033269496    199.26005090806208     13.065697162673846   0.0931044208202894   133.02630394002682  2.744379268997935   19.271460624084437  -6.425804737883541   -0.10838997887950683     2.3830651973081425     -8.199999935155708   -21.09379305879111      -23.070268610443907    -7.696833843249981      24.473370466495485    -19.64095792324733     14342.14553242648    2921.932379220127
Planck2018 VIDE     -200.29923749453297  -137.2629518351803     106.19709923659504    0.09036190304107582  214.42242914418017 23.62223451754986    20.072339064936855  -9.094903787154397   -1.0264600926754837      2.8809980971038742     -8.616125363165612    18.607368877944122     -20.570339728000803     3.3831463526130863     22.06362089696257      18.54108025244049     13109.899541247923      0.0
Planck2018 VIDE     -176.93250812391568   -52.945661036072        0.6003624261990028  0.06253870411261893  196.65939867196502  0.18625340305249843 11.972596566673833  -5.058260803482792    0.9193521847056516      0.34251245064472446     2.5398621409239315    7.920250300776955      16.249878466531143    -2.371770371915287     -16.113554573869788      8.224514140836323     5592.13831198539    1338.4892866491616
Planck2018 VIDE      -29.955580803732953  -68.58814936462153     37.18032843276193    0.028063189221760602 246.40690621792098 26.416758259912566   15.418950153067572  -5.817377106332683   -2.8060163067245614      1.1613629543818953    -10.910037221396927    20.002602533892766      -6.3203082604485       0.8367037385772779      7.52722578618041      22.377964938475408    10684.554823672803   2741.088071516076
Planck2018 VIDE     -163.91585456219318   202.1635819736509     111.51514859481229    0.0966937526981233   129.03541658378577 23.193470158696307   28.864941741725136  -9.531159641981247   -3.3017675047121844      3.009025096985511     -14.797125688640502     1.3204986832184706    -45.42128534439619    -13.876001477725845      45.37755610090317       5.839683729539906    35746.70871498855    1430.7164220645043
Planck2018 VIDE     -181.6757512193875    134.05867099866526    152.10608050946178    0.09287934419655537  143.57635650363247 33.96750458904552    27.403654945374775 -10.294702117566555    1.4568238611166762      5.814095767487298      20.429970937970705    -0.023348389414822895   36.18008508633116     -4.438931680181622     -41.265098814815346      2.47992152067574     28749.533559917894      0.0
Planck2018 VIDE     -138.44708135843672  -129.43092966637906    149.7366162499999     0.08218713976438026  223.07228484437485 38.31085341808126    23.48885260300468   -6.78599260417787     6.151737057197346       5.2393587698663815     26.59430451256937     19.992804008029545      10.970479970306924     3.5336583310635006    -20.27362262832243      28.38083464751286     18620.705800557847      0.0
Planck2018 VIDE     -104.16356802410557   -91.81352723225483    231.27384926356038    0.0920117848399479   221.39411560435894 59.020341290676775   33.248141287144655 -10.547049605350992   -5.3313665810026665      5.859609899681875     -24.674379287602378    46.615048523676066      -2.000131520236478    19.902532187601516      12.56238188250485      47.25359912029987     55707.61609155641    9866.134107643455
Planck2018 VIDE     -213.06849226490854    14.00832390585878    103.90003285304931    0.08077269653885072  176.2384659329158  25.94691877272772    17.414423812637846  -5.002920395430742   -3.030384164372915       0.6401967069780123    -14.690418897323752    20.963799240935465     -15.56807613251394     -5.736106287094679      14.83303075906142      25.386726002653116     9598.244114909445      0.0
Planck2018 VIDE      -80.25208252716385   -39.84243084888869     71.28337217017858    0.03854495496140874  206.40283592907326 38.50542052367594    18.10447669869694   -4.152976716410072   -5.612389787436839      -0.03256672717129369   -22.450289845169014    16.660272167619624      -8.24185876617027     -6.706224041703505       4.800074892920103     27.97029580148497     10006.22736618424       0.0
Planck2018 VIDE     -175.38787640967655    63.05740756431946    134.890473024354      0.07820802034419468  160.22490752391766 35.89486672864597    23.36169221172779   -6.274674596392947    3.5326012448928124      4.3655778531941545     23.650574904072293    29.07891515870557       10.462635460154711    10.684278493838644     -20.05372971818519      31.583952010476168    16927.24417676955       0.0
Planck2018 VIDE      -94.04879207776979    96.91604358690154    129.96604534841566    0.0634818910753332   134.13979415974939 43.90147396115268    41.899586034240826  25.01203607509265    -0.6799114660323305     -3.8668639891421086     -7.937601889033182     8.377090691385563     -52.81573527922232     -2.68175066037486      -53.07202092379291      -8.014703593694492    81806.80117395407    1937.7713341838255
Planck2018 VIDE     -145.0275756762233    134.62432750942673    127.10387053557314    0.07998160260177463  137.13046102126387 32.71369929914661    23.6507281649245    -3.8975900555585703   4.402258007872635       8.204217736476188      26.263569175569213    24.89987924805461       -0.883821834761704    20.625986257829187     -21.007684666859873     21.071221233872418    19542.009122679912      0.0
Planck2018 VIDE     -177.7256111174105    -22.180222046236786    57.08116174311871    0.06367211188910568  187.11375409087802 17.67725956581805    14.469181068696582   5.611373455591483    4.848448411310151      -0.7822536719325216     10.919475742972708   -14.144616686017345      -9.339921599562539     7.5506703335123255     -5.878256132647803     17.72981063741065      5963.880948266472      0.0
Planck2018 VIDE     -173.5059961546999    190.36415716604154     36.38808443322275    0.0886545824683735   132.34737444377566  8.0411878649389     14.043017721156794  -3.0125842015894895   0.7184282316150502      3.7879094693072384     13.725237096038692    17.921565527340206       7.516830600025729    12.769193694662361     -15.252137841265764     13.048315438823007     5144.83716900705       0.0
Planck2018 VIDE     -108.58322197869558   102.59360865079145     73.56352044756984    0.05629993818499022  136.62464595716554 26.21765182990337    23.671321959136854   6.231398376348185    7.251873140636134      -1.751813252800866      21.08822612766401    -11.318970763366092      28.156767232252214   -18.950477555827636      21.8325206030637       22.969739849267885    16584.249504860665      0.0
Planck2018 VIDE      -77.3994641382994     28.069903917333615    39.19260294809496    0.030638999060174494 160.06617699619028 25.455843971474888   23.27671627567957   10.279865795557416   -0.5167926789454859     -5.117290563215237     -13.060675183969742   -18.294481721843567     -24.38937799795518      7.028924859262894     -27.55166842409187      16.90248065965568     17405.963674455514      0.0
Planck2018 VIDE     -169.462116612433    -189.43919826095077    190.43658577725134    0.1087868121286504   228.18589687234655 36.84186986880355    13.207346880939959  -3.626171348213215    2.6572115329172754      3.1157921698364333     14.863289152560464    12.4907586775127         6.645579718988992     3.8876682272639975    -12.875253477230375     15.504764288732845     5490.84026605976     615.2100341916737
Planck2018 VIDE     -170.451562674639      30.141282663618508   102.01566198394288    0.06812995413729216  169.97194209248514 30.513345315857983   15.600832746426873  -6.4982214743522775  -2.6546392136856753      0.6348246592720931     -8.633236166412203    18.481600004892844     -11.087629382833656    -2.5099701739730658     10.993631184255573     20.279272662137068     7615.805711448523      0.0
Planck2018 VIDE     -292.08363563900735   -46.24982577521785     -0.33448328492556884 0.1010981653463674   188.99776538101773 -0.06480555743848787 24.409783381375902  -7.097561290072116   -6.23449325792477        1.9990522547835066    -19.209428450475208    27.930973718830074      18.90664512264606     17.98499725779398       -9.917690935175889     32.924523564574876    28184.726544455156   6435.611138315733
Planck2018 VIDE     -159.6684131052269    -21.58992634503493    227.48144405613107    0.09515855540862213  187.70067305116729 54.6906688745265     19.16120363842669   -2.6452703717021833  -5.9024839434911405      1.8756133450192451    -27.4725619980353       7.443335279440174     -15.322021135940764   -11.352703528082838      13.665728602703936     26.99424884476479     11795.805366236578      0.0
Planck2018 VIDE     -189.95856232341646   -36.12296464113079    105.01887531858195    0.07473454835430414  190.76694411547348 28.507210272874463   24.51591025268742   -8.91174944418723     0.7373521837501432      6.821384367099368      19.379927655256388   -14.555504800036069      26.892135509146836   -10.586903075979201     -33.04951624703485     -10.258723282608619    18759.20304384933       0.0
Planck2018 VIDE     -306.8547103030952    -47.69724136624559     27.851710376569876   0.10674014090566682  188.8353035698431   5.125037854674605   23.81118230793763   -5.288605464410704   -1.2740363825498362      7.185529362548139     -27.575068835645023   -14.625814914138866     -22.888707533222426   -14.89431589781309       35.41111504210933      -4.683734466515857    22954.05990642438    4381.869532502047
Planck2018 VIDE     -184.72891972696192   121.19128240137482    124.55739618427043    0.08639018987094274  146.7331496141968  29.413214533093555   15.938321287644017  -7.581766731862865   -5.089147547078501       1.8512756661643546     -8.796939738403271     6.6774118759012735    -17.671064001793116    -8.331367051407819      16.139194530068693     10.246048743523888     7085.582647730121      0.0
Planck2018 VIDE     -308.85027708710584   -24.88593734333318     57.138144292195065   0.10789754788761706  184.60671546213516 10.448255850166904   11.0929126406733    -3.1269133085708205   2.163997748703737       0.4905522802751063     10.837190007197833    14.3799688475323         5.644114928943106    -1.345427738879855      -5.988219386464216     17.84000955763773      3859.0651120109646   546.7668469834961
Planck2018 VIDE     -115.19108500688134    62.81358748883197    126.28855416275914    0.06165254857205588  151.39640779939467 43.90633982577048    19.490191602708126  -6.9332780721145655  -2.337662879114317       6.810401207904822     -18.019186164859192    15.776849701848963     -12.928911194628238     7.724727212062058      21.24237087064278      15.155521751249507    13688.175829634512      0.0
Planck2018 VIDE     -242.16208046012355    96.39026836181893    161.64501972576173    0.10495066750799036  158.29545092170878 31.80650331665226    33.92881251429593   -8.78073279804895     3.671332454310416       6.5882473054721995     30.365254877401338    47.504584264874005      13.998270436259542    22.59542696579012      -27.898270791271596     45.66134506968201     54995.75959635719    9804.165456787066
Planck2018 VIDE     -181.1432946192102    -81.44855355432387    180.1329438462385     0.09144547894870858  204.21040124562492 42.20672817202747    16.899746028035484  -6.803060010188968    2.001119551842579       0.7339769351240502      7.76151174681062     23.912265428604126       6.745073405438081     0.5681307146485431     -7.2301631172322605    24.978234662362517     8984.6328575688        0.0
Planck2018 VIDE     -107.3837871744813    207.43563673704082    199.19572207802304    0.10505207905843672  117.36937365625421 40.45704759980702    24.010475524099345  -2.8856242088912354   5.295633775681669       6.779009552633017      37.030102414971275     6.972074356247411      10.316168902829217    -0.8115646894494896    -30.933542427894736     23.81923791580557     23183.79623260805    6578.915076307098
Planck2018 VIDE     -179.15997553589722    51.686914866168145   200.0952425538699     0.09332341954827889  163.90736717298375 47.01916948904387    16.940384176220082  -1.665352622652059    3.2492112474923776      4.175727817604808      27.99509698315951      2.332694760489883       9.349816806773527    -3.720218729279534     -23.878279251575865     17.096444168693086     8778.54980384146       0.0
Planck2018 VIDE     -167.54486102087188   -50.43834272329972    197.6268127425361     0.0899880446960463   196.75409608087296 48.47937442341388    15.652034962591733  -3.882362178848624    3.260375926457201       3.709694087669318      17.50718169700819      1.0558869377877835     17.394057353718782    -8.406975760486572     -21.09561829433719       9.74223762269382      7171.945670391585      0.0
Planck2018 VIDE     -225.92861600737137   -28.20005129418696    146.91516543994877    0.09243512822843213  187.1147720136954  32.832754478485306   15.643191608334195  -5.042852319833793    1.5915355078238551      3.9188812046591623     11.466049782815322    -9.900018198924721      18.775212208733016   -10.427571033850334     -21.19796096775638      -4.80938110148062      6788.944691523358      0.0
Planck2018 VIDE      -75.77979662874493   159.31443201923923    150.08492315604624    0.07874606761825682  115.43865023138588 40.388806503938824   16.75321385045263   -3.5143273830829087  -2.929791694519134       4.23903705821322      -22.08756407421754      3.4414293372702933    -15.932925151279678    -5.147301647066731      23.9985682557051       12.319189974397784    10376.57516233056    2036.0931367141734
Planck2018 VIDE     -141.34039392883577   209.04344228660122    159.7286877422139     0.10212369989725269  124.06377736261332 32.33323886737112    21.961757397468652  -3.89425867151867     5.188945915193778       5.011485911140216      31.212870314756394     8.064890018863212      15.904008148398946    -5.135984577100013     -26.63342604401443      23.585530698549604    17331.54422163694     282.99470242080736
Planck2018 VIDE     -122.14099425086643   -10.834423312648786   284.4369380724246     0.10602131010718888  185.0691106722822  66.67915684972893    14.994701855723367  -2.415053433297287    2.1650045708254524      4.429887800081775      17.57594646121983     17.443194860697524       1.0569688111113607   13.652219067451595     -14.640690719368527     14.598112588146487     9784.82819610405    2890.215770485827
Planck2018 VIDE     -165.6003949530551    207.85617906099856     47.73706338773111    0.09210177428458588  128.54456444127592 10.183193838106101   15.909516327280931  -4.3607624301610395   2.9371796749187222      3.132863232789036      17.978120630854722    11.640371062935731      14.111197467758847    -0.8137418474486519    -19.26052113964022      16.924797670240412     6896.546658245042      0.0
Planck2018 VIDE     -252.46176033759482     4.953343833383996    77.61066667816861    0.090062809983346    178.87599101329204 17.085144713358623   28.68211040863991   -7.426286337903355   -1.0790879636170843      5.9218832076969745    -28.078301444368147   -15.337993326174113     -38.00624607044324    -13.792904855878094      46.923000487155136     -8.746544643332179    30108.72083252265       0.0
Planck2018 VIDE      -82.54891482291528   -19.892982468414882    93.5577552429218     0.04257580666118538  193.5490395377326  47.77344518389294    13.708589441456846   5.24165748347175    -3.9466433436572976     -1.9131467828015387    -11.045747692923747    -7.95447969067278      -13.853893475382717    -5.769128838570487     -13.706953866168188     12.469853908956166     5169.97412267867       0.0
Planck2018 VIDE     -200.10239639485948    66.04291693972573     52.353713590018636   0.0737260206489853   161.73475360531614 13.952755655920457   27.68850324977188   -9.704994028571011   -1.134804276133656       6.255978255658464     -23.363582207176716     3.029756221258382     -35.69469655511899     -1.8580686979985312     42.466044335223344      4.820685406964889    30698.858239687324      0.0
Planck2018 VIDE     -215.80955647388285   224.9227106311029      67.03716199685       0.10922243253389916  133.81544666736468 12.137255682832143   12.20201347094879   -2.007949228755724    3.3116514836483977      1.1031664386191526     18.238080893656488     9.038455305277443       6.0633883597500375   -2.510725104073637      -8.020935184051517     19.508509879169107     5038.748850854192   1044.548073384091
Planck2018 VIDE     -111.01171695612237   103.86774382820344     25.703060236385564   0.052077039088164405 136.9041782650094   9.596216193884713   13.57309643817352   -4.292281655720102   -2.413539634159104       6.054880083426024     -14.0992125736622      -2.1394726064140737    -10.84769516767079     -5.004504959955924      16.870738994387395      3.1771814007657952    4478.521938529341      0.0
Planck2018 VIDE     -243.95363957718598  -103.86070895969567     92.12809539204387    0.09583369822251706  203.06137209277082 19.160633997619787   14.4928302176294    -4.379508187573067   -5.8257106057100385      3.7478578358568253    -15.486498492054677     5.018438817617505     -10.295821343519137    -5.029431807916121      12.598209630106512     13.705718819432581     5672.3688460447665     0.0
Planck2018 VIDE     -145.153431964513     -86.7631032997243     125.73673572863478    0.07151537114559306  210.868185098742   36.63195709392523    27.138809237840736  10.656072204484802   -1.9032476714554623     -9.653128128399851     -22.651549744671648   -20.52034364378253      -20.959138910626162    10.944382265529436     -30.578837370256178     18.11052607510551     26566.258229863786      0.0
Planck2018 VIDE      -80.29937833709552   114.97245774732119     55.456616306144504   0.05092130377334288  124.93132379987095 21.576162938653408   25.031737349283087  -3.8641580233003574  -6.464604488774544       8.83159826805084      -34.23416821476804      2.3371651906088324    -13.267970715990687    -5.602461989092322      30.416991252535034     19.813516696495693    28142.562772218545   4729.132877031775
Planck2018 VIDE     -163.0450034546244    -62.97892422370709    211.03659678853748    0.09350112153324494  201.11990738021268 50.36762040174834    11.5746204765294    -2.9841836717892547  -0.8463794824255194      2.8748528610931854    -11.104670367079779    13.681370940237281      -7.499077475072598     7.797648967654867      12.837254801629648     11.873583606434662     3810.2960260862865     0.0
Planck2018 VIDE     -158.99530094274118  -168.19515301118264    215.64775051529764    0.1083438095657499   226.6106027612653  42.9757737765155     14.946946794919564  -2.116806839101709    2.3341645498656893      4.93427951410213       21.581624371566672    -1.7573209805257908     10.089822893463369    -5.501039030496387     -21.82631515313245       7.9650076430397405    7314.054230944621   1274.8020051535823
Planck2018 VIDE     -163.92080289067835   -45.964147214879276   236.5512221141932     0.0995978232474836   195.66374075733543 54.25787468471177    18.61984091331364   -2.2887108984957716   3.0765718632644847      5.297586062077967      26.074544657402164    17.48641768244857        1.1097269267001137   13.646213589023853     -21.51540623422694      18.390627366818602    10553.525997587058      0.0
Planck2018 VIDE     -183.31670189868473  -104.11135787017623    102.15386206748182    0.07966199703152409  209.59361425364492 25.85295896807342    15.603196844533066  -3.876305470624107    4.068458117977134       0.3101459706627672     18.829723703349988    17.793593670210694       1.9257718705948437   -0.4116279015537086     -2.364382424965814     25.87102894502869      7064.672520270552      0.0
Planck2018 VIDE      -94.93604835262211   -43.86520860485888     55.46396048467814    0.03986472054610791  204.79930162694114 27.939188859357714   11.236578601102124  -2.000252871437922   -0.9320009839874166      3.678132390283026     -15.778979321405851    -1.4102850547598755     -8.938323112456224    -3.1505490550914246     17.693587795731723      2.7700325493322056    3134.080738796559      0.0
Planck2018 VIDE      -86.25749910568217    91.83509468869238     35.47387873657796    0.04412418764629999  133.20616760555174 15.72488883576126    36.47447191835495  -10.203866157529816   -7.552396947943658       5.649767452646786     -40.093213973969405    35.57181971541476      -24.86001198125213      0.9517685996241682     34.57121048201901      47.93245495577978     72537.73255466227   13173.219559649635
Planck2018 VIDE      -96.85279896669196  -225.38838904959977     50.82232567750929    0.08531113120559275  246.74607190334973 11.704397056771654   12.132438094965282  -3.953714937361219    2.439550320197705       6.164514485466213      12.957332640702262     0.6030180038010212      8.071764120752434    -2.0512117430567836    -14.354628475298366      4.36513403423105      5170.057234580594   1073.2479267352726
Planck2018 VIDE     -233.73816937224132  -170.68961434783844     42.24082797162972    0.09996608032452073  216.13915766560837  8.303464214375516   28.210537154392334 -11.022761139576248   -3.3472366743747837      0.21525272801516762   -12.716302260554478    42.1106222728981         3.648998380114079     1.8470297910449205     -3.253782814042197     43.98637418472114     30177.352424434004   1017.5202412341712
Planck2018 VIDE     -228.04383306961043    30.425481350297336   216.534664357802      0.10820121830880389  172.40050910402172 43.264733581481124   17.47292129236731   -2.9247736947590397  -7.283336283294515       4.643007621839736     -20.97153320939944     11.257367749084661       4.4484541043024866    9.26337657389076        9.229748224284073     20.313694901537193    11775.075004708593   2300.5050985013686
Planck2018 VIDE      -63.52449439681443   107.3145271979775     100.45697883385834    0.05411400337703042  120.62327691920713 38.85303374733462    23.763962542306626  -6.6375204159340715  -3.7807562359908187      9.123539120234021     -27.17361008521965      0.0019070702592500054 -19.76844502672291     -6.271988801672087      31.823411518911076      8.62451585881931     23622.919607200096   4717.812323386032
Planck2018 VIDE     -101.5725393147922     15.236780813757111   192.446227845616      0.07407655871212632  171.4687379295814  61.91105388567924    25.45282906636615   -6.415913132440789    8.120844843296279       4.434782272338741      29.512713167097694    24.31257881362591       -1.8236918537294682   10.88416805840609      -10.578041152746977     35.11660734743414     23307.673084974052   3427.168987534888
Planck2018 VIDE     -249.3527748988119   -158.88317251971728     -1.6930323533087257  0.10108127966317237  212.50456558323904 -0.328077223468169   14.566181817905388  -4.372226833841914    4.09121639195982        3.990173319460043      16.03805315165728     11.970027541427093       5.300530019438811     3.6317547167065936    -12.140225894577164     16.427142723007233     7028.781680689429   1092.0118617934736
Planck2018 VIDE     -202.45225212648995   145.21985018107858    198.84703772876648    0.10919917297562114  144.34796710391868 38.59342755884651    11.401417816094732  -3.5641267281463005   2.640207184386833       3.075413311089959      12.231797271873669     9.252244494992558       6.232603966904125     2.227418657702684     -11.106663008128352     12.116320660687892     4649.583834905646    999.0934773404871
Planck2018 VIDE     -141.79331799281582     1.4767200238785598  104.5715796335337     0.05961916899910853  179.40330921616663 36.40703064151603    11.613462721000158  -3.0942679720558455  -2.9782786594249018      3.272533773305349     -13.382205129807204     9.903483884619552      -3.640235623631404     3.990019623836817      10.185569799213399     13.04238796407682      4247.593103987671      0.0
Planck2018 VIDE     -251.49276579689848   -58.659765418250345    49.701895980397815   0.08964936973446302  193.12929484700234 10.894027529349968   21.991074570108218  -3.7856459735309724  -3.272084948970654       8.305582908288546     -30.504402438810146     4.948934319180603     -11.954071841138672     0.20492517854387574    30.76493176840587      12.213621306616126    15894.503246819697      0.0
Planck2018 VIDE      -80.66902464452814   -40.10662410254184     19.14793797349854    0.03094933320412509  206.43541745987855 11.999345310795603   20.002682852477072  -7.2929849790861      0.3512895052045849      3.5721568088068345     12.960707939914359    -8.485022511672854      27.29525967155412     -4.906452257134309     -30.173037136774532     -7.049861658788207    12899.481539720517   1452.8894655716708
Planck2018 VIDE      -71.54775463660768  -236.2662081794496     185.25026840394597    0.10563371775977215  253.15227775332272 36.88531856333381    16.999327850917247  -6.564818462378987   -3.0000522167139954      5.5872526624238645    -15.007219265501409    -0.03244977259391025   -17.650360038050135    -5.836693179195441      21.939298628361687      4.9223137027800075    9953.714134702985   1963.5213771463623
Planck2018 VIDE     -234.85876628388672  -139.6878161666219       1.1873960442993823  0.09323704389040255  210.74306845671137  0.24896515330440427 13.310848994772284  -2.0696715607250145  -4.489362877434479       1.2509399281297324    -19.43920138887824      9.173968751725178       0.7614374228149915    2.920074999350195       4.458468026975954     20.8317573417251       5671.845593815825   1050.7732827441323
Planck2018 VIDE     -204.8722995081088    -75.00220144806539    116.9001574085914     0.08426389494234547  200.10729674711516 28.183399048322613   23.169414224507317  -7.665282590374263    2.5594476986264723      6.012468584853776      20.768395218725587    22.903951570442782      16.727597116606525     9.41426755795221      -25.10822583874399      22.690548836519415    15986.818194920263      0.0
Planck2018 VIDE     -296.8382234896694    -86.2371660302927      47.91545440528487    0.10709785193621654  196.199588828056    8.811313464586036   16.64435998252041    4.438167539564849   -4.7255146283462235     -6.240491810441475     -14.559502014308158     7.180206224311588     -15.791652608977131   -13.260094829387159     -17.869113868467586      4.100676247162614     9331.602372451978   1688.700559604362
Planck2018 VIDE     -248.29806577517977   176.96737948008615     68.74515155789335    0.10701324674498366  144.5217095342916  12.705540606439879   16.394856733953727  -4.296679351372916    4.167072762393746       3.8032995600966504     19.575672384178173    13.73025466068965        7.071601034856754     3.2066719582307437    -14.775429707448483     19.811306126571264     9499.433275896285   1306.133604208267
Planck2018 VIDE     -154.7272396454518   -140.29192308755196    236.49465370556965    0.1080535516469804   222.19874601028405 48.55075304718188    17.41221815463895   -6.739672121334446   -0.7824831482115641      2.0914579041083874     -8.54963017815045      7.115606415540898     -24.888792620535458    -0.6472283784107761     26.156972361615377      7.700505466283299    11141.421114909062   2517.657160765283
Planck2018 VIDE      -65.42762089139588    43.73052015489297     61.17275795926423    0.033515244770989515 146.2420204173492  37.8588325927221     37.10478244929087   -9.17901893083077     9.97655832007857        1.8205269272706122     42.54953258949223     34.12336746707893       27.53554411816421    -15.548411676499729     -24.151330352584797     53.955802122834235    66268.79523588585    5048.351211532456
Planck2018 VIDE     -165.3294437662315     56.50137661203917     57.619047488942144   0.06229382673562924  161.13212484904884 18.251724926279227   16.28353891189916   -5.036210120954247    4.8245793268777195      3.590784397078722      17.696597190972586    14.44471341289753        5.412220288385581     3.279254131716354     -11.56080449664789      20.132378675463112     7885.044951365745      0.0
Planck2018 VIDE     -264.50760813793227    72.12205382639283     81.52962829444105    0.09770152355166366  164.74818478930382 16.56118616026981    11.414949423091814  -5.48011682308164     1.7524895143254273      2.750990133277723       7.796807330996925     6.188138731237335      11.589560571506183    -0.5150451475419636    -13.31238194887448       7.454516812087761     3631.6272820996187     0.0
Planck2018 VIDE     -162.85688351832357  -217.34741854247167     29.608238820720334   0.0932154241005996   233.15603900899026  6.221661593879736   23.395564818780244  -4.04452207619932    -4.534465984317948       4.421959457631375     -33.64905456878238      8.065294808888158     -22.506434090100367    -8.835503831464047      31.91662532706842      24.647322668465335    18573.17305571154     108.2667386654721
Planck2018 VIDE     -183.68813154613667  -142.91485796476874     77.55092478833394    0.08349962451262427  217.88398310665605 18.428811389752845   15.38577777344446   -5.0517237313503545   0.920420907221145       3.068368724312595      10.347585769676384   -10.017057908283135      20.04095975664149     -8.219505825020658     -22.226058319198202     -6.865323488409009     7831.040398705736      0.0
Planck2018 VIDE     -203.08650046341918   -64.64886604498089     84.28846153704455    0.07790279875592712  197.65792074520326 21.577933098634798   18.681583038987153  -7.444367082333251   -1.0992404224002668     -0.03478403517242357    -3.675761933223044    25.351703201955708     -14.486410090345801    -2.2341583450397358     14.319438480708797     25.626389579195436    10369.546925496563      0.0
Planck2018 VIDE     -217.11662012685233    75.32936595756689    215.2907811921366     0.10783703683005345  160.8656050332342  43.13126308172113    13.371165979779674  -2.9577519313155265  -0.37381679793649825     4.342930726118452     -14.679764757999559   -10.891113706956029     -10.93510046810544     -9.757882056886926      18.247748864370585     -5.074932307054467     6310.578375124591    937.6472934313558
Planck2018 VIDE     -185.5672271547543    149.16806536426608     39.70908504227042    0.08213111610876572  141.20596695849403  9.468786255768999   13.12188331062001   -5.029317569422524   -0.9360947233541126      2.7113291181251085     -9.497983133683816     0.904267897716935     -17.305864023328212    -2.372806477642274      19.466321162936975      2.319424512080112     5215.193985903695      0.0
Planck2018 VIDE     -269.1952543374301     26.163177466142645    -2.317128193380929   0.0922629035889232   174.4488387594078  -0.4908549013680237  16.879741439960164  -5.223548977477266    3.9298832240428507      0.2715234601878721     16.13846434542891     21.071560640431777       5.492292501547491    -2.4262232045300327     -5.058310669577857     26.535734695746644    10280.460623194176   2166.9908193524443
Planck2018 VIDE      -99.89648979734183   104.37139361252312    255.78346007010285    0.10041162361068741  133.74502004937068 60.540988391649506   11.805208159917445  -4.784946089910984   -0.7728932743917948      0.4036560196936392     -2.686313810883158    18.004991892711807       2.6311273011674228    1.9120610071673596     -2.365141115308413     18.136994920734256     3976.7454238186165   748.586743529684
Planck2018 VIDE     -173.13114491046136   122.29765222831605    104.06974934442682    0.08031251805637883  144.76309953794706 26.149443652736284   25.045347339299457  -6.973647299014287    4.4637956231496005      4.6308590905217235     27.377838996852667    24.24840579128769       17.85488690488939      3.4345645923365384    -26.4830997182185       30.699829971772928    21922.48958652383       0.0
Planck2018 VIDE     -203.77378312671158    -4.25128413030369     24.638720413456944   0.06964118953540581  181.1951748835386   6.892801213528664   13.573225416970335   5.331878579414331    2.587813546189003      -1.2501418750525963      7.601953071951803    -7.254512749775         17.40551597815148     -5.931401148416506      16.86894368769188       9.621444170284214     5976.12845142204       0.0
Planck2018 VIDE     -215.91937144552318    14.917679170892633    75.03457010068449    0.07786177266241194  176.04776548928723 19.12069245183814    16.663323866714233  -5.299750638060608   -0.4358582537448441      0.9748197460156921     -5.174448561562143    -1.4104696411846147    -28.76229376263195     -2.5725658281738677     29.121803727490963     -0.9652849920193641    7856.548496753829      0.0
Planck2018 VIDE     -241.22805859338087    69.43178639863272     83.31093832368983    0.09017335210703158  163.94278840938097 18.360374667209747   15.025890107931446  -4.347457785596861    2.318924304419618       4.678064040511445      16.027054512754127    13.123119869999122       8.389244132924402     6.170603551969045     -16.39845217689894      13.863257792132103     6126.986412036711      0.0
Planck2018 VIDE     -133.99616147062397   -63.676227380827186   136.70361306838598    0.06841096352665424  205.4175035601487  42.65913793068705    18.562821119453716  -7.154211040651677    2.7712683329328938      4.839921903519129      15.52078921167335     17.099483741813852      13.151398928216153     5.097474085259437     -18.62347720103216      18.19844612213152     12737.39351610204       0.0
Planck2018 VIDE     -117.05817574921899     3.2003703087863027   77.43899377968853    0.04736397803280577  178.4339236174279  33.47649260522909    15.737787628078252  -3.8788255954066826  -1.7889165508824527      3.928133939422389     -13.941033067212969    21.47840219651733       -3.9845297927794907   13.313395290738187      12.102655114798326     18.657963193267296     7518.8414964328795     0.0
Planck2018 VIDE     -276.9736705688504    -83.62171125846663     34.720458945557816   0.09958177033618872  196.7997023325364   6.843137214064722   17.985132168872013  -2.5449204570362465   4.875496813567199       4.718193437065174      26.21662744232236     10.052925737029994       3.7527550175137208    4.022602373078255     -18.39684571016289      21.179921307235638     9823.245517350597      0.0
Planck2018 VIDE     -253.7268718026412    158.218178072255       31.793467573082967   0.10284492944645611  148.05329428790236  6.06929212708887    30.298081576962026 -12.404841287366759   -2.341392838483168       8.171860021363493     -22.889377576683408    -4.633102596114741     -36.073428628637245    -8.146699825309913      42.25985264787933      -0.2583991891893668   40486.04019720038    6104.583921781691
Planck2018 VIDE      -62.550059387946355 -112.58849836519376    145.44845655494635    0.0658402171093363   240.9450483937322  48.47457125096652    15.364460344880738  -3.8940428094327704   1.192621856486462       4.296848977340083      18.632840251150192     3.352837726088408      15.955508421977585    -0.7803145207717873    -24.004753898756835      5.95553070295942      8905.518958015082   1601.7725774390601
Planck2018 VIDE      -87.28878626448675   -98.89200009485408     77.80695564690681    0.05172100637937038  228.56619211555693 30.535106547806297   16.025436022044584  -3.803929558794228   -1.1812464778966636      4.50702715865458      -18.544767657045416    14.03754635266139      -11.972678611575544     8.166391571188358      21.46538518564264      12.518293533072336     8592.886879160713      0.0
Planck2018 VIDE     -165.12408463326918  -273.33837500337734     16.72125554786908    0.10955417366256348  238.86376876514916  2.9973533191544734  10.686078804821596  -3.8608046967273877  -2.3808703455577676      1.5429917464649088     -9.275859635086615    12.23821768801187       -4.325799463769329     1.792848749504725       6.477262085268509     14.480544139669686     5067.635742192038   1602.4832300332762
Planck2018 VIDE      -90.62946622370934   137.5551318082383     220.89802778660396    0.09403807589483924  123.37925780807869 53.28748349035555    18.806094633847493   7.30961355640451     4.583885450632214      -3.872000664982964      13.06060688630135     -1.3808912381928462     23.021210378772764   -10.605864026762495      23.16894420226479       7.406770103948651    14563.809590653753   3162.8078571727747
Planck2018 VIDE     -182.05500524721762   234.18510095146488     45.12664127329418    0.10261234937169404  127.86141957227302  8.650272263485002   19.515328093630085  -6.26284852377978    -0.1783782107708244      1.5254542502838504     -6.403977409457      -17.55066611122129      -28.344210831525846    -4.936571753029833      29.047445651959716    -16.87075815505299     12810.637979407245    597.8637910716723
Planck2018 VIDE     -191.01093562108377   -94.29717588349028     89.10904612243856    0.07849751609356143  206.27436603956755 22.700281187996683   23.77289042381953   -5.522204963988607   -8.516518148920772       8.502736704837229     -28.935030931359858    10.280545172541405      -8.494996894173878     1.1372926323720258     22.114629017830396     22.88910137559301     20350.599671239783      0.0
Planck2018 VIDE     -204.89200222785982    87.30544646280181    226.5170649619912     0.10881022692287136  156.92091786926855 45.48462049017878    10.898819550544347  -3.327967509652942   -0.424478119160198       2.2005825431617825     -9.567158388217504    -2.618019551662505     -14.973527983895922    -3.0207157295923905     17.671108023678087     -1.1596225347434714    3214.975112916753    700.3366204022439
Planck2018 VIDE     -113.52629307518397   194.09308039352624     73.54334771204304    0.08046472480363988  120.32364023172154 18.111277433316186   15.377252986586292  -1.9122592516619459   4.033287619635107       3.764200869965337      20.34297464590878     13.768043217956619      -4.417786765129552    11.924015468190303     -11.66431865272612      18.5556943750904       9470.58502850312    1525.289808723194
Planck2018 VIDE     -171.20493826445397  -194.12452177477627     33.40339138268637    0.0889517270042277   228.5898462495545   7.353544434481764   19.374641381740492  -3.828331361852507    5.642917731212777       4.3273518108667925     26.21223400668612      8.841883908354012      11.659577550763332    -3.4064712815930025    -19.55711209309276      22.489059825566425    12086.316925253765      0.0
Planck2018 VIDE     -281.19532665247476    -2.00603518246612     33.78559653255238    0.09671979616650463  180.40873865540206  6.8510685377268015  15.000684807911519  -2.249954827234617   -0.011833204411520635    4.528224626718832     -20.88176887558306     11.160796318461651     -10.34643211428589      9.969270361704085      23.300908895948474      5.014356456233497     7899.8011831778795     0.0
Planck2018 VIDE     -109.80120082850988  -237.92547882558898    156.6336056437263     0.10445473442323056  245.22695561518856 30.86876490428806    27.146256182729516  -3.5001708471412303  -0.3796735297455516      8.048824518474174     -42.67572357966569     -9.699046851461224     -19.015794735760995    -9.708798907296009      46.67924475128342      -2.0201187438212567   31279.347257592548   4587.77067879976
Planck2018 VIDE      -90.82974045816391  -208.4501567293055     223.4857707516311     0.10921659308330375  246.45539332543993 44.50517863162741    12.890458567560298  -2.7917536943830346   3.5299368556648814      0.8513443314541407     14.13294812849632     13.432497397550117      -9.350103339955323     9.703527145916551       3.0723930211193333    19.081003769738423     6614.467605233077   2001.3924198485986
Planck2018 VIDE     -210.8021007730775    177.48214398870084     27.235878017942692   0.09451136913445878  139.90472477608492  5.6445310142692815  12.581640274413433  -3.641583066381457    0.9919799750205469      3.20371913748172       11.788844508068177    13.305166757472735       9.280338340905118     6.753504962221027     -14.461440498361526     12.154282888880497     4493.57392956249       0.0
Planck2018 VIDE     -150.61678093251402  -229.69326396949003    112.72517928929894    0.1015121026914048   236.74593918419788 22.313248825269536   47.4698986788045   -12.690920520579837  -16.683805944284916       5.038446250629933     -45.14397013046353     19.062734501293175     -50.58693911645416    -34.700928489849005      40.3386490720102       46.168095509195055   129660.41598107238   17614.42373124886
Planck2018 VIDE     -128.6795796759649     18.635178413599824    44.1339140952311     0.046312023935299484 171.75980038648768 18.7489781186006     21.131131731259654  -8.858273002573684    0.21080270979659452     2.561907666186439       8.639966300006414    10.285508010621797      29.027965464859836     2.193205475321002     -30.2748902519087       10.074540193499454    15917.032179693466      0.0
Planck2018 VIDE     -279.76589109776023   -64.84616099040339     43.565702325824134   0.09925622517480576  193.04998237278852  8.62601429822351    12.711480011116338   3.6748377597380832   0.7272316007596001     -4.3573860874151915     10.785664216686223    11.004904976529705      10.932857413579056    -9.741389018528361      15.19039326012109      -5.680260985443822     4597.843406144124      0.0
Planck2018 VIDE     -101.60137712144487   156.9315784001048     253.48784245286893    0.10786060896734623  122.92001618336793 53.59080521499053    12.261515329125036   5.445171630672499   -1.8078503348762947     -1.3881488163384195     -5.298827083361892    -3.2494258851109614    -16.553374512265357    -4.3005745474902835    -16.496715162734283      4.614941448871242     6092.282549492672   1852.3542293073626
Planck2018 VIDE     -107.17177591410733   -60.688320229797505   195.20726962212044    0.07846536775560532  209.52164037855835 57.75098283078401    15.162612407153453   8.364194410282707    1.9129283094314735     -5.5850222558537075      8.17107821271509      7.484023022977252      14.800457802155922    -6.821597035451816      16.485087315457942     -4.569789056290282     6650.6819763675985     0.0
Planck2018 VIDE     -116.22037837951329   152.53007311839437     73.75134682123881    0.06969409492028808  127.30560939163901 21.03667725944053    14.28030387510559    4.345402615417199   -3.904587305577888      -1.3143303298755382    -12.983058216885155    -9.344346940024948     -15.164221838140845    -7.845215775438389     -13.868526377390259     15.262716255682458     6298.475021585807      0.4980717361116864
Planck2018 VIDE     -179.50807903966398   -65.13174565249342    255.95662940119055    0.10939966380269991  199.94252440426115 53.274870182886225   14.944923541323293  -3.6072904891213775   3.7362724905465905      1.129597262521139      16.493399851003783    11.368882902403422      15.06664414299428     -8.172010808336143     -13.725831414199744     19.303011949746644     8346.969954733633   1921.980716422945
Planck2018 VIDE     -194.19687297664737   133.87180265433676     15.22528732172935    0.0803890956723441   145.4191246371317   3.693308217613367   20.195669472506818  -6.021573610833538    5.491985044109756       1.3712844596798657     20.94572958180469     23.515161105457608      -2.201338001204134     5.365442541385666      -1.871798657848753     31.057230432031684    14527.070286282495   2076.349610339807
Planck2018 VIDE     -224.3343487845559    125.69924102453334    180.66003777764524    0.10761328718368296  150.7371754956872  35.08984003231261    16.62104181085318    4.830021262803609    2.1116775238754935     -1.8081684680243093    -13.243442628664605    10.378825256712952     -23.25523213900688      5.444407837266158     -24.45240032482344     -14.013615988476936     9172.708032653698   1701.7076611152183
Planck2018 VIDE     -192.40217806695173   164.39895174251834     43.8414144219569     0.08750948875841576  139.48761030648737  9.828187798180267   20.415104128976544  -8.373935960013233    1.9736172168984158      0.7521222890365099      5.997631395179012    29.19409761907631       -9.83110404466323      4.7906633662950995      9.013002043497027     29.687316214167343    15787.166306691313      0.0
Planck2018 VIDE     -206.70545635262903  -158.3405347830179      91.01623514827568    0.09413426504215257  217.45284066121414 19.267005048163664   13.924520129127695  -5.076085329664329   -2.992511442848817       4.147035223745024     -13.351611219048605     4.170118820263726     -13.333571229901768    -3.148008934740325      17.13471958412219       8.511208743081067     5840.828439892423      0.0
Planck2018 VIDE     -209.3355746159173   -172.9882413712884     127.36906925883957    0.10258081421008759  219.56924120295312 25.12764101463191    14.95480432015044   -3.968166815002376    5.971916277151188       2.869801445274803      17.78607827098613      8.763039579401376       6.357926571002787    -1.6581722426941687     -9.86456484779402      18.23486826961524      6190.7777277309515     0.0
Planck2018 VIDE     -110.91918883639667   -11.680606742901265    83.3918443773016     0.04697841245343717  186.0115106799352  36.78512872947473    21.474739896649194  -4.24437934168674    -1.6526656477739738      5.427755767101072     -28.43300879401248     17.393363699075156     -16.937950859882832     9.37173992995226       31.92182332649815      17.048173158643234    16162.618953502933      0.0
Planck2018 VIDE     -182.1565533190044      4.057030041659386    54.99449300826193    0.06447745940736839  178.72410698325407 16.795546817274353   14.709700454822235  -2.601350755066819   -2.8033828545924306      3.5672146416459007    -21.170336017707342     4.6717633866773225    -11.766807557840265    -3.1215242452606646     20.297133330204964     13.67466245327975      6131.038161877348      0.0
Planck2018 VIDE     -167.42919012057803    -0.1068893736090783   90.96200746443576    0.06455407464041667  180.03657850310097 28.51462823392979    27.683188191851766  -5.728341600780194   -1.6483703506961722      8.294065577202261     -29.110630131296066    32.287218216993864     -13.688623430076113    24.007535413109718      31.313733784738048     22.80425593684245     26156.66016467392       0.0
Planck2018 VIDE     -191.54126070675383    43.68846631671765    225.3143731518346     0.10222574961351437  167.15126657867754 48.91353809905106    16.98812937741619   -4.992658423274032   -2.7848837142229916      2.847250629838583     -13.075635722025464    24.404943540492443       0.9422236866333608   11.293744228350574       5.094005131810385     24.786022854519484     9937.340978886961    207.31192003413022
Planck2018 VIDE     -205.0015062590948    -93.92746453030189     67.90603925843331    0.08009004308422966  204.61627514408568 16.759261468760233   14.462595416086954  -4.1559842364619985  -1.9405041029479357      2.5858645713621176    -14.586337650552903    13.812728911361562     -13.077611485350186     1.9637089184195646     17.483944843478046     16.276494322463908     6570.554754294943      0.0
Planck2018 VIDE     -203.1306657105532   -180.55189809620276      3.6762131437812746  0.09272560982552927  221.63216947915726  0.7749774681474972  26.40226264018199   -4.029629979983325   -3.917860107611974       6.913039387917605     -34.58282711202262     29.283402993106794      -3.562502560655429    21.150561214280806      28.43880861881524      28.44598422249725     33008.840689589226   6313.723707177447
Planck2018 VIDE     -139.40561190269608   -14.944281742614967   151.19346638169546    0.06994970806914394  186.11874049268496 47.15970224677544    19.208273442634756  -7.313894968731537    8.370696813522995       3.3790371648954727     17.931329952683626    10.246433936121456      13.429290596730029    -6.730132724953178     -13.739904386304788     19.469774014946868    11713.438400612598      0.0
Planck2018 VIDE     -145.48168721054358    16.911760238366817    65.69596739560117    0.054245915865079174 173.3693175586243  24.158855796111496   13.810949906529942  -1.5748682999698094  -3.8176556714368237      0.9039853203043365    -23.152668409491778     8.858234229098933      -2.9256176342502367   -0.747867458091021       6.041334378930088     24.210505647452347     5683.813162416997      0.0
Planck2018 VIDE     -206.88565885828672  -111.7673376545042     183.50920095650042    0.10199420944593768  208.37956935796188 37.96867540409876    11.925214628180258  -4.081372021422149   -1.5402577712586822      2.2468358669619177     -9.788856620259747     3.4253987926650553    -15.433245005326574    -3.2746965144075215     17.312291369074615      5.919496293667508     3569.4464731933417     0.0
Planck2018 VIDE     -225.17920434967692  -154.30309819954238     75.89111106608445    0.09675579193395904  214.4207268078802  15.536744754753038   17.80740773024747   -6.102127556262346   -4.421956609087328       1.0830026560553925    -12.986615234095552    12.995634908504119     -20.11061458420936     -9.828330977166319      17.95949785396476      17.952302180135444     9432.637580331568      0.0
Planck2018 VIDE     -297.44448200171195    86.02461367642223     16.234667783843268   0.10613298231668761  163.86947855097648  3.0013687305518597  21.493876189928713  -5.664916218934818    0.8228424755086664      5.438508297075478      24.66658041013973      5.63340517240222       24.841132713929287     1.2917696094034141    -34.82125840884528       6.613978524265639    18154.82902175157    3993.907244328658
Planck2018 VIDE     -165.57188117777724   121.8428701537167      34.67917077226418    0.07073703601812041  143.65097990290408  9.575426395835409   12.74412629985992    2.4603070910277154  -4.05098645185273       -3.856533450204976     -14.705984241172102   -10.891374322755375       2.0587329571896213    8.229498144397297      -8.443014260365812     14.11880117853182      4325.643771621169      0.0
Planck2018 VIDE     -116.27990025730917   -25.25060509432959     39.90885812783954    0.04228950395313292  192.25177111878804 18.54129215727544    46.9125708871524   -10.402585952033006    1.5476332242601332     18.231218429931072      59.178447941539005    19.340977518847524      32.124904546171216    14.382868326071597     -67.10016617080903      13.902826708604744   116281.2553771746     8017.584841473808
Planck2018 VIDE     -100.91803627165937   134.57971180987687     81.67144931579455    0.06333239869640142  126.86533411317316 25.89747308375449    26.19139968820557   -7.6745626854940285  -4.986552489502258      -0.13170723191291833   -19.847094631374947    29.858479259126177      26.01905560764926     13.748549619665773     -22.106780728203066     35.85616762087839     26818.424886831555    611.7362874996394
Planck2018 VIDE      -89.5152946628838    -27.5649865840998     189.35743245348408    0.07169709192359681  197.1154858750529  63.681267909803665   20.307625064029356   4.064580478042608   -2.8693734596062015     -3.9299236081761926     27.105752545522908    20.27618220481035       13.230174105774323    -6.580583849718024      25.283312965005827    -25.26628752676247     17141.746337701956   3329.586454933904
Planck2018 VIDE     -150.8305873785711   -115.9964818153323     118.92427766090333    0.07623770636469504  217.5621366257248  32.00573480798153    19.94409486596749   -3.3069987505801044  -4.309646758017695       4.737601746104309     -29.270432109574234     7.275256850173593     -13.813633738002299    -3.47769880651672       25.578904335314764     20.840775950717795    13269.27749630668       0.0
Planck2018 VIDE      -51.844698689919916  -70.14373387642968     12.941703661465187   0.029621728851366092 233.5311194451508   8.43959144812576    15.93448758139966    4.603860133347388    5.856721672594498      -6.475935488238931      13.584468038047845     5.019258653631725      14.19677387724939    -11.676542788621703      15.48096966899667       5.699649232201958    10378.550114777297   2537.4662443777356
Planck2018 VIDE      -33.65185836605562   -41.236752717840076    14.566754383953672   0.018487932524538144 230.78332952191997 15.306008070678613   10.101616379934228  -4.4600620758299385   3.3151055075507743      2.610188381148712       8.383479812406879     9.635917462580382       2.0867295876552223    2.9770150416752466     -5.092255590124149     11.554352420324244     3355.128542058389    769.8485623261193
Planck2018 VIDE     -136.45978843291593   183.88206899295542    119.48589858790851    0.08801195030859348  126.57929185603933 27.555906904786035   15.829565530831685  -4.8037485417917045   0.013044604782809971    3.438428277626975      15.027318990058536     2.2704954863160776     20.98570571873377      1.2752866514323473    -25.81328044672197       1.8796030953480434    8005.698235509683      0.0
Planck2018 VIDE     -172.46759361556516   100.97515676548336     35.44678101757739    0.06883714267777473  149.65216977911717 10.057650611616834   24.833520792454603  -3.8329097679830544   7.070547525226745       5.106076401752678      36.70073616263597     13.69240099992917        8.589342319754657     0.9635814080356678    -23.118054225962        32.735628794971625    22777.944875166388    157.07407450114383
Planck2018 VIDE     -279.8301223069508   -146.62311707404498     35.34126307881118    0.10888740038352754  207.65327467795356  6.383082444375082   10.828228243158428  -3.4323949537691747  -1.2023852916631466      0.753420766082396      -6.882117528921671    11.90121135921603      -12.360030948766017    -1.5874449673916302     12.820859569153269     13.22882952747985      4752.284195496717   1128.8046023358038
Planck2018 VIDE      -59.733861131955116 -133.14795012992394    127.05826972515726    0.06557052888340255  245.83767362911976 41.04479346539095    25.28385018979533   -7.912638963737864    2.5838737657091264      3.785571330867674      20.81278834870048     25.702336446998835      25.95975047882729      3.3047833140990095    -31.07787948810815      28.120160846802452    27567.691983904566   4331.197621074756
Planck2018 VIDE     -182.32714977500873  -113.16902281415912    198.03826886883013    0.09979626342688114  211.82754799992455 42.702449268567435   12.699112508967268  -5.05084354629085    -1.1832714100495136      0.9736317130301109     -5.214260408840866    18.401834867559742      -4.685599680437863     2.3454554961637815      5.448911698562007     18.78951757617844      4927.584354970362      0.0
Planck2018 VIDE     -112.8212451996217    170.0796391335886      69.44038195983102    0.07319391549170613  123.55805268508936 18.78993294791797    21.856604478143783 -10.42949217478715     1.3562881308859118      1.4544275109183957      4.60799938110043     30.721528679857585       4.394752387083759     3.6434439464703026     -4.943373291938511     30.736429499435204    18186.868669281594   1772.5746404764734
Planck2018 VIDE     -149.22862117577503   -99.52317455281337     38.95557060548099    0.06214918745529135  213.70001483463815 12.253128382162467   15.982490426296645  -4.125078647094214    1.0008244018983328      4.237083551561314      15.250271407267903    18.384885454769154      10.504519538887244    11.231850827018008     -17.993039509804447     15.185006440551314     8107.490329760433      0.0
Planck2018 VIDE      -55.75848345917625  -175.8468403816665     140.36379923661121    0.07880888878632865  252.40693351163256 37.2668331005563     17.38654189389406   -8.439486413056478   -4.650490657300516       1.9303238149291562    -11.70619655856431     16.63101420343202      -11.113115045346209    -1.9836107067483786     11.791893380614004     19.736291960647602    11769.853776140504   2231.5492246774174
Planck2018 VIDE     -116.89266270760258    12.58452522448507     90.90060685772504    0.05017132445751755  173.85527149382784 37.710259122227534   31.16212224985421   -2.4988580835673764  -8.59283464321807        6.6098780940772714    -46.93292249227367     -3.639966598313521     -22.474899192848483   -19.51398394059711       32.919646074531336     35.41826269518017     37570.20126481776       0.0
Planck2018 VIDE     -288.69975786918104  -128.7753780872524      -5.037450518167392   0.1082786652948187   204.03940175303603 -0.9129506801985976  15.07872102819323   -4.793217488185422   -2.7354847453554463      0.044340196436248445  -12.226329617134603    21.47572460650837        3.22642051428424      1.771977844372111      -2.704309086096085     24.71524775843453      8997.924700757338   2446.6110436663735
Planck2018 VIDE     -258.8537835071049    -82.30985569739829    170.82849522058268    0.10994083422665546  197.6395287672668  32.16631203580798    10.071531369817333  -3.544824563082302   -1.2489313593805682      1.9843179201364929     -8.541694406093036     6.254327533842156     -11.3225719146169      -0.40734445290012866    13.43721615631033       7.72970694991276      3889.280460110476   1163.3952664879544
Planck2018 VIDE     -145.99673342774307   222.21153801962154    138.5946478692433     0.10254119445726259  123.30558984793043 27.53143514260623    13.298337401077896  -4.783209168613848   -1.3563423621200505      0.7158870011224452     -6.514220974864786    16.294319572415947     -12.653122044621307    -1.0947137662131101     12.981449121548787     17.280722268050308     5178.4816702555445    90.7359737659922
Planck2018 VIDE     -111.14747157283786    42.016782678594375    20.37997870292756    0.040606667051724124 159.2920374061849   9.73232376009555    21.07697823067331   -6.357162657243251    4.543159905043477       1.714499295059994      20.71044054966642     24.464311843705804      11.965218453982203    -1.551892676624171     -13.945807527545952     31.200012496268787    15167.62751084827    1843.165369546005
Planck2018 VIDE     -243.67164418256783   -26.839757719687903   134.3864893095891     0.09543915512377064  186.28563341432897 28.731159332639688   12.479239285428488  -2.280435719888114   -2.0077637059155746      3.4724689066112315    -16.236618091564203    -2.7375852122851905    -12.245750571388122    -7.39085876270247       18.27660086479819       5.713720725607513     4338.988342880532      0.0
Planck2018 VIDE      -97.16658675112096   115.35561240057366    242.11056058456577    0.09742750200688785  130.10817729333996 58.07873155994158    10.767713753087566  -4.942116505818055    2.8749322326767386      4.602462860550536       8.321567173293955     9.628583093072056       2.921181767129435     4.8820430526942085     -7.168249250132594      9.7199820464277       3379.744049275245    307.33283839653063
Planck2018 VIDE     -127.25998534719172  -263.867564460768      114.29546578624557    0.10768067889203305  244.25257525114972 21.3132479258278     20.510111235487223  -7.546658281608243    2.527016554753338       2.579044115283953      11.479643315480489     3.9337957537646187     29.736667879934306    -7.767882920157079     -30.356942085336236      7.01459006620154     18585.49548851633    4255.8147064213235
Planck2018 VIDE     -147.59960584957557  -243.2414856775353      12.366766160609476   0.09726736152585949  238.7505080520869   2.4888088824510417  13.298252919877502  -6.448459615175862    0.7485968878422428      8.677626913912647      12.1471140045737       1.2981316930390665      8.914694941538132     0.4019698122072378    -14.261780873109528      1.5290367987546265    6319.784196975533   1532.726201789026
Planck2018 VIDE     -112.7554247934911    166.3721754614215      39.76648987488237    0.06949476375608506  124.12667369835198 11.192077018306255   15.651753252518503  -4.588057340392656    1.2825661482346584      1.419347300855038      10.653836212133386    15.487476719185397      20.44369130609541     -0.8526680403253568    -21.912476927720302     17.044532550673352     8282.42318941569    1346.1309265737777
Planck2018 VIDE     -211.39124736904975    26.843683534446665    47.75796708164368    0.07415815893669997  172.76298447221373 12.632512227328913   18.801031614603037  -5.3207297161170235   1.3996785120807211      5.247922450008091      18.665754975725886    18.0904677363476        14.099788804793501     9.8860621611158       -22.739591352685693     16.088115422846908    10830.875221835897      0.0
Planck2018 VIDE      -89.01815394998917   -61.47490308027116    207.28313854279912    0.07950644881225406  214.62850777632636 62.4396913685652     12.262474852682148  -8.3458174733033     -1.0986250875843535      1.20814780427396       -2.117035935359336    14.326407511718488      -1.5966960224385458    1.8682111510438355      1.9077485684985094    14.64030282038774      4764.904426564593    978.4580710093479
Planck2018 VIDE     -261.7027126791727   -159.63346970906036     13.347901244680193   0.10500030093822865  211.38236371765163  2.493240032921118   23.71270317434593   -4.362510129527965   -2.7562304635396613      7.701631878980547     -25.978136269565624   -17.852748064768303     -21.104120951281505   -21.095425332206222      31.4971900626855       -0.6771930954025679   24611.884518482664   4550.126595531465
Planck2018 VIDE      -43.657067315839456 -123.38790093140123     79.83912913876968    0.05177895305296378  250.51521861944326 31.383235857734505   11.19016608933196   -2.800710054203707   -3.6608895127150043      0.45895774419340574   -13.854602390908152    10.449832863712057      -1.1919194735116214    0.09335834497651561     2.092923954584614     17.263970620200325     3601.7149178306727   663.9973573373546
Planck2018 VIDE      -81.5013873890251   -169.13135389962852    212.10544611189482    0.09673234135567466  244.27141095799806 48.486491359687236   10.381853633411364  -2.935840667831336   -2.2620758448468563      1.234780100877827     -11.1179995372667      11.875208719186139      -4.679418129709156     1.0436029442659251      7.028791478282559     15.357804497214783     3444.793352952129    812.5749079817025
Planck2018 VIDE     -216.4648902445049    -20.021871375608335    76.5764483697937     0.07835049227713617  185.284524276647   19.405097506980375   16.98278320586539   -5.9486815528719585  -1.8708931956310526      2.44547497249863      -12.134959331007188     9.607049831682254     -22.168799585644315    -2.685363331398613      24.12585188340022      11.925094774292448     9259.642722107741      0.0
Planck2018 VIDE     -145.22621495436863   124.540964367221       14.744655686637646   0.06501489406344066  139.38475485905613  4.407095810151171   20.34425684722225   -4.83331849486795     1.721988925777782       4.714186652792522      22.313564153686627    -7.43701570840515       25.59402711169131    -11.358766943053226     -32.85591643539796       0.3557317575213641   17167.441244074787   3119.0272418042273
Planck2018 VIDE     -168.4785018475554   -162.01584712309048    118.26168046457197    0.08929081260266153  223.87975193513932 26.837362736839324   16.615215684508645  -5.303566699720224   -0.3326382413767114      2.54668499943712       -9.335562783214458    20.227140870013464     -16.799666759956395     7.792151664394007      19.151723393453228     18.728971853968293     8552.3393228859        0.0
Planck2018 VIDE     -201.99336361945626    23.072858043645045    79.60823555254306    0.07414507431814026  173.4835855909259  21.38366722068628    26.346192961652264  -7.194055252540625    5.757582681012442       1.4764195314206519     27.61995570724136     30.164496731683784      16.949723932966695    -5.684151453365806     -17.433219767104696     40.287400241047145    26014.088949160243      0.0
Planck2018 VIDE     -244.29508469488178    45.163670489111944   164.92998820185147    0.10196627066860142  169.52579390108733 33.57924429442501    10.35345689371875   -3.267235656276796    0.3173539651962415      3.36473107454458        8.502594503350386    10.547108997756236       7.261446020235523     7.0542523171758305    -11.125203536468065      7.899154959527005     2447.410025754233      0.0
Planck2018 VIDE      -65.91619269708806  -155.14425150291953     97.74512840500795    0.0660392731587704   246.98080012340154 30.107762641087184   18.241819647047507  -6.895545083087136    0.5995063062693555     -0.13661741530776908     2.2812345170224075   21.66807385846846      -20.0575345989925       1.3090593442071952     20.019111368019665     21.775450662108714    12351.683889713977   1075.0482360968347
Planck2018 VIDE     -267.42620276034114    67.93218425122105    155.38421577431282    0.10845656759452005  165.7470653739065  29.386062481770757   12.496622593694703  -1.3232666448992254   1.371777486491505       3.299443020918809      20.969506052250942    -0.23097391892343627     8.506009215181594    -3.262474386543035     -21.113059467285908      7.469532268438941     5928.12545382684    1298.8508742802403
Planck2018 VIDE     -264.4415760872667     79.27244601836453      7.738883198343582   0.0942548901215363   163.31268846741426  1.6057256388913683  11.887281379213618  -3.814433277067499    2.6486237434556315      2.2651846167075034     12.10919767188641     11.20040386851717        7.294800968498123     1.1702028223636365    -10.687903599059014     14.467648943515007     3715.5753368198025   379.8462145236586
Planck2018 VIDE      -82.7036989749576      6.682672384928043    90.6404104772634     0.04139731623326395  175.38038955585597 47.52866498913022    21.962226557055782   9.491045900149347    1.8445809369380295     -7.342328600904425      15.083280253146322   -21.158581688692628      14.181793601418658    10.595863269116402      20.12215457668776      18.751921204426782    16927.819383048067    261.40783453299423
Planck2018 VIDE     -282.75742904101713    29.347558112520158   119.54653350407291    0.1055459520575501   174.07445453616893 22.808179937861592   15.576661400096285  -2.9718370402196834   4.807130341995955       3.7226517937704755     19.58439963939638     13.161272880732371      -1.3609411317792126    8.204247007199761     -10.172594709744663     19.68561065845075      8267.839848741323    404.2014903809251
Planck2018 VIDE     -133.90787032265993   -43.39190982449336    138.7529867541434     0.06700299808803958  197.95455463677294 44.58802400725035    17.13865327597234    3.7541402483284876  -6.319964884921048      -3.5569547099475725    -18.360840390260233   -15.043763003656892       7.350918454162736    12.221602760000618      -4.61054439578702      21.091100567667926     8813.702122401399      0.0
Planck2018 VIDE     -111.4130584866501   -103.84667629830335     11.42061910653129    0.05158073074836264  222.98688149382184  4.288292045877361   18.10136544452629   -7.278755494340969    3.4204599902874024      0.5710328465676441      8.9843177256601      21.447448551552707     -13.949263520757183     7.440173999691074      11.962199663010875     23.1842741017837      12002.949373217782   1605.2240316939174
Planck2018 VIDE     -278.24134752226416    57.30373554291991    131.97262190944755    0.10725131399269831  168.3626615924932  24.91769475119284    22.83990890590806   -8.742071165906111   -0.21251377010173086     1.0874024165407552     -4.218540862451462    -8.380437740525432     -35.55237901545215     -1.8916812199556503     35.793429199528404     -8.212796962884536    25584.59206604755    4483.838981245028
Planck2018 VIDE     -165.50904885860564  -158.79327861986772    150.5106159433516     0.09361295323654932  223.8136677750661  33.273051244240456   13.752678986332905  -5.077856115469392    0.43548794374588456     1.5862494839757253      5.604511374240932    -7.480488876437004      19.994688978827714    -3.855670589716538     -20.69395435045786      -6.661356212827112     4999.778096459811      0.0
Planck2018 VIDE     -212.00601796660538  -117.88255898468728     60.0759416355471     0.08509471604571138  209.0755483864266  13.909923082670604   23.34264524119681   -7.322328434183387    2.0733397888922314      2.4096003190528124     12.933295582476354    37.02739137839416        7.441679861083321     9.242181239531027     -10.727904046375395     37.316095986494425    17167.85073973459       0.0
Planck2018 VIDE     -136.17655350703714    79.74876422764568    169.86148230555008    0.07882663175235025  149.64557772508726 47.10638546189461    10.170050834743126  -4.067144119365979   -3.3378806090140403      1.5955604398305838     -9.012938941522597     7.400336490625648      -7.49296713777219     -2.391078743243248       8.123447079754616     10.899138761668208     2447.142004045772      0.0
Planck2018 VIDE     -137.75476158736492  -244.26979043371304     50.094722811889866   0.0972972147142323   240.57938638612782 10.12802641987048    21.738721489503153  -5.492835896523374   -6.60708543898074        1.4276396969622835    -24.399951675156565    16.462019362419447     -17.69281287345876    -10.723656057774388      15.158195373841604     28.89259039755483     15545.384885956963    723.9019694501301
Planck2018 VIDE     -143.53060952804663  -252.57322487718147     86.99585024813076    0.10374105780523304  240.3915888508003  16.67097230640664    10.800489348282682  -3.1448733338393917  -1.4804159047512075      3.248751452614836     -12.1782493078036       5.42425254211532       -9.317087566628778     0.8055751944126117     14.488836234968637      7.382200793351129     3585.5046267003368     0.0
Planck2018 VIDE     -245.22195784438736    48.08746639959545     18.744628811884894   0.08533492520003197  168.90521284817132  4.289768605733237   38.519557496879514  15.120320835320141   -0.6630580185896325     -9.548514068353887     -24.18313454748788     31.119763013227043     -40.4556100351282     -18.125865118884676     -47.14335328129129     -25.42909984325649     77937.83677244616    7489.749651449281
Planck2018 VIDE     -216.88678580364044   -84.06554291741766     33.076638987823785   0.07989958541891563  201.1863825131798   8.093117318775132   18.352677954533565  -6.32751116774333    -1.9218665830708608      0.7862247387766287     -8.06554551793943     16.654386466553188     -24.20086724400761     -5.018582494743638      23.949857690049356     18.154216826458956    11303.51736826678       0.0
Planck2018 VIDE     -288.85004626507197   -14.39575486668805     62.558575478179      0.10115931760896091  182.8531555355245  12.205578104034284   15.213746370209291  -5.620901063199002    3.3659677692290804      0.6658458342449651     11.749335354876147    19.86838373164027       -1.253274611559061     2.6511872989979284     -0.11832549239999166   22.978804573769654     7261.233828595805      0.0
Planck2018 VIDE     -190.3381037949154     27.089518181627774   125.03041794906157    0.07795336010808983  171.89988360416825 33.037254018562166   17.496832646865297  -2.1669745110291214  -3.7808256345326856      5.118838225056916     -22.8892261380715      16.347532611268015       2.384681875646292    13.787862812277567      16.65892134448265      18.141308643842315     8939.059842397173      0.0
Planck2018 VIDE      -67.90611282320663    78.99021276845247     91.82373531623595    0.04684172529983543  130.6849091736166  41.396430685877306   17.85319422689305   -4.789979940026508   -5.270251902954285       4.172865726541603     -16.28319818753901     -1.4589943035774577    -20.533960543616857   -13.858094899248847      20.162035759672936      9.556744302077997    10618.060164386385    139.14502312315835
Planck2018 VIDE     -164.41997920332648   -11.67989426271145    194.48082915547008    0.08684641052841227  184.06329195051205 49.71669970654998    10.283004103902309  -1.8050065029445583  -2.918801458361591       0.242532444517721     -13.657225440889501     9.022305023519746       6.9390152348221745    6.522548196653107      -2.6775887400224447    16.319020736909614     2669.9264155077476     0.0
Planck2018 VIDE     -209.04737518142724  -150.01093272400107     46.69271904228704    0.08913387619019714  215.6629569896396  10.285579090275581   16.83252196500241   -2.199320161290523    3.3336611653056067      5.255062430347124      24.582162231381286    -0.8874611310783772     10.850972841481306    -6.184843763544092     -23.178976362900393     12.11563185268143      9548.83141664445       0.0
Planck2018 VIDE     -218.92625469559277  -146.12200379434975      5.9357677325723825  0.0897525399124534   213.72106941014124  1.2918762213325015  20.580219186750977  -4.5212866602708885   5.8951917177417785      1.1128397067549196     27.188164199986982    20.366426044553496       2.5713478405148327    0.9989327015279219     -5.573845648292604     33.58556454522997     17352.654795956816   2777.408053462108
Planck2018 VIDE     -234.88897072356843   185.9134813651068      14.15351780538146    0.10256196050797911  141.63855612404208  2.7050746086227497  25.123227934298303  -9.031420386017231   -4.551204334666105       4.38495118028316      -21.435965352482597    17.692407270231595     -25.78716368105889     -3.611639048507218      29.67676038877769      23.36326352988335     33963.131924323505   8619.757038771
Planck2018 VIDE      -50.685164758505024   55.54113034890195     23.056436262830378   0.026399388103489106 132.38263702473992 17.0473768831345     14.385490822402105  -2.7715906574120357   1.189989325968704       3.1269761679729147     20.14986284259833      6.593158767879055      15.350735172249076     0.5408284276466686    -24.297990738319         9.726106949555042     7161.886194489037   1327.258633093452
Planck2018 VIDE     -144.81411206903482     6.548891571484172   208.35439043282952    0.08645804421575955  177.41069177640367 55.17181749491607    18.774461062809504  -3.6874134790376876   6.190481304289318       2.370391768448328      23.275761629798488    16.664470233411624      -7.312603126604753    11.1687886386628        -3.7165346912702812    27.080367535953496    10529.447959771507      0.0
Planck2018 VIDE     -124.22488637447158  -203.8972191094353      46.64853477622232    0.08278971689513683  238.6480340616406  11.055132797229081   33.983582437936114  -8.517976419929342   -9.44104504622524        1.5440696576415127    -40.46671264048878     33.7255751165378       -17.026323941116836    -8.481530333616993      16.19585098644412      52.23875939736414     50973.723193982616   4902.651275743221
Planck2018 VIDE     -121.02925232829453  -123.32673111002498    262.0005265429309     0.10746627422487763  225.53868932184656 56.59452959316003    22.46272745218055   -8.678391833091677    0.09826542366160648     1.0283514508780642      4.031954545622697    14.738573655803194      32.61782650963641      1.3668961024717765    -32.849774242999345     14.674415971959087    20454.011762428607   5200.68747301419
Planck2018 VIDE     -102.35555876467778   132.51891644208226     30.545044371585426   0.05756641263440067  127.68194202550445 10.33811366483554    25.004916196877836  -3.5947479241104907  -8.226605680019256       5.205597083204997     -28.23599594933503     21.907725427642113      15.123131767011243    22.986467662501003       8.92847561334186      29.983420270964018    26397.84153769522    6047.699397048565
Planck2018 VIDE     -109.37123384971014  -178.4998620330163      13.835317498782274   0.07119387816949595  238.50317893107558  3.7811448756676893  15.700312538423898  -6.153033706352087    1.7866269656900922      0.6937623458539062      6.765904604118547    16.94759851003758       16.36266748869115     -2.710803318962693     -16.344813073271485     18.050013333585024    10733.875885867199   2554.6521466624636
Planck2018 VIDE     -135.50474191392277  -191.65819582885612     11.132906281963013   0.07991241843270767  234.739211407448    2.7155144052948423  15.446839236245582  -7.219546268597661   -2.999794800897445       0.9171677055663673     -7.576060761436504    19.692807246007334       4.774110082786199     4.115945422551732      -3.4976482018587434    20.959123843071037     7663.484608549597    655.5442266699182
Planck2018 VIDE     -120.52465383480983   183.41473122849874    170.98842919932818    0.09496789248459028  123.30953413879915 37.92202948143271    12.286537143290538  -1.1869697231234286  -2.6865983087319365      2.9427304805512415    -15.191719706511721    -7.255026529979275     -12.751236848583426   -13.377108908000912      14.39552402916684       7.746807736560846     4287.229600153975      0.0
Planck2018 VIDE     -174.53914174582073   103.3626276713562      71.04702045234791    0.07296724981863945  149.36584951164502 19.302588106158108   12.7642244712798    -3.1768289689255105   2.6726388644794525      0.4015445732892828     13.821051770148896    15.084418311739574       8.945246070651724    -4.279913308057695      -8.144213900400326     20.346408724668127     4860.300843139868      0.0
Planck2018 VIDE     -107.13687185721024  -266.94284383215813    120.61567599936774    0.10678208736739692  248.13205917266544 22.749694713803457   25.93282355748945    6.99509019036951    10.98701600429719       -5.590894531939982      23.147674697602625    -1.3877467296393313     26.23424137956544    -19.859884402203928      22.15757292926405      18.695385010278233    34289.936785520105   9393.770949878099
Planck2018 VIDE     -153.7757626826597     27.878019787350308    55.61138933642297    0.056082788388136476 169.72444619217563 19.58755456741494    14.293850989100584   6.9329560468342715  -1.3161081572314255     -2.5791508684550157     -5.538748121551535   -18.01146804773285       -5.697556292498277     5.200241248533308      -7.179979613338911     17.642501764212042     6283.956327236759      0.0
Planck2018 VIDE     -162.67804393888596   207.86805785918057    168.57797099839652    0.10723618808087985  128.04681933761336 32.564622983258      15.346183354750906   4.531170282761257    1.0406417295599724     -0.7028857488236464     -5.289153920866717     4.955500998297747     -26.759905104002762     5.18181786706467      -26.57897848438978      -5.946193982454123     7686.619709019249    945.8107783395382
Planck2018 VIDE     -122.79156142884382   166.75510895190806    153.38925321171956    0.08781112697316885  126.36639370190065 36.52732975390455    13.435034016210308  -1.4698984107329875   2.2964018732875267      3.6668107811523485     21.769435080408353     5.177903814480041       5.48386900991202      1.3989131597994193    -19.23030023152372      12.604074893488493     5300.005380018378      0.0
Planck2018 VIDE      -97.75971043273043  -186.53224787809364     92.61454800777271    0.07820509104136479  242.34140998291247 23.738488293633594   38.53642381031862   -6.667931569221464   -3.8234637432771756     12.252751761348861     -53.875528768642404    24.09288017284945      -21.800824049626577    14.640248168139747      55.6648765084575       25.337394904627335    83178.48380599744   13082.964469687824
Planck2018 VIDE      -97.68475761918229   115.46650984458235    215.2099300893497     0.08966944190917252  130.2312471700017  54.90139186406767    14.865225760390542  -3.3773571483154727   4.370495235062116       2.058861262449435      19.043607329082853    10.27561427253748        9.426346729181908    -3.4009554355019227    -12.055762402278505     20.012718551994414     7258.838822753773    275.56147338792005
Planck2018 VIDE     -189.5166635837449     98.73931684978272     14.128174278468109   0.0727015614171478   152.48021634283003  3.7825139023962357  13.918148959464627   4.1405503500090495  -1.2356861611135255     -6.236080952142517     -11.329859232443706    11.488649890456403      -9.799138073884144   -11.008139450979328     -14.619336535581294     -4.412201192732836     6105.882637299277    875.2049962787428
Planck2018 VIDE     -298.78266170418       47.61072175932182    104.88842454081738    0.10970830294242391  170.94609465090394 19.12034287439701    11.460273306042724  -2.2225310205308357  -0.8052437949292938      3.207868099304546     -15.844464102471367    -0.9523110173186822    -11.216687966930191    -3.0329927149303546     19.009472840879337      2.6704151763208195    4877.23816390631    1218.9335491426132
Planck2018 VIDE     -282.62364211408453     7.433818458444959   121.78441963911837    0.10535109997907012  178.49330283798233 23.304333903480224   14.058915480730517  -4.544290215306044    3.1260456673903754      0.40844978304654916    10.077227404733959    12.618351549140007      15.54243132557921     -7.854122392566247     -13.516623048789816     16.06603713219629      5711.172294223342    206.5114125801419
Planck2018 VIDE     -274.79108945066037   110.09415696182137     98.59655855566017    0.1068199829338461   158.1666527649123  18.421277164960145   10.7434384149467    -2.7817625611775934   1.4993250163350509      2.275448296112054      10.522111771028973    -2.116751130297396      14.258163794633258    -6.725562907437718     -16.331176453058465      2.538762279665102     3288.5018431728386   316.0918436905765
Planck2018 VIDE     -121.46098558497833   140.2645463987501      48.91183325168375    0.06501558602967543  130.89066940291454 14.76788411780439    12.22762080331905   -3.73538612356562     3.179836049166926       0.867328447145652      12.00322146397654     14.746656923663513      -2.3696725302890718    4.078199540513121      -0.3128256011513493    18.71077116150731      3773.8107485703194     0.0
Planck2018 VIDE     -134.7743395609985     91.79880773601805     14.680589888364118   0.05534441419821732  145.74005962411337  5.1443252627598115  14.98832457982302   -3.5591361360051206  -2.8106261562386976      1.5743378815147842    -15.016609906306652    21.397919788366302       4.252831725048304     9.506543324580411       1.7714757833874344    24.654198125245372     7503.207832022214    967.8203630712336
Planck2018 VIDE     -293.1004382554594      4.2654586711789255  101.06355249731423    0.10613461780640099  179.16623963392342 19.022764470281597   23.178718949234536  -5.693034828153311   -4.72207743461952        3.3950393081095838    -22.91952824549917      5.142278311054006     -31.280767771269918   -16.003222622271288      31.44019878369126      16.89410468035967     20440.869249430034   3513.3588789001196
Planck2018 VIDE     -150.45092482802715    11.636756693683157   249.9497787112589     0.09978198760081579  175.57721403249704 58.87967888885149    14.085924295078595   6.1394148140829214   0.520707380515095      -4.485168839424227       8.407582138137759    11.508507840195314      12.844599916555877    -7.62173455083187       15.23771677171708      -8.663798357731723     5478.448684935672      0.0
Planck2018 VIDE     -142.46767718115655   187.4168124217352      18.14720120741512    0.08030502330802473  127.24082137129366  4.407910853461288   16.95590797597373   -6.728956424809539    0.18555868824334193     2.0577818003938213      6.86992737390417     13.977040176529183      21.204328219627282     3.528963112101814     -22.290658667346413     13.549767221748219    11184.681776564019   2739.7454423165673
Planck2018 VIDE      -34.20299575505002    32.8201301647879      54.97726214662407    0.024354642750622605 136.18199681808255 49.23137198829745    12.855832242710843  -6.131074740084567    1.3890834218386587      1.325635235981624       4.118730297116266    17.697633145006307       0.5044785022364686    3.5456015430291314     -1.3324028302891426    17.79461355684975      5546.105632597279   1215.8581634207417
Planck2018 VIDE      -97.48032059968308    32.40214862697348     90.23162918437517    0.04611355173596945  161.61335714780293 41.29559151867265    10.991913724927516  -3.4793250665071387   0.5628479397603195      1.4341914876390618      7.054609194110585    -0.449041364011969      17.29059252115908     -2.7274424058881728    -18.473151791147856      0.6330512376423065    3068.8498680807083     0.0
Planck2018 VIDE     -249.74354750798628   -16.648436405107336     5.87339083879527    0.08525571401184012  183.8138159553075   1.3442335615698398  17.448976480394766  -7.427426684518599   -0.07828634995107407     3.986238841544095     -10.710645893865017    11.207829341312628     -19.736679159957543     5.119357338725977      22.466687878799565      9.979955510982556    11246.814604222514   1405.532772352795
Planck2018 VIDE     -231.48382694938726    52.12306970219809     55.40627793458564    0.08292489481055866  167.3103797355395  13.143423309778886   16.010012340902627  -3.4762746340708657   0.7031612239245048      4.028504455756955      17.62219081034636    -12.35580456735244       17.363192306503766   -11.546875448387592     -24.46877254612807      -5.69308497096606      8075.966900218291      0.0
Planck2018 VIDE     -114.36794672125045   -23.98361135300331    115.34711631701526    0.055504852693739816 191.84362872305402 44.627778382637786   11.444224885313346  -3.7949606058170735  -1.697806039403371       1.237385870418797      -8.657415097940898    15.633999775053692      -5.1003087700028225    2.4646458067449317      6.934995624721305     17.074311016357722     3414.246872037226      0.0
Planck2018 VIDE     -140.27071508233814  -229.36781055502593     80.00676149425325    0.09577046258972953  238.55197806642826 16.57186088710622    14.297546752173174  -4.041919465745928    4.820844753389829       0.6561078879611429     14.886970603321798    10.994874966927712      10.92404328705095     -7.18899525539213       -8.52910643430809      18.381364352271394     6003.723829670611      0.0
Planck2018 VIDE     -308.02765197003174   -16.170573001860976     8.546663150379038   0.10560928475879912  183.00510635827632  1.5871602739799973  17.473456978321767  -5.5584513776694475  -5.058720907741814       0.13230081449996448   -17.77353635748529     19.42478103679601       -3.996889173917844    -2.349702014872323       3.2708166059800483    26.344841198098507     9212.225901590678    573.6586518326133
Planck2018 VIDE     -285.65264896310066   -50.05361117649691      2.8942749181724237  0.09909882717044277  189.93877798053248  0.5717981792556625  31.409628072757915  -9.220266987966932   -0.8839719121050373      9.71507121275142      -25.938219463411077    34.2810619178287       -21.497918874594276    23.379407491831397      33.516816492472785     25.23834340358309     52793.27853817231    9436.560868269866
Planck2018 VIDE      -89.8159741524948    185.82810477885857    201.5697149469069     0.09856484631781053  115.79579076282043 44.322321348452824   11.122412613336854  -4.420981213136764    0.5452728644000308      2.026140115231972       7.163753003541048     2.4588728664867796     14.969379740862493    -0.6492544132360316    -16.473214461499         3.016600493660912     3947.9492821240315   521.0487482492719
Planck2018 VIDE     -252.48532068393678   -19.985636658887167    45.34938400086794    0.08767013489452635  184.52584732142836 10.15134790222074    16.652116166172785  -3.624982549772199   -1.9679032192822716      3.245747381248583     -18.87311408635318     21.401322592646753      -8.102595336857492    10.195394658944746      17.26516127407675      21.85453328536968      8521.183584544035      0.0
Planck2018 VIDE     -130.29256491732966    70.0188999185709      11.58944656042409    0.05008838420571684  151.74652658385375  4.480095044411375   13.914837067571982  -4.222498257267804   -2.877353550388007       1.4147775622396193    -11.696228632635954    18.92728933663869        3.5858627458413705    7.00023962757813        0.2653724194346744    21.432393833798628     6023.9061308968985  1015.518794974285
Planck2018 VIDE     -261.4766218964027    -24.538279354014136   129.59189976180946    0.1000938996037352   185.3612219250955  26.263921168672745   11.722561892246711  -3.364042797735542   -0.317327988579402       2.6646513490170833    -11.157485033087104     8.96710141427559      -13.018117707599881     4.592331968234384      17.084697545486243      7.832264434086148     3565.3617686024872     0.0
Planck2018 VIDE     -107.43131668791905   -98.28909893715132    182.56649953529947    0.07940482098747455  222.45544907667062 51.42512877831861    17.925548804517078  -6.699473915584061    1.9492694207471375      0.3686323179054737      5.808457905233757    23.0170884445587       -16.14859616094604      5.720089409170079      15.17891626391003      23.69242210733664     10406.415591279982      0.0
Planck2018 VIDE     -211.519733156466       7.939548239563608     1.2367836012027134  0.07184095750964878  177.85037009626168  0.3347763639790557  20.8554285297104    -6.061962073074984    4.569061413457067       1.3040695468298438     16.18516247872524     25.925774302428927     -15.59933205716552     13.646399142276461       9.539189066854805     30.012826730468824    17815.359811611386   3889.4953415273512
Planck2018 VIDE      -72.94114623781321    -7.304043663511405    72.79447053838952    0.0347473230575669   185.7183151423039  44.7994218937604     14.984026770301433  -3.8100078549566674  -4.868278432299988       3.1899156253441694    -18.055451422707474    12.192724427164297      -2.957393076672663     3.522904281026955       9.903433268155032     19.321816250674193     6141.4400210979375     0.0
Planck2018 VIDE     -143.08978456075977   -71.17465587906673    267.14193746167706    0.10656783875654163  206.4463289044788  59.110603590240245   23.0102399319386    -4.7166100825559925   0.7780928017593711      5.881712969255595      31.322069539859577     5.687385674782723      24.365125583811224     1.9126229429951676    -39.47755634475209       6.756245890895613    22253.387143576278   3620.4559765589584
Planck2018 VIDE      -61.868282128222546   -0.9298571393911967   56.356672514554724   0.028104777999938692 180.86106930372387 42.32760045489561    19.16921081611204   10.917175924135925    2.6738436649660255     -3.9487759622208616      6.74944893241512    -23.095844744577928       3.0212509757349966    7.01473878601223        5.032702164665862     22.801444561764637    12133.746624059362    230.30966440915893
Planck2018 VIDE     -152.6154127142923     64.0344223249941      29.380831189232275   0.056840708888495586 157.2380380071018  10.066415045506913   17.032072119566937   4.612783409006198   -6.214185257213091      -3.8493291001999017    -15.277822159084122   -16.45723595555511        8.25988831837372     13.247596383018635      -2.3922248105032202    19.7369512911281       8586.214447086082      0.0
Planck2018 VIDE     -307.58695933641116   -31.37349366808686     33.98691531573819    0.10647956987869388  185.82395816393708  6.27305094676481    28.34679305534674    4.968664719139463    1.6527869691939967    -10.306193509433934      40.084578303613135    -2.9906327993491217     18.845362344550548    -0.02813526935782916    43.825511350425515      7.014659611412221    38124.91135854381    7346.030287167587
Planck2018 VIDE     -199.4066999246681   -169.81766252006724     79.42635790697493    0.09338832722562061  220.41820140621158 16.869868200663475   11.330819887339471  -1.6362279141796952  -3.1128692299853564      0.9500937975599066    -16.511826461293467     5.721311352766396      -9.691061375744164    -6.790063479879383       8.660696429979815     16.682062405841624     3137.1821627311097     0.0
Planck2018 VIDE     -116.38117559505777   -95.14217271606908     65.55884399126423    0.05543633127834223  219.26616428333253 23.563154093480172   21.756279071190672  -5.956117142181875   -4.566817436670168       4.633791303046612     -25.041148064684318    13.394384556144301     -18.98624615348378     -2.794765138906515      25.987725142523555     22.019819429711692    15286.633040942092      0.0
Planck2018 VIDE      -34.72617476278627   -55.35647667577316     70.77061664244238    0.03238013555282403  237.89916633412827 47.281693066700214   14.366054038240007  -5.55608767270244     2.0521584891003015      1.1469165821851874      8.507927436071663    15.665336449607667      13.18582170929677     -1.506521863807665     -13.755269518531371     17.31392314367287      7298.765301611617   1733.0622562691042
Planck2018 VIDE     -255.96856217659703  -183.47920632632034     -0.35049768484859717 0.10784842862597238  215.63309326767705 -0.06376548247766625 17.45735141434415   -3.04265736979554    -5.396384906431605       3.983891138973294     -22.868219187723614    14.039342461236638       1.5516337903770485    8.728863344388847      11.725926204201553     22.549951400072437    13422.766301949665   3967.0746587126478
Planck2018 VIDE     -179.38596577143142  -119.3086757988927     232.9942455332924     0.10869225257111761  213.6276727491665  47.241891890598815   10.729042327433723  -3.321917149107518   -4.495764934749447       0.8628591797827646    -11.387675079859969     7.283320173150476      -5.89298672644143     -3.587786148276454       5.2198513508874544    13.38445091068275      3824.519941962369    602.6715562191102
Planck2018 VIDE     -123.96312800496091   153.62366262305375    124.85768735310305    0.0794224691832653   128.90100720903865 32.313697996089      16.541482112407127  -5.06334578706663    -5.948697532656501       2.164993869836997     -18.398787752039638    14.325204149304525      -3.6688870044017907    1.1359046827858212      7.220500487096558     22.496161444510772     8432.584513787602      0.0
Planck2018 VIDE     -138.85162756371528   242.94911397045436    147.31462047359668    0.10830628714873189  119.74907012092933 27.7643780281892     16.230418566863978  -3.006659405245221    3.9338885950633125      2.5506751569809984     18.580099113720138    19.107556718950157      -7.567788337420215    14.096521010025773      -4.4238874106942125    23.439487205249936     8898.639355479736   2260.901093780481
Planck2018 VIDE      -50.38905442741983  -176.80791346231703    118.8506820794184     0.07434636402385794  254.09280799765781 32.88111564770427    14.766017515239824  -9.187747909962345   -5.2638673080961444      2.2324462300417776     -8.527103726137579    14.71454961612256       -0.3984162073949701    2.921485431788316       2.156217933926629     17.107653589807096     8509.599002566      2171.418106153329
Planck2018 VIDE     -243.75656714730027    47.328029352904046   201.31890330477017    0.10951400083657557  169.01210611729863 39.033777017472254   14.342507146488417  -5.529347444231702    3.1742371686753423      1.1877929025600622     10.884141967336003    15.009593600852096      10.55587438532793     -2.41616566946029      -10.98704362014584      18.11398495249521      7591.687614192642   1957.3857699494217
Planck2018 VIDE     -148.8057477327764    199.719614634122       34.53694503459176    0.0856303525132628   126.68881052505549  7.894799937973837   12.18359178522038   -1.5638093672451474   3.0138778109978146      2.6446785847549608     19.091702481573286     5.843002982922897       4.630311678744492     0.34809610116212625   -13.418434256867458     15.497488974677106     4145.838581045563      0.007104720993260389
Planck2018 VIDE     -115.5033060268353    237.4586573657589     158.99650872539206    0.10549071133306581  115.93895473274955 31.05310888347746    10.884050537467743  -3.2234117097358497  -1.697040437833368       0.4163428759061381     -7.403856071882801    10.761905477132453     -13.455946770504394    -5.00529392220472       12.668670899738014     12.886310974523333     4215.268209877047    846.7684461909703
Planck2018 VIDE     -165.79061784686047  -193.77801811608785     47.185420131383054   0.08838357375939199  229.4507031856267  10.482579579967691   23.485312332917726  -3.6212513940889193  -7.954798595250629       7.715029774002662     -31.32670552194513      3.717892475774325     -10.870572461376678    -4.94698801689687       24.058991385144775     22.48470177075791     20416.321185974775      0.0
Planck2018 VIDE     -141.8677489839833   -105.99180008864766     61.62232670669361    0.06350846915350643  216.76403188271885 19.186497596640095   19.207420711058766  -5.13459002705083    -4.326748246757119       1.3139751183690753    -17.68851378395646     14.023162927848334     -22.9445523244136     -11.813505275741898      20.61036690944749      21.703883215485472    11264.459876197203      0.0
Planck2018 VIDE      -42.40481025291372     3.113341309846313    61.81763968329754    0.025177291245878943 175.80090485861842 55.47931965935695    15.010916443340301  -2.966737074343274   -1.8633461252617676      3.221355880944714     -18.494502825377445    18.027251270307264      -6.6050815825125175    9.616354963689837      16.636313179513117     18.479301478187793     7119.759552783848   1169.766234932719
Planck2018 VIDE     -215.01974127595338   -56.07860731874636      1.606532191675929   0.07548795749802327  194.61750605883947  0.4142251216952202  18.64795305699519    4.542231818641762   -6.935029204590994      -2.9110772240971627    -16.66255830398517    -16.626383747117483      13.609825949206602    16.22299474847725        1.512597477838999     21.70972818358943     13606.091028432282   2506.9455152307714
Planck2018 VIDE      -47.186694416407114   44.974994938816074    20.149700824896268   0.022883351610906915 136.3747222782975  17.176719571112994   19.22646644188552   -6.719340045193953   -4.274945328657666       1.7433562015426347    -14.473917418417827    25.084598686674365       5.724656296638948     8.368601832519781      -1.6236493486172467    28.273320835793       15556.738902166127   3669.7600166563125
Planck2018 VIDE      -33.89558354014836    31.136965976784726    28.83025115569458    0.018194430627881713 137.4289751172284  32.062466088185616   12.875415419397463   1.2314952070688554   4.2347203558011275     -3.185304234631242      17.443544626006904     1.8607267966946763      9.217737798652031    -8.257143039661342      12.288805177402304     13.145061906666589     5724.5030261995125   746.1055884550874
Planck2018 VIDE      -82.34039125206748   -94.99818893383112    182.4660048922028     0.07526767739711879  229.08264539088702 55.43374298073597    13.283354714712068  -5.841032159964648    0.8093923125661205      4.523411174706304      10.951345678014226     4.001875633056872      13.425282951614944     0.9710959628703608    -17.17244733975103       4.3267014335811185    5718.678241332408    355.2356344000227
Planck2018 VIDE      -86.81270141339255  -165.57810684656127    102.29624638540724    0.07233872982091173  242.3319502028815  28.68604249410892    13.834323893155618  -4.362731057341485   -1.7929835952130626     -0.0659103110000142     -8.10352267066807     19.31067898474568       11.072006580572724     3.9394364239835973    -10.355442245751698     20.944165055954613     5675.026285876052      0.0
Planck2018 VIDE      -34.08117381487325     9.919321854452965    25.738291560966125   0.014676126367205982 163.77236888928496 35.94652164582019    21.064523731202307   5.516511731217655    1.8161312711570274     -3.683779481719828      15.568554306596411    14.131715760174705      30.281172890814762   -15.565269059042409      32.62699759010273      -7.22385226598643     18257.262345444295   3902.8278698346103
Planck2018 VIDE     -215.48118724860032   -45.33450214874787     30.24141503275661    0.07550432865423677  191.88103007243146  7.819915486051501   13.06706331964839   -2.0939247620678514   3.238215036726651       1.9864277714771155     17.939982367547596    13.51568324727979       -3.1220442552994156    8.521501499456937      -6.709507032969264     19.92028611917308      4734.186806832328      0.0
Planck2018 VIDE      -40.13225867465014    55.24558352417472     80.53055337849129    0.03551881955983623  125.99592208841408 49.70459804985987    14.937079330746915  -6.862670084659947    2.5321275005820993      1.2431790749350435      5.998131331814605    19.339623295787142      -6.280024898153269     5.380220449951281       4.800577416163485     19.92231395779363      8553.942217196032   2092.3141735291624
Planck2018 VIDE     -126.65103956529221   171.45845410137522     91.49609200210605    0.07886638682552265  126.45213187287166 23.230487112745866   15.519886559343911  -4.599312541017728    5.728697028514393       2.068860133071783      16.23996238334208      8.598741119515998      12.293281478271451    -6.910334341700528     -11.834157780299789     17.406453213004944     8173.076134549157      0.0
Planck2018 VIDE     -238.73821713979675   -89.25397445394422     75.10775041392333    0.09060155795399233  200.49861295647457 16.419323420120243   16.37559603558275   -4.689891514853968   -0.5678710137054314      2.5702068942723706    -13.644415177520036    -0.8905552564373724    -25.09391272202962     -3.074712493940278      28.398479258325434      0.6639952495556206    8951.777542737407      0.0
Planck2018 VIDE     -186.30454907539354    -3.0024181338330695  256.4402323207737     0.10857001782122848  180.92327856761074 53.99795191506991    10.005481767303072  -1.1425109374513178   1.3094976626932107      2.831724800481199      16.292009773864248     3.1239848424295023      5.128658161903761     0.6411472432584844    -15.648425626212038      7.495111995588746     3030.408437689643    638.6305212364399
Planck2018 VIDE      -87.92913449243053   163.91619146531116     77.30510302458474    0.06830712590589168  118.210327456911   22.567502028771      14.048016321015528   2.2474665279705355   4.727806119503407      -2.1072457846768025     15.911535510766376   -11.932175872710962      -9.80064631810351     12.658590725854623       2.0370907422146223    18.0713276550714       8849.708572167252   2509.075403178114
Planck2018 VIDE     -201.12162650055032   -43.83492877523517    242.62336864674762    0.10898997295288779  192.29546444632862 49.688520319347      12.912339894687983  -2.1916498366609765  -3.5105099155501414      0.21238763111548442   -19.22785491179453     11.80904896219287       -3.224959938499681    -2.1265870194844236      2.6908798099954727    22.532508769506652     6676.159872208649   1419.1703224625858
Planck2018 VIDE      -72.91037176146084    -6.090932347402336   141.13778311509117    0.053716473753816975 184.77540086876104 62.59824982924598    11.977167059598829  -2.6250411865374863   3.6994816917442193      0.9036510256246753     15.61556173019082      9.645184462781335       5.875397923046563    -2.815492270573161      -6.386556074477622     17.96729449731059      4968.824654860384    900.9027957189323
Planck2018 VIDE      -62.48061221019031   130.97556774162607    129.01020105274011    0.06580308410571191  115.50301879371133 41.637706971783466   11.710382477024162  -4.228680946968044   -1.3755071170486268     -0.03473936040186253    -5.543962246711923    16.873234008684616       6.747218546823287     1.9560692021870574     -6.462222637333466     17.767761300880125     4650.294908455969   1025.8175261628207
Planck2018 VIDE     -168.9959352918079    -70.99470102447243     62.73559941380761    0.06565530503268052  202.78713438183175 18.893582622740247   20.575104229629364  -7.815246478303252    0.971062466269837       1.785353517244058       7.704641576529057    24.609374905238557      20.34131185109884      2.994496739336716     -21.38762873701983      24.741012454278945    14043.48277511288       0.0
Planck2018 VIDE     -209.88829096363847    81.46814358974426    192.55807884246192    0.1012858395435857   158.78627660207437 40.539163372182436   15.6257569198481    -4.671867285851349   -0.17033056848215508     6.011095692625962     -16.10342751715512     -8.91533914943367      -12.768326261577206    -7.311194342210672      20.511586824646397     -5.1010965373880275    7062.142640998096      0.0
Planck2018 VIDE     -173.41892612535136   -36.190912993218326   262.1961030858225     0.10837587503008102  191.78791010643232 55.954737023856026   13.223452207766082   1.6821376776306585   1.1436392836360447     -3.9324307866366155    -20.190665780721456    -4.18380193995617       -9.853508428263346     6.261436075886624     -21.67753610237498      -3.6259212414480078    5746.083024185909   1110.622122179876
Planck2018 VIDE     -121.5551227968059    160.08812460027087     26.689800435999746   0.06876799627120939  127.20945020967373  7.563512871115171   21.171564297230727  -5.408071305411474    3.141905992892413       1.933621236893888      20.55847822880082     19.95186022968085       25.07980675937278     -6.142941463527929     -26.78790094203037      26.346215109263127    19955.10817994275    4270.214564448329
Planck2018 VIDE     -168.01749484737667   250.406324021503       46.36438549411248    0.10438793073390275  123.86079894183916  8.740941513967417   15.589059728766637  -5.381326460389933   -3.333649913745889       0.40130354771754334   -12.93679370692649     20.653874375972837      -1.9046025385432221    0.3055696307936312      2.4331027984550806    24.30948574806119      8983.520392588647   1279.1707778425416
Planck2018 VIDE     -173.16450086330138    60.4506135850866      19.93373222265665    0.06247243708202841  160.75623383144116  6.202697179588515   15.80326083382283   -2.2931454841108208  -2.1606356790987964      5.213863727422465     -21.830526251086965    -5.510381584624491     -11.88494808940188     -8.927044345460292      23.14645991402721       5.665674680460322     8634.372681224988    591.8049916184144
Planck2018 VIDE     -176.96690981549096    21.652299502265315   262.64676815844683    0.10873065518652174  173.02440301191012 55.83104552978943    14.481838975785443  -1.6140038486868322  -4.440669015023235       2.7331216723578655    -19.834590114735818    11.101376569456102       6.324063194328263    10.699200490227259       8.05826498511828      19.411004983759724     7776.874873623706   1884.3428570511007
Planck2018 VIDE      -96.16674032433559   144.74048401181784    104.62592164487468    0.06879200765635535  123.60038245936245 31.05113510814462    11.175749795404908  -3.9490243517357877  -0.40414122917293754     1.6899530605750759     -6.134221484130684    12.55111930219412      -11.332720230093754     3.853955000120125      12.773239634606917     12.060426640183207     3810.791812441366      0.8677052656091089
Planck2018 VIDE      -61.755019650502135    0.5346415523852472   87.27373308460602    0.03597048928578119  179.50397652873605 54.71570754667705    11.754534187378807  -0.9703039395736586  -2.009451439901642       2.5478019203230047    -17.190713964828642    -6.671759259424354     -11.80892183756193    -12.026631857271514      16.316945936184176      8.28895765675243      3841.549125908467    124.87188905337779
Planck2018 VIDE      -88.94649887766654  -222.65440828975326     61.40304272967919    0.08425909248765565  248.2241649568823  14.36463469047389    10.827689909275309  -4.208431320037582   -0.41477579187803515     1.4748510591957857     -5.6466204486998475    7.4016100138259295    -14.030844379160467     1.13761698924976       15.038957769831107      7.47558780056038      4485.582968980237   1238.6996901111477
Planck2018 VIDE     -164.313807154598      85.79672379524246     10.17020395939663    0.06286822180570566  152.42861366210641  3.1404352280484154  16.34432723088409   -5.362813899046067    4.690264794091997       0.554983943153525      15.138482642440646    15.981258217674771      11.222905488586232    -6.129540207999668      -9.605249471420551     21.945824131137105    11375.270702817947   2160.8512615028476
Planck2018 VIDE      -78.97079305663704   115.73978242224705    178.39665474564674    0.07708927137898743  124.30623815798394 51.85355057611248    15.860260690873456  -4.07811143875458    -3.8268197937377675      2.85960591636406      -19.055109100706098    14.631204181318271      -7.594709641191532     2.035040349504095      13.613058310870569     21.119638191886047    11720.028272488811   2218.8670591781943
Planck2018 VIDE     -265.8870100644673    -69.29013685597668     20.139053907656      0.0940200371898898   194.6064085650213   4.191996225590476   15.841914546495044   6.989816707496853   -0.7544401854249331     -2.5791314722966336     -7.207977554027576   -16.068045145041108     -14.834475631323242     4.044925354399469     -16.351003948523882     15.745277706764629     8591.21481826525       0.0
Planck2018 VIDE     -212.47162428381623   168.54164808421962     50.46317324442574    0.09414325006118279  141.5770334494334  10.540613754582854   10.898534105257474  -3.6320363363673995  -0.03228096807914895     3.4364659732963907    -11.035031632325413    -0.8342026133348095    -11.670874974801622    -0.649200707212407      16.074726156359745     -0.5351465285984806    3039.9532147642058     0.0
Planck2018 VIDE     -119.00551837003749   239.27236469335548    138.91166246967174    0.1030134257212991   116.44410961401677 27.466060673555365   12.45702744271353   -3.0894050884727626   0.5726070721175434      2.1682330346630665     12.789444455635161    -0.9969691237305744     18.486318449224562    -3.339439898133335     -22.22673658992717       1.1116443246694232    4763.087173514128    925.64437113355
Planck2018 VIDE     -127.67771842475067   236.9598459616133     172.66308316709114    0.10955675009535583  118.31649057676695 32.67890882347934    14.191424675327907  -5.838229122329759    4.873283913457659       1.1070066310590472     12.512048591480783    14.20166811451149        3.468313190140191    -0.15432129255167407    -4.456815525136873     18.805997864358478     8127.397217862503   2350.8807029273084
Planck2018 VIDE     -203.03632148289302   115.65302354010606     36.13975833992051    0.08041812866777998  150.33340779534765  8.79197598725561    12.130736342876936  -4.425658076607857    4.799528862533828       1.0368259073906914     10.497520214981112     7.4895554160507904     10.138729811794672    -6.208675793376108      -8.464509522951783     12.681185432271818     4515.845857230886      0.0
Planck2018 VIDE     -216.233458691346     -26.930117516923772    49.95446922538785    0.075951357604254    187.0991693415247  12.911941059241075   22.53905499901426   -9.376947761894936    0.2241529145867843      1.7817148672627894      6.410137190667241    -1.8787034147572512     33.972124014723825    -1.148741294374222     -34.578340057872566     -1.6954740959053762   17795.129574411636      0.0
Planck2018 VIDE     -173.83485889914408    34.22341830121482     75.37835585867795    0.06524168112535092  168.86243472301092 23.047510179513825   13.432463305145015  -4.653103273603685   -4.356195745799771       0.5733909114249148    -13.231026478351577    14.249475264138686       0.8862555995217373    1.8790412959865144      0.5408077121751446    19.35719112303695      4690.314305543126      0.0
Planck2018 VIDE     -257.17379108476143   -66.83272041678447     -1.3758187753458033  0.09060384335370103  194.5674410363215  -0.2966622885480405  16.444775259487088  -6.840288528020732   -1.1893862678355065      5.571546405918525     -13.946499169136477     8.454569774261495     -15.317529975533185     3.2381728830188563     20.455923909528316      8.342393373582617     9359.317762091428   1248.067918305709
Planck2018 VIDE      -50.01608553054697     7.826730326722015    12.163018275234908   0.017439234470225    171.1062388698667  13.50972490721962    12.635383229614266  -1.933101032966802   -4.465451359718326       2.7400275320615908    -16.0120119306944       0.6515426264306544    -10.234716464652866    -7.857403021535894      11.389278244897225     13.017794058690267     5265.907464914742    839.071556317506
Planck2018 VIDE     -121.10763254956373   174.5411107605468     132.05574880120227    0.08517708725600055  124.75535284915608 31.865419058026554   10.706593161846332  -1.341948961644355   -3.0227094902751137      0.6142110454044183    -14.448119223398095     8.310712201017525       9.332671716500341     9.902537662215657      -1.0848743350829044    16.296418405261438     3312.4061354594546     0.0
Planck2018 VIDE      -97.88713313037007  -216.6419494391511     130.00744970977183    0.0924315935291719   245.68472442765    28.672918834954523   15.242971300996205  -3.0909046026225804   4.8719807364614525      2.0282401039368283     20.044472430171123    13.254662171337957      -1.2922073034737322    5.424757917523633      -5.994005322035279     22.665012682355552     7194.718303418221      0.0
Planck2018 VIDE     -126.4512404202417     59.26273746397841     26.944719975104338   0.04799005444121573  154.88935611848262 10.92075287404621    10.550259182493027  -2.8310886704108706   0.7275356524887703      1.6700841278768404      9.60877593500785     11.273291474492497      11.377615594540655     3.133329236811922     -14.333055081362167     11.555430748459184     3146.0975231095586     0.0
Planck2018 VIDE     -163.13993149277817  -119.36662884567254    246.48293309439066    0.10919972648368018  216.19228027223014 50.644070265977454   12.277546864474946  -3.764055146274435    1.153359312525429       0.06698910208603176     6.300871378883408    20.66655043541272       -1.7783648242864982    0.8726639305983974      1.5931035039183135    21.605520178746914     5267.766286525513   1258.2869228757472
Planck2018 VIDE     -272.2627572333797    -25.636090623275695   158.100619713408      0.10818063915691789  185.379075170919   30.033671644544164   11.433044171062111  -4.137900897389719    0.3495885532817357      4.717199616201443      10.777634159513244    -4.96035469948546        9.821688512909185    -4.279801418541018     -14.591329561093643     -2.6728638524023176    4117.71803135905     755.4289209011499
Planck2018 VIDE     -112.07536695167727   223.0187824185455     112.81297565980975    0.09346195487069886  116.68125696639207 24.32210898758894    10.965711873383974  -3.7456829480918556   0.40598104954463704     1.5607321696186411      5.5735697578862995   -7.541952247852348      15.338131267687725    -4.415121507363397     -16.227565991844394     -6.374931756159012     4865.560772466044   1034.8852895217103
Planck2018 VIDE     -268.5052697410823     20.83279618012114     87.52521575780703    0.09670339108629196  175.56342141677447 18.003918411169042   10.246285458423666  -2.8551521901345116  -0.917826069606312       2.8236788531431927     -9.111162983527915    12.282398115817129      -5.220371198623805     7.2571441792061195      9.86518595020937      10.544675047183357     2860.3687101112278     0.0
Planck2018 VIDE     -280.0905930772097     -6.656503044038904   142.24050905173155    0.10759266085106896  181.36140863514476 26.916638820487318   17.225412284040488  -5.963702086210081   -5.427042681920765       0.7212896155415258    -16.815726829663245    17.691115985614744      -5.924865045022362    -2.397478004845595       5.86734964567048      24.32381112889578     11212.17852738496    1819.0720308675795
Planck2018 VIDE     -273.7103750484088    130.34124430093476     97.38215865921748    0.10907405294273753  154.53614806904957 17.80822576781735    15.204666246207244  -5.810068605833593    1.151812693165713       2.7517777843728912     10.377106921793217     3.5156764275042534     20.438533493082737    -2.1248664055786355    -22.571783394014712      4.961464222694014     7566.728833379943   1517.383251735782
Planck2018 VIDE     -307.0708153864565    -81.23056577780962      2.379290521551099   0.10880113544986594  194.81725794867637  0.4291765721248337  15.668495416320205  -5.112033723005241    0.5603791540790634      1.9390694086271782      9.28094434334454     -0.9836193487065245     24.75192483030094     -2.871252549290908     -26.301529880267022      0.03140125143455022  11052.192188714953   2855.130993127275
Planck2018 VIDE     -312.66727167909823    38.66285875635498     -1.1661672816981343  0.10788885018628323  172.95087570732525 -0.21208204661885965 16.119464604727927  -3.126591847523586   -3.018474288725627       2.8330842615211385    -22.161054436344575     8.08767901307538      -15.840023392976162    -4.7992791186126125     21.647081769028702     17.767128730750773    11579.765162354768   2850.082974950669
Planck2018 VIDE     -165.3467238429689     62.28047186956822      7.402602874345006   0.05984333960637557  159.36031950308325  2.399097359674939   10.705590280561422   3.9754970427350527   2.153978868937242      -1.1184940105076304      6.942846201270886   -14.358084749454921      -2.973414766798666     4.82694791655867       -0.8713712954677054    15.478493087702693     4276.453025516206   1090.737893296845
Planck2018 VIDE     -157.43405899891206  -172.54750217026074     93.37147332471227    0.08566665525265782  227.6223640136726  21.78887954401817    13.682040246224313  -2.652904057761099    1.5410946660919855      3.3124166180292245     14.997452616916696    -8.965799805706459      16.18273162547212    -12.103343099586874     -20.514798381386083     -0.14906387595531861   5679.550373101318      0.0
Planck2018 VIDE     -171.01861970971711  -181.87918302379208    124.21476170189943    0.09518914169074633  226.7627429072549  26.452481242914846   29.335518456363044  -5.638050507952778  -10.024193590833418       2.090308820414335     -40.686960026425744    21.65732168034585       -5.883317498926275    -1.1727609422347962     10.116169481605837     45.34945024842498     33507.77868341915     176.12870955083596
Planck2018 VIDE     -147.80326356347675   146.738981661928       26.8409617818625     0.07126207592628839  135.2070283525591   7.343415586989341   10.179160524186798  -1.7104514120677512  -3.0237472983287144      1.007825325050945     -12.41679802614131      9.372360605850936       7.046181681703426     8.498895429399829       0.12763225030187975   14.807005727414785     2717.706969528144      0.0
Planck2018 VIDE     -197.8649802266654     -1.4092810353331997  109.6990927175747     0.07688206047331508  180.40807873142904 29.003978344230163   11.627117397201353  -5.836217643057847    1.0617065726904755      0.46257608907150677     3.157482813021568    14.345318125044487       6.911810696334148    -0.1183596627922619     -7.042373482132795     14.670368013894237     3483.821053211787      0.0
Planck2018 VIDE     -132.10814747825103  -118.84455448331111     92.33523909940826    0.06790041494130884  221.97456351041288 27.457236774668054   18.8183912884166    -7.288565627696872   -2.925765972952557       1.0462724315105925    -11.280142930089976    26.194171025940634      -5.331353087753014     1.4890382869307202      6.388469138589048     28.237501067225768    11874.66835250295       0.0
Planck2018 VIDE      -83.45574178304416   188.99809855926458    177.3756530205879     0.09290063613380628  113.82477707892882 40.64709048546839    14.184143360212756  -4.840493848959171   -0.23167435650690682     1.0452305931939958     -4.8681260972344855   -3.259580058690713     -23.26691899429256     -1.77445410533327       23.74280076032333      -2.9549805702378498    6821.63487974781    1721.1781484563328
Planck2018 VIDE     -130.61753970513647  -172.81409184179185    129.32289108173626    0.08592475072251539  232.91703086069998 30.83696434476987    16.125503937427066  -5.359789099116703    0.7729851244192582      3.5426442520664234     12.895597214307738    -6.5742634652937175     20.944662788325633    -6.098962598243551     -24.399361891334934     -3.9035275570206833    8270.503800556056      0.0
Planck2018 VIDE     -177.28741399869304  -200.61809271032448    102.01621714281265    0.09786835374058034  228.53277462899456 20.859033081608136   14.716538817291157   3.425817793692903   -4.014678663643169      -4.763405759575823     -13.451802628780065     6.368074879582342     -15.04159056918998    -12.77665436692894      -16.28136513499915       4.5333025230877       6387.067132635053      0.0
Planck2018 VIDE     -209.2189998042685   -225.33660808312413     -3.3852565295742294  0.10523560656869631  227.1241189909725  -0.6307653023867209  17.73248653617069   -3.4336736132872345  -0.25113690538074074     4.157486138050373     -24.16293802956386      8.427410782732176     -19.447138530971763     5.585412838813582      30.977431177761268      6.484221472165774    15736.78867352911    4991.721354656722
Planck2018 VIDE     -106.47928482126542   -44.810974264654156   263.6769319921273     0.09834732578533228  202.82341117225593 66.3404203504294     10.334477239874179  -3.2928152144107194  -2.365730187964754       0.7126459102330285     -7.179811623046809    12.387348668915688       7.946908365860905     6.710289869965303      -5.112870533103021     14.032315720917655     4302.401839870396   1384.4618035850522
Planck2018 VIDE     -200.26141213237145   -56.30175821226905     41.29877935459277    0.07198360360344716  195.70286733419442 11.228796680010694   18.63403168614204   -6.65273618998746    -4.288704158830948       0.23159577929520989   -14.898580816224506    22.619187738703225      -9.10777932833788     -4.273991179352222       8.092805572719902     27.08992858532707     13630.253771272597      0.0
Planck2018 VIDE     -138.3236009176969    156.05634649306674     45.183638278504525   0.07242907209201109  131.5528043995698  12.225378311343663   14.734109613551915  -4.848596534435153    3.927351927248697       0.3528459929180031     13.935962217601645    17.501942918311347      -3.3057797508140254    3.067739790773765       1.7791677512683883    22.352002798809313     5767.3273541347835     0.0
Planck2018 VIDE     -141.1145375734818   -218.07242259018642      2.501223750720673   0.08852603387121202  237.09311766809782  0.5517088585313324  10.77563694338952    3.9513548119426916  -3.9020413134643674     -1.6711043752875838     -9.809843595929827   -10.769833262801852       1.9520992713765355    4.411117849142359      -1.4947587479791675    13.92043637222161      4413.6411886428     1263.9132790831766
Planck2018 VIDE      -84.87526178122678  -232.90707634422677    118.0846607043696     0.09369665509036651  249.97740770213485 25.471209157609824   17.758793807375415  -4.088546840282359    0.05088276283797051     5.717396979201114      17.819078531210014   -17.701038571353667      12.900068902236606   -14.48284648460811      -21.984593235988047    -10.161120454039288    10558.70194320403     592.0150731781196
Planck2018 VIDE     -220.6304523168797     62.873652502717185     4.885858618204225   0.07799847542863646  164.09389551666126  1.2200496717821305  11.476021977314558  -4.260329758771415   -0.9985419910673561      1.2880108366266054     -5.029395009851969    17.175159274785592      -3.3204406114676597    4.123319711587111       4.521899270846153     17.14427188466401      5230.1275310685605  1103.3356855333143
Planck2018 VIDE     -154.16178493116854   -14.573490399380214   137.96606320360368    0.07036383482915019  185.40033566423773 41.70011369532693    11.147975373719646  -2.931881924285907   -4.6069421450924555      1.1201062759447278    -12.963673810187476     6.851525928437508      -5.752469651221515    -3.383378734327149       5.640430641682909     14.342809276648982     3580.1959494942535     0.0
Planck2018 VIDE     -121.04420851228178    57.48756001329949     49.67217417638333    0.04822455230716122  154.59554119808055 20.33886167341618    20.740469068131613  -3.356004894407959   -3.267152133279202       7.16446496933536      -23.072837001495937   -14.426996623238049     -17.386887539053387   -18.703521458906714      26.11729005797098       3.1488813841893015   12978.329065070186      0.0
Planck2018 VIDE      -78.93871316867293  -117.05190196630456    135.3905663483617     0.06629892480201534  236.0046401454647  43.80032109429264    11.595983343267559   3.484217881619032   -4.421954452994997      -1.0033949447816337     -9.442334871609251    -4.548476336541816     -12.742735928338808    -9.070690050604776      -9.43660484587894      10.089722296389285     3623.735710319257      0.0
Planck2018 VIDE     -268.7749628218302    103.2165176887887      74.04248440114128    0.1016446743012494   158.99192276334003 14.422234956865688   14.418735985126347   3.0453601760455924   4.973187985132372      -0.5194947950375822     17.611260634156835   -11.637884717146665      -8.170932034346395     7.968021434553134      -2.6857080600194467    20.999178831454294     6791.90182549381       0.0
Planck2018 VIDE     -154.52644385061487   248.68240780681245     67.51042134666112    0.10276194101668305  121.85601934590473 12.984456831197557   21.127988171237604  -4.828322591101991   -6.572993346424696       0.3872383236711467    -23.424509786061932    18.184367081797884      16.590904513689605    14.224171753883914      -8.703489404453258     29.62235701284781     16854.217164020694   3012.47749873721
Planck2018 VIDE     -292.80276935844955   121.233678678123        4.2973738799830015  0.10855310111990571  157.5082179699349   0.77689999250871    10.924807153371502  -3.7960885128908255   0.18225076369483964     0.47910262062676157     2.3706066804123282   11.063341105753663      14.574602855272573     0.6902185755588658    -14.738164408644126     11.075231686390795     4695.0487283981265  1359.8649635803654
Planck2018 VIDE      -70.11452812876237  -125.80094546670387     41.146520835139135   0.050571990025823986 240.86710878704355 15.944581649754902   12.72981060319198   -4.4979302275753      2.21930748787127        2.960838016046915       8.989642506332673    16.48722293580519        1.2984727390886077    7.883143297092972      -5.570254531288104     16.150811309422522     4997.263009491123    318.81577923538435
Planck2018 VIDE     -277.7557943048298    -19.973052679275295    38.854088378382414   0.09600105845693431  184.11298443393864  7.94294558626378    11.035741619607537  -3.6768458504702464   0.36602322526598813     2.037546422469412       8.680894276794886     4.992293415380172      14.768259721986439     1.1301060543532833    -17.067953019140145      5.10540170009322      3286.420955956449      0.0
Planck2018 VIDE     -294.42871460318617  -100.99251857430706     10.68219828555584    0.10662236027649225  198.93257233003882  1.9655242555023418  10.75546227650984   -1.4483863813324782   2.2725566831846504      2.139151155864361      17.046430085045635     3.7709046919619484      7.535803387223554    -2.6330750115499963    -13.77128701206399      12.847301730980021     3704.545851295431    226.047484070995
Planck2018 VIDE      -65.0215114631866    140.47269084375233    149.99468601827343    0.07317875556345788  114.83831073831418 44.09835743633489    11.00697312674337   -3.077085920323269    1.802568295472923       1.2136150135517032     10.205898355989389     8.414133557363897      13.379346472953493    -3.691776772690027     -14.218281915729165     11.757855423531758     4613.772525389987   1093.56373710511
Planck2018 VIDE     -256.5478634544055    -36.16151659712843     -0.5851817136193787  0.0882907554978614   188.02322790717673 -0.1294113098122721  12.471900065779936  -1.9326394309760986  -4.674409139070987       2.204434861862613     -15.456188179317957     1.4394979286130758    -10.498126687762468    -8.328482980866577       9.863923222636863     13.614400120942486     5884.626433435247    716.403353092763
Planck2018 VIDE     -222.0589310885866   -186.81642700315908    113.84608151607497    0.10671809343378943  220.0736372254853  21.4208188930575     17.54218371773473    7.178646095260135   -1.582167459570545      -2.6026993412200716     -9.424013851731916    -2.528343182812585     -24.455916563186896    -4.111817799994045     -25.619859552976845      4.233152533082986    11690.75223498212    1217.402218378627
Planck2018 VIDE     -102.65511869432851   182.23930440152535     98.28079371806918    0.07856564656262213  119.39249397313733 25.167712564745493   12.005296231854693  -2.073197152186409    2.6154095635196435      2.093769996572015      13.103841041951297    -2.5452044480243776     16.154399977423285   -12.07711824241884      -15.465309871005196      7.3598686664963076    4794.107449179943    349.03304365687006
Planck2018 VIDE     -240.35005938834757   -29.11958017685234      1.4309716157857146  0.08238617038173204  186.9079943356011   0.33864146262812117 11.963929701144687  -1.930915071162043    2.705089801564508       2.4393371799875445     16.432312354290318     0.8837191449107087     12.027390134210934    -7.367465311401873     -15.353065331352047     11.193807427919436     4817.8089051009465   379.1613523151281
Planck2018 VIDE     -113.99164722764436  -185.52518506937855    234.631317366886      0.10966764660496577  238.4323192275545  47.13750363229093    10.622066382286988  -2.4968517940271098  -4.363637857970397       2.35920171809217      -13.01160156128754      6.586106589835066      -1.5889513053023563    1.5536789440985943      6.259313639053108     13.221711301745795     3234.6884077899454   645.3309762237453
Planck2018 VIDE     -131.0684620332101     18.642584150366464   173.6752203240333     0.07415966660472663  171.90480759009859 52.68276523703303    11.498949196943956   1.5418296824482418  -1.7696251644332732     -3.3262370256547573    -17.884964058524236    -3.4389031958815024     -6.460753895685018     0.001349855546482917  -17.062420322444876      9.078177346709298     3391.460022237574      0.0
Planck2018 VIDE     -312.693871789111      56.34423928501411     10.058348823824616   0.10888798774718876  169.78549440249955  1.8132035703168912  11.230506051186138  -4.487561219046013   -0.8166006487041532      1.8514984849474734     -6.397785458765081    -0.43883034796047243   -15.700149525194425    -2.7705820326863018     16.72538716559874       0.6615212138410537    4197.186320861875    844.7415500176694
Planck2018 VIDE     -190.67086156039616  -113.98822077761629      2.364674129834367   0.07546724023479383  210.87212890340058  0.6098734219150157  13.01089488332287   -4.4962662263832645   2.3088578780508158      0.3372799706212943      8.828536689818728    18.021234881637035      -5.67190153133154      3.78432774970118        4.445688411608036     20.01566332447892      7099.5488623500505   962.8503259459071
Planck2018 VIDE     -144.4042398759449   -138.7354671501052      94.749999288253      0.07525146068864272  223.85302782739092 25.32155779656509    20.363885442046687  -6.103207313227759    0.907438362640099       2.2108975041437913     10.14504179413499     30.8138189394903        15.358311184568572     8.26822015204578      -17.72437419333487      30.099287131781537    13953.910410368255      0.0
Planck2018 VIDE     -112.53862762823972   222.62360493396568    132.5435711850965     0.0964585954929939   116.81708859297464 27.983467078214396   10.894746456370894  -3.217758575927661    0.07998603538107034     1.4229045202054464      6.637121282550119    10.766007248886         14.404004905906211     4.0257778905532415    -15.854485838077546      9.995132206936375     3853.8526679046745   416.34536850410547
Planck2018 VIDE      -95.19705288597176    -4.467799162642515   126.45546810877197    0.05350126458179151  182.68704050194773 52.99687710355055    13.518357521349401  -4.355266956753494   -2.8584029439384167      5.801913227495989     -13.907693178186996    -1.168333609357088     -11.015553364229723    -4.918133747979187      16.537133992669016      4.455428075858635     5036.494231466026      0.0
Planck2018 VIDE      -76.45536245439833   140.6499782549783     121.35391258396415    0.06811723758894192  118.52788488900052 37.16394282296593    13.886013851721154  -4.471991135461055   -3.0127517922437064      1.9213248568061896    -10.0079787067169      18.36971849378304        5.510681974122973     9.06180046123675       -0.9455537360437456    19.609163170702466     8027.245239132159   1178.8489691304412
Planck2018 VIDE     -170.2515052569959   -135.50723893017113    114.44257199995758    0.08368697925789405  218.51711972691362 27.741762470314413   16.13032351234537   -4.528088108267131   -4.278708468976984       2.000616553439378     -13.44295767996061      4.400970938633273     -21.013734546703603   -12.390925954258973      18.64532282532661      11.831700669947258     7945.952116833333      0.0
Planck2018 VIDE     -136.89646472989284   252.0367352172911     120.63826415947908    0.10651778437447408  118.50907328804242 22.812240783366416   18.347381801058233   4.436732286187749   -1.795268321248426      -1.6012301453432023     15.661829786331968    13.568304496482638      28.183705365186867     5.720773030342827      29.746198050819775    -17.499588497029176    14646.075635373772   3811.365195984937
Planck2018 VIDE      -68.45498769068097   -32.929075405383635    45.3022336215043     0.029712141865498788 205.6890677120297  30.81061234174798    12.866977279779189  -1.9687233720862807  -4.431910913597183       2.400737781337817     -15.125072878753471    10.620845657498379       7.203434475276661    10.617554902302398       4.091820668211784     16.260673477112736     4955.538403070384      0.0
Planck2018 VIDE     -190.00904897565937  -165.59177722109848    141.99089719366808    0.0988413919581455   221.07196044435835 29.395470874196874   11.194306701001814  -2.678025940627635    3.0900594617763044      1.0026997048369248     13.830817804836293    11.912823451498364       0.22734228161563452   2.6697414903861567     -3.4378355201198505    17.724901141654875     3740.0246687706426     0.0
Planck2018 VIDE      -41.171668198541205   34.47983477766056     82.74820350807893    0.03316657572203417  140.05500171266172 57.01692657092652    14.592303161225225  -4.976098731231447    3.433154030919321       0.4869274911530995     10.522547637656393    13.099044320128398      15.177206615966439    -7.53439488961565      -13.288012727509047     16.692221645350074     8630.425165844317   1872.8702466836812
Planck2018 VIDE     -154.55423426179175   196.70088411604522    137.71976423789175    0.0975373998849769   128.15786406275333 28.834302092017587   12.280101769320286  -3.249914042278576   -2.8671929222187784      0.987819839009448     -13.9060274980587      13.75117882992114       -5.8372095773258454   -0.709372141513227       7.359201004403837     19.026597570619533     4051.46389849244       0.0
Planck2018 VIDE     -125.21335656835147    22.82779744015951    187.44458552123118    0.07699569082077393  169.66781191066804 55.823002604521925   10.55562027559086   -3.5817493968659297  -0.07533606595393999     0.12384196820569711    -0.5143317414315607   -4.4113096738136965    -17.5589757874273      -0.5215071905712628     17.5652738673455       -4.397616111978534     3775.0937831812676     0.0
Planck2018 VIDE     -111.5114279821955   -269.86574260652276     56.63724623176769    0.10170022864790956  247.54905955081    10.977073833468928   10.215100392148349  -3.967322551883304    0.0345874208399987      1.3602913036046234      5.172191186873472     0.6919471774279344     15.067227156270695     0.10012303943356558   -15.922956466923337      0.6968760192279159    3881.8348531090437  1136.734305515626
Planck2018 VIDE      -71.06273359455899  -124.71964923445668    106.00556489259466    0.060393313076504744 240.32638446219497 36.44541873812912    10.487069560166306  -2.1867957760735677  -3.8735907287000826      0.7495641540923856    -11.162499986415249     4.244990637254406     -10.62851178425599     -8.424471161038108       7.009796342276858     11.647414198293717     3445.6030950199934     0.0
Planck2018 VIDE      -87.9647211411819   -241.9415929293439     105.03727422286457    0.09490639808972814  250.01983011161977 22.19607047469688    11.759817219363452  -2.01713088172319     0.11550581328388872     3.257680414566304      14.406177920743774    12.02559248940266        8.493810628905939     9.962593581266965     -16.710335422612037      6.761251336865261     4878.903041552374    776.2170445695331
Planck2018 VIDE      -51.65645735852825  -117.71109078713285     53.69682086335187    0.046995483615167664 246.30616229890558 22.6713583981822     15.91806210437323   -3.640093773495106    4.825871139653726       0.552814046666437      15.68495611209137     13.58364094993023      -15.30024390936392     13.398312147541663       7.745103271638734     20.61134723345127     10134.450662393763   2097.1868105591166
Planck2018 VIDE     -276.4028309244294    110.21576814956586    116.52575042367349    0.10947971599480646  158.26033333796084 21.385071523256528   10.47539177400926   -2.5483874695142124   2.485734786735767       4.259910284577823      11.814223873174173    -1.6218350098272578      8.013941492218441    -4.847497537972579     -12.783035560921741      4.559235498434452     3377.301934872261    353.51861272832673
Planck2018 VIDE      -94.46349801093939  -144.18143867344764    100.263809012005      0.06760889331580583  236.76834542637863 30.185521743399395   14.92611513295294   -4.174979080711053    1.4941179843343297      3.8916408107443283     13.925147275521953    -7.35125658639007       17.76136252181147     -9.350813948266271     -21.762768722562328     -1.676236014982105     6453.939592680925      0.0
Planck2018 VIDE     -274.75151172055405   -32.2452624975215      51.33249916230847    0.0960671797219005   186.69370098551914 10.512178226037987   11.616625921153974  -4.767524470192922   -0.3502287165353363      0.16851357542356513    -1.3777166523283444   12.488783352483209     -13.02190213948026     -0.513922090596533      13.038784133884354     12.559347129038398     3773.356528697908      0.0
Planck2018 VIDE     -147.8343816743056    265.443813308807       96.16541324956513    0.10917008121609477  119.11487076850317 17.5628851762414     12.381302866780414  -4.693354993074985    1.010566901131123       1.1844669506895338      4.719215436283186    18.827404807283163       2.636292382004456     3.9725086378312437     -3.633956549274756     18.841175303585192     6822.210851268964   2360.108489255217
Planck2018 VIDE     -260.1690176608166    133.71468978963566     16.11162459686745    0.10013034625514755  152.79895879558376  3.1525999162234193  14.851758601604587  -4.152740888215565   -1.0621300751343283      5.220731517099556     -14.498471520402095    -9.641028792903594     -13.493975299216324    -9.567602141321268      19.490067249544936     -3.645233615247109     7092.4517339674285   605.9568488581361
Planck2018 VIDE     -102.05101784495157  -220.598143787407       99.10748465839757    0.08947712085740311  245.17424328515938 22.183168092773833   12.97448656527628    3.644690121700422    0.8783780766854365     -3.7804771181043426     12.235981403527264   -13.625575971195376       8.630644311847266     8.258144093829415      14.608907164321334     11.355847063388183     4900.610180671731     13.704407408852468
Planck2018 VIDE      -67.43312945919128    31.64547059866828     11.307394316023302   0.025283352338846713 154.85995935365847  8.631535326536168   10.885650625157385  -4.319574464218664    0.003075476378616361    0.4451157232950343      1.3861838926804781   10.771536051861062      13.377637834864883     1.0951627182228585    -13.455625911688406     10.720851054474286     4325.6843414843615   923.2857817562295
Planck2018 VIDE     -109.9367415534752   -154.70201391160543    114.30499084533406    0.07525673677184995  234.6010476321436  31.05983880723101    13.112268559109769  -2.384092205346884   -3.857997067190243       1.3727006256869883    -18.355622458154432    11.736033779181202       1.1044560229523877    4.298182488773384       4.760809463100234     20.845369907524326     5524.8713456705045     0.0
Planck2018 VIDE     -134.33921661950845   151.96930545265397    160.95925562605507    0.0882401597521702   131.47633311756223 38.43379465123571    11.50408374692292   -4.072704858703133   -0.17215044744458424     0.09460135588701671    -0.9306337428943539   17.109332369882374      -8.930287895815496     0.019920297261182413    8.942701671289333     17.131039722663598     3951.8744794082622     0.0
Planck2018 VIDE     -259.0118663184413    -43.52833537292768     15.996518824984085   0.08970099079091576  189.53972119002802  3.485334858713786   11.55617132770145   -5.473749310789711   -0.9856847762417592      0.04190487776677026    -2.9084195101871533   16.242895037340734       2.1576264111430032    0.5057045572535931     -2.1054713310101203    16.531940214589373     3868.300698221964      0.0
Planck2018 VIDE      -88.89392383576734   -91.39185805218199    166.1494397953781     0.07106581370905969  225.7938059741589  52.49943880390995    13.015805555416934  -1.3250413429049468   2.748302918483886       2.9963417123775344     17.006857113481157    -6.562047365666487      13.539604827761599   -13.300041293749512     -16.11233708642845       8.897008759562818     4599.662531820385      0.0
Planck2018 VIDE      -66.01857461316777   -97.50313688750916     27.46285849074344    0.0407264230632695   235.89839312749604 13.128304410465834   18.662404527211095  -6.5378892642437325  -0.6436797652748074      1.2063014578179767     -4.98573961255925     -5.970684051239345     -30.207558616244405    -3.9898957724443473     30.47219998653602      -5.36446189253575     12350.172084283375   1058.0025247379717
Planck2018 VIDE      -73.94577586344225  -257.1292526544475     164.1176710712583     0.10747535651943532  253.95571082036446 31.525265621398997   11.514531706786222   4.934695932307615    0.028299900164535725   -0.8389413870734231      2.285891001652035   -11.378685133132176      13.061891501748624     1.831289798676313      13.245977084863167     11.218564603565193     5232.079111778509   1396.2846726567082
Planck2018 VIDE     -126.51730419664811  -253.67276949420594    136.33923735377695    0.10771438302316291  243.49263310868008 25.685764784960806   12.796600479609879  -4.80404118023507     2.6104335850500795      0.39805746435035366     9.120437653631669    17.13922000502866       -2.325888937636044     2.35151206627149        1.3756771819342026    19.3581268394395       5421.709893793446    578.5141926033558
Planck2018 VIDE     -162.7830991405265     -1.8682226340896941  269.57800476082343    0.10784255101672756  180.65754106769595 58.87289762076026    15.872130947087994  -4.612238076045775   -0.4053769190692137      2.3361745628857866    -11.383777076641895    -8.329572054867215     -23.920004620649514    -5.621243161605546      26.39791610153341      -6.517238089766053     9724.018869388721   2110.4572856147097
Planck2018 VIDE     -198.61994077081175  -188.54549043621057    133.00273432914332    0.1041609407358185   223.50944011757434 25.90397466259992    10.545204987936076  -1.9681775120774458  -1.788362827010558       3.3104217568970857    -14.708932664030119     2.8987293389260635     -7.179088480550983    -0.7633016356387177     14.787386038698386      7.534658789050032     2778.15715190941       0.0
Planck2018 VIDE     -199.92475904336092  -230.21495490610292     95.13966186768745    0.10942243842648804  229.0280869451956  17.329359063541812   10.489528128143254   2.039703169835712    4.023879558771902      -1.116827895670101      10.603484553001639    -7.786327212364092      -8.688251691508672     9.385752714662434      -1.2639730669206062    12.587502721837133     4266.993513889062   1128.324275197951
Planck2018 VIDE     -214.9350628901895    -74.66912741134041     63.742627643492014   0.08036691510498647  199.15739026320927 15.6498564198054     10.239133515858098  -4.3917352116580215   0.1297677454544554      0.06317375176494437     0.44480557340139804  15.579678453568755      -1.0806932763838522    0.2561185484969374      1.0746187400478122    15.59752221682061      2694.497552895796      0.0
Planck2018 VIDE     -235.45580246023138  -189.04189880700676     93.4975738039778     0.1082575334103284   218.76015733712907 17.20470423595252    14.558533540757255  -5.6130258738505505   0.681033227330595       0.37759263736370424     2.755623941351616    11.580423517738103      20.076491247805908    -1.640426123044174     -20.06072719655923      11.796489316060587     7207.604432600101   1364.4680555816258
Planck2018 VIDE     -202.63010187069682  -140.86020017999286     27.687245837135425   0.08454685927305308  214.80545458735497  6.401465484741447   11.130707473373645  -1.764488854329192    2.815336503795265       2.291183196862757      15.42832806842456     10.166317995913767      -0.6103803691177017    6.195663610539305      -8.48969505697048      15.203292269970039     3739.285313386807      0.0
Planck2018 VIDE     -226.13640042284413   -24.00177876858667     -1.9733356502728523  0.07728771655914092  186.05860531523174 -0.4971754194010233  14.040444995123337   4.930600529610321    0.6738724184778374     -4.919688775320691      12.660711190479933     7.01602164748761       13.649809132963219    -6.242268453049858      18.504601425782198     -3.7214532180694078    7509.442977678113   1502.1760382538966
Planck2018 VIDE     -101.80423049795162   -68.34265573906735    166.73970141659493    0.07021725689715243  213.8740345093898  53.670088466114514   13.85606325017908   -2.7012381277209236  -1.377181088462846       5.0000819242880405    -17.91283255197457      9.079681503385332      -7.17637453795426      6.075209945113977      18.6366380166077        8.415184951723038     5660.089391781512      0.0
Planck2018 VIDE     -209.8391695663709   -187.06307255394532    151.0076102405415     0.10931651033754046  221.71570353644714 28.24361326237822    11.339276961937891  -5.050775443394953   -0.09577223817660409     4.441396131908846      -8.290574999148605    -7.439554846803414      -9.588501942009149    -5.065922458905366      12.71705981365015      -5.486764690302416     4268.508452303368    870.0967782408895
Planck2018 VIDE     -201.76541378868538   152.37437233620668     23.69727228413537    0.08650138699913178  142.93969277399697  5.35440464674237    10.256284509878943   4.096601701419939   -1.7178637255177385     -0.8527458701711017     -5.631556189919143    -7.265421485444887     -12.417812878644705    -3.3436892280816943    -12.298283578528803      8.711871291051239     3107.394070057433      0.0
Planck2018 VIDE     -151.58496947871453  -153.14882758373986    122.48055540685229    0.0843835116962249   225.29403263915805 29.613998237045465   12.319503973080723  -5.832563965997779   -0.47412114133123123     0.6766657559882556     -2.458247955645569     7.25755420427763      -16.103856987806235    -0.46151183251779015    16.193871448398546      7.368570797821828     4430.718922819378      0.0
Planck2018 VIDE      -50.47509617158372    74.0099694903348     108.52571502129011    0.04747735927484927  124.29414476205747 50.46171985561354    14.076272944948206  -3.254838852043916   -2.7096971972507538      1.3093732708864945    -12.77097724259298     19.65623513419715        8.931732916739286    11.26442273011872       -2.785534291386387     22.236536313215645     8418.233260857078   1951.6019759020664
Planck2018 VIDE     -284.001228907202     131.09628961832348     64.02091918303063    0.10937899282611908  155.22173286782623 11.567057201647497   12.67474917243553   -4.324348155190052   -3.5499839036036858      2.3869605648176244    -10.603145610440453     3.113123000858204     -14.579275891553555    -7.288651909338239      14.52872454401408       8.403184421567953     5649.944620518314   1153.8781290139443
Planck2018 VIDE      -90.16687104570781  -179.9700990951658     241.18350102529917    0.10757102681951651  243.38865938241872 50.15130026593812    13.608651643547185   1.0063372662919943   4.603870055346228      -2.3448563532528484     17.09992851924355      3.0360159298637477     13.299628398829723   -12.992865990014076      10.166511907078112     14.384716764349982     8245.106993946945   2365.1075815008867
Planck2018 VIDE     -318.6845477288335     10.130650973165082    -6.838412950223756   0.10925074335614389  178.17923979378932 -1.2286580973471308  10.785765049564057   1.706782801741609    3.1982821408373323     -3.507168660235727      13.495362795917021     1.6047238837391875      8.03098327748508     -6.197029074651798      12.079566170025407      7.999865652956905     4480.555017988103   1231.1083769931436
Planck2018 VIDE     -216.39406906304987   -98.08053736090898     -0.908652320879767   0.08081461808851438  204.38239394266782 -0.21912955559654254 13.634470799020487  -4.147301051938205   -3.040879113034107       0.05057271494518732   -13.085377565434221    17.81196766451176       -2.075421681334923    -1.0520737930372406      1.8024563511246825    22.102533410006814     7268.372860504177   1505.6194506257843
Planck2018 VIDE      -81.80455834869512   -85.49157244654732     33.84163173579321    0.04146069459603259  226.26252862858883 15.960840540553782   10.76902426005931   -1.947130956831193   -1.2970238180187446      2.54581477558958      -14.717291051544214    -1.3618766173247787    -11.950154311593185    -5.484802727681992      17.56366096931553       4.753235601291632     3202.4323292023505     0.0
Planck2018 VIDE      -52.78110115883396  -239.61074339718462    151.43067453042738    0.09850476682435096  257.5773607735081  31.682457118326923   16.15473161048409   -3.338082912497502    4.087358263925698       3.2558797749370756     21.920249263143962     9.785342375743088      10.189384059425898    -1.5780829714654894    -16.99087131777737      19.71203205490091     13513.237040557231   4073.364148039201
Planck2018 VIDE     -293.8388447025262     36.158932987822894    -2.7725679025525674  0.10121931391104137  172.98462152738801 -0.536561245183154   13.145699804675377  -2.1686266330621633   3.7859414275057524      2.3286947639389872     19.15880472566791      9.102112840924418       3.0438631173125925    1.9563970067217094    -10.359516568152118     18.664196901615863     7332.690964978523   1469.8683345155575
Planck2018 VIDE     -190.7068560149877     74.82042953465005      7.460750687316086   0.06953518174137292  158.57832681351712  2.085730813417645   11.825329162462758  -4.4534662868874495   0.4669755788565529      0.5061380575068238      2.88197289507428     15.123826880408995      11.404618226823633     0.516626910220582     -11.589672869408313     15.238677689065565     4435.800698668262    827.2135225856184
Planck2018 VIDE      -64.35204483846309   -87.99072863469415      5.608939375620816   0.036731402669296975 233.82011803423774  2.9454211349984787  11.119436768991141  -0.8450288540634899  -3.3473692011254204      2.1699046366809602    -16.251880002159012     7.141578380190815       4.687852088390067     7.649917091754444       7.678159543851492     14.823709258182948     4688.8910044694385  1231.6478003279974
Planck2018 VIDE     -221.1001506897333    145.70465566019362      5.79854549181175    0.09030267642590072  146.61517994109147  1.2544878044797096  10.577709849100295  -3.184876374798442   -1.5954386438229837      1.7162355927595574     -9.958472173248758     6.197892750763904     -12.718618143637759    -2.4415136381912896     14.565611945851833      9.009614489730705     4035.3419198675206   789.5267744173034
Planck2018 VIDE      -49.64755508787112   -98.96925532665188     24.51208152213052    0.03817445473788817  243.35954031093326 12.482821182203095   10.195595166810408  -2.6589060713057115   0.4699062980001601      2.1621724469521095     10.686339268161573     7.827816396551496      11.440175445158138     3.3391859593998103    -15.475147774106787      7.469548159754441     3856.0344722440423  1031.0962348855503
Planck2018 VIDE     -279.29686037868237   126.74302818863262     35.95854351355155    0.10569354890667643  155.5917739711968   6.68682349660854    11.177108054789981  -2.291063856554626    3.1357640219034963      0.5229961038505239     15.27754391666262     11.081924346138003       0.48093862356507      1.0938474040883697     -2.319478817675231     18.698824725702433     3504.1584859820264     7.105378452995213
Planck2018 VIDE     -146.01913653545407  -100.71116495508119     84.77621939762103    0.06664002662586693  214.59449893058283 25.544561936660735   10.134812802991823   1.178127611265561   -2.4159391835200164     -1.6047225946585035    -14.679812057596838    -9.961742403207658       4.220213460781656     8.363237545685369      -5.936662917659074     15.077732260270551     2930.8726612541277     0.0
Planck2018 REVOLVER -193.03763363498666  -150.6759686574153     186.00774518326142    0.10523847543288746  217.9739000534451  37.219714371283374   31.376261099592984  -9.477323220823813   -7.628031526550247       8.983242643665333     -33.71972969017936      7.503381494582972     -29.20290111290903    -10.254682015569616      38.26317462787925      21.67210372707941     41925.63915353246    9292.113159037122
Planck2018 REVOLVER -242.9704587648353    -20.9712576779724     189.49046034606863    0.10570352330633805  184.93308545145902 37.847280945391596   31.861814037195803 -12.221696002589699   -0.8902073216404813      9.673288849091115     -27.321375490908505    15.220496089174617     -33.11843092486645      7.530898431757407      42.79027929993667      13.4527742546828      48117.25027938029    9998.465391682252
Planck2018 REVOLVER -147.3552516327045     70.7264285500037      98.22504038593726    0.06460583665246246  154.36028740585218 31.003751011482613   36.672191294205675 -14.883935081640624    6.88355092167475        9.885265909913697      30.09913930828281     35.062784029145554      20.903552624740197    10.600803749739345     -31.82972413819819      38.12575252776083     45840.65626357612       0.0
Planck2018 REVOLVER -257.3216798969877    -78.91768779061874    126.87270594083253    0.10174093571308661  197.05019225218174 25.238277273000744   38.811382194016154 -16.104607852803227   -5.153049432187501       7.811776988580532     -23.423976464952837    -3.7078852611010933    -50.73632695097062    -15.60207283923139       53.727773897900654      3.2766693222296945   59534.20496793865    9030.66910527272
Planck2018 REVOLVER -168.55170438613797    91.00062797754612    229.82812816461018    0.10231285316593054  151.63550500314085 50.190756144662934   33.185689756223674  -9.067113259652334    4.421349826040889      11.92971372355147       36.50584331766878     -8.06144681386675       30.73377123415187    -14.834909335235395     -45.65571348678796       5.645573674611146    43674.61524016081    5371.243772515115
Planck2018 REVOLVER  -86.4288328370224     34.53488276720797    153.5903246817708     0.060787218144237334 158.219538767109   58.78485735499601    28.225542135444435  -6.9166997918828494   2.345514260017629      11.751279983281227      33.70511286948677     14.183220837057195      17.00761114770619      9.156134289570845     -37.10098915673214      12.79444719868033     31021.64985959701    3742.68856003738
Planck2018 REVOLVER -217.49308611265656    11.272859245141772   163.475310336851      0.09290527411767235  177.0329640333005  36.89287996118408    40.858356995109865 -16.837001097904526    0.9838132935912638     12.71384433575794       33.502131193661306    15.48543671328459       43.16874005218043      7.319166617207158     -54.642624590404374     13.921120328697851    68181.43051700607       9.226998744894534
Planck2018 REVOLVER -108.93766785554179    77.14465201305075    272.4392882777278     0.10378698570044023  144.69562687716876 63.89658747775064    24.797044495032868  -3.3573664519346353   2.5092316018906815      8.169133874914117      34.86462147612619     19.364032777561906       8.380872264571677    14.93738114764657      -34.08244905551735      16.607760707830135    25678.699405826374   8822.812570717335
Planck2018 REVOLVER -161.46903515405512  -120.1791300197133      37.202314582426865   0.06943108631652209  216.65979115172328 10.471519664956984   33.51061753706989  -13.88690628753223   -10.159475986413414       3.4642970595801392    -27.25851755359586     37.411433099341814       0.44571160027030027   7.646323377714712       5.030303292893283     45.40286788168206     43930.55091209431      14.667772440058426
Planck2018 REVOLVER -151.8020314157801     51.61722579023511    267.24027312742186    0.10669218360111996  161.2204324421502  59.03725427093885    20.964460805045253  -4.0914040638222495   1.1092265874558613      7.084959143747698      25.375301301400455    18.260350383143813      11.794809684649453    14.07925727325491      -27.60872173305745      12.452895891888263    18317.045581216873   4147.971400533683
Planck2018 REVOLVER -224.49873763157896   101.5886132524511     104.73834807219916    0.09131225205404783  155.65262650708854 23.027921790106806   33.811785821494674 -13.458173298353769    6.056492957306881       6.388782139506516      26.826738172343045    27.941774059123418      30.022894717776303    -0.2065785681060818    -35.81043610733654      33.51272265004992     41936.868701807995      0.0
Planck2018 REVOLVER -171.8774418222275    -25.219949003400576    14.176450721917398   0.058968850205707045 188.34756525217088  4.665351080808766   31.529664489018575 -14.66162463114354    -2.159069242727597       1.3872514490339642     -6.245142620272672    14.774311798441937     -43.00963226346564     -4.858805038149674      42.9214397667528       15.449531405172667    39773.37768978662    5391.417387597704
Planck2018 REVOLVER -133.84523607340807    80.94761509328801    256.0188733511453     0.10260628178051998  148.83507297695917 58.57637673165395    23.904054419189166  -4.244442514466699    2.6193655193473164      8.288129483970701      25.889417003116783   -19.202624222204456      19.327018753894997   -21.67912010617833      -30.652276751876776     -1.4148261395064323   20096.98645500121    2010.525900098632
Planck2018 REVOLVER -201.14981643319666  -127.63692934771429    142.3506145716937     0.09472377490517041  212.39662381985042 30.860012835608472   34.612340972505905 -11.043912125238307   -7.365066305132175       7.930702561988354     -26.69427555417484     44.1867831534423         3.862123693202364    24.516946217999074      10.939233198875035     44.300132895125124    39820.193846139395    958.8841786358183
Planck2018 REVOLVER -183.6092018907927     73.93138381023638     81.15486708891869    0.07261975085683903  158.06751326530784 22.29402453709264    24.329043095526114  -9.484256191852603    3.8388708456750074      4.21048556613274       17.467042126127854    10.475869907307825      29.793806176861143    -6.345998010542022     -32.1622722177692       15.029083279962734    18468.10720443109       0.0
Planck2018 REVOLVER  -98.9198215661063    -77.35956784956645    102.83371852871748    0.054858656561989225 218.02694124065414 39.31364995196365    26.522696777850673   8.982274723427375    6.650271255509896      -9.020545622537082      22.62596573811271    -27.92361659052363        1.9436757059285052   16.684346004112477      15.469251359286194     28.018049863539215    23853.850981570104      0.0
Planck2018 REVOLVER  -82.15898190180037    80.1651047920999      30.49413990294953    0.03999832402204605  135.70374644061516 14.877211080407907   28.183505121533248  10.8244862721458    -10.689785257886022      -4.425760333047332     -21.95082317497439    -27.573560120617586      12.912821315304166    16.46178684648111        2.6981010169278585    33.74522206828349     30995.981227796365   5574.071539583197
Planck2018 REVOLVER -103.75743748326356   126.1072242202801     188.3602052323597     0.08488306415843054  129.44657622681072 49.07522367402945    26.505583151662766  -4.801056937027598    5.756735263648165       8.855584188956595      34.829154030213644    18.571000279515037       6.810213543276303    10.799959915266028     -29.414005891649857     24.976315815307487    23736.489447379605    914.2177174502349
Planck2018 REVOLVER -120.16548468114424    85.49322194549642    213.4207297106559     0.08840663124353258  144.5695799950912  55.35532033666371    27.97058054779262   -5.406930118190157    4.237442616052638      10.381184850752414      33.11221236684977    -12.598544852390555      22.38868034096834    -18.143247088425433     -37.37037514156097       5.804303838610864    27227.109643150383    338.01438965947716
Planck2018 REVOLVER -187.9627715614685    165.91300072361344     97.8983255679746     0.09180052491159064  138.56545354894334 21.329615355183105   28.41221791971194    8.749628090301929   -8.28015214260208       -4.46514120831559      -24.705557082993543   -32.28066471104671       11.449666751112808    18.616961594933944      -0.7895387100241212    37.94482254067266     30005.516417620925     18.43329214883802
Planck2018 REVOLVER  -86.68112153381162    93.77725360257601    139.8912397100299     0.06416518436774508  132.74812861750053 47.608107941718586   30.12331774853235   -7.101950487581588    7.766617670641267      11.620946107415907      32.71084563434531     25.71370396763909        2.8054771262156724   17.71443879603584      -25.581323698271497     27.922634260480642    32030.302481404844   1937.388766054385
Planck2018 REVOLVER -246.9467183210145    -59.461972361259164    82.55230188646044    0.09107949541397033  193.53845215676373 18.00431695643177    24.16723380427292  -10.08253079531218    -2.3367041378934728      3.294457123916641     -13.396741039771195    18.804518903232637     -27.662359390397025    -0.2477275866483379     29.770935582844288     20.357875310402466    20203.453916926406      0.0
Planck2018 REVOLVER -250.46882306474632   105.24914137181581     26.25653251674032    0.09312749023974978  157.20743765679623  5.520136469051912   26.131146892216073 -10.21078978770288     4.39669836096393        0.9781663466031896     15.630833008570182    36.756210399360015      -2.047524910122846     4.026550435788318       0.5031205888114446    39.770526492059766    23255.935921993037   1715.6755989860117
Planck2018 REVOLVER -141.04635565143883   -44.9980914988651      57.2824407622271     0.05363811736217656  197.69426976167225 21.152048144526947   31.297044867607084 -14.490169561145706   -5.320720709222779       6.306595465740289     -21.191994200895653    23.03761801496274      -29.254906081844535    -0.6227270983515172     33.48747310916358      26.821772752817285    31157.373921699105      0.0
Planck2018 REVOLVER -118.30258983460837   -36.43161262148906    218.2454365463153     0.08544332551657871  197.1163617445899  60.43881854984563    24.711707240939692  -5.150891716648967   -1.5668964807153263      9.239399198982284     -32.886857678283505     4.444741389638829     -17.58038479151988      1.2650444500995441     36.90398859721643       6.963746824970448    19946.14337005687     437.43655789206235
Planck2018 REVOLVER -158.12763640364847    96.68804888655806    178.73245264283193    0.08773332206669383  148.5560604256681  43.95941496061788    26.01958800508033    7.047389092050409   -3.9356350807997194     -7.6587887056065505    -25.493180451511464    10.333453689118912     -28.768134642372388   -17.27528291710658      -35.74156023316269       2.4703773183087376   22854.8263134536        0.0
Planck2018 REVOLVER -257.13528931496313   -28.40700944078117     94.19968342383221    0.09395437067258816  186.3041846604662  20.007960553371802   28.111485641510843  11.654925747286205    1.2232256973671316     -4.0371114044687815     13.292836998222711     4.916749341493093      39.8654647352416      -5.5424021964826204     41.86602185705373      -3.3154131601874983   28467.869367715688     11.822784059624915
Planck2018 REVOLVER  -93.99654054041127   -89.3121634606733     202.29772956159937    0.08175133352093379  223.5361489693953  57.34247750401939    23.217442830049475  -3.900353632120868   -3.7257094987765624      8.266132897131024     -30.8710456499508      -5.298724601105076     -16.954663728493344   -10.8324614422777        32.53880400212761       9.55461299754456     20334.243510998178   2836.799774073243
Planck2018 REVOLVER -212.38306464020474    64.47926997230883    146.5511505180824     0.09069209865546042  163.1117664265521  33.43571940991758    29.08623607954579   -9.85629565014972     3.3194800940425724      7.199572331643486      26.952777738558208     5.10638057591936       34.544276500498796    -6.157513525776281     -42.24819697111656      11.049513972561835    28299.816582024414      0.0
Planck2018 REVOLVER -123.3513438224469   -175.00015990200578     87.99329355994831    0.07869686445660709  234.82136204756168 22.341853257236227   29.724375774963004  -7.1279345110186325 -10.025174402323328       5.638035096247289     -31.17408908141973     28.80686679856011       11.810319923578076    20.74982482437512        6.766796171539128     38.26540639512993     28752.821885961694      0.0
Planck2018 REVOLVER -101.87075751775721  -141.92451632710296    188.38523789717112    0.08753764456073183  234.32992365947777 47.158483123024105   35.030600883811054  -6.6371548034481     -9.132806695755622      12.239795214943793     -45.444183166742015     2.883778717888024     -22.490824411344185   -10.224753909019807      42.40607052006135      26.09710086284664     46140.12933644715    4472.001569268327
Planck2018 REVOLVER -134.931646521337      27.948707662810417   261.0803308592144     0.10091929794071346  168.29767632536436 62.175321355499904   22.857079256798976  -4.066708164676018    0.611159881258485       7.660024237637246      24.292140163946495    25.800020331173954      10.838230376894565    21.974406030535505     -26.478401178761576     13.778811876340361    18592.458848580856   2719.4826369768452
Planck2018 REVOLVER -159.72348078780826  -223.1791227266587     132.65117867545098    0.10429230577328126  234.40968897189532 25.7964263958481     31.031946622012676  -7.253530556713036   -9.823714284145298       6.239668841512729     -33.38761757763109      4.1030204296656025    -32.35287144873694    -21.318205411779594      32.317583931808215     26.098573605047324    40196.560395955006   6865.781961777507
Planck2018 REVOLVER -168.66739477319126    22.87457169836435     27.758083161337108   0.058338910820542884 172.27670102761815  9.262260095224352   29.502895076050912 -14.553001820129424    2.176929174877888       2.636622989419246       8.596171625917298    36.74688954007406       17.107006035114615     3.99211325920903      -18.179476651688965     37.04460782844753     29092.202097705354   1262.9163527278386
Planck2018 REVOLVER -220.53368324110482   184.12688735174464     89.87693760768455    0.10295842408925744  140.14098706687304 17.37175162482227    23.04902652146754    6.2214965007272465  -5.401477467460825      -2.4685137539617883    -23.41878765525179    -15.4415331905113       -25.23494623307358    -11.415907212571026     -24.97481992485632      25.876663721175333    17058.497920119054   1160.7774407850925
Planck2018 REVOLVER -102.23580504360395   -17.57565947799668     39.46401336947355    0.03735372589459074  189.7545372598552  20.828267852062982   30.46760756662669  -16.62145949220163    -3.0526258652814926      6.324679911603227     -13.672357434937174    30.62338986327917      -21.15091754177885      7.134243516129444      24.203029471928275     30.430683621147708    29957.84947450122       9.19195947895754
Planck2018 REVOLVER  -90.49095713845858    73.70442958260759    209.15246077174936    0.08148307688314602  140.83735727687065 60.838111058654334   27.872799720449457  -4.930879002879986    4.35125247129086       11.160361615282271      36.6084740665694      -4.138975624557293      17.788104979093923    -9.529215017703374     -38.26356897601506      10.708169407246302    33610.09871129827    7410.2617962537815
Planck2018 REVOLVER -162.32854936204816    12.853001121689765   169.2045570438292     0.079858956488328    175.4728263642137  46.09869653994686    26.830167383238898  -8.466783649002762    0.8223977839822192      8.719435339938038      22.03380340097786     27.332001545372158      18.81746494598053     18.2805387974574       -28.830087971596086     20.47003739193898     20817.872141312007      0.0
Planck2018 REVOLVER -245.13147965250505   109.40900731275569    150.6719206302054     0.10535051265205445  155.94746243627733 29.30498150449174    29.083773021997835 -10.415414494627463    4.609268973690643       6.237792073379893      21.257425598357717    37.122415279270335       8.063382223823647    14.965298029634864     -16.67335583384775      37.30835542590291     34807.42012739053    6645.547297483621
Planck2018 REVOLVER -245.11256971302592   134.20857347084134    113.00776373464636    0.10310246884355591  151.29759706776306 22.018112135132856   26.16460327273542   -8.689715483927307    4.6442424858462825      3.8633613677773924     22.479995792070618    17.25838703102539       29.816686108392933    -6.78529660146899      -32.692682667288736     24.038768325810807    25769.4368929407     1736.4889088055502
Planck2018 REVOLVER -163.87247242138469   160.1209408410967     210.3708916399239     0.10647938381451896  135.66340027903001 42.5580226692762     25.32424142080415    6.093480310023479   -5.868707529267631      -7.47797811474946      -25.141123383837854   -28.357661668570557       1.7686441485286792   19.68627551926325      -15.68507467608515      28.351119092583353    26354.60547052213    4933.182230281076
Planck2018 REVOLVER  -63.72920275933645   -79.80419232218763     58.34944921050483    0.03960757161798845  231.39019936726683 29.740911764953275   27.318228789871636  -8.255144430637424  -10.981160532521606       7.064516474312018     -29.191241642045018     9.45949533175947      -19.407086043122483    -9.480216544907826      23.746967835127812     25.83456487218492     23985.166510822353    259.7680117121101
Planck2018 REVOLVER -241.74078865755104   171.3987353670592     104.16161876602636    0.10755814166423165  144.6626468842953  19.366378059585852   19.63333268216999   -5.7925534649525225   3.9708507496205105      2.506758886832193      14.473000683841668     3.317654723532334      28.188478311459154   -13.893080966120667     -26.758045992144503     10.282517729374446    15086.205837339954   3636.358176204031
Planck2018 REVOLVER -150.4596088950124     47.027402845195866   211.54020708869712    0.08993998704987406  162.64293111941492 53.30686564636771    34.61554666653604   -8.99994989506243     2.477941752593866      12.624151358496245      38.42210038293852     25.859552854893007      22.31583768182224     17.26279227722994      -43.66590043778031      20.877904258169313    41257.28007562347      97.96663299657183
Planck2018 REVOLVER -137.14774481479245   120.04761834326555    182.47884236842285    0.0878828484383666   138.80382132048356 45.03341707392016    23.79753707047313    5.570823184392442   -5.110951322983171      -7.395713873743396     -26.695784690176247   -23.396934867963996      -3.9397009616413428   14.442636959745371     -20.722183203570122     25.199385706381822    19891.083179132325      0.0
Planck2018 REVOLVER -145.3544522563976    -74.04647645267401    169.05863829654066    0.07989269186856343  206.99520680905746 46.022783350354175   25.171097266345107  -7.017987570969441   -3.7610621986867256      8.267446997389428     -28.691537662747486    17.062917434739465     -16.593049945088207     6.851681319273259      30.805463694703874     19.830339330368712    21869.47862339062       0.0
Planck2018 REVOLVER  -65.51217970508479   -81.69720140311841     98.69551219449149    0.04856176989015713  231.27421806244715 43.30358632760365    34.11016745368605    8.404235959582259   12.963830878144421     -14.199645457236963      30.016209420370608   -29.78445406579584       -9.42680710789059     26.17780316895406       16.662902391364195     30.706364084171035    50398.97623615483    6714.243157202779
Planck2018 REVOLVER -261.22892468364137  -149.01061221086073     88.83951861969769    0.10737392798504952  209.70136763156864 16.457287831032062   24.692476432869707  -9.005332805305503   -5.231233055305527       3.1539913878364363    -16.181089859639606     8.280535119656443     -32.466382343322344   -13.199317081351799      31.537999305653667     14.622228051563495    25807.154397660015   5819.06291838717
Planck2018 REVOLVER  -68.10260877027483    54.7846214606582     131.93659937013442    0.05347224416560544  141.18532837385905 56.4769733459164     17.202503893251805  -3.2729475531096215   2.7938508877988415      5.932969521239221      23.358511712285306     8.286622287853989       8.983628944397363     3.2814610432567517    -22.906246248947124     12.596843122716951     9489.400163611286   1142.4851033194138
Planck2018 REVOLVER -116.28289811286695   167.96147133500563    214.1578208701562     0.1011837195422258   124.69558694117097 46.3514573915193     26.46113149550288   -4.910206095414091    6.987355428241041       9.009728874502716      35.29941982687158     12.64720753590829        9.42946156912576      3.8652183106817377    -29.301337940826045     24.83070071707562     28025.393185702163   1532.0120677254645
Planck2018 REVOLVER -101.76025202550716    75.27166310337358     13.155674251186953   0.0428858922312625   143.50981104254646  5.933824733237954   19.961248096870488  -8.257883825961574    6.277440701945583       0.931842817508698      14.770537752628094    20.944072189579543     -10.196769498716689     8.05041729786759        6.7891361461451165    25.606261885704722    17222.2515859922     2870.015143034665
Planck2018 REVOLVER  -99.32292581503374   159.54849055135728    174.85946888672217    0.08746128132283222  121.90329659532172 42.93540197250438    27.674315800915263  -4.801226616196829    7.932949526920823       8.336004219402863      37.2091978210145       4.50911920508586       17.14000762478113     -7.895796371005813     -31.497951831352534     25.42730891301575     31155.84953682993    2197.332236179287
Planck2018 REVOLVER -126.00229148852473  -205.55296936470216    199.47381711797976    0.10713874750778778  238.49204293675965 39.602764681010214   20.74930776798756   -3.7505699628712796  -6.148703475760789       5.765793139869066     -26.805201293575603    15.825230900491428      -0.560223112324084     9.506972207047962      16.96244764631969      24.273091629007094    20504.510941754637   4107.686594364337
Planck2018 REVOLVER  -88.19048585204007    64.47893727563125    102.73728649859312    0.05063481019183541  143.8282458912227  43.24086154716264    26.70509839742155   -8.253404507223522    6.22606838228438        9.916176530932185      29.76523175164095     13.013431704859922      16.6033734576348       1.7898802664209006    -30.13552448673477      20.410935749008683    25217.93218455749       0.38256812944040863
Planck2018 REVOLVER  -85.5350164320668    -60.24876196784242    137.06586654235602    0.0583297139464686   215.15992446225312 52.64511364413892    28.042390901187233   7.369970461656816    4.381588679940588     -11.087902512760202      27.8812324250108     -27.07253759118003        7.834045714252403    18.98720900975252       26.20271883393592      22.975013126644455    29066.204223400786   1755.3010961865277
Planck2018 REVOLVER -213.92644245293408   161.37339518564252    134.86711496575893    0.10259593175373417  142.97126791978198 26.71606384492422    24.11309456560005   -6.497729516282665    4.785731115485687       4.19936390257686       27.368423528821108    18.734387015299035      20.997197802879484    -2.3983866400283325    -27.6362085463367       27.78406401509744     22385.534624398835   2984.0705422445
Planck2018 REVOLVER -251.44378010250955    64.47978104409573    134.48811071316038    0.09991567998180086  165.61710513260653 27.388651628334678   23.00762925015925   -8.072633651436533    1.9379804543781867      4.222748811025448      13.00801669759511     32.18833485465625       10.094985856807059    12.496241865314575     -14.650914765968487     30.61294309434527     17810.165175424976      0.0
Planck2018 REVOLVER  -81.2563800222361    -29.195270209163013   156.30424405123642    0.060435551896704263 199.7632710225105  61.08383390112211    23.8253727757756     5.71612247075818     1.6017175446658867    -10.371303372609317      24.802736200051374    16.07857863506435       16.153111446428063   -16.07869184391377       29.1785743172645       -4.355473532515794    25194.430303412235   4708.518433076105
Planck2018 REVOLVER -235.1994506089678   -160.7100619695278     134.81644651497217    0.10792514131722981  214.3445093745314  25.32673790042063    20.257473248617707  -6.098312053147954   -4.175125227299621       3.325874603327943     -18.60902341412519     26.02854959814133       -1.4465902357348868    9.934796343797583       8.723917776964116     29.167947998812778    15426.53691742766    3243.6076839319694
Planck2018 REVOLVER -133.2871885973442    117.02659944892179    101.09829816576811    0.06924733290258078  138.71675861349235 29.68227752653763    22.118225844028565  -6.390014852233087    5.792769526203471       4.93363053991715       25.042467732060818    18.826179455374096      10.330328079524882     3.3274615130454532    -19.090611684986367     26.724749862639996    15040.938728791209      0.0
Planck2018 REVOLVER -149.30989170332265  -102.34059065507327    212.32002065094255    0.0952456267679992   214.42767690596673 49.55024095174032    33.98859324476832   -8.078196294144776   -5.656901754446035      11.59513184108405      -42.97637217060798      9.258227468195582     -25.424349738910337    -2.396443064902655      46.23668936848652      20.887858373820688    40675.72644262736      63.55144640537273
Planck2018 REVOLVER -107.00928757398823   -96.1109309861701     241.8535880370165     0.09607854343401984  221.92875645406866 59.25936004808779    26.97433219604963   -4.53744662071334    -4.020377927976181      10.102434782015461     -37.6505142102311       7.426605950383538     -13.9549958866954       1.604539876643129      37.622269701981885     15.692876041478446    30830.234057250465   5684.46113463859
Planck2018 REVOLVER -170.78837890110736  -153.04710629640303     23.288259278810024   0.0783599322019829   221.86419509153885  5.798467593832457   25.028122810085687  -8.1362299171636     -7.6062426917610715      1.2450499579083323    -24.60000135016146     23.859776085679076     -14.993791494165137    -7.523450027761274      13.614422385730792     34.008339431608604    21672.86745687598    1701.7239353592342
Planck2018 REVOLVER -227.1722928895365    139.03950703773862     55.63088242918457    0.09282799516078191  148.5315211846916  11.797666492221145   29.94875847332912   11.796400112043655   -7.059548638103554      -2.6718174897219735    -21.28080585688218    -37.789957491577916       5.8922970635969785   10.192519205374738       0.904359876607366     42.61169132958922     33180.802882049305      0.0
Planck2018 REVOLVER -146.54732590360092  -194.27198693602242    162.4072184166236     0.09999068273259086  232.97125213900392 33.71873643246644    30.9961317042074    -6.777010822461892   -9.103325189451166       7.287826519038998     -38.188701389019606    27.308656429669742      -1.4003712377359363   13.822540777928507      21.356687469713517     39.530630799127565    36631.159856322876   1953.5815770672814
Planck2018 REVOLVER -105.54670938362725  -145.78338009264235     48.68741784846687    0.06314538981745589  234.09557963817963 15.137089372568136   31.619107572812357   9.469273212508108   12.696577980908458      -4.334305295513278      30.035042199841637   -27.769736408212673     -15.72814987149192     19.535253749077715      -1.1446323613732041    39.32619632643084     36986.683992738996   1610.5913170784122
Planck2018 REVOLVER -123.97155853324335   -67.20796365872552     21.37622405710986    0.048127643373979    208.4631862240664   8.619611204941611   26.712518678307333 -12.458567711440677   -7.35848873261136        2.6630326190411537    -18.419075833143104    24.325437625600514     -18.954647571581937    -5.0980804350353806     19.464533355686044     29.933831270079082    30160.08695451198    3845.9862333861024
Planck2018 REVOLVER -114.25329555580493  -158.59984686969946    231.8338739175835     0.10373649722399181  234.23150566580836 49.864486540400485   28.64216783667357   -4.561689680211141   -6.478737908870714       9.715509866539039     -30.907174958605506   -16.443671593868327     -25.477116792589047   -25.902267088264395      33.21314262546523       9.986212052943454    32623.872921507907   4181.953300310099
Planck2018 REVOLVER -134.14716316864644   174.32939580669347    225.06234442444307    0.10776716177729923  127.57842513711657 45.6557642535829     14.470541676515682  -2.274972034651253    2.9947347445542243      3.8176384144748567     16.718294916396996    16.630600172307584      -3.083210477009708    13.566571677749495     -10.598013178165553     16.398045771833285     7942.791701624389   1250.898111209805
Planck2018 REVOLVER -104.98613273156147   -65.60461640069799     54.727432020091584   0.045646113668948225 212.0007848537188  23.848727901152085   20.367201268143027  -7.600594700877091   -4.938199977790136       4.160390815307315     -18.5971628250417      13.674260877708718     -17.744309545426596    -3.0797517636862684     21.2672699187617       19.616927959054387    12328.037310766897      0.0
Planck2018 REVOLVER -188.05192151810908   135.91501851157804     69.761017720327      0.08244703046072319  144.14238012600447 16.733897269915772   24.596921133779013  -8.606786109404071    6.183675005349181       3.2062568349722413     22.54222481341582     28.285825709824028       5.958896911586467     4.863936468733279     -11.161987128078378     34.58392990872331     19734.69601934981       0.0
Planck2018 REVOLVER -113.22553648519678  -113.40811127868409    119.41614666560464    0.06776188433028214  225.04615714812235 36.692257553613835   27.214985693333773   7.631762399668669    8.159304363348861      -8.075295195297077      26.433950936383727   -27.47034064756767       -2.7740456460891973   17.748125132972568      13.960284782521263     30.87883236011901     27279.61782366595       0.0
Planck2018 REVOLVER  -80.81021931536371   111.45700532953012     49.45686204728914    0.04937614033178071  125.94342274330702 19.760460778919228   22.456926495328943   6.076027669561526   -8.9748409003548        -3.8518928526437812    -23.1108920273131      -7.030761762891925     -20.07388423145759    -13.282965412518857     -18.308128638464865     21.70488108872897     19442.80838674993    3232.9723018922655
Planck2018 REVOLVER -155.35014104741936   -91.13106465258406      8.559102574249623   0.0610346916553726   210.39661911484762  2.720781206455258   23.670855349122107  -9.355200749456019   -5.719257242257294       0.46514006105675554   -17.727798973609723    28.189762689103702      -9.938111579652844    -3.986878152774938       9.228916841458405     33.28998144277659     22468.712018979342   4363.214019748678
Planck2018 REVOLVER -165.61911139515797    93.695022420972      148.991923936948      0.0822345992506153   150.5020342667727  38.06068885951374    27.931661997778676  -8.526997944984746    4.653103237541572       7.710444823687579      22.53672071588873     35.16106453343081        3.704391726845016    20.460279589606387     -16.55028871187397      32.61484515514446     25394.068289335424      0.0
Planck2018 REVOLVER -194.98649405868963   204.397733758558      117.30763263822774    0.10466188241173148  133.65011058601368 22.551611037740102   30.530423373808773  -8.767475967246746    9.289183310800425       5.116382004194251      33.67349383922475     30.52233596366034        2.2875489200694252    9.792613008716156     -13.960960318465995     42.127897922167094    36966.93262245095    5019.617956130728
Planck2018 REVOLVER -226.82280596318785  -206.56535193441184     18.63727916250073    0.10518103966230943  222.32382525403366  3.476448326497843   26.343739174918408  -8.404743276364693   -7.512229286288285       0.6405035070976888    -26.862234994564282    29.81114865793454       -2.8446447716094707   -0.20163752852043001     3.6432328793488593    40.08422871446079     28466.444378263648   4429.533094708197
Planck2018 REVOLVER -164.72010515053557   141.33463113447917    191.98944739418218    0.09901239362749475  139.36944865327663 41.494809111012735   21.392794039475547  -4.727846272165706    4.226125931147728       5.3836297658725565     21.922958311291502    26.34301737018441       -1.4266456684327629   17.779176099559827     -13.381574918764953     26.11796098974142     14006.783475339185      0.030267915838271375
Planck2018 REVOLVER -240.49896134197388   193.34493450001153     21.13106933818471    0.10586702244148988  141.20306698758634  3.9174003646970377  18.47011359305684   -5.387023857178358    4.29073051047588        0.6346881419302949     16.96398417636584     18.881130877772396      16.341164197253683    -8.40288914451695      -14.280986718452299     25.223885691540865    12923.945480584596   3007.543976642957
Planck2018 REVOLVER -224.88216216125358  -198.66821285798537     59.69778910708579    0.10468808484393496  221.45842523490703 11.251923609408548   24.753841974615405  -7.197602200502996   -6.322369129101873       2.02722911714427      -19.48018746649532     28.32466387885183       19.17313637421281     18.238497780893837     -10.057481884486169     33.388598361295585    21529.259192911224   3328.1781845950427
Planck2018 REVOLVER -173.90284332181787  -235.6677447519402      76.22867348897609    0.10352645559521167  233.57581494712832 14.588624218315413   31.022689796792562  -7.937730253010425  -10.770668564160623       3.4093512160141195    -36.858587698920864    28.17525191002893        3.194969565625492     9.448541310196436       7.263802350760658     44.94578884117648     38117.33562832937    5391.016653034735
Planck2018 REVOLVER  -40.33754994516398   -95.89588819543437     70.29768047098194    0.04230791593830462  247.18647959017432 34.04753388313455    19.805855303700902  -3.3060304609970346  -7.965630188120778       5.39065967513636      -26.066399570941826     5.998276343324484      -7.122738623266211    -2.3922086532221787     16.083358609371544     22.298824157458665    14543.77632959495    3288.717309451863
Planck2018 REVOLVER  -68.57747423147624   -25.82941728011748    110.54001315921744    0.044714817112965766 200.6386718757413  56.45833984804911    24.16414145931648    6.550938099370226    2.380218883171344     -10.603525900492585      26.035184847256534     9.98999521912064       18.327230152222654   -11.769084077017439      31.17331953661608      -0.27342013306182433  24669.051452856118   2965.609511968815
Planck2018 REVOLVER -206.63755835158784    71.6663551570032      59.50039757861837    0.07702662923449838  160.87235272088236 15.218913283447128   22.373245839181738   9.29520729645418    -3.3528026363273966     -2.727022232975138     -11.684649887304268    -8.10295561370615      -29.86540812190285     -7.601452937382051     -30.145332672052334     11.152923390520101    18577.305357640544      0.0
Planck2018 REVOLVER -239.24806424370234    22.51133782354286     12.354291553245414   0.08186877636888361  174.6247490136288   2.9430378405371713  25.63627116933058  -11.438550191947215    0.9749352572632354      0.7220712917407193      3.958505027370441    25.563795197228902      28.191832892764758    -0.7851401716048946    -28.29846221171803      25.770728581465992    23057.99240003104    2224.7066351544945
Planck2018 REVOLVER  -85.36160207901256  -191.115491622099       54.22732009534306    0.07341383762828851  245.93210585708874 14.524479419795535   17.90317401886628   -2.7837210179539267  -6.03822076714369        1.682521920972165     -26.145845797631484    12.339044569605017       1.024138031352302     3.927518889444192       5.996667002672089     28.018842145544152    12906.290012328467   3607.384805042732
Planck2018 REVOLVER -119.64464696722716   -80.31203141608941    264.8850809743357     0.103140957574897    213.87167264230695 61.45335809645643    16.64490234698567   -2.541155266738053   -1.7215280543700824      5.5514863471315       -21.704266336823547    15.125175424586873      -5.244630909855968    11.807124830725336      21.08411091563737      11.942860298235205     9340.2925493715     1344.8731989316213
Planck2018 REVOLVER -291.45206243298276    94.13101833811318     55.28778229934598    0.1065431823341072   162.10096714157865 10.23262136865385    25.66040428264607  -10.311905735258373    3.465995341919175       1.810490074342205      13.857405272287549    33.28152547495575       15.212811727204599     0.6830511629094741    -16.509516381166737     35.496171445232875    28400.260226588296   5647.782748255556
Planck2018 REVOLVER -157.58163521036218  -142.97203630153433    188.1424681321591     0.09700004328729242  222.21710267828047 41.484214524201434   27.64639328591356   -6.947255697043494   -6.122780355100757       8.102933639791086     -25.029054219168252    32.861450642358086       3.3716436702942705   23.311556817382563      14.574707790321254     30.9997701589104      24773.648739984175     33.99928293749678
Planck2018 REVOLVER -104.58945589282779   115.94839231899496    120.3203258435862     0.0668226329696691   132.05155131943903 37.61571410537949    21.33996292541051   -4.96864031304171     5.6446856405875305      5.522711933397862      19.31231545067487     24.63813006815116       -7.8074957448831785   19.31913425944536       -7.278045613594662     24.819710047199617    13242.987404432897      0.0
Planck2018 REVOLVER -251.3672432832603   -107.35576957739706     11.84220132650222    0.09335090655830945  203.12671497984545  2.480801433303432   30.940950685157826 -12.939744159719385   -5.173974010691074       0.41592025512008923   -15.439840891759827    36.75255541918995      -23.15545906268189     -7.494178934927083      21.943962407342013     39.8267044659127      37945.036080650236   5228.213827862391
Planck2018 REVOLVER -128.31386867647117   -45.262561755892584   170.58654291428218    0.07409893426357457  199.43023224186578 51.423479662870776   25.593049841161402  -6.907363078028062   -2.802744380847807       9.723265175684963     -29.557111299450938    14.501694665477359     -16.817103420717626     7.670090307622081      32.97431335645602      14.953687618407347    21311.83718954993       0.0
Planck2018 REVOLVER -114.71578128716564  -234.4545724119378     159.77115799472585    0.10471714237122326  243.92805688869856 31.47145186746788    24.407908457721064  -3.6509788592105576  -7.609158896345418       5.097569515646464     -27.786786039187895    -4.199064629160529     -26.169396604466044   -22.370061149594964      24.05967950571411      19.89208851521586     23602.898795229896   3548.8384663650563
Planck2018 REVOLVER -121.02925232829453  -123.32673111002498    262.0005265429309     0.10746627422487987  225.53868932184656 56.59452959316003    22.46272745218055   -3.6346826594727983  -3.538451694297778       7.759391719551537     -24.9887718262622     -15.624993438517198     -18.830669390769632   -20.256634676260912      28.28603183633763       3.410359914230289    20454.011762428607   5200.68747301419
Planck2018 REVOLVER -210.06449327168167   210.66472181384825     43.446890301774836   0.10282928904172821  134.9182596842703   8.308715756977126   31.79625218739692  -10.001971945518703   10.0054922918812         2.21065059625344       28.56233038672687     21.714171626100633      30.94955417789575    -18.2720387452136       -26.02564558997165      35.122229427040004    41041.130497806786   5835.744184426204
Planck2018 REVOLVER -140.8621315456443    104.16569994498632     52.367775787161634   0.06190845133136294  143.51755997845328 16.642170554771074   32.25895106416481   12.33462953840266    -9.287211863368965      -4.502002828848338     -25.992771598772972   -18.71842264867159      -32.600879439790766   -13.575871221549209     -32.255102240518596     29.343967790719073    33316.360448792366      0.0
Planck2018 REVOLVER  -78.35408589895607    63.527618931534754   168.01925819201966    0.06642432618386135  140.96568760551824 59.02113859093937    20.704148847130085  -3.879893339284304    3.201740087014672       8.273745294210489      27.62008661271375      7.106367764007053      10.202181060021166     2.696107713411135     -27.661578839489867     11.968678352844767    16621.027317224707   3320.2998755067565
Planck2018 REVOLVER -183.5456806111344    -28.160897201895867   182.78278965044856    0.08880494898146911  188.72271070544048 44.54742152066155    23.497151742038632  -6.832441139200184   -1.0663779307227037      6.923988140416567     -22.648704583312785    21.178122419119667     -19.08756281820752     12.903818012236853      29.350187367441134     17.25349129549313     17037.807497233585      0.0
Planck2018 REVOLVER -204.8722995081088    -75.00220144806539    116.9001574085914     0.08426389494234734  200.10729674711516 28.183399048322613   23.169414224507317  -8.154818332929608   -2.87314877360008        4.564895064769986     -19.650046115828754    14.387991260355715     -26.047415149071796    -0.9370901022641175     30.91212405720211      17.782080557609383    15986.818194920263      0.0
Planck2018 REVOLVER -300.0472640787428     41.24144020332888     69.3772299485152     0.10636263633558475  172.17374568150657 12.901999783063792   23.920801035146138  -9.295422985434923    1.0955084642214412      2.157634386086845       7.930883555952629    -4.766077657358426      36.5873830268134      -5.246336462850972     -37.208774458474366     -3.7097986735658486   19224.935687637786   2756.8915290118803
Planck2018 REVOLVER  -63.75617729892251    54.43653520754177     62.856867233668574   0.035246776057362206 139.50851485226912 36.86165487724521    29.10059878659725  -10.769555561829431    9.112734721949533      10.699570694999025      28.827588220924966     7.705869222461337      22.453122455161022    -6.885782703413133     -31.016100461821104     19.485330967929936    30648.300195712523    351.50017627911467
Planck2018 REVOLVER -124.01279379297345  -160.85404099549913    154.13813885275644    0.08685912317854542  232.36904386198364 37.19465683661746    24.248023024955177  -4.913094289003326   -6.381210835518484       5.9212954086246645    -32.01715685610973     19.096597003834137      -5.9858352491338875    7.494455621183173      21.918164924414942     29.838977188104916    19743.300435083045      0.0
Planck2018 REVOLVER  -80.87636615120958  -204.81602558351713    107.62309008915922    0.08342392779128412  248.45226328290084 26.04654916377442    23.196885546594824  -3.8400983296804987  -8.913879774151765       4.965195819314433     -31.56299474028436      9.127353832877851      -8.024833281392203    -2.4065098845022836     17.21641502548404      29.04695491166783     21893.02280377432    3033.335577249972
Planck2018 REVOLVER -127.770082027389      63.70750455045456    162.11508863876975    0.07334408605191411  153.49867418012437 48.63017932199804    20.11291222284264   -5.661444571964016    2.7726962616162902      6.890246250452136      22.895120279870284    12.479200578856846      13.790279503253377     5.119510887671853     -25.284839246697043     14.38134469787694     13344.701013479664      0.0
Planck2018 REVOLVER -199.90262599041017   108.98844610294849    194.11000239321118    0.102316650352906    151.40044270923812 40.44908690035015    29.237834461453975  -8.284630372661615    4.299409933341828       7.78881975732868       32.91222230528402     19.881810203132712      24.03259416625403      4.238624431582215     -37.46323349424139      25.18805686058431     32608.987306377523   4200.916091717314
Planck2018 REVOLVER -113.53921867556684   124.5425597312192     150.86526293144138    0.07686361196490518  132.35386425050294 41.83455680364957    23.3422582633183    -5.225417942393134    5.846165444934144       6.95449855228881       28.1490829787894      20.089342114387655       4.262723668111096    10.946659488696813     -20.792446415551794     25.703787456094442    17031.542532781983      0.0
Planck2018 REVOLVER -116.3062113809747      1.5643226377822566  241.4529407840544     0.09140282345812734  179.22941621322485 64.27817873009741    21.89183509931725   -3.6342039549922096  -0.05774079100105834     7.652044233788681     -26.931420574973423   -18.615784428702188     -12.931075966370043   -16.895570823288168      29.86016279412916      -7.79893569161242     18952.293050773074   3598.64180546502
Planck2018 REVOLVER  -54.19710524134369  -217.31640053666646    101.23808988024477    0.08366435954335241  255.99651475562268 24.32349007345315    15.108670371640027  -1.4804526819111652  -5.866702862304523       2.647809426752455     -20.02556691022332      8.32707019252029        7.253370314340744     9.766726248470103       6.392880763402956     19.625395776614383    11770.943589942164   4267.736429553463
Planck2018 REVOLVER  -73.47967365754496  -186.33647543903504    187.7445091708213     0.09368077506161508  248.47876594672215 43.146633762403425   19.08912576224247   -1.8134979882866995  -4.898549144934891       4.773059604059358     -27.32334697944157     -4.288854785345493     -14.782970793402951   -13.121624390387545      22.210493785356345     17.808944986466262    15088.611432873346   3559.8479188440942
Planck2018 REVOLVER -118.41963959116592    52.97189176975969    193.2096104546898     0.07912694070464009  155.89990844882036 56.121239750917965   16.097376174045877  -3.0526085273044457   1.270323909350504       5.002802440649952      21.664986224315076    -4.491882326955773      14.36012476256508     -6.78776470801555      -25.37808565642776       2.3023096935213827    7168.710009262167      0.0
Planck2018 REVOLVER  -95.96318267353159   -76.84379774544261     13.414490273931158   0.04166455268567097  218.68646637799216  6.227213357992392   21.582633504103026   8.370080944573653    7.2320806981430605     -1.166831365811315      16.287794167382884   -21.09850423053921      -13.931687210447825    11.262790184515952      -8.768170579374203     26.446279389801838    17552.152720946167   2574.5248519052593
Planck2018 REVOLVER -191.86195581451682    -3.9692494259545295  235.47142371156272    0.1039210065915466   181.18516879611906 50.82087254754855    30.392045172057156  -8.745066216057937   -0.055429668772231      10.649875308966546     -26.77033107953371    -28.82977584919891      -22.132310097937424   -22.36380991387672       34.725262004427236    -18.18314141257697     35483.13862529557    5064.625545881511
Planck2018 REVOLVER  -63.50375336514484  -255.37670952774405    120.68153211654582    0.09891918757776395  256.03566310817496 24.636035279021332   21.902956029435426   1.6196873482926826   7.4098717513499865     -3.7740172168337094     27.522122857856786     4.8864299827971855     21.40558694994036    -20.91185665778767       16.362874817142533     23.152023215675154    26444.830749918776   9177.667246942408
Planck2018 REVOLVER -120.94977630869855    30.144862292205843   228.19972820825902    0.08861823198734953  166.0050415355417  61.35526724555591    19.5602095164107    -3.508749950451331    0.8834136499335049      6.539726072173476      20.814336406003136    22.395872180051253       8.142157952729166    18.637972596740507     -22.039684765830245     12.977018127532556    11872.55581493948    1006.6442222903268
Planck2018 REVOLVER -220.99037605336616    56.849479048556546   101.82608552857023    0.0850844105534653   165.57354071034925 24.048465682723005   27.72560300466519  -11.419635842632374    2.917781895029686       5.011118474566339      18.455871896698056    17.572206356251854      31.8267212132456      -0.3757232415877628    -35.63641099499067      19.893493381655077    25670.59602344832       0.0
Planck2018 REVOLVER -100.19985433699382  -223.6252303215652     187.19086130319016    0.10553697871914126  245.8642594186062  37.37607834597497    19.405239979488734  -2.399573783163272   -5.339821606110799       4.466331762443934     -29.658871489903493     6.0296361089811        -8.725610045666004    -2.670989480234966      20.83832396246025      23.478707309603124    13819.982987503488   1815.1283836926277
Planck2018 REVOLVER -192.80417773105728    59.762876441293216    44.37257053415454    0.0701146298340182   162.77830402888347 12.397856146632357   21.564637195211915   9.703940016302914   -2.923432243495083      -2.0738779901274795     -8.996319834769803    -9.897907939903043     -28.142390780585973    -5.95960486060717      -28.159394394705153     11.809003981507656    16256.645325442878      0.0
Planck2018 REVOLVER  -78.91503744865228  -194.69876629338515    158.69241692615086    0.0897544586211482   247.9363705722784  37.066554007276565   31.514354773898436  -4.094866043632777  -10.879590403024185       8.355052334001803     -33.63066705220638     26.768415322379287      18.37407017595477     29.60193055948428       14.379510670766955     33.23248203220745     39308.027914923965   3616.8261074303523
Planck2018 REVOLVER -263.73334834630793    46.03278990574101     53.437853559405745   0.09314571238118771  170.09916677098835 11.28806483507163    29.36522076809231  -12.92524252365342     2.067201896119341       2.4857031474118396      9.928150787377044    36.90241759214276       20.935327363835736     3.6402029823156457    -22.184357990739066     37.37777513020486     31027.14838858431       0.0
Planck2018 REVOLVER -108.58322197869558   102.59360865079145     73.56352044756984    0.056299938184986006 136.62464595716554 26.21765182990337    23.671321959136854  -7.321120542160301    7.013473617854888       5.219910365245173      25.725479697939452    20.99822794382237        7.867725170388376     4.767039938779145     -16.805899923069745     29.26636648265098     16584.249504860665      0.0
Planck2018 REVOLVER -233.73816937224132  -170.68961434783844     42.24082797162972    0.09996608032451804  216.13915766560837  8.303464214375516   28.210537154392334  -9.667004808025919   -7.005274046928065       1.7156953516070048    -20.573426358343887    20.587715347728412     -31.85928286248199    -15.570065019966968      28.451478685632438     28.440079282249986    30177.352424434004   1017.5202412341712
Planck2018 REVOLVER -284.3072413182992   -114.07110898099316     28.712219182237334   0.10529650009840544  201.86187913990634  5.354537188428238   25.59930518730249   -9.738889398987327   -3.8335930102769327      0.7937760650372531    -14.09812453164858     31.69905927979928      -19.878129556277813    -4.861503730075137      19.50419396872077      34.55066956235349     25891.146796019355   4573.133381991414
Planck2018 REVOLVER -227.109402176148    -100.4569024550906     169.93159526340287    0.10291837878334319  203.86115990864934 34.3832012378319     25.79428187002557   -8.122287929437784   -3.711250837433763       6.0080935765986725    -26.19858565654954     16.76053892661148      -25.064505071267337     0.7129590474201363     33.51913159933236      21.668897500231974    25013.629331239626   2708.9978196061834
Planck2018 REVOLVER  -48.557068316483914   71.03237936139111     42.412211038523864   0.03224525381688336  124.35614531219142 26.23956914500582    16.27164000572428   -4.0175929948802285   6.127937605067024       3.7373998667173907     19.106762735493387    12.618353498792692      -0.15018109336451724   5.838900104692328      -8.598782301034051     20.375428986567943    10615.137183617639   2417.7942517016245
Planck2018 REVOLVER -127.88430033415007  -223.95479319654586    112.08491122613755    0.09601121382637307  240.27245360146767 23.490416224814105   27.359585245378177  -5.388371243422473   -9.562057088675804       4.926283372444535     -34.94223870482776      9.52543025884516      -19.730705471047187   -11.790867917294147      23.16326150804696      32.06369657150898     25103.25383522499       0.0
Planck2018 REVOLVER -114.19366812827737   209.24063030161682    168.06123286952374    0.09967427278498213  118.62363005147621 35.185128926570805   22.968662901526706  -3.59118218020749     6.4846813232382114      5.371564006683957      33.42198153219143      9.74167503317151       10.584024744045376    -1.7808671039505566    -23.758457747578596     27.49117553693716     17735.977395694154   2777.516139905409
Planck2018 REVOLVER -101.5725393147922     15.236780813757111   192.446227845616      0.07407655871212544  171.4687379295814  61.91105388567924    25.45282906636615   -5.644014750805097    0.8396820547157474      9.891508343997025      32.107788837497885    10.493617924880649      17.429650277617892     7.803552055762715     -36.40578692603892       7.543101242621031    23307.673084974052   3427.168987534888
Planck2018 REVOLVER  -97.9580282518311    131.1074842869569      83.20347406968591    0.06216434487287343  126.76554756696044 26.94827828796566    24.692162257113804   6.582819422922822   -8.940616949810792      -5.798633909026053     -21.455991672323286     1.8074781365768195    -27.144477622207464   -20.236851985823687     -24.22822844410267      14.382657861935249    22493.532111411616    611.2382157635277
Planck2018 REVOLVER -229.34424502200898  -120.88877995961819     37.81590176399559    0.08930608620709785  207.79399381561558  8.298867142825268   27.036077177920482 -10.323955222865646   -5.452190413324172       1.7094234410507627    -18.85531031025984     28.73019947331082      -22.240751063828405    -6.111517725499102      22.180093328845196     33.833078149912495    24788.52686436092      14.047494652075791
Planck2018 REVOLVER -287.6467258683194    -57.41431447149104     66.3313050448448     0.102854118007055    191.28789930287417 12.74249322509446    24.60103518393486   -9.742142248059945   -1.848960952662851       2.126509950565631     -10.594393282149928    21.207564989097126     -30.096321347413184    -1.0403888732700035     31.13937094485063      22.3087903060125      21226.351997242593   1168.474222011094
Planck2018 REVOLVER -135.46261197982238   -39.422630101882774   105.86380659406883    0.05968604851677311  196.226169604033   36.88339908165924    22.033011755595805  -7.761513101434274   -2.504527617587324       6.134395733207008     -19.964237928194454    18.189743245487364     -17.83321205257418      6.56143191092189       25.57938050192529      18.74527005588529     14611.661945335629      0.0
Planck2018 REVOLVER -154.7272396454518   -140.29192308755196    236.49465370556965    0.10805355164698313  222.19874601028405 48.55075304718188    17.41221815463895   -3.1818801878963705  -2.8014223343877465      4.845117939818338     -22.65486940650214     -3.819738514741254     -17.086432557253687   -10.312427078513348      25.501246839198018      7.972325033075436    11141.421114909062   2517.657160765283
Planck2018 REVOLVER -175.95723381942915   -31.584577817040458   133.54873488781723    0.07580891162921821  190.17630271283093 36.76136030603334    25.67141302216854   -8.920688033648336   -1.7090057662249867      7.018873292449527     -21.88593173234245     -9.39929547296983      -30.104692116185404   -10.23083570424905       36.78322217984884      -4.046711438141315    21442.375443842768      0.0
Planck2018 REVOLVER -159.6684131052269    -21.58992634503493    227.48144405613107    0.09515855540862098  187.70067305116729 54.6906688745265     19.16120363842669   -4.2385299197984     -0.5356884956448555      6.223524571946654     -21.03645727811569    -15.607228861254725     -15.670262951853351   -13.983280549692283      26.14946463620487      -7.272500508463775    11795.805366236578      0.0
Planck2018 REVOLVER -203.2735362713427   -217.50135332104605     32.85199804125899    0.10242684689729592  226.93662554350595  6.297205027142174   20.440644923451494  -4.849954994660771   -5.341096863757289       0.7396662678775976    -19.7866540553032      20.60048452925258       19.015064304996116    16.10711004702359      -10.699574440703246     28.35237490755138     13461.028095070442   1138.3237584086683
Planck2018 REVOLVER -132.2204737806738     -2.1052027619879348  224.39824716729905    0.08877127599569422  180.9121812890582  59.48927917549718    19.732493964413496  -3.959728152850907   -0.039675414685221955    6.533100609821986     -23.548114175661745    15.803155772834932     -14.176596905617929    13.447395065486525      27.499232599187426      8.317501218107541    12703.414470574395     13.278656084555907
Planck2018 REVOLVER -220.45687883081175    65.44643829487781     24.831778749575047   0.07863517709383586  163.46556760882257  6.162925675542536   19.12173080829591   -7.493905226363541    2.175969415204905       0.8449473085254904      8.24033319068898     20.640825828333963      19.928426409262855    -3.3015426420704435    -19.906681152628067     21.983479322865314    11105.68524645566     361.2908271106969
Planck2018 REVOLVER -102.35555876467778   132.51891644208226     30.545044371585426   0.057566412634403666 127.68194202550445 10.33811366483554    25.004916196877836   7.513168444841642   -9.53525003015343       -2.1636635517592695    -20.360911634503612    -9.808074593755112     -27.477707976533804   -19.55951796834111      -20.348555734279284     21.75690090288556     26397.84153769522    6047.699397048565
Planck2018 REVOLVER  -53.275686901678554 -174.6310080126969      80.54406679555497    0.06765829217776048  253.03432307549076 23.804755816309918   16.614021083460752  -1.8829656185848918  -5.694493936048225       2.7489291754714644    -23.90714222078602     10.115438310015636       4.57850110828554      8.169158158370305       8.657227118204448     23.529442609778314    14070.372906707213   4929.256605155398
Planck2018 REVOLVER -107.3837871744813    207.43563673704082    199.19572207802304    0.10505207905844     117.36937365625421 40.45704759980702    24.010475524099345  -3.3975146677101606   6.508876098925079       6.298873256805461      34.999670039555305    13.420837005151993       5.009995570224681     5.3702466523512316    -24.560120520493317     28.27557659153004     23183.79623260805    6578.915076307098
Planck2018 REVOLVER -159.598406207736    -154.80837194459838     69.31429308313135    0.07918843738796245  224.12715776202137 17.314456638723275   22.84278599770777   -6.7981309838903545  -6.66010495890538        2.9493006096178465    -25.22676362657015     20.530904036722625     -11.78478298683202     -1.7994488743023505     15.5018954552534       30.858625041764473    16821.151675126093      0.0
Planck2018 REVOLVER -160.94246501254673     8.685602379099794    -0.3685049569757702  0.0544707249605473   176.91090803249304 -0.13099751270812734 14.289172646965145  -5.857423336453912    0.4233501971630594     -0.024420624977592634    1.3955636828860165   19.883784220302353       9.966849193742249    -0.8014018359774818     -9.937971013890115     19.93838520705903      8465.337585046298   2336.866791134911
Planck2018 REVOLVER -143.08978456075977   -71.17465587906673    267.14193746167706    0.10656783875654058  206.4463289044788  59.110603590240245   23.0102399319386    -4.485843944986014   -2.2870325216542935      8.303446850657968     -29.747163204977987    15.07828350132432      -11.917533644171861    10.088871272449298      30.94915955159841      13.974779222250135    22253.387143576278   3620.4559765589584
Planck2018 REVOLVER -215.47721485478093   100.59824838920869     15.833699154372443   0.08107290362158594  154.97388961367872  3.8093114068881055  20.17925274704426   -7.581402188810359    3.4583083471746257      0.5583947292843228     13.049647720161623    27.25413746093474        8.383705051518353    -1.6502378307687544     -8.487524851113085     30.160315730045674    13282.327584880764   2037.8084130794387
Planck2018 REVOLVER -193.04119444286658   -67.60296224409291    229.29696533308876    0.10515072266061125  199.30023725101975 48.26657597794246    28.64149828670233    7.9177874191318836   2.805153136333648      -9.68578584585285       24.108014558519848   -33.94271207787389        9.877115874055862    23.504046349579877      24.335902585521946     26.261779890332264    35592.07708528464    5547.432135995429
Planck2018 REVOLVER  -62.492541769801605  108.17987780657836    105.5818589985724     0.05529109472050619  120.0138454363063  40.20146080270817    22.14296386339951   -4.004682606595954    6.752982488043823       6.647690924421927      28.665584458746054    15.202647431859736       1.8251985160771431    8.619097655734684     -19.219213208681563     24.71591452831683     19314.149848782978   4198.904965883658
Planck2018 REVOLVER -136.89646472989284   252.0367352172911     120.63826415947908    0.10651778437447304  118.50907328804242 22.812240783366416   18.347381801058233  -3.0867936714904722   5.607113182252252       2.665004342718663      25.459981446594977    15.336854340133533      -2.7788954864052213    8.1393840841067        -8.545776718279505     27.40773641508887     14646.075635373772   3811.365195984937
Planck2018 REVOLVER -224.3343487845559    125.69924102453334    180.66003777764524    0.10761328718367964  150.7371754956872  35.08984003231261    16.62104181085318   -4.303630741986078    2.3195873445779545      3.520318152100721      16.278630074467696    -3.274799713180865      22.058630340067722   -10.405035889676123     -25.265762799837514      3.9276879866900543    9172.708032653698   1701.7076611152183
Planck2018 REVOLVER -146.84582377962934   138.6688800358238     125.91174984153291    0.08096022677219122  136.64046310722654 31.93988414428268    22.02834024232274   -5.625593084729941    5.553125266152541       4.926955503335791      25.526369645223927    21.809017901364655       4.565245251588375     8.810633558434452     -16.252800952196207     28.378352257726494    15991.692926259782      0.0
Planck2018 REVOLVER -151.79513338319578   171.32044142823167    154.50828568595264    0.09424977024907173  131.54192148510106 34.02018333950575    22.007064255830475  -4.829214631219652    5.546661812244552       4.886362215967785      28.992402051944893    12.325170368599212      14.662642105492639    -2.3893313853370652    -24.05654530317443      24.945945817200165    14852.859347037502      0.0
Planck2018 REVOLVER -125.33554672327016   153.83165128946243    244.69686421998452    0.10788479047384653  129.17169666210313 50.961112236396794   17.628231290074353  -2.570153195366883    3.208880175259378       5.1986889860653        23.1034459615532      -6.888573708945061      15.673952277378127   -12.985706121911724     -24.188453502635763      8.510336923415393    12640.561446932668   2634.4867064063174
Planck2018 REVOLVER -170.0236807090696    131.6509436162018     225.7628875991061     0.106739208197499    142.249042610981   46.39416553762947    15.869672258755156  -3.122696840968776    2.460991409972168       4.267593751876039      22.014799340365386     4.905111617454988      13.280108204839102    -2.0148399739193765    -23.222804530644954     11.917579554381549     8520.596175847506   1625.311529379775
Planck2018 REVOLVER -105.69609276105218   -91.91641959322473    140.35574826950776    0.06722364374890537  221.01117772199956 45.05788145356087    21.049658389692496   5.0290920997457675   4.215545583666593      -6.921411753287147      20.21042590397029     10.83444728766385       21.283692534427168   -17.252684388425365      25.863761018971307      3.216760622964177    14677.453609635411      0.0
Planck2018 REVOLVER -145.153431964513     -86.7631032997243     125.73673572863478    0.07151537114559245  210.868185098742   36.63195709392523    27.138809237840736  -9.89326096405967    -5.83238750322502        8.082547678206621     -26.02221308392576      8.127537474381633     -25.987053249362802    -6.1354512160332435     33.395469418343026     16.58829663930324     26566.258229863786      0.0
Planck2018 REVOLVER  -78.03134785098587  -155.9241631611749      65.27860756351599    0.06305230626829406  243.41459041466265 20.525441889149118   18.489314241462317  -3.089454780895822   -6.185630141703302       2.886571697798569     -23.202162251716356    15.421750826205736       8.214317236884721    12.721897599328111       5.551350813105634     25.512039189322635    11062.382704704993    796.4745915931919
Planck2018 REVOLVER  -96.72165854417084  -247.16286288802246    148.28340179836113    0.1040128760731625   248.62822066479754 29.19153839339647    17.612805272776793  -1.9010654822898152  -5.025405866343104       2.9243448182074507    -28.255919797061352     9.521528991043766      -2.0061950669660344    2.9039116780436247     14.132503991329322     26.174100346281698    10587.659654001023   1038.932212434704
Planck2018 REVOLVER -250.39300860411737     6.61142948234139     74.39775617015934    0.08906127155957652  178.48750165872045 16.542494385227453   27.32639844573147  -11.370865837120666    0.3326936032442047      3.1638517633404466     10.120237516612084   -13.946835597117246      37.838652056015654    -4.801812226575777     -39.13941144634875     -13.141997125868954    25486.762168869216      0.0
Planck2018 REVOLVER -114.34719284581192  -248.91780230592107     77.6912604048799     0.09724663964788742  245.32702288141235 15.834478418032933   23.36553943094264   -3.7552217119480624  -8.14566781190733        2.6093788499662636    -33.56427545660936     12.588200152716336      -9.006740875109156    -4.33567829021939       12.990835560215745     34.313759315683285    20678.064427067722   3474.9405324617937
Planck2018 REVOLVER -193.27888400007848   243.6675992191204      19.450130239446086   0.10668280143728127  128.42170286573466  3.578474592187284   20.616265452997702   5.323091910193746   -6.7957563630135205     -0.6713440792812052    -21.78662080525019    -15.353129768910295     -17.332476741435137   -12.428511273003146     -12.360127817116016     26.571038604899677    19344.14562307547    6319.454401071024
Planck2018 REVOLVER -269.1952543374301     26.163177466142645    -2.317128193380929   0.09226290358892054  174.4488387594078  -0.4908549013680237  16.879741439960164  -6.3806692721544565   0.5547424345405236     -0.12641648098763225     2.1108995460046143   20.050164474249996     -18.559880785185065     1.2113146433479658     18.5243265358471       20.14952367838456     10280.460623194176   2166.9908193524443
Planck2018 REVOLVER  -61.52997494424167    24.410129240231463    94.4166480000596     0.03882173238912372  158.36081641032942 54.96586739131986    21.194886023725623   6.182810254745949   -2.3222891464006765     -9.28792853707107      -18.529856157722705    15.147429494592007     -16.12235658192488    -15.680568009058966     -23.92507600047534      -4.456217788362511    17170.657490333473   2279.0567835517168
Planck2018 REVOLVER  -44.36106236560695   -46.063476438473266    34.65285735074466    0.024403555021299046 226.0785746937563  28.451696709289735   24.64010962023949   -9.580008063212246  -10.244987853296765       7.573321441536686     -24.063687030160263    11.554642613212618     -14.808976936181134    -4.056833355261306      20.477391582982584     22.569507065008967    20540.277501171357   1539.0991835252937
Planck2018 REVOLVER -209.9132972211555    -96.95531909567136    205.41433702450254    0.10586158874015655  204.79139791373186 41.61734926621265    22.96064431894954   -6.635469136826755   -3.0403546390568112      6.371892456890935     -24.727414074453403    18.897792828638906     -16.73317645447341      7.181693173086556      27.73877201171642      20.714349537553044    19166.925795531013   2815.1748404901787
Planck2018 REVOLVER -179.93137484438998  -245.52498636763585     12.827234453823138   0.10423784362447477  233.76441948988938  2.413002431789694   26.71474495083099   -6.581615085578943   -8.585208164729828       0.6245831914451516    -31.928141019660348    23.479289570635935     -13.711778003172382    -9.51497445188151       10.173633232853659     39.57656889079297     30194.001146853992   6834.493371087213
Planck2018 REVOLVER -191.05714118303706    20.581365399139013   152.43095567614142    0.08348650966756664  173.85160128907165 38.42285409273534    17.817499324984222  -5.562951733226386    0.6757215532577717      4.485098301461744      13.861103263817663   -14.801191175768194      19.422123320875606   -11.072011997237583     -23.7030224054052      -10.161744994262035    10683.459024916107      0.0
Planck2018 REVOLVER -122.42415560396275  -204.01163807877182     45.08830448743009    0.08240283226159034  239.03269735411746 10.730656663139538   29.613295477885078  -7.156178606375786  -11.496192730743662       2.8189219597085944    -35.64768004184714     23.7901360506585         6.525481765550141    10.262129245284724       3.885151816980028     41.896187806979945    34291.174106513165   3684.946390731108
Planck2018 REVOLVER -189.95856232341646   -36.12296464113079    105.01887531858195    0.07473454835430678  190.76694411547348 28.507210272874463   24.51591025268742   -9.396387335988342   -1.7489268638130673      5.065637283304917     -17.745295898072495     1.6894640883502279    -32.33293569207023     -4.433167806468227      36.36936644561605       4.333433077401185    18759.20304384933       0.0
Planck2018 REVOLVER -110.08427072340322    20.801071986826862   135.2629739788904     0.059428426790194236 169.29978235734288 50.36656574470381    26.24471185291376   -7.54668138245049     1.1328306090007465      9.484444961254232      26.17339301594259     21.6254053656474        18.242958588041432    15.145442553305472     -31.689846702896833     15.836146268882397    24057.901049499855      0.0
Planck2018 REVOLVER -129.54971220221952    42.31990758922012    151.25631737985745    0.0690535674638711   161.90937678264106 47.98012426930853    21.39824147502829   -6.381300758829238    2.046536168081286       7.45852534517748       22.83176867536638     -4.662015358386626      20.813412656831787    -7.7233917918975346    -30.258595152891363      1.6947081210259367   15376.257444209414      0.0
Planck2018 REVOLVER -119.79860581120678    24.388894745304125    94.55342881979443    0.0522034919561829   168.49283901385397 37.718558733081444   27.30493829956813   10.999521320457912   -2.295001627106057      -8.674881224784661     -18.663517761294564   -28.816941502195533     -16.041122672293444    14.996103006170536     -23.802265499135505     25.311723250128175    23859.55225620334       0.0
Planck2018 REVOLVER -220.73132954573617   105.80406009381836     70.57442610555478    0.08678112734713135  154.3900095989429  16.0832666718779     22.288721595025834  -8.137505094606263    3.7039987630272195      2.4965926969174808     15.27241246147144     30.66594656348327        4.282919711794925     6.543077179893787      -7.867381362827504     32.99901294419561     15599.29533497884       0.0
Planck2018 REVOLVER -100.59210371683902   183.22381908035624    230.7444185870741     0.10658331282958675  118.76732121213176 47.82799619355327    16.451469972080897  -1.9771686727168476   3.6284562526186104      4.6448339593963555     25.37224293336155      4.777117879227095       7.068420730004505    -0.5560669594185499    -21.195008981467893     16.320438007835964     9962.175747885813   2781.8885183919488
Planck2018 REVOLVER -117.14675559325302   108.06002387788652    228.2275061604512     0.09502061110929486  137.3105393437977  55.07280468613953    16.007342223895105  -2.2363521311401637   2.126629433252017       4.368797329856747      19.65303011501289    -11.578926871870298      15.696581300215989   -15.700774847897199     -22.618652432264856      2.9731364791259205    7282.339639748687      0.0
Planck2018 REVOLVER -141.61895706586583   -99.10228339203717    176.57242568387989    0.0841172441126951   214.98360560979503 45.61032042893624    17.306324643568818  -3.876287801890637   -2.842632169133169       4.794441132844479     -20.977465633587933    16.478300603863502      -7.190190849296267     8.628445585184386      18.924103201423247     18.19619857377001      9519.648647555887      0.0
Planck2018 REVOLVER -167.68016176067832    43.14661171335473    173.32386379372988    0.08338571053321485  165.56997883819122 45.03002043981361    16.646275346353864  -4.449039804121774    1.2703351724751297      4.5095013321429835     19.34610411869697      6.476566083847612      17.262258474287474     1.1259227773304352    -25.380312172049464      8.260509477565982     8792.357655053052      0.0
Planck2018 REVOLVER -271.2951385676548     85.38993932041355    129.9792038554905     0.10706490240005079  162.52864405582562 24.560578240709273   17.30101028116812   -5.414390887272869    1.768070378925784       2.590357402998324      14.241591470351842    17.587368370780894      17.763509376907344     2.2613680141696273    -21.265697609522793     19.241815952342055    10618.950879968143   1914.7385812997004
Planck2018 REVOLVER -197.02476938782297   -69.72961811915575    199.58400932300822    0.09873796570793317  199.48953097199782 43.67983504307823    22.27431274473085   -6.086094307117471   -2.19464436232572        6.169028101321018     -25.489768894972823    12.601751592528379     -20.663996366974732     3.6253747735105315     31.67656565213947      14.845639781885064    16723.671712665553    306.7708614208689
Planck2018 REVOLVER  -93.58245268154953  -189.89066357991612     87.60906600379263    0.07787507693333985  243.7648699583205  22.481698823542278   19.959256926501737  -3.276815744141311   -6.465703355174478       3.002448001670527     -28.78646735016883     13.346754558241905      -2.6750816996195312    2.901510214654624      12.126938996434278     29.281740919906852    12248.37384729967     225.028725388634
Planck2018 REVOLVER -106.28879864854657  -176.33529767522944    174.3555842855921     0.09202727986898102  238.91988555831125 40.25896057478307    19.936774803460526  -3.035306637394188   -5.05623213102658        4.842062161109442     -29.2528744298314      12.419872248276706      -5.3683091893203185    4.322833791179592      20.692700846697925     24.317784671011974    13368.19026331727       0.0
Planck2018 REVOLVER -109.82913014312304   123.61257590889844    261.86468797134967    0.10600737047973897  131.62092322093574 57.729443376566955   21.68328819444062   -3.0708166272329507   3.3861338588016885      7.158077579600877      31.3081050848393      -2.5493164452709056     14.637138984410786    -7.980266224515005     -31.663073949585453     11.554704687492157    17629.497536108473   4167.593849865957
Planck2018 REVOLVER -169.1044110842741    122.68178253580216     96.95646236875612    0.0782946750202931   144.03988455253912 24.895379163058287   22.67687260338166   -7.091351280790873    5.089009155014803       3.9976319611200917     21.516070088932043    27.18950450930829        3.5546978693272715    9.436304468661522     -11.583568563222155     31.484898427340163    16313.11281955457       0.0
Planck2018 REVOLVER -180.94734389641573   186.5303665001469     165.80177584357742    0.10550110619493099  134.12958251767893 32.53801785745303    22.17764201742145   -4.998085095778829    5.267202608996835       4.510090682265213      26.546372869834382     5.22165156607453       23.32049203560152    -11.617789574241272     -27.649087427485014     19.415717041312334    16629.438812111566   1878.9111911073614
Planck2018 REVOLVER -206.4904224793594    -56.22262802581588    161.19516128562398    0.09137290609964564  195.2311124079336  36.987843654762244   27.321521306936752  -8.907567923509339   -2.4094367358201234      6.866572660266553     -26.51967426288158     14.403147545816571     -29.3483134845047       2.452048135768192      38.58239829476137      16.719204588458386    26485.023388221485      0.0
Planck2018 REVOLVER  -68.92664413250564   -91.70389027815719    145.29351586911778    0.06268933309155389  233.07067794492116 51.70649587463278    19.583157142108554  -3.0265466695742527  -4.2175527748949655      6.624700115220899     -27.692807618378936     8.621382552877192      -7.162956501264161     3.1959348372865453     24.36818646943849      16.973863940338475    15140.915087562493   2210.2409594968553
Planck2018 REVOLVER  -90.62946622370934   137.5551318082383     220.89802778660396    0.09403807589484156  123.37925780807869 53.28748349035555    18.806094633847493  -2.457185154390641    3.7245249097116253      5.871205846477591      27.464361560860254    -0.9915138117521479     12.123223278751103    -6.910001802142608     -25.89665552807473      13.536160513802805    14563.809590653753   3162.8078571727747
Planck2018 REVOLVER -281.2259577107466     83.0400003275963      84.99112792034941    0.1044594810530017   163.54925847988582 16.16395841874625    24.54433993441299   -9.515505030399137    2.8818430315664703      2.983006195547813      13.036526649465861    34.43971272135662        8.313522390179905     7.585294157312199     -11.361763487117988     35.172814524895955    23132.44239205917    2322.2503434989344
Planck2018 REVOLVER  -86.1708962935336    132.18385035716096    145.8262669204193     0.07294140586721956  123.10040405585423 42.743299854261316   16.80055659163704   -2.6417051074762576   4.240193053218999       4.535421219949853      24.381001021360245     7.848811126814353       6.863075996259788     0.9624061860125828    -19.065976895656373     18.38546235927658      8727.834666394032      0.0
Planck2018 REVOLVER -218.83951731289588  -181.16524651157974     -0.5759997153782445  0.09702551577251378  219.6194946954788  -0.11616528954304842 20.19452213919263   -6.024477656933452   -4.861900173762163      -0.007553841482824095  -20.240338581510702    25.07241566738734        5.015390282920293     3.1264061058267965     -3.924073451676044     32.23388603785795     17863.121194269308   3515.470331513844
Planck2018 REVOLVER -113.95281285451938   -20.206632790261512   199.05585409040359    0.07827142466978182  190.0554243039125  59.82640146005107    15.328429845583983  -3.023613400218533   -0.6469754319444991      5.436008599727049     -17.88548179875553    -11.336282215490755     -11.29745794040454    -11.019827368028144      21.003454949367217     -3.6296812261963454    6986.6359579276605     0.0
Planck2018 REVOLVER -107.14717047401993    50.50569038314939    236.6615785910128     0.09023107778052161  154.76233520752746 63.41109786869555    14.953837203852638  -2.1268878171091323   1.0331925550531857      4.58252887446747       22.54968901488105     -3.6014845947731047     11.277983692315367    -5.4587197516668216    -24.684157830631516      3.0318201897086086    6760.836681843543   1068.2779604798209
Planck2018 REVOLVER  -99.25090492180857  -137.3314303954495      15.642248501151416   0.05755071124869857  234.1439548205977   5.274374995249155   22.091272140195294  -5.873153166480802   -8.288854130065427       0.824992989725812     -25.93916681784836     18.89422320809131        5.171874662915363     5.741986022233615      -0.8816410111992935    32.01938680743807     18483.383862635474   3608.0184271344397
Planck2018 REVOLVER -190.4080411823402   -180.0551462144384       7.120087272241232   0.08936118823807594  223.39923948631     1.5563294608228706  21.664873447724894  -6.2245433952617955  -6.11666712338951        0.2580297950827963    -21.61887900503312     22.577584677246996      13.688029306783298    10.259016285037875      -9.121725994726047     31.24883525881262     17278.849888369434   2798.253375663603
Planck2018 REVOLVER -176.9189188646353    152.80548359961108     13.773346328941932   0.07963232193714341  139.1827140045249   3.3718323115643205  18.377846299134326  -5.111117084923857    4.328954319922001       0.46731487912640945    16.678950678004075    21.206788223173643     -14.027260877470166    10.51727988760467        9.514747194523736     26.89009811383267     12540.150472144955   1875.974187183883
Planck2018 REVOLVER -163.91585456219318   202.1635819736509     111.51514859481229    0.09669375269812552  129.03541658378577 23.193470158696307   28.864941741725136  -7.27600685585842     9.209495442889171       5.029292877208988      33.46907897693043     27.571833732768024      -2.0681692779809815   12.343259607561217     -11.99609445454876      39.82421060573439     35746.70871498855    1430.7164220645043
Planck2018 REVOLVER -265.97055572390394   -41.60616893875304    151.53862462763354    0.10573442069898438  188.890809366325   29.37565307587436    18.346460214887976   5.961414329182839    0.8758938758079656     -3.3553426378648084     10.931070445155857   -24.641743041035856      12.988565660738427    10.338979798927554      16.54525175518251      22.688242371863335    11176.596528032476   1374.672380762495
Planck2018 REVOLVER -148.87267095491848  -267.23356712658        49.65179200121009    0.10607917556725098  240.8783357034295   9.219393192213392   25.381512975225814  -5.308799980182768   -9.286135653290689       1.79156406735378      -24.90806733087238     18.712910034641745      23.185703740048666    22.93549023662988       -7.232247786114199     30.476329085055937    28529.641035899014   7070.6985122147835
Planck2018 REVOLVER -253.03362000897062   156.32052999728518     31.132886652318838   0.10226569913392332  148.29282430360047  5.975643483973248   29.338964943570698 -10.86154895957379     6.439040683900705       1.2598580476640866     22.245171295766557    38.395213920051816      -4.4539361919499925    6.076079368857702       1.6048156998837035    44.181294923340026    35863.78216705151    4634.850282778432
Planck2018 REVOLVER -224.5033924242853    -37.220329004402764    91.91701772083674    0.08353909587411232  189.41342155627794 21.99429398532114    18.703000524559535  -7.0503861564549615  -1.2914634429293284      2.8536193337770137     -8.902991388431504    -9.183457608885425     -26.152621736979583    -7.779006730796213      27.208038202072082     -6.905901723020364    11273.415644965442      0.0
Planck2018 REVOLVER  -58.91906759688545  -139.09629142544165    121.73754867657483    0.06574736508250953  247.04322518871567 38.86488054502454    23.23035577575132   -3.161360594245151   -7.454767828277421       6.475042595110625     -28.302176605488455    18.674522172403066       7.681932669429128    17.19152539825094       15.337841865526382     26.052131482610857    19467.014776398057   2729.4250436356965
Planck2018 REVOLVER -170.09895872095547   174.14361756767732     53.44575349950148    0.08486066851607085  134.32683742689852 12.382828990352687   20.99929337010123   -5.802857683689408    5.907355565166029       1.8421966607910476     19.864338361716072    23.356317776250496     -12.324495960100128    13.649157148718169       4.115208742225012     29.79818405899662     13872.584332594997      0.0
Planck2018 REVOLVER -294.82991833223167   -77.06031290265341     82.54906627077675    0.10812339929480977  194.64782883132528 15.157023015522816   15.773627336145205  -5.297361990998497   -1.3547084786044377      1.607914959165051      -8.713594304725833    22.890788061423386      -9.421343162299113     4.218141656461762      11.21392226838944      23.34490306532012      9575.02052395166    1627.561470236284
Planck2018 REVOLVER -223.24004893251606   145.5918400957896      91.72558665020871    0.09624327297315843  146.88856731543262 18.991402196347305   15.079751823937297  -3.883828206228009    2.4765313209937343      1.6369682854854974     15.509939384816073    13.063635426876012      17.034806358916843    -4.255863276563976     -18.72961433303836      18.238248691347703     5528.322046185645      0.0
Planck2018 REVOLVER -148.55218210682813   -36.475646810876945   195.26114060374488    0.08444737909000902  193.79553715598095 51.925359893789135   18.256974611639155  -4.0549828415086875  -0.9768540507441766      5.509429370061025     -21.142895179915058   -11.214190379490416     -17.549676741081978   -11.42006069616538       27.151101525861993     -3.591204339917788     8841.096404523923      0.0
Planck2018 REVOLVER -162.4069788430365   -126.69533592968173      5.273433827767061   0.06989848502480168  217.95815524610975  1.4665482334555022  15.373493635951535  -4.756661595632782   -3.697766869408666       0.14317363492183335   -15.026890466619585    19.226667720986132      -2.66877261841424     -1.1813252466676285      2.464651928821875     24.407732723655656     8114.202805093344   1047.2988989101536
Planck2018 REVOLVER -296.8382234896694    -86.2371660302927      47.91545440528487    0.10709785193621534  196.199588828056    8.811313464586036   16.64435998252041   -5.9867224655954345  -1.6976145102799334      0.8960128318389005     -8.153277785127194    20.39416751537198      -15.836800636173606    -1.3701569943017693     16.247738777955654     21.628761063324525     9331.602372451978   1688.700559604362
Planck2018 REVOLVER -276.9736705688504    -83.62171125846663     34.720458945557816   0.09958177033618533  196.7997023325364   6.843137214064722   17.985132168872013  -6.200791237867593   -1.883377706136311       0.7704791571216734     -7.904018286244736    16.320852059545935     -23.716200821650844    -4.9180762443475095     23.47021819095396      17.790645586170136     9823.245517350597      0.0
Planck2018 REVOLVER -102.54430745005577  -192.1541444691133     210.77198405707063    0.10368361888786853  241.91309953418627 44.05999277566567    20.21854503635451   -2.672308266727435   -4.912943404465356       5.407738335158285     -21.97986543041396    -11.381248043734338     -21.201544249449107   -21.30570372635496       22.56695814274828       9.97362975557108     14674.0987769831     1449.3669920048671
Planck2018 REVOLVER -158.99530094274118  -168.19515301118264    215.64775051529764    0.10834380956575047  226.6106027612653  42.9757737765155     14.946946794919564  -2.643306806302839   -2.8485973934055324      3.6247486900564283    -21.511783129717376     4.747112219829567     -11.956589262525625    -3.171869947743708      20.624496937087933     13.895215117086266     7314.054230944621   1274.8020051535823
Planck2018 REVOLVER -186.2073669915935    153.6463091197777     172.356105244733      0.10141495210694101  140.4727495307742  35.5247966279119     18.645880063341014  -4.541602170451304    3.809130507778352       4.255831712905939      22.450988531283095    17.957312938266103       7.886051882597549     6.354224158454257     -17.995518814214993     22.887568052258754    10938.975412401698    241.60402536106585
Planck2018 REVOLVER -171.64565845149534   -86.73113752742243    146.3638744431042     0.0822345024838252   206.80709399165886 37.27362925001679    26.654966987503517   8.609483213202024    4.397638318721018      -7.53346797687083       22.966645161215187   -30.78547367143715        8.276077829358229    15.968346412167826      19.949286084074014     29.8944597606361      23495.141848052208      0.0
Planck2018 REVOLVER -256.7074398038249     19.578772902580482   113.9054551448779     0.0961251722288645   175.63856229467788 23.8661350668267     19.84555354045793   -7.179273859031737    0.5602671861862449      3.2314652412592926     10.749105816061961   -13.64455939068604       26.246723067563643    -7.4467716517143945    -28.26465148945074     -11.643837542915762    13912.407094990996      0.0
Planck2018 REVOLVER -219.96045275839842   147.6521025205408     160.78562281837705    0.10607554959755942  146.12785775728747 31.254254625023947   22.291313624295416  -6.109998630510088    4.11537296028592        4.389551223777518      25.18969886410688     16.309682628260045      19.77163364977898     -1.1401587802884279    -26.98650973787775      23.713855602771364    18167.730474013635   2690.0739022888424
Planck2018 REVOLVER -167.65085424726507   216.48648884061143     22.54494791929353    0.09375261399420927  127.75481554108332  4.7069574191451355  18.83043892870921   -4.1868444772461535   5.571320552777248       0.5778324989891384     24.05568428069918     18.632615743894416      -5.349069452383739     5.803205322334146       1.215283470494979     30.33125414057151     12650.491486849607   2446.8919667704854
Planck2018 REVOLVER -137.48412975636495   153.63608594718292    206.0967934887822     0.09962343745518196  131.82436656852647 44.989871797661465   14.298084285862355  -2.478559603055188    2.731024826027827       3.6204824867555585     19.890303227774954     0.7913485174839712     13.019841912792756    -6.323761393745956     -20.171645881416953     10.886793762511614     5548.399055156014      0.0
Planck2018 REVOLVER -240.79097398125734  -119.20894703726692    131.2927756374105     0.10226422143361161  206.33873823338496 26.042509682916883   21.093675959181578  -6.691382979255679   -3.3823881494019576      3.7175224745237703    -15.654209259146358    29.574066107573163      -1.268946910422516    12.62679802478972        7.969973732261162     29.979182870414043    15841.084061529014    303.06028247731024
Planck2018 REVOLVER -263.0227766006705    132.78024107800286     67.35134452891417    0.10338450530425579  153.21425452080837 12.87601933487004    22.13322789244697   -7.619652406053121    3.7203933441317774      1.7343800403320462     15.819879887424973    21.619836756262586      23.125086858584655    -5.609412452267521     -23.53476623109934      25.84025041295713     17604.177420862492   1259.1100084130742
Planck2018 REVOLVER -171.58261295645792  -186.28952455660757    125.53654982250809    0.09652657001937172  227.35327088644954 26.36614308273726    27.438854169139987  -7.3021536636737325  -7.912679521117562       5.339911049174952     -32.44495348260306     24.499843956873885      -8.063546751258079     5.579627044281619      19.325139070248092     36.26594608858816     28161.413276691987    176.12870955083596
Planck2018 REVOLVER -255.96856217659703  -183.47920632632034     -0.35049768484859717 0.10784842862597259  215.63309326767705 -0.06376548247766625 17.45735141434415   -5.310135827931492   -3.8934914355890706      0.06475246966233666   -16.754301499224404    22.806149463656155      -2.657335672068448    -1.3470579232303277      2.3078353677548398    28.299719041056672    13422.766301949665   3967.0746587126478
Planck2018 REVOLVER  -90.87884815158763  -123.04665278824191     72.65568442691684    0.05727080445652676  233.5514521364857  25.406348948580497   23.27601589245418   -5.678665569513174   -7.467287387467157       4.7145217725787765    -29.131798226365238    15.400023732825078     -10.697444833659016    -0.6935786437388518     18.87975855140918      29.068055755409837    17495.095213809247      0.0
Planck2018 REVOLVER -260.9748085315732     52.13152273053125     18.46597362262935    0.09097051370052495  168.70346019582405  3.9692125043793394  26.753722821412136 -11.303087575128076    2.054365850206532       0.7653714143294913      5.675524715500793    17.698431584424522      36.31165068948669     -5.299910238593094     -36.007024068361766     18.378333424948018    28229.65494838337    2356.142068947473
Planck2018 REVOLVER -142.43877737304652   125.74214508448989     16.240689742528104   0.0646055621788016   138.56257030112104  4.885621002438819   19.288699849119258  -5.974549532364306    5.4039523333576405      0.711579887122807      19.378719176749147    20.04522838187615       10.477613326713799    -5.238895277980329      -9.448117958886193     27.7651745280268      14119.890473026828   2238.6483167517995
Planck2018 REVOLVER -155.79104180839602   167.6168676182267      23.12733454615104    0.07818432805048503  132.90583922319328  5.770989538465128   19.963662702390845  -5.489560553050647    5.982985716543474       0.8233548918043156     20.664875696496306    16.705622236661746      16.386114133235      -10.32979677070016      -13.109942639821533     26.392695181138958    13758.924807271385    967.1311309446877
Planck2018 REVOLVER -280.1157469311336     52.26452537167423     83.05584689732083    0.10147860721611107  169.43117046745695 16.250100470749317   15.813203477766063  -5.2653747495509755   0.8893294081904368      1.710550212093796       8.267597798908275    20.421043258898827      14.832050058730397     3.876348027512659     -16.446078899995985     20.482536199178444     6503.770450682398      0.0
Planck2018 REVOLVER -129.51395818744479  -151.27251970963343      9.91779755907383    0.06760122694207449  229.43107983283932  2.851136091432271   24.5856512967974    -6.76191292242714    -8.105671336923775       0.8025288843250289    -24.81124158582053     18.618578781181462     -21.00282627698566    -14.674323451031762      15.300883820653523     30.899122171933683    23795.818430953652   4541.999350513292
Planck2018 REVOLVER -229.97767475455123   203.63690546027902     68.46762268181224    0.10777067155551368  138.4762728152355  12.565429427731106   19.478158757603012   5.927075694541108   -5.325809036427464      -1.7927303962962184    -17.708731643206818   -12.745574238180001     -20.683811982021563   -10.700777777427419     -18.916499317898097     20.818157155513116    15390.071883443836   2728.157023609671
Planck2018 REVOLVER -266.9253984895631   -109.81965228948272     71.70072297590613    0.10168868232797454  202.3634671856924  13.950690155529532   23.079321746225208  -8.089874226366813   -3.3892323037610987      2.1642856412927363    -16.207968258215665    30.648577491348366     -12.588576690659687     2.620141080175565      15.158292856384213     33.531427750608       18123.890636965225    930.2921318943391
Planck2018 REVOLVER -263.82162330807205  -160.9048693324119      19.392947744040125   0.10598051136636075  211.37902479761286  3.590982431390208   21.02586159772561   -6.783320065752076   -4.181170399889432       0.6717199383183964    -16.917775692245982    28.646861475175587       7.471449993275822     6.311328108257677      -4.915486182578983     33.137728986203925    16271.15062211071    2362.402651813629
Planck2018 REVOLVER -123.99368800594236    -8.577124040565511   178.39412920821758    0.07382862443758824  183.95706764398778 55.13446777172565    22.439710484348765  -5.2408819639183255  -0.12935027721382203     7.417076598214031     -22.942420702335717    21.606777693722815     -15.834227222541658    17.420324378417995      27.874001715705305     12.795253282444811    15565.803973347734      0.0
Planck2018 REVOLVER -264.50384808296826     6.693603632186386   167.0501880624289     0.10713562797109931  178.5503674011552  32.266609835402704   15.5802916287104    -5.161284874396387    0.14342738457582574     3.244325887895427      12.198734277690376    -8.927864511134434      19.801229959847372    -5.212398268624896     -23.2352380238197       -7.2650232245072415    9841.838980480112   1593.8244515927672
Planck2018 REVOLVER -248.42486705600882   -11.514210907366682   150.34700809335646    0.09930432442702637  182.6536952638932  31.155148635793786   21.503197208945476  -7.7228082786833365  -0.388004362853752       4.587291417048366     -14.439872466348232   -15.538316142420065     -25.624118983166447    -9.028307677529641      29.359966849240966    -12.716021011220652    15693.152212642048      0.0
Planck2018 REVOLVER -162.85688351832357  -217.34741854247167     29.608238820720334   0.09321542410059705  233.15603900899026  6.221661593879736   23.395564818780244  -5.855515734855734   -7.653914803889191       0.9595546274862312    -28.966169553455668    21.847731316648456      -2.491976354836419     0.19518666602762738     4.3757293367560175    36.0942224136842      18573.17305571154     108.2667386654721
Planck2018 REVOLVER -173.9706598236777     60.054046363225105   134.619478569744      0.07749847187048628  160.95551001498296 36.18366999979177    22.220929472783883   7.345408530086677   -2.3654591849599997     -5.796973058016611     -18.839103657723427   -24.23133211483883      -13.983622966759496    11.118644692253048     -21.941576095031813     23.041833890749743    14201.668330034085      0.0
Planck2018 REVOLVER -237.1090417797098     74.23622734973152    180.31798707757684    0.10505581956837734  162.61523692380612 35.97013272552469    24.36067967039321   -7.853084783742032    2.478451179329519       6.102757805649132      17.855740237505785   -15.417005564681567      29.238082727115923   -16.238547993017214     -33.01095772079477      -7.489506959921992    23206.67615279552    3158.618159303445
Planck2018 REVOLVER -167.42919012057803    -0.1068893736090783   90.96200746443576    0.06455407464041661  180.03657850310097 28.51462823392979    27.683188191851766 -11.783777169952273   -0.12420303053212196     6.324256334010358     -16.992677265012937    17.78146983155862      -31.312679232572513     8.121973961539915      35.64389861463854      15.833420766384561    26156.66016467392       0.0
Planck2018 REVOLVER -137.36800573539      122.34173888031798    249.66306795233336    0.1061511827459895   138.3113232624784  53.61752537842729    18.29143671043188   -2.9460270335823555   2.6410024331316784      5.403842844569927      21.44019370406032     21.278255339261463       1.2893539531074063   16.653795682768205     -17.85959269260961      17.807653334295583    11126.336289783341   1496.2147967212723
Planck2018 REVOLVER -137.75476158736492  -244.26979043371304     50.094722811889866   0.09729721471423128  240.57938638612782 10.12802641987048    21.738721489503153  -4.178007282143411   -7.428304120554024       1.5489973815064024    -30.15056623542195     16.048889162055936      -4.359759338623082    -0.8690599259369717      7.496461711708404     33.60564668795741     15545.384885956963    723.9019694501301
Planck2018 REVOLVER -167.27623988183188   166.92742092338872    129.45762570902903    0.09190691953659041  135.0598014002223  28.714437524784067   20.49006961246667   -4.5949487283792365   4.827801383138781       3.6426353456737246     19.42354917344267     25.74129470790957       -9.61491950082338     18.461051454615287      -3.4993929543138944    27.925375284057388    14013.695322837244      0.0
Planck2018 REVOLVER -265.694020832829      -5.6521922855081845   98.16125672813776    0.09674733825868279  181.21868727982155 20.272651403081266   14.721108292564217  -4.908552042756745   -0.08279707740054988     1.8203789283086969     -6.263826567125172   -16.113153952188092     -17.622946655556095    -5.879467401383814      18.694749917973027    -15.003360367842264     6369.392845057934      0.0
Planck2018 REVOLVER -127.52114279134047   155.82766326737328     17.824065427217928   0.0685510983981175   129.29508482328632  5.05866708061928    17.816566525757086  -4.730493569121271    5.640574869056287       0.711212645060775      21.092622903452902    16.989787011496148       5.548764325868603    -2.5991987324812427     -5.5798587620045295    26.965378568791877    12790.53519456918    2924.083637874551
Planck2018 REVOLVER -146.69219860800942   185.17402995443788     64.94362592622626    0.08339015668615182  128.38575801301278 15.371378759062912   21.57384334918127   -5.501839278862178    6.969171523618116       2.4573967560920127     22.16585699332642     21.563441695771886     -11.526971007683374    14.480806627162334       0.9720138904676742    29.664293722291948    14859.741145589396      0.0
Planck2018 REVOLVER  -87.43475163585276  -269.9537856488683     126.80366184485739    0.10639468250948234  252.05349106354595 24.078387310721773   20.65516901346446   -2.1491675709902784  -6.456369776427153       3.2614055044292085    -29.01877551667723      0.544773059840152     -18.04404723417706    -15.201294856442408      17.67905591241323      24.980761274701393    16936.702485037215   5137.956243456775
Planck2018 REVOLVER -110.15964010632956  -226.5920272567285      61.05435674654263    0.0883458244331607   244.0729023185391  13.621717247383653   16.32485589869895   -2.5433799649447963  -5.325504396617316       1.493245642075381     -24.118785635270566     9.821246828315788      -6.0540226901459455   -2.886348519531757       8.44347588897252      25.196582473020182     8117.337312053337    144.45695827684048
Planck2018 REVOLVER -119.94027930612702   199.20915951094398    102.08316372580524    0.08650285360270954  121.0513954285188  23.702036489218592   24.506937568457264  -5.195120963336909    8.478911476989047       4.288243229077996      26.32151959188392      3.1778723953602936     25.60455963615189    -18.79827900073753      -22.71742368728318      22.144194264549128    23563.07910816341    2312.892333908353
Planck2018 REVOLVER -167.69441986261276   140.33950573948434    152.67006194893926    0.09094317901460042  140.07483189388842 34.921798593273714   22.551674107444978  -5.648612455668882    5.029521654179707       5.567104781496392      27.645939398370196    10.38140944795921       18.671765324119523    -3.847457671435617     -27.631885081676188     21.059845582258248    14904.392952091297      0.0
Planck2018 REVOLVER -180.34669225957356   -71.33013484486912     19.33536408051332    0.06605516566625262  201.57962619338704  5.693426719997243   25.109857532377983 -10.459019597668355   -4.27269579380486        1.0217631976096624    -13.895369157882513    29.746511012339624     -17.845764947292725    -4.039848032690214      17.694472935323915     32.63990170801209     21060.955955503137    646.5682542566271
Planck2018 REVOLVER -138.85162756371528   242.94911397045436    147.31462047359668    0.10830628714873383  119.74907012092933 27.7643780281892     16.230418566863978  -2.677508119980762    4.674335710617291       2.8751372155746258     23.65453528976889     11.237979221044506       3.758124191810018     2.4154775153742576    -12.790440413957347     23.043864718396538     8898.639355479736   2260.901093780481
Planck2018 REVOLVER -128.73085163062663    13.457670267390487    19.866083370385685   0.0441436635314357   174.0319122097883   8.726013831174463   17.276572458200473  -8.24400136993501     1.072079159911565       1.1496535201846607      3.6423972110825145   24.283859681635214       3.4738359349105195    2.8799635094980633     -3.90749381732701      24.295638047729394     9639.100120833367    530.9254343503727
Planck2018 REVOLVER  -93.91220305389324    -0.9340456276873218   11.974602273398132   0.03182154645289348  180.5698418953173   7.266131008321508   26.171446714670928  15.623093956817774   -0.4246883654033539     -2.4153323319712414     -4.958009005419217     5.232523836259317     -32.98992501803551     -1.6750832443231778    -33.15000693591252      -5.00616850641058     31310.25197916787    6555.50341642318
Planck2018 REVOLVER -167.54486102087188   -50.43834272329972    197.6268127425361     0.0899880446960467   196.75409608087296 48.47937442341388    15.652034962591733  -3.715296006148054   -1.1537228157813355      4.4020110633852       -18.112664849925398    13.710464164508016     -11.693708924142328     7.976110366958164      20.965230459190465     12.226610731970327     7171.945670391585      0.0
Planck2018 REVOLVER -252.0497921693709      2.5143647491744403  125.12126017210754    0.09608431943740676  179.4284553516661  26.39934919194198    16.674089011411045  -5.180024289809587    0.08055461833048963     2.5616510277955067     11.634725545097623    -9.930750863560728      23.839363016974566    -4.7329780545904105    -26.518420996133713     -8.73684969615225      9058.951642222582      0.0
Planck2018 REVOLVER -176.96690981549096    21.652299502265315   262.64676815844683    0.10873065518652363  173.02440301191012 55.83104552978943    14.481838975785443  -2.7929144547391234   0.3976197700381059      4.22895036245324       18.320379380105397    -9.620318069596374      13.0038133182594      -9.022681205252457     -22.391115110346128     -3.8535393704943757    7776.874873623706   1884.3428570511007
Planck2018 REVOLVER  -34.08117381487325     9.919321854452965    25.738291560966125   0.014676126367206634 163.77236888928496 35.94652164582019    21.064523731202307  11.474902641954133   -2.1992968912857758     -7.3811021772178265    -10.548481038944146   -21.503752802323252      -9.991686130682247     9.935994023747973     -13.987966517870595     19.614720386688898    18257.262345444295   3902.8278698346103
Planck2018 REVOLVER -222.36303805727573    85.24469402510726     43.53067200828582    0.08237809919734805  159.02526436898074 10.35886578357481    19.725245757270745  -7.628761140761006    2.817706965505192       1.574768644644707      11.681771425530552    21.50921961704513       18.10473307667571     -2.068523056032465     -18.886610824955994     23.772804148054348    13013.16755469583       0.7730863605138909
Planck2018 REVOLVER -194.04403424881085   -90.4283849174161      83.96672594223921    0.0781689960155351   204.98645676303383 21.416138583089836   21.280077309449563  -7.591928296801871   -3.6220510150848533      3.3653113255783764    -17.768379545184086    18.773167270571577     -19.878961384700283    -0.9743736405207116     23.26510007259665      22.841870211713957    14613.961781279479      0.0
Planck2018 REVOLVER  -79.72743297135524    87.60431943158338    173.01314904061945    0.07115175933231424  132.30487830430238 55.60273636429595    19.68721277547907   -3.2444110895990166   3.6645040900719272      6.829311093850694      21.86217992940155     20.727024446004055      -0.7357062495172232   17.16937327808007      -17.48710462834748      17.53999339799029     13404.935468721715   1948.4836443785412
Planck2018 REVOLVER -131.22448958176676   134.05105485547102    219.01967949677294    0.09852223997636324  134.38952483335106 49.42018234625243    18.336060051354657  -2.9478931951086937   3.006090056730839       5.077499241251078      26.141563378289536    14.375518216732907       6.666359326200202     8.029086681974961     -23.1061359231295       18.34131548147239      8718.961323139276      0.0
Planck2018 REVOLVER -143.48175903287535   218.89502629762106     48.56244574445499    0.09077009103976696  123.24412171405405 10.511396649744974   17.945288442351814  -3.7328027479189543   5.589917336258306       1.1912158578608372     24.127317212603227    16.258397643982185      -0.6888615974548477    3.3996787613771255     -3.8318537344061023    28.634672395754766    12062.214933408402   2195.2858765573974
Planck2018 REVOLVER -228.04383306961043    30.425481350297336   216.534664357802      0.10820121830880586  172.40050910402172 43.264733581481124   17.47292129236731   -4.605155177532981    0.6689096784374512      4.421102391350546      20.05209364052126      4.579539042451578      20.19399166945591      1.0501125303566188    -28.30709091755287       5.376672181542165    11775.075004708593   2300.5050985013686
Planck2018 REVOLVER -308.652499639048      -7.619811148764727    42.91462683215777    0.10671505558629889  181.4141934972423   7.913200328913624   21.012477860183164  -8.357351679528463    0.0050556296651819805   1.2399526823909897      3.933600572781897   -19.39526325371848       26.59177167811096     -2.860568233093923     -26.86426325645229     -19.170859742134162    17361.97185818085    2964.16075466554
Planck2018 REVOLVER -303.91345726312704   -41.74351337703888     86.1573374244566     0.10915117524481613  187.82082648457742 15.687719798931514   18.661873114753828  -6.89514776235751    -0.9203536362140254      2.1141345574826342     -8.77554691549885     20.8503972985683       -19.5441456464439       3.589736993778903      21.09190147677335      20.88976553673581     13843.315068650147   3197.6530119613176
Planck2018 REVOLVER -273.9274129897079    -20.517538474640798    12.529988768170579   0.09383696694757539  184.28353380622448  2.6116925191670175  20.371028910667988  -8.495983603422916   -0.6754956210696098      0.4921057084528084     -2.6937307925282874   13.15773353203119      -28.444907305134958    -1.493362549060479      28.484569970730874     13.317501585382246    14884.725520028815    495.1906282120265
Planck2018 REVOLVER -139.98631532770278   -86.06024270759073    246.03303545431305    0.10114724210449647  211.58220727620233 56.261197489648175   20.101033871237544  -3.6980585145656764  -2.3364304565869336      6.528600393002685     -22.021420047592983   -15.133605431067712     -17.889763429559085   -17.88239223563495       26.699869670860984     -0.5740501725160521   12567.57861320295       0.0
Planck2018 REVOLVER -219.55650981073845  -110.03297220671655    100.8446297340381     0.0905218206666855   206.61820360782227 22.324482260953552   21.50024712821355   -7.208305072071695   -3.488063611989171       3.0920624572964637    -16.351865088844654     8.410449955660104     -28.632360707346656    -8.603989502287787      29.930071091048994     13.705354045337527    13798.620337378912      0.0
Planck2018 REVOLVER -137.31620579023098   -23.598141423896546   250.90869081094212    0.09804054598348133  189.75117608263332 60.95666346809345    17.771676218216047  -3.117979595054012   -0.47950434047496254     5.765532325564182     -25.681163403621092     2.826316152255751     -13.653225437336244     1.4835026807337666     29.01071434811773       3.2150187513038784    9064.036545393748      0.0
Planck2018 REVOLVER -306.8547103030952    -47.69724136624559     27.851710376569876   0.10674014090566712  188.8353035698431   5.125037854674605   23.81118230793763   -9.65126765552269    -1.5589308051007367      0.8141768399523859     -5.4183125804125485   36.31618677135617        5.307001028258662     3.856639595745953      -4.770505146349015     36.58243774489803     22954.05990642438    4381.869532502047
Planck2018 REVOLVER -123.30760199259737   -61.66740379661819    226.57942755382476    0.09043238029709884  206.57010746650963 58.68048526303779    18.34254578420138   -3.26520475465118    -1.5213946634995423      6.004168543127809     -25.75754247849658     -2.3021436599189293    -14.590882753949026    -5.142943625448292      28.88294166323576       4.521790009538177    10167.1976233982       32.0261305879217
Planck2018 REVOLVER -251.7999295009214      0.20125854983165337  27.9808311182003     0.08629374736093676  179.954204661362    6.340877795824369   19.37448563210004   -7.688059839104081    0.005473790677395019    0.7922253324639265      2.4671561523497023   19.171382369201513      23.809771317116862     1.9491911948729865    -23.94857596241758      19.081172257978242    12014.332757218543      0.0
Planck2018 REVOLVER -238.3267914862215   -144.33176668254836    103.59162159173309    0.10163678080846127  211.19928433302346 20.39499481767272    25.201397745845473  -8.47667040748772    -5.4920246520152105      3.752502323279207     -22.925301886198703    29.902711436859303      -8.022326734185139     6.330838373668032      14.30845701793373      35.2423043554267      21343.831196841275    334.0308503592909
Planck2018 REVOLVER -194.74092237502828   -95.52170097377405    161.1483025894701     0.09217330257688444  206.12825393543042 36.61009990737034    17.177973793974452  -4.907985623867961   -2.5267848750397115      4.236978548823128     -19.058791777355143     7.778823675933713     -17.438101512721662    -1.5969022415696685     23.92236994949746      12.416656991044027     8259.316934927378      0.0
Planck2018 REVOLVER -197.81808508982394    53.67746976358894    189.56410230762128    0.09530888441874547  164.81848188018407 42.76363967456842    21.967527152619578  -6.353186533988346    1.8152455919397148      5.97907796851508       24.098760123551344     9.980295065611093      22.576596657457195     2.0967356121792804    -32.254045910059546     12.020242501526885    15790.613756381385      0.0
Planck2018 REVOLVER -143.04369573127244    38.65006693496959    123.55729074823155    0.06537571755772444  164.8798716610547  39.823718078690725   16.021386340169986  -4.55701294843986     1.2402338340414287      4.009943846194005      16.13797463454979     -4.210147711252453      19.6418029852965      -6.65510549653378      -24.88556579817129       0.13379707591858075   6825.558394725466      0.0
Planck2018 REVOLVER -209.82468390785127   -30.732416371989775   206.18899005860976    0.10111759626073893  188.3326986332524  44.195328116707344   16.38298288441229   -4.241616371999903   -0.5323421940460311      4.122829693887688     -17.495330464049726    12.945911313937351     -16.3278210101368       7.524501455550465      23.809780400258738     10.81562970431119      7484.945243333713      0.0
Planck2018 REVOLVER -123.62831198368607  -129.46408856017302    221.77351117615297    0.09734316755810467  226.3208856894274  51.09025983936915    14.682729292107492  -2.2831107714017813  -2.2778630488000746      4.0451603603718524    -17.889071541139472    -8.438165950469077     -14.848291042446505   -13.13877215438344       20.54538616369885       4.15368050709534      6026.357210945887      0.0
Planck2018 REVOLVER -112.7554247934911    166.3721754614215      39.76648987488237    0.06949476375608495  124.12667369835198 11.192077018306255   15.651753252518503  -3.43040192433947     4.834479999590963       1.1808905068354647     20.406404777041164    12.604320081307707       7.6779657572017435   -3.6792832632377266     -8.345946859861625     23.479647456521178     8282.42318941569    1346.1309265737777
Planck2018 REVOLVER -166.0539108709841    -45.22276403611385    159.59082438688307    0.07981631941002655  195.23434873598958 42.83992280700881    14.799826744879754  -3.815710537286047   -1.0822186114628125      3.675915279250576     -14.198927543675262    17.493611990002606      -9.588655420932053     9.970422267641025      16.414287391042123     15.18209435656317      5692.867428897412      0.0
Planck2018 REVOLVER -182.54081476912935   -25.382386186703766   209.7870847819982     0.09532655568363105  187.9162452424926  48.70082851963741    14.36976919335471   -3.1053135396374647  -0.4273482131198969      3.609051008195775     -18.81763937501814     -0.9450593849000626    -16.30305020379928     -2.1707624971357475     24.795314299970585      1.0682406752885243    5817.445427437709      0.0
Planck2018 REVOLVER -315.8735446854624     17.24560661218189     20.95651783762213    0.10858817166015376  176.87495052513486  3.790077526947592   17.83066214989658   -6.784380587964732    0.34941200727365823     0.41351306770982993     2.2921804758226365   17.352095776398563      22.944847090792717    -0.12371727883194687   -23.014865968681658     17.417407024732753    13482.86028148744    2877.3116837069556
Planck2018 REVOLVER -185.9841033269496    199.26005090806208     13.065697162673846   0.09310442082028633  133.02630394002682  2.744379268997935   19.271460624084437  -4.787613012152003    5.0249401582602         0.38306033826908564    23.256534063315407    21.97681303345021        2.37851493799113     -0.5084003602342677     -2.9202414900617453    31.95322859708428     14342.14553242648    2921.932379220127
Planck2018 REVOLVER -148.24009345074268   199.40891692849456    195.20349692466493    0.10821597280338358  126.6270209022263  38.153573610329545   17.310055818905024  -3.0694189794216045   4.0898795942275745      3.9500072461182953     24.601698199204783     6.356672367938239      12.535393402753714    -4.048135953131136     -20.99222221276824      18.58989904685174     10858.795437300483   1981.819627179759
Planck2018 REVOLVER  -71.48840979381276  -128.54063739170604    165.66415474900052    0.07525163540032247  240.91919423117815 48.40017977498673    21.82665985017831   -3.3693890921370615  -5.636872953465174       7.700795539694747     -29.85080637636718      2.0379132665578705    -11.569132404960682    -4.885119656425834      26.522382864245966     17.276583056773966    21378.896930273437   3849.4259888492165
Planck2018 REVOLVER  -44.66508442417016    37.359188593742346    18.05459856352091    0.020434536961538054 140.08989897608447 17.226526665971807   16.044447908481228   6.853513793104853   -5.598328942326726      -3.0951981144422396    -12.009516472824977    -5.749102319805157     -16.193477455221014    -7.790329336745147     -15.840520365526752     11.401310273798511     9704.403112784883   2342.50138356286
Planck2018 REVOLVER  -80.25208252716385   -39.84243084888869     71.28337217017858    0.03854495496140822  206.40283592907326 38.50542052367594    18.10447669869694   -6.991606016758058   -3.195089589935872       5.95048736771832      -15.982858492245965    -0.034559375344523593  -18.797833351702085    -6.216144343288578      23.36560152768016       5.242319844478368    10006.22736618424       0.0
Planck2018 REVOLVER -140.30515591708507  -176.044662574164      194.51451881643433    0.10172562212587012  231.44564026172114 40.829085624809      16.627851881430416  -2.757121131155126   -3.5930519000832466      3.9498478440278477    -24.40343434456759      6.065549432903789     -11.516745045761686    -2.899437704824724      21.325722497572954     17.37543558288736      7727.364096875595    266.4979470354699
Planck2018 REVOLVER -133.90787032265993   -43.39190982449336    138.7529867541434     0.06700299808804228  197.95455463677294 44.58802400725035    17.13865327597234   -4.775727129153846   -1.5352200403219154      4.723082625707127     -15.239968079083939    20.544397631571606      -8.73195777222178     12.138806630543492      16.501199599571134     17.637760559647326     8813.702122401399      0.0
Planck2018 REVOLVER -137.2078252909237   -131.81826848451135    143.576544449037      0.08108391676995906  223.85231371985867 37.038214114884155   21.473067938114365  -5.53242748738768    -5.5002495412185         5.648735797653572     -22.750594048359954    22.60474274909125       -0.2716158070503118   13.093565775494401      13.489972811374283     25.959334127821467    14280.607724988467      0.0
Planck2018 REVOLVER -139.3894421303895    228.17789905619276     96.26300546375604    0.09705583101668298  121.41994673370539 19.799733512730675   22.998605388726606  -4.663558950955296    7.350847824008671       3.060210037985465      30.243113533684017    19.998643231688106      -1.9496832517870428    8.184878407948094      -9.043759276146316     34.19698643517829     19543.611757665087   2113.267163187088
Planck2018 REVOLVER  -78.97221364018182   124.10560199583104     71.04397593713222    0.055218071665040044 122.46985206256733 25.77865323001559    16.33568259957539   -3.5500999163274836   5.60101910720547        3.3750504195326125     19.631519010384284     4.332071727941627      13.460491497028443    -8.174433302258272     -15.340093294126307     16.859037226538366    10591.726841563606   1496.1605751395095
Planck2018 REVOLVER -195.8025275523922    130.35052342356894    156.96974287719695    0.09656715195330377  146.34732431206055 33.716091210223944   17.707930061038038  -4.580218871538844    2.965456453945134       3.7060751428319336     16.651315178614173    23.709603646550796       1.6073259805339      12.596465923277858     -10.469821539820012     23.945108335174044    10639.428435466894      0.0
Planck2018 REVOLVER  -42.40481025291372     3.113341309846313    61.81763968329754    0.025177291245881875 175.80090485861842 55.47931965935695    15.010916443340301  -4.755026922518069    0.2967146229887081      6.700128730253752      16.55438983749591     -0.6590445212314784     11.777701696011148    -0.9580215040685737    -20.21576922063886       0.2153535188086755    7119.759552783848   1169.766234932719
Planck2018 REVOLVER -146.77238854707304   150.64852044130518     85.68036704279368    0.07718145001599303  134.2533361996147  22.164456824584995   21.29439394970855   -5.741073564332866    5.885411663695748       3.410910878264716      17.88866109001041     24.688714760194124     -12.490250272328831    17.70666217592292        1.2002102411367532    27.732040547131927    14195.830933850571      0.0
Planck2018 REVOLVER -117.29138423056337   195.68816705333163    139.9558148546536     0.0912788213451067   120.93758846810186 31.526840568556555   21.074310132066206  -3.8175237828035327   6.256849430236538       4.510422768663815      28.7138065238405       6.946896028446961      14.666021398627366    -7.019902951844428     -21.548809851914353     23.95097260574309     14419.066620421865    753.3120569188654
Planck2018 REVOLVER -227.9606078902782    -52.0793926443145     204.69684633606803    0.10638339479311112  192.86881748593103 41.19871327651805    17.078694220450885  -4.2942170303872205  -1.0582288612536406      3.7696381347519443    -19.166658232234663    12.365044871817723     -18.362702298737936     4.675944810598292      25.995687938147324     12.624264553245796     8952.038091823762    953.8032752133237
Planck2018 REVOLVER -212.00601796660538  -117.88255898468728     60.0759416355471     0.08509471604571656  209.0755483864266  13.909923082670604   23.34264524119681    8.668239181027655    4.696570976187186      -2.438782748774679      15.138296123168859   -31.30660429421816       -6.48328249422575     10.524756679559221      -1.8999523137362266    33.74956107470361     17167.85073973459       0.0
Planck2018 REVOLVER -216.00730830502002    55.83247736404975    216.8024999314446     0.10649687003464976  165.50766049708523 44.17901930748079    19.061640608953102  -4.919806898504501    1.1936409503657643      5.0533904126156175     18.188353942389448    21.92687558873651       12.52829633425228     13.395753610821911     -21.459537497001854     18.11051517591911     11700.870828670792   1213.7664199569908
Planck2018 REVOLVER  -29.955580803732953  -68.58814936462153     37.18032843276193    0.02806318922175926  246.40690621792098 26.416758259912566   15.418950153067572  -2.5809616522563164  -6.4271679143431575      4.097214305700128     -18.506294384235794     9.93404533068608        3.925530879739683     8.1744511551316         8.144775874299086     17.925786070372034    10684.554823672803   2741.088071516076
Planck2018 REVOLVER -197.27663396135804    25.83501174459343     81.15733302200032    0.07294843439645099  172.53910070332762 22.19081940067626    23.905079108108858  10.677534220714183   -1.2971612048021957     -4.304938384551689     -10.396709719579611   -27.63996657798261      -17.458491795459604     8.331602340667699     -19.99155093660121      26.68870565417226     20746.85377700392       0.0
Planck2018 REVOLVER -182.05500524721762   234.18510095146488     45.12664127329418    0.102612349371695    127.86141957227302  8.650272263485002   19.515328093630085  -4.28733978874931     5.590154288572672       1.0552575653286764     25.781355378751815    19.312597341528182       2.438297488240515     0.9472444990441946     -5.285435766384321     31.847732298784475    12810.637979407245    597.8637910716723
Planck2018 REVOLVER -312.66727167909823    38.66285875635498     -1.1661672816981343  0.1078888501862836   172.95087570732525 -0.21208204661885965 16.119464604727927  -5.870315172288986    0.6787624789730733     -0.07424519562358389     2.6969858893649996   24.440192881233976      10.19498587754191     -1.4783311630149198    -10.095415696868004     24.59257405019634     11579.765162354768   2850.082974950669
Planck2018 REVOLVER -202.84370675170288   165.29719634937032    181.33291265875965    0.1090524079017114   140.82343268449844 34.72178995875938    14.127969306415286  -2.9529015960130653   2.417131577648007       2.744244829336837      17.878886669676312     3.1827324631146547     16.434943908748522    -6.594012130442512     -20.765277728793524     11.194678858230136     7419.411701189728   1578.6949836708366
Planck2018 REVOLVER -184.72891972696192   121.19128240137482    124.55739618427043    0.08639018987094216  146.7331496141968  29.413214533093555   15.938321287644017  -4.437879407006442    2.8406636905570455      2.9469792941033615     17.422668896610826    15.431164797953297      11.362466656556851     2.185683161595834     -16.85327603100783      19.53671262519798      7085.582647730121      0.0
Planck2018 REVOLVER -158.64248586520688   -14.869459748324367    50.884863222087404   0.05655718792363831  185.35465314540744 17.71099074362469    20.068346987272836  -9.09309495151508    -1.0262559456452984      2.8804251111595693     -8.614411749146765    18.603668160183048     -20.566248605710378     3.3824734971504173     22.05923278415293      18.53739271846136     13763.742236413531      0.0
Planck2018 REVOLVER -283.4702457054763      6.741475893107706    65.43333081751437    0.09944327748190883  178.6376512992144  12.994352768103413   19.31830444720851   -7.273532209878733    0.21868240211845033     1.6367815744652983      5.547854717025671    21.483302756147037      21.78328512740577      4.074869836060897     -22.455061158749267     21.10802336521334     12255.993645596825      0.0
Planck2018 REVOLVER -194.87334639189004   169.90566049027282     45.33545316524466    0.08947619985163759  138.91556337362883  9.945756355402379   18.41933140099207   -5.64271975753046     4.898471691769463       1.3605597842734032     18.45336997692134     21.863141189453824      -2.1820304276379274    5.320496339532337      -1.6835076626576377    28.1271612506099      11868.718960671014      0.0
Planck2018 REVOLVER  -77.3994641382994     28.069903917333615    39.19260294809496    0.03063899906017949  160.06617699619028 25.455843971474888   23.27671627567957  -11.17474284996872     3.5735770426223765      5.6096627708189555     15.898806501290458    12.61850089586653       23.63277340826658     -1.0502508004325986    -27.145852871724728     15.200827123792196    17405.963674455514      0.0
Planck2018 REVOLVER -200.29923749453297  -137.2629518351803     106.19709923659504    0.09036190304107702  214.42242914418017 23.62223451754986    20.072339064936855  -5.615309845900858   -4.156174560428194       3.1091347450188267    -22.063776190919953    19.575598738834696     -13.680762555330531     0.5237696678866149     19.0249514847995       26.37780446118156     13109.899541247923      0.0
Planck2018 REVOLVER -193.34211962793904   -93.05624173712313     43.00576574990522    0.0743183536631781   205.70167545113023 11.33344942816844    19.742007833056274  -7.448412716880956   -3.592747583791813       1.4869777977631857    -13.96891734816997     25.610792692462223      -8.092352199496585     1.071292895882008       9.637656841532277     28.652142637308394    11736.182579996344      0.0
Planck2018 REVOLVER -269.49694523692057  -142.46413501984182     54.271459265672426   0.10598148356721956  207.86226784065292 10.094899121629952   20.092556709506262  -6.313529040936337   -3.587820663991188       1.2195655364064455    -14.838873305241616    28.694999860784108       7.5984894863733095    8.456983984515887      -4.058364671521824     31.84144533052375     13923.770011604316   1986.6144550451022
Planck2018 REVOLVER -251.49276579689848   -58.659765418250345    49.701895980397815   0.08964936973446315  193.12929484700234 10.894027529349968   21.991074570108218  -8.746554295821795   -2.049073098352453       1.68603968111537       -9.029543552575987    31.86648850567852       -8.114060876728459     4.061629242247139       9.435889587118627     32.537839306669945    15894.503246819697      0.0
Planck2018 REVOLVER -220.39392038599354   173.0888543493432      10.553896069212854   0.09574431798375724  141.85528058949686  2.1567684167775663  17.258104661396654  -4.74361088809608     3.7169422108228853      0.2705680532069885     17.8227694026         22.30471488285741        6.057428903045949    -2.732690485884043      -5.564210809647995     28.52897669983353     11039.323415780105   2120.3420909046713
Planck2018 REVOLVER -121.3811038510049   -277.707631460896       85.6408379435774     0.10785100299094182  246.39071056257833 15.778827549120278   15.019927535320821  -2.0735528959474228  -4.626790820793707       1.4702404430363276    -21.534967124538106     5.834620759109474     -12.010500566622051    -8.899064356261192      10.712179527090907     21.160030923405824    10710.182028551439   3063.410079051626
Planck2018 REVOLVER -213.06849226490854    14.00832390585878    103.90003285304931    0.08077269653884984  176.2384659329158  25.94691877272772    17.414423812637846  -6.349304851837883    0.30583419082740276     3.1099354547861875     11.283649430533195    -7.3870979791966045     23.763373318573713    -4.27157895030213      -26.268779057764384     -6.13764061811341      9598.244114909445      0.0
Planck2018 REVOLVER -135.54388868713318     4.779505510932308   280.3594158927531     0.10661926891358951  177.9804911706884  64.18391855199548    17.56801154389835   -2.6350285259817263  -0.013858425422902174    5.303218055325363     -24.4556272837477      13.070936498740481     -12.117196058013946    11.67548408898574       27.288796592236295      5.872550035973725    10983.77811975989    1976.418292587894
Planck2018 REVOLVER -166.7343047207917     12.965862605756671   127.05794606007103    0.07127325400415943  175.55342162742056 37.22556169542826    23.53935852973563   -8.556764286200625    0.7079809493949134      6.549665528681894      18.607959511004147   -13.975709754924496      25.820930687680686   -10.165190876309286     -31.73304210020088      -9.850083595415326    17529.628318624877      0.0
Planck2018 REVOLVER -280.0905930772097     -6.656503044038904   142.24050905173155    0.1075926608510679   181.36140863514476 26.916638820487318   17.225412284040488  -5.619628212072924   -0.11796479337937918     2.868066698066147      -9.987902192291738    18.890149001442577     -18.793120972992        8.236116405318457      21.28028190272983      17.012936344839954    11212.17852738496    1819.0720308675795
Planck2018 REVOLVER  -75.77979662874493   159.31443201923923    150.08492315604624    0.07874606761825674  115.43865023138588 40.388806503938824   16.75321385045263   -2.083368740082822    4.394187314930199       4.101022608238223      22.163269661657857    15.00001154522898       -4.813091550647969    12.990979680763164     -12.708045122194857     20.216063056301593    10376.57516233056    2036.0931367141734
Planck2018 REVOLVER -134.8119009140276    -16.4359564606994      88.85311939433774    0.054853230585555635 186.95106489703142 33.194524795670404   17.89954793082795   -6.273903801002209   -0.7336071346843293      4.04424831603343      -15.10365351932283      1.9586203779933602    -23.075242677481153    -1.2011696485930419     27.452657485819763      3.11638692503618      9153.433154932649      0.0
Planck2018 REVOLVER -279.61394868673807    58.72060293162852    130.41156331082502    0.10754327824697907  168.1398924052624  24.533952488593286   19.055823480887558  -7.095104714214433    1.4393076117414523      3.3707231847878054      9.88677191949435     25.98145401739371        9.716721227905802     9.207587890639415     -12.795459401003328     24.844936166505242    15788.661494323018   2760.9115164597565
Planck2018 REVOLVER -192.56781151897607    50.90965792895155    244.6641201424184     0.10804385859864579  165.19136540026656 50.85058973632445    15.103720413923611  -3.2401318867283164   0.7726928330678934      4.07401932502564       14.761937058661257    19.275224206044832       8.084594781260597    13.733681414134793     -16.40416826662854      14.033885890762187     7533.979769138884   1068.420915837714
Planck2018 REVOLVER  -38.09631992942221   -22.229730918207753    53.697407201222916   0.02330838232632651  210.26415417637503 50.59989326176448    17.13673252124528   -5.419226406809596   -3.04721795269101        7.6445975986780645    -17.800981208348393    -2.701194230782547     -13.695773208946145    -6.318444968740714      21.300175895712094      4.011354968588544    12883.025656007128   2904.4824572973366
Planck2018 REVOLVER -179.15997553589722    51.686914866168145   200.0952425538699     0.09332341954827765  163.90736717298375 47.01916948904387    16.940384176220082  -4.293452533294982    1.3149483920903895      4.737574297400708      20.543999923420117     3.696736356860484      17.592055713513794    -0.8603509308780574    -26.46690765393844       6.566386050455828     8778.54980384146       0.0
Planck2018 REVOLVER -181.1432946192102    -81.44855355432387    180.1329438462385     0.09144547894870977  204.21040124562492 42.20672817202747    16.899746028035484  -4.165208541285986   -1.9209965269403204      4.2181574379556634    -14.97033279213928     23.064203863161797      -4.278717131687261    14.296355021521721      12.996223010411265     20.03552512070303      8984.6328575688        0.0
Planck2018 REVOLVER -292.08363563900735   -46.24982577521785     -0.33448328492556884 0.10109816534637198  188.99776538101773 -0.06480555743848787 24.409783381375902  -9.726980176785485   -1.4362926599338877     -0.04544961537344392    -4.802834554450399    33.12511483728219      -18.928274522622605    -2.9192023571183365     18.7101056012002       33.484026335962135    28184.726544455156   6435.611138315733
Planck2018 REVOLVER -126.95020377539102    -2.6005000958669515  124.58198136523656    0.06020215506473177  181.17350615101398 44.45455734671692    19.128571365280862  -5.761473368830858   -0.06716100686863914     5.769830199852798     -18.66354543888671     12.98424768365196      -18.485376721998794     9.032515585849698      26.25924937374864       9.325091686467827    10761.392008218672      0.0
Planck2018 REVOLVER -115.19108500688134    62.81358748883197    126.28855416275914    0.06165254857205358  151.39640779939467 43.90633982577048    19.490191602708126  -5.639119188103316    3.007893620988089       6.067950971582003      20.788809251023373    17.022094455261538      10.881749725181578     8.003934853000507     -21.27055186879746      17.98213274991056     13688.175829634512      0.0
Planck2018 REVOLVER  -80.66902464452814   -40.10662410254184     19.14793797349854    0.03094933320412553  206.43541745987855 11.999345310795603   20.002682852477072  -9.709370108695559   -5.35024677673587        2.2207783070520484    -13.46761987511461     19.13347143189642      -12.785297795947443    -2.2820832407046963     13.566211438830175     22.705998189977525    12899.481539720517   1452.8894655716708
Planck2018 REVOLVER -286.3517687757076    -88.22815824520369     -1.423222435185728   0.1024721543720987   197.12464613368337 -0.2721439062332766  19.991513892564587  -7.219041228106627   -2.348212767068133      -0.059305697952670725   -9.46443879971029     28.805335159542263      11.518591607032175     3.3393259961460777    -11.032057568108309     30.33243769648255     14067.251742403745   2505.7591017421064
Planck2018 REVOLVER  -62.550059387946355 -112.58849836519376    145.44845655494635    0.06584021710933904  240.9450483937322  48.47457125096652    15.364460344880738  -1.9028812022751582  -3.3200492171989415      4.494995666249182     -20.09967257624847     14.35522769245161        2.094056155934459    12.107509724501364      14.628666887983726     15.930392825269122     8905.518958015082   1601.7725774390601
Planck2018 REVOLVER -197.27739047045145  -225.1155874993734      57.705874464990764   0.10429721417991465  228.77067783736268 10.911993716173962   18.89327534971826    4.973593174955341    5.788085527448952      -1.3982104676531222     16.831576350271867    -9.034241166456768      22.473335337806514   -15.125331449125488      17.425635291689485     18.333307300402183    13791.568472281655    769.8544376368551
Planck2018 REVOLVER -142.45904842137665  -121.70215999761605    169.6792300637904     0.08609492379225882  220.50712429275015 42.16409475200924    14.51538846898461   -3.0448979896033674  -2.5384421734699543      3.6728039278698863    -19.13719813599788      2.9817373648393395    -13.804670559483812    -4.459746269650781      20.792938241016387     10.673643260201873     5557.0049627064345     0.0
Planck2018 REVOLVER -228.53821176508134   126.36111678247258     11.571264522306423   0.08909817733240077  151.0613449518819   2.5370984903009024  17.601707306388516  -5.710858593451763    3.2521520091155103      0.2324655784716737     12.229851829532288    22.426826084911355     -13.303015066289758     7.369727759313606      11.117420759105936     25.517458914847673    11844.856541700503   2251.010026056634
Planck2018 REVOLVER -101.98253398974309    13.256680116430452    54.6945483752353     0.03921967680509411  172.5936675934701  28.005760295071067   14.446498809634738  -5.427100953629218    0.7679998969999337      3.065041059360008      10.770152792559536    -0.012308667605123879   19.073206007521435    -2.3400900851226485    -21.753893854524193      1.3073505475033884    6305.543644707992      0.0
Planck2018 REVOLVER -204.70425462971954   119.59555401404366    142.69531326148442    0.09444170104334752  149.7049982676375  31.043177738568588   15.265040525129129  -4.100009585258234    2.3082788983641933      2.8525640283523943     15.453802793105313    19.000799013249345       6.83651478888749      6.981341193611685     -13.103545498917565     20.6376448681067       7196.823656200536      0.0
Planck2018 REVOLVER -149.35979554498502   176.55351090903207    184.18949554501535    0.10107044101591982  130.23037467017335 38.53638607612289    14.374277491415588  -2.618478042161608    3.033966012668531       3.2513632978776865     19.642096888480864    13.352236275177622       3.3592580563416568    6.438761268252988     -14.082578537781478     18.326410860607236     6693.577874611385      0.0
Planck2018 REVOLVER -261.02606813046486    47.47333620448959    103.49541323310615    0.09726405867160684  169.69216801109977 21.310525881003198   18.509304401933523  -6.18058705901056     1.1605784438443925      2.529876599757609      11.836266487774845    20.247994686050856      19.627712008717207     4.197241835351167     -22.31831856399144      20.492532325211812     9731.117716343399      0.0
Planck2018 REVOLVER -147.30760871558851   -64.43532405091995    220.9241549324977     0.09322821637382687  203.6255400913809  53.9536796208219     18.13771027142265   -3.5289621452343325  -1.494303355502947       5.3404269487155185    -20.775549702919914    20.27801788580604       -8.054527979017843    14.645008898656382      21.205024315305057     15.610815728490024    10162.667619103355      0.0
Planck2018 REVOLVER  -90.36630318519235  -170.8473441900639     125.4281930912926     0.07832434750320842  242.12428894539565 32.98217168878507    22.23768586188645   -3.875826130146608   -6.874073248044306       5.074797290478296     -29.13020781030471     17.88372588432271        1.976516596597897    11.11908194872912       14.936828455801187     28.724788974780267    16374.039612200864      0.0
Planck2018 REVOLVER -163.09869588065698   -58.07703306476011     92.21465204845006    0.06648766002983683  199.60006230842026 28.041160847374254   19.02531778672441   -6.511362867206625   -2.4573053387584998      3.5845699818724293    -15.617002609666377     5.464832508985994     -24.621979550192883    -5.2244042379293365     27.61978339028617       9.44388018461577     11061.756984188934      0.0
Planck2018 REVOLVER -112.8212451996217    170.0796391335886      69.44038195983102    0.07319391549170516  123.55805268508936 18.78993294791797    21.856604478143783   5.3237888364831445  -8.128301798371508      -3.4119703807682553    -19.529593694874777   -19.487194779604422      15.951594358856566    19.014396839414054       1.772861863536457     25.44520252632935     18186.868669281594   1772.5746404764734
Planck2018 REVOLVER -163.92080289067835   -45.964147214879276   236.5512221141932     0.09959782324748359  195.66374075733543 54.25787468471177    18.61984091331364   -3.852909157877922   -1.1087015514065575      5.578627017301171     -19.579944989522172    21.716532885139983      -9.207031676550029    16.147579787953063      21.061762736031007     15.338248425283409    10553.525997587058      0.0
Planck2018 REVOLVER -178.7461583306978   -165.6514513236281      89.70582396560738    0.08850092991504446  222.82254525688293 20.20848985318107    19.72849953368849   -5.447827449322965   -4.855642765565687       2.873136815785678     -20.832643913597728    11.265595715421087     -20.46228383420014     -8.536548185532306      21.83263605408088      20.71110552573636     12750.151218734203      0.0
Planck2018 REVOLVER -165.3294437662315     56.50137661203917     57.619047488942144   0.06229382673563106  161.13212484904884 18.251724926279227   16.28353891189916   -5.991498650224395    2.006267636868906       2.04757374177806        9.114003160495736     3.123148162992798      23.608754870881594    -6.167134948278593     -24.10120754672247       5.56907512507212      7885.044951365745      0.0
Planck2018 REVOLVER -141.34039392883577   209.04344228660122    159.7286877422139     0.10212369989725376  124.06377736261332 32.33323886737112    21.961757397468652  -4.339532430538986    6.396422405194284       4.9051875991531615     29.712380877565646    10.022549863289836      13.216493068520109    -3.8613409349757473    -22.1685936126999       25.492047375479203    17331.54422163694     282.99470242080736
Planck2018 REVOLVER  -51.844698689919916  -70.14373387642968     12.941703661465187   0.02962172885136768  233.5311194451508   8.43959144812576    15.93448758139966   -4.933622772979903   -6.676990204287146       1.2814954462048276    -16.912671383266478    10.816992915916968      -8.752106753249647    -5.328484321312511       7.752384042217043     19.878229604406894    10378.550114777297   2537.4662443777356
Planck2018 REVOLVER  -78.29368145316073   -57.71357450696278     30.87049554500405    0.034319497853947695 216.39549302253616 17.608438899307778   16.199343110320505  -6.4783415677386795  -5.316735788771477       2.5414849382827462    -14.356239975449563    11.787609707311551     -11.935156229943633    -3.8086245186963867     12.939414819237724     17.36066921161231      8490.530299551938      0.0
Planck2018 REVOLVER -177.7256111174105    -22.180222046236786    57.08116174311871    0.06367211188910642  187.11375409087802 17.67725956581805    14.469181068696582  -5.600523460088509   -0.6502267691644154      1.7379568096003102     -7.104559914159687     5.912916822295301     -20.682054624489286    -0.53783294677648       21.73588487967992       6.398955430182019     5963.880948266472      0.0
Planck2018 REVOLVER -107.17177591410733   -60.688320229797505   195.20726962212044    0.078465367755606    209.52164037855835 57.75098283078401    15.162612407153453  -2.6235766567020136  -1.5043870982286816      4.8209903127714115    -21.19796494273131      9.479629081074512      -8.57779245028249      5.7603790536111505     21.9020050055554        9.96929814340945      6650.6819763675985     0.0
Planck2018 REVOLVER -269.1344879189754     77.04770934050492     28.459909946986745   0.09607744438823376  164.0246638155592   5.8048698407034385  19.331665827015275  -7.782039002238911    2.2890861431853273      0.8395982289329357      8.878414572200423    27.35330600032698        7.715707966042998     0.6498862825174491     -8.270603417665257     28.572671130117175    13141.744257267706    316.8461187693322
Planck2018 REVOLVER -133.99616147062397   -63.676227380827186   136.70361306838598    0.06841096352664851  205.4175035601487  42.65913793068705    18.562821119453716  -5.40509964473813    -2.544393567376688       5.583635160572007     -20.930779722940432     9.322672927040918     -16.01329571989405      1.384543584085675      24.901989769708603     12.687802225984818    12737.39351610204       0.0
Planck2018 REVOLVER  -50.38905442741983  -176.80791346231703    118.8506820794184     0.0743463640238594   254.09280799765781 32.88111564770427    14.766017515239824  -1.1221531377183795  -4.4451273279983585      2.8815173409667407    -21.581627716673335     9.483634255867374       6.225216931765662    10.15868088588693       10.196185352255343     19.685093327529362     8509.599002566      2171.418106153329
Planck2018 REVOLVER -225.92861600737137   -28.20005129418696    146.91516543994877    0.09243512822843089  187.1147720136954  32.832754478485306   15.643191608334195  -4.776667159078856   -0.6092579586966961      3.158519527090967     -13.731844180014273    -3.75767130477688      -21.491663956684096    -4.335665411577779      25.36352927617391      -1.6644185565425091    6788.944691523358      0.0
Planck2018 REVOLVER -149.22862117577503   -99.52317455281337     38.95557060548099    0.06214918745528601  213.70001483463815 12.253128382162467   15.982490426296645  -5.5856227283338615  -3.553657298117242       1.4492092910051928    -12.031812879922253    20.85221221325728        4.758766501968733     6.956613638497534      -1.3496999174744375    23.502918799121773     8107.490329760433      0.0
Planck2018 REVOLVER -201.89310668715257   -50.513145151981085    60.06171476178226    0.07354763650436939  194.04689180277404 16.097973111912452   19.442479609742218  -7.217777608776778   -1.6917127153621454      2.1821258688544063     -8.520714766988279    29.097860273724784      -5.625433535369259     6.985657536684167       7.660924189978547     29.04553138712766     12728.065956441822      0.0
Planck2018 REVOLVER -293.1004382554594      4.2654586711789255  101.06355249731423    0.10613461780639931  179.16623963392342 19.022764470281597   23.178718949234536  -9.002109708265273    0.07848107958345994     3.0865883451888783     11.73603403490731      1.5700725923012835     34.18850624981708      0.22718560780445438   -36.13021102282992       1.581256450945964    20440.869249430034   3513.3588789001196
Planck2018 REVOLVER -285.71690734095466   -97.52810924695417     85.70410925405099    0.10746024161096314  198.8470951966955  15.848125675530705   14.73554249644707   -4.865653608502381   -1.6855511372380336      1.5361062421758338     -7.553927403049012     0.6741141082900808    -23.187550019132548    -7.083693820875566      23.165226255876952      2.9811564676763798    8478.02996616672    1454.9847709317141
Planck2018 REVOLVER -121.04420851228178    57.48756001329949     49.67217417638333    0.048224552307162265 154.59554119808055 20.33886167341618    20.740469068131613  -8.326960287277196    3.6442822050308368      3.429692504706149      12.98444257545754      4.196383007295984      27.066022283894792    -8.667556016368426     -27.77011057874925       8.463652364750748    12978.329065070186      0.0
Planck2018 REVOLVER -170.451562674639      30.141282663618508   102.01566198394288    0.06812995413729354  169.97194209248514 30.513345315857983   15.600832746426873  -5.122334286536929    0.9332861062542765      3.111256900836635      10.492219327426824   -10.157071507176214      20.32108261571755     -8.334394108808269     -22.53672343094774      -6.961283665337055     7615.805711448523      0.0
Planck2018 REVOLVER -153.7757626826597     27.878019787350308    55.61138933642297    0.056082788388140285 169.72444619217563 19.58755456741494    14.293850989100584   5.84935714049103    -1.2891933108670899     -2.120750594763126      -7.678944188669727    -2.0601631636028843    -19.92734956952162     -3.3504215822359362    -20.875762145947096      3.449288440688812     6283.956327236759      0.0
Planck2018 REVOLVER -171.6633466441808   -228.11381724350184     -1.2141514216281344  0.09751331367625983  233.0373044076817  -0.24367042669405312 15.340066440286003  -3.5188500510084664  -4.755422300289981      -0.02759404576362428   -19.022308325175626    14.116380507309959      -6.983392183525822    -5.682236723836343       4.067141459053762     23.699453073952363    11107.070821045258   2949.9727171453633
Planck2018 REVOLVER -142.46767718115655   187.4168124217352      18.14720120741512    0.0803050233080222   127.24082137129366  4.407910853461288   16.95590797597373   -3.8774251942603684   5.1405143673484845      0.5888571134878626     16.707603645467735    14.469284289474398     -16.297808491766915    14.271872186292903       8.250078274430148     21.955191822955967    11184.681776564019   2739.7454423165673
Planck2018 REVOLVER -204.88351349442777   -20.607595655328808   162.64227746429881    0.08944669641491089  185.7436077969587  38.30318846476668    18.290019597055252  -5.248716898360798   -0.4951080815917981      4.157497809849607     -17.408363614099226    13.99083767724506      -20.311398666724376     7.165143802801641      26.65624253375695      12.220218694985213     9551.625833681637      0.0
Planck2018 REVOLVER -248.29806577517977   176.96737948008615     68.74515155789335    0.10701324674498358  144.5217095342916  12.705540606439879   16.394856733953727  -4.944957946972942    3.5339247850165476      1.3336337877915678     16.109743151639627    19.02971495167271        9.307218529932074    -1.2071492327442843    -10.847831883256893     24.269120999018664     9499.433275896285   1306.133604208267
Planck2018 REVOLVER -127.25998534719172  -263.867564460768      114.29546578624557    0.10768067889203062  244.25257525114972 21.3132479258278     20.510111235487223   3.2813023158117804   6.902599427206696      -3.0765799566716643     23.230850235062356   -17.420983065387496     -14.308948791813489    18.481549133978852       2.9741535576876954    26.384147904496245    18585.49548851633    4255.8147064213235
Planck2018 REVOLVER -158.8589458917407   -193.3344075596325      64.82983250335226    0.08808374178198088  230.59075101560634 14.524960323409694   17.843045791113617  -4.240144631148419   -5.173062767255265       1.8392121526608105    -18.49350134087085     18.992719288014694      10.784731140142778    13.075754407337296      -1.6885370649877094    25.39575521991567      9173.539414285902      0.0
Planck2018 REVOLVER -223.57236041448417   -34.85563666414726    181.16170344853163    0.09904318295132364  188.86125905841575 38.68191506397233    14.964332235844527  -3.874520195885707   -0.5629931190280458      3.0896271759400284    -14.649306673931132    -8.00229915769714      -19.829018336950973    -7.196179354312042      24.481161211239495     -4.563339241558813     6039.137168224499      0.0
Planck2018 REVOLVER -134.7743395609985     91.79880773601805     14.680589888364118   0.0553444141982173   145.74005962411337  5.1443252627598115  14.98832457982302   -5.111145382664881    3.5263266106394404      0.5001422464710342     10.808119709226327    13.45454009462114       15.589101765621638    -7.738871298822258     -13.648636927304786     17.14523288165071      7503.207832022214    967.8203630712336
Planck2018 REVOLVER -190.3381037949154     27.089518181627774   125.03041794906157    0.07795336010808998  171.89988360416825 33.037254018562166   17.496832646865297  -5.815590833851546    0.838720539399036       3.843914202390851      13.992251480366818    -7.13334529419975       22.725817504642446    -6.617624374099708     -26.474307616032668     -4.235487378418976     8939.059842397173      0.0
Planck2018 REVOLVER -215.91937144552318    14.917679170892633    75.03457010068449    0.07786177266241201  176.04776548928723 19.12069245183814    16.663323866714233  -6.152543885066273    0.5276554956236978      1.9219665427487649      6.790661531216495    -9.063674717725702      24.22640551702926     -4.67169253522606      -25.073664830493282     -8.071179155435587     7856.548496753829      0.0
Planck2018 REVOLVER -191.54126070675383    43.68846631671765    225.3143731518346     0.10222574961351229  167.15126657867754 48.91353809905106    16.98812937741619   -3.688654448076241    0.7461202147042402      4.274622244796993      18.698802413465256   -13.110671127716262      18.423980633309956   -12.252321225322662     -25.963669787949552     -6.040898781589725     9937.340978886961    207.31192003413022
Planck2018 REVOLVER -283.88276546191844   -30.79845370174833    123.34839819255625    0.10648163485161793  186.19180471943517 23.362895061953772   20.087202901090393  -7.0979446450456     -0.7264001986185075      3.037508054721114     -11.025600415877648    22.559281003465852     -20.369340299367117     6.927067756197917      22.958518304525338     21.677313954781386    15533.578341208757   2008.450765600908
Planck2018 REVOLVER -165.6003949530551    207.85617906099856     47.73706338773111    0.0921017742845878   128.54456444127592 10.183193838106101   15.909516327280931  -3.445606744690076    4.356678836918999       1.0507365948557719     17.443007773887317    16.57850537608367      -11.539979044898887    11.976177786931238       3.7919742480172536    23.54994117738492      6896.546658245042      0.0
Planck2018 REVOLVER -123.96312800496091   153.62366262305375    124.85768735310305    0.07942246918326477  128.90100720903865 32.313697996089      16.541482112407127  -3.417997904154267    4.185211196318994       3.333826791793782      22.44502848010707     10.019607244176516      10.433321841512731    -1.6158628861063729    -17.39763932659997      20.18394570069669      8432.584513787602      0.0
Planck2018 REVOLVER  -67.90611282320663    78.99021276845247     91.82373531623595    0.04684172529983242  130.6849091736166  41.396430685877306   17.85319422689305    4.155990156114951   -4.8703597245549854     -5.7786691057606765    -16.318894545453066     7.725354384483517     -18.247526897943597   -15.499846452662725     -19.751544683358393      5.499522098148236    10618.060164386385    139.14502312315835
Planck2018 REVOLVER -218.92625469559277  -146.12200379434975      5.9357677325723825  0.08975253991245531  213.72106941014124  1.2918762213325015  20.580219186750977  -7.347565534268936   -4.736627751980876       0.25578425436329333   -16.454627958878653    24.981595466265972     -10.05901986423854     -4.720378110053544       8.938039568012453     29.919272298655688    17352.654795956816   2777.408053462108
Planck2018 REVOLVER -196.1028315947782   -130.88953825672843     80.28079210690075    0.08480294164733765  213.72127039255759 18.803808406082045   18.53435245271369   -5.968988707279228   -4.021269470580896       2.5644877250206477    -13.358146309680755    24.51897575910216        7.355380964894509    12.095235205595568      -1.2620775403189417    26.173324136755337    11275.392566146218      0.0
Planck2018 REVOLVER -173.54518360622518    97.71416824863378     35.56673513755268    0.06861027047874219  150.61842581704713 10.12519407606099    23.660210170690597  -9.004993272124624    5.0415240667669075      1.9342942097658253     18.26832658054726     28.722733729611647      10.184492353939081     0.40090873775087016   -12.090257942571137     33.37832815251566     19450.177967979682    157.07407450114383
Planck2018 REVOLVER  -89.5152946628838    -27.5649865840998     189.35743245348408    0.0716970919235972   197.1154858750529  63.681267909803665   20.307625064029356   3.5595483407292505   1.1840555654945342     -7.383350674563885      28.71656717746283     -2.142487493198642      13.500805962130679    -0.0201560896175696     31.39656930525109       5.025297819835048    17141.746337701956   3329.586454933904
Planck2018 REVOLVER -282.0554518310933     47.26731619465649    120.5099972946459     0.10623224076257189  170.48667793120708 22.849605455182385   14.491906451831534  -4.587195154651424    0.7420672954441743      1.8908598987402845      9.30090419682178     -0.5920229728065117     22.796180499954545    -3.5959016043996823    -24.355284650814003      0.834624392504407     6946.701070826697    424.076590505031
Planck2018 REVOLVER -225.17920434967692  -154.30309819954238     75.89111106608445    0.09675579193396346  214.4207268078802  15.536744754753038   17.80740773024747   -5.403710280062048   -3.682271492437605       1.810550908793538     -14.968160328152962    24.222055695597295       4.588980788622641     8.958503836758963       0.3396083511641195    27.4279442713079       9432.637580331568      0.0
Planck2018 REVOLVER -288.69975786918104  -128.7753780872524      -5.037450518167392   0.10827866529482012  204.03940175303603 -0.9129506801985976  15.07872102819323   -4.755158621610186   -1.9542624308312184     -0.07183894204922893    -8.832434359665076    21.047674141851783      12.067933333075517     4.293788645135028     -11.286914051832241     22.828092249843657     8997.924700757338   2446.6110436663735
Planck2018 REVOLVER -307.0708153864565    -81.23056577780962      2.379290521551099   0.10880113544986626  194.81725794867637  0.4291765721248337  15.668495416320205  -5.900340787609051   -1.658643408982269       0.04836957700282581    -6.74846476694412     24.057440191875877       1.746401319410656     0.6627006183449733     -1.6285447277829168    24.994729835119173    11052.192188714953   2855.130993127275
Planck2018 REVOLVER -297.44448200171195    86.02461367642223     16.234667783843268   0.10613298231668566  163.86947855097648  3.0013687305518597  21.493876189928713  -8.033096473059425    2.3372983470271924      0.4420136581073647      6.964711453523081    27.598956923166384     -19.36319664796356      6.858751991182698      18.200488611627023     28.40872505316541     18154.82902175157    3993.907244328658
Planck2018 REVOLVER -109.37123384971014  -178.4998620330163      13.835317498782274   0.0711938781694937   238.50317893107558  3.7811448756676893  15.700312538423898   3.3160400887641646   5.415218487907467      -0.5656689083278915     19.176597479635518   -12.67229163040595       -8.897186743816647     8.676240896871429      -2.9244211124169466    22.865643080238325    10733.875885867199   2554.6521466624636
Planck2018 REVOLVER -273.07495183143755    29.07315383909197    154.87445084574023    0.10796941090668365  173.92284922150984 29.4213779691612     16.73604603069214   -5.57605129970575     0.5550856260960401      3.090002637931722      13.164846660226345     7.570968520146919      22.39652603511857      1.71384104459425      -25.884082576788245      7.742500758274611    11353.838526486265   2269.4553743208808
Planck2018 REVOLVER -308.02765197003174   -16.170573001860976     8.546663150379038   0.10560928475879632  183.00510635827632  1.5871602739799973  17.473456978321767  -6.185997485717718   -0.2614778806722764      0.14368921146152439    -1.413531840237916    25.98722242203013      -13.56413989886832      0.03025677358109935    13.582995079033244     26.02019353935509      9212.225901590678    573.6586518326133
Planck2018 REVOLVER -209.3355746159173   -172.9882413712884     127.36906925883957    0.10258081421009035  219.56924120295312 25.12764101463191    14.95480432015044   -3.6731202457435934  -3.046662940001048       2.190463960635516     -14.78757565387022      3.317774639314395     -20.1822094667082     -10.325206640282225      20.28507363269367      10.899999702842083     6190.7777277309515     0.0
Planck2018 REVOLVER -183.31670189868473  -104.11135787017623    102.15386206748182    0.07966199703152516  209.59361425364492 25.85295896807342    15.603196844533066  -4.585639208718414   -2.5578501209157087      2.6151326644681565    -12.009663542437787    22.415366023068067       0.8654102713431313   10.373038160459616       4.6787237742822025    22.76537840041952      7064.672520270552      0.0
Planck2018 REVOLVER -154.52644385061487   248.68240780681245     67.51042134666112    0.10276194101668097  121.85601934590473 12.984456831197557   21.127988171237604  -4.103999525685188    6.6432671133435         1.888816558333698      25.446522096860072    19.26627486735379      -12.472622342881035    14.839064812101252       0.38871991879802986   30.874964771099734    16854.217164020694   3012.47749873721
Planck2018 REVOLVER -108.95201815343488   -24.882616584095604   135.85878952175833    0.05952609156821103  192.86465496047694 50.559329278634394   20.160309327969852  -5.637079292164692   -1.4417734246592502      7.086808042492489     -19.680744784155607   -13.087077962861645     -18.31720561811408    -12.98740599481223       26.456515697158494     -4.9481707336770056   14262.824086372033      0.0
Planck2018 REVOLVER -209.2189998042685   -225.33660808312413     -3.3852565295742294  0.10523560656869607  227.1241189909725  -0.6307653023867209  17.73248653617069   -4.168451140781779   -4.522607062815976      -0.0715098941430867    -20.412057783514687    18.993230271686297     -11.358593503131466    -8.57304605525641        7.460849801644288     27.88189837749089     15736.78867352911    4991.721354656722
Planck2018 REVOLVER -203.08650046341918   -64.64886604498089     84.28846153704455    0.07790279875592665  197.65792074520326 21.577933098634798   18.681583038987153  -6.543732382103719   -2.058039967158407       2.6900975661468447    -13.348827908175071    10.568049831094463     -24.3863603105316      -2.953982127502406      26.539177935827578     13.117970451203437    10369.546925496563      0.0
Planck2018 REVOLVER -111.4130584866501   -103.84667629830335     11.42061910653129    0.051580730748362995 222.98688149382184  4.288292045877361   18.10136544452629   -6.2669705133728675  -5.703020702703718       0.7579689070406659    -17.67084651094697     18.59075128633134       -6.226158516322767    -2.5193954603415913      6.165718322196273     25.560734743964005    12002.949373217782   1605.2240316939174
Planck2018 REVOLVER  -82.7036989749576      6.682672384928043    90.6404104772634     0.04139731623326124  175.38038955585597 47.52866498913022    21.962226557055782  -7.948671903947964    0.6715396961694408      9.061471742415947      20.703221261000714    -9.528558805815901      18.866904130337588    -8.221254721565085     -28.029112876210807     -5.1344191979248945   16927.819383048067    261.40783453299423
Planck2018 REVOLVER -106.93463438478722   -21.339213968753917    87.25558568923417    0.04711325321184549  191.28534895600907 38.66659269900326    18.176739965016377  -6.617401773962057   -1.4072808969222472      5.48384623556835      -16.146008244263243    -3.557237127298294     -20.396387981777668    -5.537713025357928      25.673768515117896     -0.09392459092420515   9661.274437346174      0.0
Planck2018 REVOLVER -194.19687297664737   133.87180265433676     15.22528732172935    0.0803890956723449   145.4191246371317   3.693308217613367   20.195669472506818  -6.527884978130545    4.4905729137577515      0.5867391994660888     14.475963963524716    18.126295554135048      22.326743928488547   -11.28246770202792      -19.41666495199972      23.078905062028163    14527.070286282495   2076.349610339807
Planck2018 REVOLVER -122.14099425086643   -10.834423312648786   284.4369380724246     0.106021310107189    185.0691106722822  66.67915684972893    14.994701855723367  -1.9333796138845787  -0.20971920926122464     4.445906762654786     -23.572670472382192    -5.357435472626204     -10.503701530444335    -5.362822188523182      25.78408430187653      -1.1158473593139293    9784.82819610405    2890.215770485827
Planck2018 REVOLVER -141.8677489839833   -105.99180008864766     61.62232670669361    0.0635084691535076   216.76403188271885 19.186497596640095   19.207420711058766   6.568817253740725    4.712132024238062      -2.957664941633785      14.442992879899233   -23.995058262735977      -6.151643947914244    11.625526577845111       0.26849255731435856   26.24743961128953     11264.459876197203      0.0
Planck2018 REVOLVER -128.6795796759649     18.635178413599824    44.1339140952311     0.04631202393529967  171.75980038648768 18.7489781186006     21.131131731259654  10.249246870168086   -1.94565165568391       -3.812854688192396      -8.18813742161006    -26.627023345929384      -8.422909449304687     7.687710116810304     -10.61443099923977      26.081566761317116    15917.032179693466      0.0
Planck2018 REVOLVER -196.05715153591572    42.969344782892705    16.612181616059633   0.06829394649817469  167.63808916950987  4.731404672045758   19.674042536261783  -8.069964827629402    1.9019755584026317      0.7248204963094986      5.779919340116854    28.13436143831613       -9.474238188116265     4.6167638553272425      8.685833021615082     28.609676359963938    13494.629406840204    902.4693008166145
Planck2018 REVOLVER -116.38117559505777   -95.14217271606908     65.55884399126423    0.05543633127834239  219.26616428333253 23.563154093480172   21.756279071190672  -7.422768213031623   -6.093567569210962       4.097231390822089     -18.200359770029703     5.343693344000031     -25.025410020920454   -12.511012473303131      24.938638345242218     14.424113872005247    15286.633040942092      0.0
Planck2018 REVOLVER -209.04737518142724  -150.01093272400107     46.69271904228704    0.08913387619019557  215.6629569896396  10.285579090275581   16.83252196500241   -5.3632499387010455  -3.853238478143943       1.1607387252238635    -11.694286420527876    20.176184408550235      12.943713215226325    10.92954186322242       -8.327707687100967     22.855463039857714     9548.83141664445       0.0
Planck2018 REVOLVER -183.68813154613667  -142.91485796476874     77.55092478833394    0.08349962451262459  217.88398310665605 18.428811389752845   15.38577777344446   -4.3508793023362315  -3.3523682267570374      1.829928729686302     -16.47673683388615     17.598911410064993      -6.934839383694425     1.5466065647962548     10.416581423639363     22.76007497560045      7831.040398705736      0.0
Planck2018 REVOLVER -111.14747157283786    42.016782678594375    20.37997870292756    0.040606667051723694 159.2920374061849   9.73232376009555    21.07697823067331   -9.68357633884494     3.5729606186934153      1.7541888691250769      8.463668211572275    27.28919155940141       -8.861434363142267     7.591764547063974       6.773858761455758     28.11139770334597     15167.62751084827    1843.165369546005
Planck2018 REVOLVER -199.4589136894353   -193.68590052299857     85.9822043399482     0.09944850190325405  224.1587183487152  17.184763369133325   24.299202247225452  -6.821247487803246   -6.445574533270526       3.0137886703861967    -20.250873903195487     6.629754377843987     -31.655718828519316   -18.66606181596385       28.08787250613202      17.82362810563855     21923.82986064121     727.2092198535784
Planck2018 REVOLVER  -52.78110115883396  -239.61074339718462    151.43067453042738    0.09850476682435319  257.5773607735081  31.682457118326923   16.15473161048409   -1.0731599946650396  -4.563085899271251       2.956944182568998     -21.337611213632943    -5.69152365621296      -16.527055994260632   -16.640671494470876      14.581674981056256     16.462716086609536    13513.237040557231   4073.364148039201
Planck2018 REVOLVER -139.40561190269608   -14.944281742614967   151.19346638169546    0.06994970806914476  186.11874049268496 47.15970224677544    19.208273442634756  -5.638570730882788   -0.5405850131045937      5.941163771087381     -15.862283084478564    20.964272792286174     -13.146857493321722    14.297464808867758      20.496905427301318     15.434280221726125    11713.438400612598      0.0
Planck2018 REVOLVER -150.8305873785711   -115.9964818153323     118.92427766090333    0.07623770636469566  217.5621366257248  32.00573480798153    19.94409486596749   -5.46000375008011    -4.186425440419745       4.24782073417295      -22.95535146063329     12.278702409766977     -17.404791195894852    -2.561975826659585      23.82308362092603      20.185683691618948    13269.27749630668       0.0
Planck2018 REVOLVER -179.50807903966398   -65.13174565249342    255.95662940119055    0.10939966380269885  199.94252440426115 53.274870182886225   14.944923541323293  -2.8983214695707833  -1.0500890010186679      4.183263539577037     -20.662186515204684    -1.241873990377106     -14.62727280371788     -3.9552149425724807     24.789558728761463      3.4823908268104637    8346.969954733633   1921.980716422945
Planck2018 REVOLVER -218.41888637412896   -65.54400983845271     25.464917496452614   0.0779958509762738   196.70365880189604  6.371708930893934   18.83279604871796   -7.524465505577045   -2.229879821708355       0.7392832453132421     -8.403861230464887    27.838385310620748      -1.5668017319979224    2.1658629369928515      2.2819102813125576    28.92713555465064     11283.822477701884      0.38059171351841514
Planck2018 REVOLVER -215.01974127595338   -56.07860731874636      1.606532191675929   0.07548795749801991  194.61750605883947  0.4142251216952202  18.64795305699519   -7.2481163363965075  -1.9432197727839944     -0.0034222366578453415  -7.354294983051957    27.417780807622968       7.600823878637935     1.9570579769199987     -7.3497579490185485    28.4057146361833      13606.091028432282   2506.9455152307714
Planck2018 REVOLVER -185.98048986278488    48.06027365713851    161.66921631313073    0.08549990358590671  165.51084389860256 40.08507409222973    17.314362370425624  -5.011404509915841    1.3651241314409812      4.408833257793329      16.22334777416854     18.31005128213014       12.771239476728478     9.293909985978674     -19.9012700828989       16.726249813286096     9052.05767614179       0.0
Planck2018 REVOLVER  -94.94872345975847   178.00943284382066    126.31955935425755    0.08096950640589784  118.07508280751269 32.05161551533438    16.08659932977388   -2.4828732188250253   4.58014254325975        3.307602087866897      23.773916018201152     8.869631116316809       5.563983840992299     0.6241864841572878    -14.97535845702682      21.205408151103576    10277.055723264793   1731.36779776851
Planck2018 REVOLVER -150.45092482802715    11.636756693683157   249.9497787112589     0.09978198760081411  175.57721403249704 58.87967888885149    14.085924295078595  -2.4161219824431903   0.13835301273895212     3.9020538194746757     17.255738570400474    14.404270257727749      10.17389737133849     11.933207493845597     -20.0156614101715        8.098635607555659     5478.448684935672      0.0
Planck2018 REVOLVER -281.19532665247476    -2.00603518246612     33.78559653255238    0.09671979616650696  180.40873865540206  6.8510685377268015  15.000684807911519  -5.795459202578911    0.0656219798331105      0.6867365514370288      2.6925527822686974    9.842468969966065      21.78229405275089      0.9128178063858137    -21.937189527821488      9.799624253294862     7899.8011831778795     0.0
Planck2018 REVOLVER -168.9959352918079    -70.99470102447243     62.73559941380761    0.06565530503268255  202.78713438183175 18.893582622740247   20.575104229629364  -8.165762562673672   -3.5123424616334242      3.2464557739852262    -12.747338195939717     4.531858688406966     -27.16017203107963     -8.523053088317678      27.799886675895777      8.6388038293384      14043.48277511288       0.0
Planck2018 REVOLVER  -72.94114623781321    -7.304043663511405    72.79447053838952    0.034747323057566865 185.7183151423039  44.7994218937604     14.984026770301433   5.261959315036259    0.7191597105182054     -5.2503142412196135     13.511568577427395     7.487530218841558      14.567138401159283    -6.66177728985046       19.74819482103194      -3.9715518036176447    6141.4400210979375     0.0
Planck2018 REVOLVER -126.03976860016084   -73.2520554322117      87.83447752265296    0.05756223961749096  210.16438692288264 31.06950136954755    15.974410189428164  -4.960536012123415   -2.857298311431056       3.3948448346445       -15.30556179581341      3.936312546109211     -19.05140718733993     -6.168845159669785      21.99826406293939       9.50111883304194      8192.331994938295      0.0
Planck2018 REVOLVER -252.48532068393678   -19.985636658887167    45.34938400086794    0.08767013489452598  184.52584732142836 10.15134790222074    16.652116166172785  -5.833636890199272   -0.5743434727043029      1.0763603359749052     -4.448682648667935    -5.3275302369415884    -26.953642251229596    -3.560109727382154      27.18977681974383      -4.786609489321889     8521.183584544035      0.0
Planck2018 REVOLVER  -97.68475761918229   115.46650984458235    215.2099300893497     0.08966944190916813  130.2312471700017  54.90139186406767    14.865225760390542   1.9931948494698686  -2.2876766502768864     -4.299981108888527     -23.120723806405845    -4.44562990055588       -8.352116667078148     0.0017450209665868229 -22.057383311096554     11.735781543200662     7258.838822753773    275.56147338792005
Planck2018 REVOLVER -249.3527748988119   -158.88317251971728     -1.6930323533087257  0.10108127966317412  212.50456558323904 -0.328077223468169   14.566181817905388  -4.268159654718978   -2.773239730266398      -0.0732481467052148    -11.03783655701174     16.60560500286827       14.47033374401442      7.646169195864999     -12.294546734002148     19.94118157397298      7028.781680689429   1092.0118617934736
Planck2018 REVOLVER  -55.75848345917625  -175.8468403816665     140.36379923661121    0.07880888878633195  252.40693351163256 37.2668331005563     17.38654189389406    1.6629710430604807   5.718428530402154      -4.301331158354652      23.555194884133105     2.512664900511401      12.447333090452963   -11.150177194800449      16.594402516979613     17.750663733441307    11769.853776140504   2231.5492246774174
Planck2018 REVOLVER -243.95363957718598  -103.86070895969567     92.12809539204387    0.09583369822251708  203.06137209277082 19.160633997619787   14.4928302176294     4.211569822515202    1.8412915493617081     -1.5766447681297429    -11.547709686213675     9.049887125954083     -20.27755750196774      4.747288366094244     -21.321436427033518    -12.219267574637538     5672.3688460447665     0.0
Planck2018 REVOLVER -211.519733156466       7.939548239563608     1.2367836012027134  0.07184095750964868  177.85037009626168  0.3347763639790557  20.8554285297104    -8.945241282994498    0.26431552402315145     0.12867452727781412     0.9059956910731111   31.733238950448634      -2.2011942078160467    0.5216712991424842      2.188821377809367     31.769583757225863    17815.359811611386   3889.4953415273512
Planck2018 REVOLVER -293.99756976769106     9.5917787955283      36.726118959507374   0.10134893465130386  178.13136694185732  7.116744416232729   15.280628762779873  -5.309624096955928    0.2549158280468608      0.6701252646654892      3.315789479612695    15.474397482691707      20.385631752560645     0.9654151025480444    -20.61440680935082      15.491028947754579     6662.893542923435      0.0
Planck2018 REVOLVER -231.48382694938726    52.12306970219809     55.40627793458564    0.08292489481055494  167.3103797355395  13.143423309778886   16.010012340902627  -6.068882424399232    1.3067436224200994      1.5316102595963625      6.102322040517124    24.345336395938983       3.408936363503584     5.136770580635894      -4.698995721709664     24.36314274621633      8075.966900218291      0.0
Planck2018 REVOLVER -113.52629307518397   194.09308039352624     73.54334771204304    0.08046472480364114  120.32364023172154 18.111277433316186   15.377252986586292  -3.020182030451617    5.070323819486749       1.9414732480899797     19.06405056525915     13.649061552782607      -5.989399530144273     9.147814569795582      -3.044033806876972     22.180219244481467     9470.58502850312    1525.289808723194
Planck2018 REVOLVER -175.8852216294017    -33.42387250980493     76.45121080068337    0.06597627075415795  190.75975303294337 23.123612997882105   16.73251002271381   -6.686089009078858   -1.2166663262296813      2.758577112662789      -9.532162560088103    -0.6538203320538769    -23.391903097783842    -4.1279343441320755     24.91942100441609       0.9856110036701478    9227.472552498122      0.0
Planck2018 REVOLVER -144.81411206903482     6.548891571484172   208.35439043282952    0.08645804421576023  177.41069177640367 55.17181749491607    18.774461062809504  -4.322380466204558    0.053792867918366336    6.044388381943829      18.838193612023787   -18.713402668775256      13.637854233772117   -15.311154594913779     -23.241943916221594    -10.742258871188042    10529.447959771507      0.0
Planck2018 REVOLVER  -40.92771117369701   -14.199232131810087    13.696875919251754   0.015210155464688513 199.13342095600518 17.545540683612117   18.942369226439986 -11.194660947230807   -3.487277425005505       3.0023999393602057     -8.297478589098636    21.24156589513744       -6.265729644264325     3.477763268817403       7.884945846620471     22.1254248731467      15652.693681414594   3626.149661842738
Planck2018 REVOLVER  -87.28878626448675   -98.89200009485408     77.80695564690681    0.051721006379373165 228.56619211555693 30.535106547806297   16.025436022044584  -4.299595697006563   -4.730698810391571       3.745659845482599     -14.616171620180175    -1.3096267016066059    -18.431753264367323   -12.439343367519237      18.0979050602668        8.578352559526408     8592.886879160713      0.0
Planck2018 REVOLVER -216.88678580364044   -84.06554291741766     33.076638987823785   0.07989958541891642  201.1863825131798   8.093117318775132   18.352677954533565  -7.108189837562816   -2.8533597717772214      1.0203795156518052    -11.00098447865088     25.5459235466621        -5.1994139553079695    1.4521879008239733      6.2303687348222       27.538685713618037    11303.51736826678       0.0
Planck2018 REVOLVER -160.67818139905245  -183.1818862197267       3.8776041225186275  0.08293679030320493  228.74434653806586  0.9117056572754458  18.098022456025095  -4.375790622815077   -5.0819908026789005      0.14854253487583227   -19.538614922512405    17.241408646915232      14.297535785978447    11.217027834745133      -8.896658776808163     26.057365589306457    11527.509282160328   2003.6541041095668
Planck2018 REVOLVER -288.85004626507197   -14.39575486668805     62.558575478179      0.10115931760896439  182.8531555355245  12.205578104034284   15.213746370209291  -5.191857122030554   -0.24849120675586991     1.1211021165960873     -5.221495148538274    -3.4961874698345254    -24.955825347077045    -1.9032587318485819     25.466250566756354     -3.1694776189727363    7261.233828595805      0.0
Planck2018 REVOLVER  -79.91510584403585  -238.00030250633046    166.95766103265325    0.10312725191859562  251.43911614935126 33.62445945589759    17.010488401888416  -1.5566906438187365  -4.8052588153176465      3.287015005700712     -26.280081090250718     0.8506024533974227    -11.20244092302904     -8.467254121745635      17.22524966715259      21.171454166860478     8551.246621384415    216.7283015488931
Planck2018 REVOLVER -129.81292398270688   -34.62709632997566    283.79642775701666    0.10751615916794714  194.93566824785094 64.66668608893066    16.90822210809994   -2.5771760158129635  -0.6111944615235119      5.612795944129415     -25.38999855203512      1.4951955771561392    -11.495276275215835     0.22010891800881843    27.72897845705107       3.120558391105008    11996.460338845023   2652.4499032375957
Planck2018 REVOLVER -243.75656714730027    47.328029352904046   201.31890330477017    0.10951400083657703  169.01210611729863 39.033777017472254   14.342507146488417  -3.7403779480853876   0.6610339393610545      3.0416050524740923     15.032854366593671    11.011668350113766      16.093302587512696     4.697351915467255     -21.76944199055783      10.507679650822455     7591.687614192642   1957.3857699494217
Planck2018 REVOLVER -126.65103956529221   171.45845410137522     91.49609200210605    0.07886638682552179  126.45213187287166 23.230487112745866   15.519886559343911  -3.203138497067544    4.375975026138472       2.3818831588382556     21.11948442839748     11.473453159909944       7.322394910416111    -0.7957045468003596    -12.449683633941776     21.802393037883085     8173.076134549157      0.0
Planck2018 REVOLVER -176.9608551996006    241.02374891059276     96.51456653166719    0.1075899961623468   126.2863036128987  17.889004942104947   21.700649610524874  -4.691618750723962    6.446209468861557       2.589868288366501      23.213000655642777     6.773058970301715      25.192783958220947   -17.275403676636227     -21.26543017205316      21.635003513716068    18654.857294368278   4243.6787990632865
Planck2018 REVOLVER -138.46138016811173    44.000187830483426    11.738503944337195   0.04919649289248889  162.37081032257092  4.61927568799721    16.27042721946789   -6.915765578679011    2.0838251830786008      0.6658836864471506      7.274822663415975    22.92856991362335        3.8022207484436445    1.0137711951324426     -4.298163568788417     23.979601462804162     8755.035790674037   1699.7578492327943
Planck2018 REVOLVER  -71.54775463660768  -236.2662081794496     185.25026840394597    0.10563371775977197  253.15227775332272 36.88531856333381    16.999327850917247  -1.363158371399924   -4.687498883984607       3.605771258930905     -25.602496840586035    -1.9856473533797603    -12.260338905426577   -10.645122563348403      17.958079102258104     19.321105752612738     9953.714134702985   1963.5213771463623
Planck2018 REVOLVER -171.20493826445397  -194.12452177477627     33.40339138268637    0.08895172700423001  228.5898462495545   7.353544434481764   19.374641381740492  -4.856249005991361   -5.382506755240736       0.8803014202480286    -23.070788570901197    19.22754684469205       -9.707008406513227    -4.835470447598959       9.233541087303916     29.782240627495877    12086.316925253765      0.0
Planck2018 REVOLVER -117.53570591498153   -55.40053573150489    256.31484337309786    0.09817063708302502  205.23687812874945 63.11742999041468    14.695983746703641  -1.9892545045107837  -0.8998956278338143      4.257298148407521     -18.803963978364813   -13.246994714929848     -11.586405497809636   -13.96773165443925       21.551072929306144     -1.9711226497772547    6486.579265112031    487.61339402793755
Planck2018 REVOLVER -182.1565533190044      4.057030041659386    54.99449300826193    0.06447745940737036  178.72410698325407 16.795546817274353   14.709700454822235  -5.837548394503814    0.16097708979766714     1.7851803588500912      5.95984443650595     12.125453531187441      18.39531783838543      3.0614692158444496    -19.33773835066612      11.754782896139139     6131.038161877348      0.0
Planck2018 REVOLVER -146.18684551075395  -184.28090330191384     42.50233686138469    0.08131677978668221  231.57564188868528 10.24222045493741    19.257219221620392  -4.86582180367931    -5.852878366184732       1.264672838610379     -21.614666650581064    14.582859247069562     -15.673156138267906    -9.499537296226649      13.427868398754276     25.594465039485367    11373.23693031347       0.0
Planck2018 REVOLVER -273.7103750484088    130.34124430093476     97.38215865921748    0.10907405294273889  154.53614806904957 17.80822576781735    15.204666246207244   4.259641473113584   -2.0611791711976806     -1.6049171209792623    -11.61857231785368    -23.841891953111702      -0.2171709699170513    7.5677766769576635     -3.916686419789345     25.115943579951406     7566.728833379943   1517.383251735782
Planck2018 REVOLVER -241.22805859338087    69.43178639863272     83.31093832368983    0.09017335210703152  163.94278840938097 18.360374667209747   15.025890107931446  -4.713454762703671    1.334629194865798       1.5510834022454498      8.325289449745375    23.834895663547037       4.7902824489531355    5.949282878089898      -6.905657247653266     24.020737656609246     6126.986412036711      0.0
Planck2018 REVOLVER -117.05817574921899     3.2003703087863027   77.43899377968853    0.04736397803280742  178.4339236174279  33.47649260522909    15.737787628078252   6.177651396798949   -0.2709030674223957     -3.90119971091684       -9.88041037907661     12.714482023267458     -16.52879317600616     -7.405615078504147     -19.26117874216319     -10.389469633413853     7518.8414964328795     0.0
Planck2018 REVOLVER -116.22037837951329   152.53007311839437     73.75134682123881    0.06969409492028406  127.30560939163901 21.03667725944053    14.28030387510559   -3.244463767325785    4.198523523785914       1.9778484994693426     18.294273085452716     9.871285958280135       9.055435678851659    -3.267133501199081     -11.581388222797298     19.225251395168524     6298.475021585807      0.4980717361116864
Planck2018 REVOLVER  -65.355801639568    -137.67084558737557     75.41108700424292    0.057506476786722285 244.60513580419382 26.32783049844048    17.261805505802894  -2.6411579973089836  -5.94566871038049        3.220730693059662     -20.29117333598161     14.248488052823737       9.663830298467342    14.244073311511535       5.489417677786432     21.814648215505716    10221.006750959059    348.82174649273514
Planck2018 REVOLVER  -50.685164758505024   55.54113034890195     23.056436262830378   0.026399388103490073 132.38263702473992 17.0473768831345     14.385490822402105   5.275064358782679   -5.209230767366473      -2.2309267452373693    -13.09615531405041    -14.377742900467775       2.606055335785256     5.8888486749082265     -1.9955050790710631    18.583802584335793     7161.886194489037   1327.258633093452
Planck2018 REVOLVER  -65.91619269708806  -155.14425150291953     97.74512840500795    0.06603927315877055  246.98080012340154 30.107762641087184   18.241819647047507  -2.79083584265597    -6.446813433859855       3.9558030935432194    -23.11668973692198      0.9406381166069692    -14.775954832085047   -11.34380542388975       16.442806354026153     18.793909698319762    12351.683889713977   1075.0482360968347
Planck2018 REVOLVER -195.7777305649582     29.684414301528417   240.65219708287404    0.10669105826587034  171.3783091880262  50.55149577050011    14.995558969043794  -3.0737708444657703   0.5070758291388288      3.8330575400493516     20.41230088024916      3.7064162528579936     15.878525324417017     1.246438551360806     -25.727155643422456      4.4029824967474545    8158.265701608499   1076.0033137906676
Planck2018 REVOLVER -216.4648902445049    -20.021871375608335    76.5764483697937     0.07835049227713412  185.284524276647   19.405097506980375   16.98278320586539   -6.600750237938397   -0.650558652078841       2.313242807018968      -8.856490325228947    11.609118777172398     -22.006798336771478     1.7843051344856107     23.587982440134407     11.725149871956955     9259.642722107741      0.0
Planck2018 REVOLVER -135.50474191392277  -191.65819582885612     11.132906281963013   0.07991241843270833  234.739211407448    2.7155144052948423  15.446839236245582  -3.5300248296720063  -4.805567416085257       0.2831130007922119    -17.125844350184764    13.294734579026153      12.129741494069222    10.39940445679073       -6.363189932488549     21.65713947147335      7663.484608549597    655.5442266699182
Planck2018 REVOLVER -238.73821713979675   -89.25397445394422     75.10775041392333    0.09060155795399291  200.49861295647457 16.419323420120243   16.37559603558275   -5.615641098545118   -2.122134492565008       1.7458894774658194    -10.870437878361706    23.215739486327376      -6.745877288673585     4.191771947866554       9.09155601257798      24.53362139149788      8951.777542737407      0.0
Planck2018 REVOLVER -168.4785018475554   -162.01584712309048    118.26168046457197    0.08929081260266021  223.87975193513932 26.837362736839324   16.615215684508645  -4.272231236360441   -4.00897800471136        2.9957243452137234    -19.962140205063637    15.32765557482774       -7.956220973229485     2.131909115033989      14.261045538240205     22.12494173812017      8552.3393228859        0.0
Planck2018 REVOLVER -205.0015062590948    -93.92746453030189     67.90603925843331    0.08009004308423205  204.61627514408568 16.759261468760233   14.462595416086954  -4.795866947035951   -2.145595886916864       1.5637416598144442    -10.940775208928777    19.75740740397073       -6.4454956955917275    3.1146867091585646      8.76407418919147      21.577595224899923     6570.554754294943      0.0
Planck2018 REVOLVER -138.3236009176969    156.05634649306674     45.183638278504525   0.07242907209201092  131.5528043995698  12.225378311343663   14.734109613551915  -3.701410859819217    4.1357455760460295      1.2632913940970965     17.30477567836634     12.242279656717075      10.62393898538907     -4.999788522546264     -10.744101982927722     20.52463970821258      5767.3273541347835     0.0
Planck2018 REVOLVER -100.79665295415721   155.3782084918332     127.70203518727128    0.07643971758638822  122.97220380650126 34.5863613880688     15.613235318962662  -2.4750789441040326   3.949121063595624       3.2138821810783678     21.641581838953705    14.26046956829212       -0.85619106960696      8.690764189058726     -11.908641658924012     21.325920243779628     6631.584957396664      0.31192531147265845
Planck2018 REVOLVER  -98.13540393603849    48.1028933603126      63.56388150433523    0.04260504404314819  153.88735685324863 30.18245517106725    14.487406040081849  -5.118956092756127    2.525725614214798       3.3696387082637522     10.230835729147758    18.76360148551362        1.4777518998151442    8.97156300098435       -6.3393354117257275    18.38074175727949      5983.696396590638      0.0
Planck2018 REVOLVER -249.74354750798628   -16.648436405107336     5.87339083879527    0.08525571401183693  183.8138159553075   1.3442335615698398  17.448976480394766  -7.161151862402318   -0.5260677824234234      0.25311905833504916    -2.069425806278992    18.75901733130594      -19.55979866305464     -0.771946564556622      19.585156587575803     18.865009009598445    11246.814604222514   1405.532772352795
Planck2018 REVOLVER -209.88829096363847    81.46814358974426    192.55807884246192    0.10128583954359256  158.78627660207437 40.539163372182436   15.6257569198481    -3.7185569214479934   1.4501437757896216      3.397724438532536      18.666407928012724     2.657398986691541      19.294822456896313    -3.6158906909680986    -25.79092748191598       7.050206112061611     7062.142640998096      0.0
Planck2018 REVOLVER  -53.02395118860589   -35.86784871559626     71.08475934332775    0.03215490270312722  214.07623544982474 47.99512786124595    19.102596113200097  -6.1543649447528     -4.0391679892031185      8.198599932991408     -19.652760716650654    -1.650955378993257     -15.565919642823461    -6.949743892331044      23.368385621768567      6.295901178092534    11558.585532413888    889.0109092553517
Planck2018 REVOLVER  -78.97079305663704   115.73978242224705    178.39665474564674    0.07708927137898934  124.30623815798394 51.85355057611248    15.860260690873456  -2.1995363942115667   3.190691254578537       5.044813918408772      19.30042950577048     -8.281431528577693      13.65273117887475    -13.407907376297068     -20.015529239758216      6.813371992027028    11720.028272488811   2218.8670591781943
Planck2018 REVOLVER -216.233458691346     -26.930117516923772    49.95446922538785    0.07595135760424625  187.0991693415247  12.911941059241075   22.53905499901426    9.573105453962143    1.249098049434423      -2.173505179495439       6.316015127170755     8.022586833145043      32.429127425538496    -5.861200827101545      32.791094566064295     -6.970584421114529    17795.129574411636      0.0
Planck2018 REVOLVER  -89.21138973000085  -108.680207780716       29.891812849289636   0.04851012361382375  230.6187479044183  12.001978835732087   16.61386590878443   -4.8245014837887705  -5.694121144654844       1.4559450297194996    -18.237827363717013    12.814843113473097     -10.315743886545032    -5.269721475631408      10.034421709295325     21.78202686474688      7949.480020239314     12.049917898579823
Planck2018 REVOLVER  -83.45574178304416   188.99809855926458    177.3756530205879     0.09290063613380468  113.82477707892882 40.64709048546839    14.184143360212756  -1.4402040649823358   3.269828185666307       3.049281305975325      17.404207007723123    -7.172063427694121      15.910970473765218   -15.732366772045607     -16.1772389640981        9.916754251212655     6821.63487974781    1721.1781484563328
Planck2018 REVOLVER -144.4042398759449   -138.7354671501052      94.749999288253      0.07525146068864244  223.85302782739092 25.32155779656509    20.363885442046687  -5.492327534056212   -5.449882560042704       3.702840430145814     -23.122743221668575    10.993039529038212     -18.11768724948127     -6.770595425288574      21.598233239153576     21.745875497626933    13953.910410368255      0.0
Planck2018 REVOLVER -136.45978843291593   183.88206899295542    119.48589858790851    0.08801195030859599  126.57929185603933 27.555906904786035   15.829565530831685  -2.9324020134261213   3.836730830446978       2.4876795000054344     18.121214513250173    18.63564516039136       -7.380881824898226    13.748370207809364      -4.314627831692212     22.860587186710244     8005.698235509683      0.0
Planck2018 REVOLVER -107.43131668791905   -98.28909893715132    182.56649953529947    0.07940482098747297  222.45544907667062 51.42512877831861    17.925548804517078  -3.345659196673657   -3.0399963938525776      5.62730898400565      -25.003372682946047     4.927482613704471     -12.203565608946045    -1.2975187052184107     25.136733750663932     12.807991310080222    10406.415591279982      0.0
Planck2018 REVOLVER -158.89481799472557   142.1765442598157      45.34252811905866    0.07402341029569319  138.17832884656457 12.005587821000196   17.58361769009996   -5.213760920736614    4.5647207600801325      1.545893298018583      13.543275805492476     7.729165550193243      22.854048034010155   -13.014643619640978     -19.73769460023438      14.387683823276282     9454.432812668556      0.0
Planck2018 REVOLVER  -66.01857461316777   -97.50313688750916     27.46285849074344    0.04072642306327336  235.89839312749604 13.128304410465834   18.662404527211095  -4.96765684246686    -7.631171500017577       2.1190701964180256    -21.30882001882281     10.780289058719568     -11.131613754193163    -6.652882118325173      10.7611670950179       23.156890389073236    12350.172084283375   1058.0025247379717
Planck2018 REVOLVER -177.28741399869304  -200.61809271032448    102.01621714281265    0.09786835374058021  228.53277462899456 20.859033081608136   14.716538817291157  -3.115418603778087   -3.5577066966954285      1.8042621836597132    -14.783612086303105    17.83598290370342        9.642753615028306    13.136919518266938      -0.6654129082097351    21.37142808465099      6387.067132635053      0.0
Planck2018 REVOLVER -211.39124736904975    26.843683534446665    47.75796708164368    0.07415815893669991  172.76298447221373 12.632512227328913   18.801031614603037  -7.141382832117072    0.8873333483192022      1.6314127766415172      7.0403147533468005   22.487450388840305      18.58739780497811      2.736298549828025     -19.543496818210077     22.607737590963595    10830.875221835897      0.0
Planck2018 REVOLVER -164.313807154598      85.79672379524246     10.17020395939663    0.06286822180570763  152.42861366210641  3.1404352280484154  16.34432723088409   -5.937876928517545    3.145264711838836       0.3312032099798987     10.843044562983792    21.37717143198779       -8.611627884598384     5.080655578446043       7.0699545138942534    23.947319516084466    11375.270702817947   2160.8512615028476
Planck2018 REVOLVER -125.24042772051266   190.3502178298739      40.88904885241049    0.07870199781284705  123.34281251809593 10.173516361289868   14.92090889232932   -3.033286144194039    4.447214083588551       0.8831443111443225     16.161873708342032    13.566119523813454     -12.804079785747625    12.629564179692226       4.501341199587957     20.710832674588495     8554.621429475064   1425.648741232797
Planck2018 REVOLVER -282.75742904101713    29.347558112520158   119.54653350407291    0.10554595205754774  174.07445453616893 22.808179937861592   15.576661400096285  -5.320697431067569    0.5766911821713784      2.217001214612886       7.917188588470542   -10.713252164288145      21.78763039059064     -6.271626826837218     -23.051061684030326     -9.055513637507827     8267.839848741323    404.2014903809251
Planck2018 REVOLVER -162.7830991405265     -1.8682226340896941  269.57800476082343    0.10784255101672745  180.65754106769595 58.87289762076026    15.872130947087994  -2.8385324256748174  -0.02432242367167255     4.769430328311525     -22.950663982632697    -2.583799187557149     -13.672292847409649    -2.2805071240178973     26.717621888877574     -1.2209961564713836    9724.018869388721   2110.4572856147097
Planck2018 REVOLVER -287.3608197545931    118.96024896057664     20.66114336161701    0.10670860767928302  157.51165875445304  3.8007010123771043  15.934507171289477  -4.991920273729892    2.1080171024683168      0.4031386691541086     10.774333775383084    24.757888671445905       3.955369680112206     0.30230874917137146    -4.432561688544162     26.92129991867048      9760.980682890708   1314.546913199041
Planck2018 REVOLVER  -41.171668198541205   34.47983477766056     82.74820350807893    0.033166575722029384 140.05500171266172 57.01692657092652    14.592303161225225   2.6049375592080986  -2.504132253586287      -5.562952133407047     -16.941144793380644     7.403162629561696     -11.265443452433276   -10.454362245691451     -18.619001220949475      3.485825538408297     8630.425165844317   1872.8702466836812
Planck2018 REVOLVER -162.67804393888596   207.86805785918057    168.57797099839652    0.10723618808087808  128.04681933761336 32.564622983258      15.346183354750906  -2.6501356579257744   3.343237345784412       2.676433604762984      16.750436090674278    -3.2534952391320906     20.64991810712049    -15.437992313208733     -19.76906494724781       9.408005587004947     7686.619709019249    945.8107783395382
Planck2018 REVOLVER -113.70771606121777   151.37158535499418    101.66966855720774    0.0729544609973223   126.91324177983596 28.23668644645351    16.21060932197928   -3.4068368231749937   4.5784715440669785      3.1069351440824495     19.887170210567533    16.017325707318832      -1.7967952087877086    8.928818610986902      -8.570903230377517     22.421023081628572     7962.137955661406      0.0
Planck2018 REVOLVER -304.6916992698193     35.47124048304561     31.250823503340307   0.10552739188297608  173.35969796153537  5.817072436512099   18.070520287455828  -6.805430257464402    0.7135946539450372      0.7734396151494315      4.4040000031163276   23.111020142587194      17.42762355340517      0.7894678392396125    -17.710409227036084     23.286525943681276    13384.501181692818   1123.5557815463817
Planck2018 REVOLVER -189.65625892802157  -170.06944863014039     60.55005801065976    0.08925052137134984  221.88336289780966 13.37065192693388    14.517263397490764  -3.8419761543697266  -3.389531751867165       1.1677786602708942    -16.43939665927066     16.256338005170594      -6.900619435590025    -0.8386039805401074      8.699883875793198     22.492820798994916     5653.085447425305      0.0
Planck2018 REVOLVER -140.27071508233814  -229.36781055502593     80.00676149425325    0.09577046258972935  238.55197806642826 16.57186088710622    14.297546752173174  -2.5996012523520924  -4.206739145803803       1.4967853414550234    -20.01487149821775     12.796907788038705       1.2042928767585517    4.686714949863853       5.191160901717025     22.729678657482253     6003.723829670611      0.0
Planck2018 REVOLVER -193.31269745884862   241.25882490161092     73.61833118282614    0.10885584567086323  128.70403997966815 13.39433191965401    14.300301358214998  -3.082561314889988    3.8894793995240615      1.1724364354634327     17.83004434887028     15.41012237322876       -4.243427116158456     6.780440102745678      -1.5344725470004295    22.917593574038968     8486.686466090825   1798.9282457111392
Planck2018 REVOLVER -200.26141213237145   -56.30175821226905     41.29877935459277    0.07198360360344602  195.70286733419442 11.228796680010694   18.63403168614204   -7.72010710758984    -2.2588364315141676      1.6040157880355164     -9.182161889591875    16.804297413636053     -20.529170790324716    -2.36950275484455       21.13718724945597      18.361810263569918    13630.253771272597      0.0
Planck2018 REVOLVER -257.17379108476143   -66.83272041678447     -1.3758187753458033  0.09060384335370177  194.5674410363215  -0.2966622885480405  16.444775259487088  -5.586441489138696   -1.4072799444875994     -0.08683671522469767    -6.272011225631127    24.14332106199256       12.227687385395352     2.623103394324049     -11.95208014818901      24.944622208444446     9359.317762091428   1248.067918305709
Planck2018 REVOLVER -113.59722489847847   -33.15229522698538    250.98429752792467    0.0947114234970141   196.26939463915082 64.75670443198838    16.854322799412703  -2.343593992335945   -0.6384474100009667      5.177356925297524     -26.059844420576834    -3.1226923816199332    -12.181383396688261    -4.1866566558670595     28.582386389450377      1.6295046482319464   11058.10076813933    1560.3885800850287
Planck2018 REVOLVER -268.7749628218302    103.2165176887887      74.04248440114128    0.10164467430124735  158.99192276334003 14.422234956865688   14.418735985126347  -4.639707034222435    1.7871580013008685      1.287833549397513      10.311879770990643    16.221788360083004      14.63947126956725     -1.0262177719894703    -15.80623249153516      18.237516069769317     6791.90182549381       0.0
Planck2018 REVOLVER  -61.868282128222546   -0.9298571393911967   56.356672514554724   0.02810477799993997  180.86106930372387 42.32760045489561    19.16921081611204   -8.538408540885762   -0.16190434629127046     7.508244049087507     -14.015336293391615   -12.576674484193086     -16.209500460570887    -8.5640147884912        21.49837254590744      -9.275454634351917    12133.746624059362    230.30966440915893
Planck2018 REVOLVER -229.5018914233711     -2.9972983801349704   40.83352495589847    0.07926711478297885  180.74824125962306 10.087786994236163   18.779713266584345   8.04827994975251     0.046155937913629576   -1.3682778507982223      3.7281913553106256  -18.55815326167617       21.30339152025648      2.9867560577294983     21.603627305387505     18.29700346332272     10525.897285952691      0.0
Planck2018 REVOLVER  -98.03143402775729    66.21426343699093     74.56557364223417    0.04717503594133323  145.96336988942014 32.22397526766828    14.830463383958882  -4.667928606547632    3.127495914754664       3.5001646695003137     12.869980841972255    18.065721823800693       1.0215749470558169    9.063746171916712      -7.520512942834907     18.807484721383194     6315.2172846525455     0.0
Planck2018 REVOLVER -151.0355609593828    -38.926600805351406   266.96878311520356    0.105827694239663    194.4523961777733  59.70523865280741    18.265065365602307  -3.340986983428582   -0.7907553779920216      5.8886850237218615    -20.83091643812925    -16.249675447746        -14.00063657531133    -15.661016921798893      24.85609570495158      -5.5476158423842135   13258.839559473474   1704.311303118824
Planck2018 REVOLVER -152.6154127142923     64.0344223249941      29.380831189232275   0.05684070888849656  157.2380380071018  10.066415045506913   17.032072119566937   6.803010930178317   -2.852765915027391      -1.4161102050579228     -9.352029097838331   -12.065303239195051     -20.621608567180836    -5.552688795172542     -20.423112546715092     14.467346336058375     8586.214447086082      0.0
Planck2018 REVOLVER  -51.65645735852825  -117.71109078713285     53.69682086335187    0.04699548361516812  246.30616229890558 22.6713583981822     15.91806210437323   -2.726348048467698   -6.481724882122005       2.9118670702005636    -21.133987825006418     5.72868361602539       -7.035642367369058    -3.807223541501002      10.625942211305727     20.08835435970995     10134.450662393763   2097.1868105591166
Planck2018 REVOLVER  -34.72617476278627   -55.35647667577316     70.77061664244238    0.03238013555282127  237.89916633412827 47.281693066700214   14.366054038240007   2.273342117938095    4.2599383403650295     -4.671358430545889      17.975091270844416     2.1374051747199263     10.696834134099342    -8.254106607541068      16.089326956375235     10.65538714601281      7298.765301611617   1733.0622562691042
Planck2018 REVOLVER -170.32622165497602   218.53189333659026     72.82991866325632    0.09785958634641392  127.93325283566735 14.727516038344236   15.090326645517855  -3.0946037225681167   3.99679987324161        1.310388955866766      20.065766220856514    15.936622394082175      -1.2209317807204951    4.9333784315908105     -4.311543283285305     24.80120636078756      6280.853607064118      0.0
Planck2018 REVOLVER  -40.13225867465014    55.24558352417472     80.53055337849129    0.03551881955983488  125.99592208841408 49.70459804985987    14.937079330746915  -2.541504712795448    3.4628878093001343      5.36224499517786       19.444365827095044     9.986886977857488       2.766467819307051     6.394769764154063     -16.185582499866975     13.48338128583627      8553.942217196032   2092.3141735291624
Planck2018 REVOLVER -265.8870100644673    -69.29013685597668     20.139053907656      0.0940200371898929   194.6064085650213   4.191996225590476   15.841914546495044  -5.483573258022404   -1.4424593561513033      0.4725945158894933     -6.999607969562192    23.035297387285844     -10.908681051472657    -0.8523961153664029     11.096947348436528     23.979793677197904     8591.21481826525       0.0
Planck2018 REVOLVER -127.67771842475067   236.9598459616133     172.66308316709114    0.10955675009537005  118.31649057676695 32.67890882347934    14.191424675327907  -2.0625327537713463   3.8000753025298843      2.8022410500767623     20.664526845583545     3.2354346086845327     10.822184019451171    -6.223246109660357     -15.573931852773725     16.53907141920742      8127.397217862503   2350.8807029273084
Planck2018 REVOLVER -222.0589310885866   -186.81642700315908    113.84608151607497    0.10671809343378735  220.0736372254853  21.4208188930575     17.54218371773473   -4.600738557031771   -3.83293076941051        2.290217571942748     -20.151624035854688    16.728833800401944     -12.484356171625956    -1.4882243126251657     16.161379838171676     24.058202921966572    11690.75223498212    1217.402218378627
Planck2018 REVOLVER -173.16450086330138    60.4506135850866      19.93373222265665    0.06247243708202782  160.75623383144116  6.202697179588515   15.80326083382283   -6.059709506000107    2.1634255224907593      0.7403033256422286      7.207575123660643    22.566560751485227      -6.950207859841044     4.899883645531268       5.677584664556825     23.515820249238246     8634.372681224988    591.8049916184144
Planck2018 REVOLVER  -84.87526178122678  -232.90707634422677    118.0846607043696     0.09369665509036167  249.97740770213485 25.471209157609824   17.758793807375415  -2.1337754663851385  -5.7005634669232785      2.8810226143728666    -19.624984743035395    -3.2066066451494066    -20.879661050525286   -19.05329860132758       15.017028419244717     15.602120668898902    10558.70194320403     592.0150731781196
Planck2018 REVOLVER -210.01513507278375     0.6209250346945754   36.63685655152265    0.07236461105048787  179.83060135066629  9.895548849748439   15.087131253106875  -6.016437773791153    0.051842727827935926    0.8862855691077036      3.1535165715899325   -8.623926930009349      21.91170069234258     -1.4441916323220496    -22.146003401471805     -8.50829588714657      7583.671762487769      0.0
Planck2018 REVOLVER -241.6547163345037    -52.83186173342367     20.919492158832377   0.08451793393011862  192.33227467547806  4.8340120018424475  17.644295986334168  -6.9856773752429335  -1.4293503209803902      0.5315530180626471     -5.773499571208243    22.70556030289804      -14.819980615082931    -1.2741646193605474     14.902948219405307     23.32905739554584      9602.404442461482      0.0
Planck2018 REVOLVER -168.01749484737667   250.406324021503       46.36438549411248    0.10438793073390157  123.86079894183916  8.740941513967417   15.589059728766637  -2.8144366317504397   4.250633348232789       0.781753691974333      18.552979428883297     9.054160465241958      17.563420115454825   -13.100567928945383     -12.394425299175673     20.228160602555416     8983.520392588647   1279.1707778425416
Planck2018 REVOLVER -132.10814747825103  -118.84455448331111     92.33523909940826    0.06790041494130607  221.97456351041288 27.457236774668054   18.8183912884166    -5.574039003469923   -5.162747783594641       3.9144175538609924    -20.779133002781577    17.39817732256644       -6.6424432364096635    3.9617738850320454     13.869347739645404     23.9338356656526      11874.66835250295       0.0
Planck2018 REVOLVER -159.37720555458466   241.31663502156766    124.66267835964845    0.10784337082323256  123.44270676128649 23.319190061014982   14.520145000912766  -2.4254349524016927   3.6633208865833087      1.8824633308492138     21.806324262635773    11.25811408164612        6.187497201295018    -0.30830814166699133   -11.726701904825102     22.423220672633676     6608.3042129105     1037.4341105544272
Planck2018 REVOLVER -164.24570577921128  -100.19795480107048     85.0446276013033     0.07138558225283784  211.3852438104675  23.846805171598177   15.196818066868195  -4.447771818212522   -2.740304795196273       2.3637422804323283    -15.378110984953707    17.12334220604263       -9.085234070140814     2.7161437904850874     13.382773189967601     20.625626471472938     7438.246399084591      0.0
Planck2018 REVOLVER -291.7235809182038     11.10839411228948      0.7727781864810103  0.0997704957442362   177.81931667346856  0.1516667244589691  19.997181533577983  -7.712615644260424    0.3299406550837697      0.050124327466624194    0.8991532126876145   16.856459375467942      27.395716918915745    -1.0618168339452825    -27.385987216394607     16.885322561805534    16338.38457080344    2167.5268169921806
Planck2018 REVOLVER -260.1690176608166    133.71468978963566     16.11162459686745    0.10013034625514955  152.79895879558376  3.1525999162234193  14.851758601604587  -4.701915775458892    2.43819911512707        0.25589035767467416    11.269338654914254    20.98641655101663        7.106242504319011    -2.254246417327927      -6.8434410437313415    23.785167839665483     7092.4517339674285   605.9568488581361
Planck2018 REVOLVER  -97.88713313037007  -216.6419494391511     130.00744970977183    0.09243159352917095  245.68472442765    28.672918834954523   15.242971300996205  -2.1547540312083027  -4.541937316352411       2.751842741829156     -22.948698424093184     6.860364251893916      -6.646257710458527    -1.9734821399557263     13.52023740593625      20.769974001271187     7194.718303418221      0.0
Planck2018 REVOLVER -207.8238445402723   -215.88456673365263    107.58915143602248    0.109064556089036    226.08987606605055 19.749957676902607   14.81784108663793   -3.5236047962047836  -3.6172164271981266      1.809718035326832     -18.061095028793204    16.639904611776995      -1.9063880074629151    4.326791877440393       7.343009495559629     23.10147678690105      8307.790574673247   1770.0394565618762
Planck2018 REVOLVER -235.45580246023138  -189.04189880700676     93.4975738039778     0.10825753341033088  218.76015733712907 17.20470423595252    14.558533540757255  -3.503392786572651   -2.850919306489979       1.3964708432278876    -14.960609023998373     9.326389387401347     -18.492406267024123    -8.395247056278269      18.11980729720156      15.930343682355762     7207.604432600101   1364.4680555816258
Planck2018 REVOLVER -170.2515052569959   -135.50723893017113    114.44257199995758    0.0836869792578913   218.51711972691362 27.741762470314413   16.13032351234537   -4.122824425394568   -3.3261314692466644      2.7463557121452045    -16.887065670639764     4.4491085749601975    -19.96248575391634     -9.078738283164137      21.562765357415046     12.485836529493659     7945.952116833333      0.0
Planck2018 REVOLVER -130.61753970513647  -172.81409184179185    129.32289108173626    0.0859247507225185   232.91703086069998 30.83696434476987    16.125503937427066   3.360761132051974    4.542251723216702      -3.269328728340954      16.36834271251345    -17.70466239326818       -7.771914479020582    14.286674314345468       4.19993653344143      20.521420228185054     8270.503800556056      0.0
Planck2018 REVOLVER  -94.46349801093939  -144.18143867344764    100.263809012005      0.06760889331581023  236.76834542637863 30.185521743399395   14.92611513295294   -2.9137058442462003  -4.2655767402939455      2.9958882744899515    -16.866622930822796    15.502702402561146       5.668966068742982    11.824992227139287       5.694823410737275     19.608960634990794     6453.939592680925      0.0
Planck2018 REVOLVER  -50.47509617158372    74.0099694903348     108.52571502129011    0.04747735927484876  124.29414476205747 50.46171985561354    14.076272944948206  -2.0923521837213968   3.018701863580674       4.524916436458286      19.812390537076567     8.649761063301112       3.390880025994063     4.956538767268184     -16.59033780555886      13.359828676037045     8418.233260857078   1951.6019759020664
WMAP5      VIDE     -134.418066995953      81.30245065711551    257.11924238889       0.10261323464621215  148.83245271435328 58.57613359503395    24.040505346437993  -4.268622343760128    2.6344240991210333      8.335397224553246      26.035378181421585   -19.31475195883238       19.43739940612586    -21.805231225924032     -30.82559152131366      -1.4241212180577394   20320.39476659348    2019.5125686654465
WMAP5      VIDE     -246.2235598893206    134.71681005064613    113.39809975720816    0.10310024924815961  151.31551590168283 22.00013521109972    26.35017354110547   -8.757282966595128    4.6770846886491535      3.889865812950851      22.651792404137982    17.528172644715546      29.92067425552579     -6.730849185449453     -32.84194033807108      24.335180165624948    25991.354990769796   1736.6444249769033
WMAP5      VIDE     -135.44363825595153    28.090709655035496   262.14960737918534    0.10090665974948371  168.2830942522909  62.18116760982318    22.966761783573986  -4.074921104870069    0.6136035394640725      7.688715816988517      23.932827319780603    26.532188574151938      10.566672024246898    22.647191797626494     -26.0361463477947       14.08055570684407     18822.792641546795   2738.416144552676
WMAP5      VIDE     -248.2157258255977    -59.93146092778994     82.63248278494129    0.09118295996939509  193.57421224290985 17.93193167526416    24.127202996640708 -10.080980432826708   -2.339535475584286       3.274838847811184     -13.330415740793233    19.260212362451902     -27.27575746661248     -0.06810382421007448    29.382561465091648     20.781172678875933    20165.64162935085       0.0
WMAP5      VIDE     -221.47544015057318   184.9199590459844      90.26296903961438    0.10296239007410052  140.13995283569025 17.371908039362445   23.18033007529888    6.256812680168137   -5.4321912772296885     -2.482589664920821     -23.580317480798197   -15.590248684495105     -25.315668308196663   -11.42389130521695      -25.0795948445376       26.085667434563067    17248.81076637375    1170.5358104017544
WMAP5      VIDE     -171.34543564360385  -153.54745440353622     23.365863477702966   0.07836234235349909  221.8644097936499   5.798853819476283   25.1378392886059    -8.174276787543754   -7.6429185900967         1.249169944865017     -24.696566776737708    23.947303460937686     -15.089445441997363    -7.583306611818273      13.690068000910674     34.1378914769223      21838.566174752683   1716.8332097508103
WMAP5      VIDE      -88.38042112947979    64.60956637974508    102.96987787310198    0.05063944679372535  143.83172658286992 43.245277030804836   26.787952678428994  -8.2779496106377      6.24267566013644        9.94859633322925       29.8567087161576      13.096443243968794      16.625006913379455     1.8425930160994954    -30.214591808560602     20.492618473571945    25353.094555451487      0.3923913303673183
WMAP5      VIDE     -102.4160549810712    -17.610005622425064    39.53022134499568    0.03736179378754894  189.75636238644765 20.82654028888753    30.531527608906014  16.65660887375553     3.0594437130645096     -6.33716518851243       13.70046355909959    -30.688291187039127      21.194676067409112     7.147701338880101      24.252661376182413     30.495673092269957    30087.308469450494      9.327331600280761
WMAP5      VIDE     -104.88291051696477   116.27510790833361    120.6559019247867     0.06682562549228721  132.05121058046413 37.615068658008106   21.418618731434943  -4.987000619166944    5.665574005898894       5.543138060824221      19.38291663859142     24.728934969350767      -7.836895527646637    19.390729117163747      -7.30421151747         24.91082262523109     13342.113404707097      0.0
WMAP5      VIDE     -120.63661013036334    85.82146939541902    214.18860897471095    0.08841057461383635  144.57176863763553 55.34743384136629    28.117522754551516   5.440047859822898   -4.264911793205986     -10.440046240382353     -33.30005872530693     12.598911417385025     -22.498670377301252   -18.184254075292785     -37.573277939980514      5.873872808499259    27484.030802142443    342.07997592197466
WMAP5      VIDE     -221.7090785482319     57.018834540432785   102.25559760880937    0.08507456549497533  165.5773049920587  24.069351158832188   27.903558289268197 -11.500731724329619    2.9388339427028436      5.049643871152023      18.573179806014856    17.593856044212696      32.06161484295283     -0.41758337053960537   -35.89271318264098      19.938081189229823    25904.369081438883      0.0
WMAP5      VIDE     -101.96225828202228    75.43122251895232     13.178545623119213   0.04289706298870385  143.5061297187728   5.932094810798851   20.008106551558715   8.27663970661513    -6.292430482178721      -0.933709931468971     -14.806714015904676   -20.992479411956552      10.221461588995027     8.069589630272533       6.805615719021609     25.66666728277544     17306.64045574544    2884.8178608832386
WMAP5      VIDE      -48.62755107037056    71.137478241047       42.47147419310459    0.03224930461180324  124.35539776092327 26.23790504152813    16.301301816565235  -4.024801960759824    6.139003029714301       3.7440843657295986     19.14026266021493     12.643785033707191      -0.15610437362030544   5.854789779503701      -8.611003923926855     20.412827569220283    10654.999391815534   2427.2553224744006
WMAP5      VIDE     -288.88863159685735   -57.54422339328837     66.4330019667072     0.10283979395493006  191.26539571678828 12.709278537406304   24.74161075254348   -5.868027200350257   -6.461826718406704       0.896304241444199     -24.136273446112636    25.066029913675226      22.693223777357346    19.274994082209084     -12.712462020067386     34.54235893507008     21251.431199416587   1178.1684546222527
WMAP5      VIDE      -65.67686866306028   -81.85751851381353     98.90398667051056    0.04856871217655204  231.2588287016932  43.30170513655448    34.20588533835866  -13.533930333149387   -2.5591949153522457      2.9442654946930724    -14.749353934600052    31.88304581098767      -40.085311632781526    -0.6188029262092091     41.60903399846489      33.322671724124966    50654.86086370198    6756.86235815399
WMAP5      VIDE     -128.40635812207017  -224.75969755449904    112.5389720951715     0.09599218602130954  240.26045263649252 23.49744667297591    27.484289277440876   6.783524915162521   10.44745627842012      -11.448992492971078      24.172104749884053   -23.999859986136222      -7.578432174173763    21.081951472497924      13.421572920334803     24.738529571108316    25193.58789167588       0.0
WMAP5      VIDE     -120.17644611108828   -80.8750028862965     265.7749020931476     0.10309200033505794  213.93932467656722 61.40824032213731    16.80842099405056   -3.3119404362446176  -5.8730386558864165      3.0279461118694617    -21.436454781722745     5.798598281590708     -12.199975884237492    -7.324309446063468      14.259724135772853     19.647058518143513     9592.02159054456    1362.2855516092698
WMAP5      VIDE      -99.82833807635276   160.19768317177588    175.49298547478259    0.0874971605949305   121.92939385108235 42.914603362832814   27.84315568020796   -4.266193466904648   -2.898190994820189       9.303462281725086     -36.34114670254079     25.130223034129717      -8.836084250950753    19.560780729489874      35.30843302387752      19.968980575290672    31575.945393350707   2221.4663529555582
WMAP5      VIDE     -196.42566436301018   204.19049994805638    117.19205306955695    0.104458565125156    133.889618920097   22.471040344740302   30.316018157266736  -5.2662244497435715   8.689727870985974       9.127941110510598      40.75007233793886      4.94947430399183       18.798263528580936    -8.657856551102032     -34.5044593705004       27.852956470173048    35389.44286443694    4264.251887628193
WMAP5      VIDE     -270.49783839770714   -40.17835779951564     83.26846371684826    0.0972427943039279   188.44864875103207 16.93515086551735    33.53435986149431   -9.893934723664474    6.782386757683277       4.281632535402311      24.719237271725056     5.664816702737174      48.147415849292095   -23.730783902017624     -45.70366825520237      17.56085485197272     47773.61392892961    1190.010639641142
WMAP5      VIDE     -137.6490860928288    120.48614461100762    183.15234656061912    0.08788683821907693  138.8038933866885  45.03445842688081    23.91320815974667   -6.90512114319009     7.2569451562123435      3.9869807529586674     26.500340801633556    23.660396572347622       2.830679145608267     6.834833016320751     -11.596712755455913     32.94524517892086     20092.05661745008       0.0
WMAP5      VIDE     -217.17901907238223    61.168856282117765   126.26783287338881    0.08778188376699367  164.27003181703512 29.232528271578495   36.00092951488068   16.253043842512408    2.2958401536231143     -4.724349128880453      12.168907176895436   -47.228752889131         18.91310572855759     10.503014849429487      21.326222104179365     46.49689340598156     50136.33535345869       0.0
WMAP5      VIDE     -202.6760626324252    189.91275518489317    123.38183120812974    0.10352130766201113  136.86206569905642 23.951788015059513   34.79885992438395    9.432075378674037   -5.2721715192568075    -10.250706252090758     -34.148087819840796    13.668016625197154     -38.450761990181974   -23.000575125023843     -47.816692191595244      3.4294851028774382   56144.71007905097    7278.25702919662
WMAP5      VIDE     -252.17397405966724    65.5796351568042     134.69919595611623    0.09983354186330701  165.42271882232203 27.33701948850754    22.86162327171414    5.3517267058158975  -4.909934220646672      -7.104916624729133     -25.64583218633695    -22.47675991412562       -3.7847132842171574   13.874741109905084     -19.907241395268084     24.208175462723148    17399.14840407039       0.0
WMAP5      VIDE      -85.78361509130166   -60.38222319235204    137.39766522211772    0.05833597858493349  215.14132875847108 52.638043259496534   28.136108298811255 -12.23188416366037     3.623431904570931       7.130302872033239      20.94158225852847      7.900704705011946      31.909912801287618    -4.069746836965323     -37.04214223861028      11.842275094237865    29123.321553240068   1768.0207728052414
WMAP5      VIDE     -105.99211008130231   -92.173219385971      140.75211003337895    0.06722601823846809  221.01098518231842 45.05863175851794    21.127056446105964  -6.783557635737915    6.6090596920292946      4.031622809808027      21.94796103647629     12.18412167728391       16.955869743430853    -6.104641653229108     -19.73826077292645      22.085437890739794    14784.56630931408       0.0
WMAP5      VIDE     -134.7551263611657    175.113745486528      226.0633552268556     0.10777074549547973  127.57932996316488 45.65394679922686    14.555519385465004  -5.053547275617514    1.2364667873562487      2.6344230233286834      9.685825392050608    18.304384151525866       9.98890961045527      6.152966713028839     -13.035790318523315     17.921430813238032     8031.965697713451   1262.6668315278741
WMAP5      VIDE     -118.8108033681411     53.14482625297949    193.85244064593832    0.07913100413917     155.90072911770483 56.12204161677764    16.166950242392495  -3.027927842703088    2.4989160738142213      6.4635448786436545     21.57782139949637      5.444483732424114       8.00346857012779      2.0067509055742137    -21.625870184794724      9.301015570263427     7232.960045329283      0.0
WMAP5      VIDE     -165.4036400468279    141.9154453753192     192.77918026048482    0.09901622328050082  139.37058162319153 41.49426485280348    21.510338077153232  -5.5841585067885084   1.5391649043913929      7.841170549756412      24.148910153792034    15.40519485033837       14.17393055039084     10.14856594228554      -27.530584902956004     12.631444538773891    14161.738563169109      0.024610615881062954
WMAP5      VIDE     -188.70166610528508   136.38887388395278     69.98698884964047    0.08245064076290784  144.1415323338615  16.73032889807171    24.719767120538435  -9.444657981334295   -4.990509833487365       1.564049940594315     -17.247132479595823    26.2818659199416       -20.289222414868245    -5.568577843684564      20.238474923453705     30.949775763459662    19935.48267808274       0.0
WMAP5      VIDE     -142.11281595709588   -99.44749800654478    177.18761914117195    0.08411829178662274  214.98350315828552 45.610266317593904   17.38716732523697    4.571859861167181    2.7164793086387915     -6.875731348236794      17.336316413247676   -16.711624296122245       4.924920102461991    11.69218185973026       16.320596399874116     14.222425863678867     9609.140097485744      0.0
WMAP5      VIDE     -285.3386257141816   -114.60890237372475     28.986698673073718   0.10524121936862231  201.88331844480336  5.385195495935624   25.828069583891388   6.17061032446235     5.172389002324296      -8.492507342101138      24.797317205771574    13.296028140712275      26.115586641770747   -21.170803122761956      31.734489149949287      3.9454009278269044   26322.83276532289    4620.184352536109
WMAP5      VIDE      -79.22521065617644  -195.41479669302376    159.34452127817957    0.08976832299616454  247.9313460613381  37.07742228373039    31.677009461358278  -4.979921108958176    6.555527265481719       8.356646784222884      36.591546023648       36.41136520091968       -6.757816424894361    29.706780271463977     -23.191607246077645     35.89605298998489     40090.25999863867    3874.843579839079
WMAP5      VIDE     -125.89337798888398   154.5232185468636     245.7964950948196     0.10788879131967985  129.17044228724382 50.961563054079875   17.734352409332704  -3.3630461392922877   1.399536553268208       5.511585868591482      23.86804633654736     -4.948781255402069      15.82037247074989     -7.478157282476779     -27.958700972223802      2.536445289609767    12787.833502251777   2662.722557869436
WMAP5      VIDE     -225.79635701142914   216.6917744153931       9.515214207370608   0.10671853403125883  136.1787447427613   1.7415216857847957  13.54947025750952   -2.9945228013440413   2.676677330826481       3.4098076428313617     13.88569502769662     16.68437753180413       -0.902591896013262    11.259889073808715      -8.476218552140509     16.54231045565167      6688.6554328366865  1892.2371102701206
WMAP5      VIDE     -109.83029960761422   -93.55963185487252    247.3420225537839     0.09741097455596394  220.42622618811833 59.744425555814225   29.082596240715514 -10.174205384521786    7.310430426317644       3.788743625404734      26.649127180462717    33.46495338179385        6.991890308194849     5.783021789482032     -13.151776217798778     40.906118696673694    38506.916501869804   7147.410110658094
WMAP5      VIDE      -99.49357355171192  -137.668573309188       15.682528240117637   0.057555124776685423 234.14422498328196  5.275021219550803   22.162555366472247  -5.794434351039924    2.244192129703018       9.640959178686112      24.07208335589181     -9.597630113841696      16.701972249788597   -11.317577569790203     -28.62686277073203      -0.13844889165562488  18609.770581116853   3633.947613563778
WMAP5      VIDE     -104.73618935997897  -175.92461616901008    177.5622925126285     0.09209257665465925  239.23267407455634 40.93348072531385    21.02307487423798   -4.708822961707345   -3.4531107956246765      5.824107414257322     -25.48098736958863     20.02056103799188       -8.73133672529042     10.485124378579782      22.985377387799648     22.105301305805227    15662.620703745171     42.28927548993179
WMAP5      VIDE      -68.71588905686973   -25.87604616809211    110.76425279934055    0.04472251491562288  200.63465231018955 56.459305910419715   24.226166718063876  -9.22512972042416    -3.6352800410666566      0.7584187906953159    -13.476059091242016    30.461899098674294     -17.906807685976574    -4.221580126952378      17.634219334087778     33.17520820605381     24829.270919716615   2982.2566330370882
WMAP5      VIDE     -119.29800875426433   169.59582920789748    216.5596905760768     0.10209471241531669  125.1235259218712  46.24434362146176    27.983840842416022  -3.6380392703965465  -9.666886279029278       7.424590089093749     -29.437211947686283    23.959205253933032      16.770916367750765    26.743297671883337      12.391698107279845     29.238288033737078    34158.654845756704   2804.0959766975
WMAP5      VIDE     -114.74817123268355  -159.29389370755374    232.7977182708952     0.10373242992535618  234.23271495504068 49.858769350152244   28.793510794524227  -5.165054540150475    1.3004082378086768      9.626783141483633      30.638362666307305    32.96916090315241       11.984838971090282    27.43729161129486      -32.44192602112553      19.103251081052218    32934.26275037963    4190.359324360328
WMAP5      VIDE     -225.55835912666402   -37.78428902632153     92.32940445596707    0.08366295215445278  189.50957841118932 21.98452034624516    19.05520816377202   -2.778240953802852    3.468664935719066       5.619609072567639      24.97368154111546     -7.445782488529306      16.942429309981854   -14.036376578923468     -26.14642870554899       9.199352396772905    11314.427762642197      0.0
WMAP5      VIDE     -149.19429473474565  -102.25261648353768    209.44136370099883    0.0940747827816708   214.42539291313946 49.18641714998092    35.77662263278658   -8.114699567826111    7.988725048556581       0.316614927526232      38.05193038810889     39.89254597179577      -31.301740122226406    23.064273979644653      21.243730288970433     55.11216399966319     48118.602989617        63.794888291471345
WMAP5      VIDE      -78.23228503424939  -193.899810924209      164.64602024125014    0.09040226863677836  248.0275223144895  38.218724904955245   33.8696899551693    -5.745472832639773   -4.814801127519724      12.754648118068173     -47.215326879043914     8.82284098414497      -17.938099979822745     1.7667153084528597     47.62391923437552      18.773572788346858    51286.83571642319    7480.672782925352
WMAP5      VIDE     -147.16939261918552  -195.077391028848      163.08351016978258    0.09999575444983197  232.9685347167105  33.718275134331805   31.171963753158295  -8.287199643271357  -11.696063274395149       1.1641484747491841    -36.601857735189384    26.660462164089093       7.297651643192671     8.102228593786892      -1.243772325627776     45.18113216098293     37179.896879225256   1962.6630544568707
WMAP5      VIDE      -86.4331667976345    132.5849103118015     146.27001217323357    0.07294346132669736  123.10065236129483 42.743471577731725   16.86976084409346   -2.654977815759319   -4.464006035932157       4.367464654095458     -22.049542734383127    14.788504134257341       1.7115020961414789   10.63844717624535       13.51473091760007      20.2805720600775       8799.446029233512      0.0
WMAP5      VIDE     -281.34912974495495    52.73125188486212     83.50257880015303    0.10152326850698398  169.38461578594956 16.26270951811657    15.840974236010487  -3.1247934662254844  -0.668581771100464       5.61785123658734      -18.480624807406848   -11.720467943334967     -11.674254818016658   -11.392570500228421      21.70278744254168      -3.753987228983053     6484.618513678821      0.0
WMAP5      VIDE     -205.14309322912973   120.41766762888602    119.75222254829933    0.09046660965961686  149.5873418453034  26.721910396250586   13.527985992654985  -4.223660921934527    0.5130462565682589      3.4053119827450926     10.52366694676748    -11.23883662334842       14.745915837005953    -8.407064770226631     -17.996027126533647     -7.716120203068227     5258.629805589459      0.0
WMAP5      VIDE     -113.52053724945173  -113.82821038193893    119.80245197192905    0.06778833213488882  225.07753885333855 36.6944205936275     27.35433872035819   -7.417708732543306   -2.6871889916283096     12.0023877407957       -29.475474118512253   -11.305645390663429     -20.74761230678902    -13.309996081609544      35.29512411025198      -0.323686026593125    27677.20822231798       0.0
WMAP5      VIDE      -68.38183142704024  -185.63717752517184     92.67623966302011    0.07395854754902649  249.77807911413612 25.10125194462321    13.625754130607818  -2.5221411747102116   3.5681843892236813      4.587128772622893      18.22227236955083      6.676435386724813       4.825761825037858     2.113037324020352     -15.092923233386268     12.90212558691493      5705.413256833777    633.4476488774376
WMAP5      VIDE     -129.86995012430526  -151.7117801820235       9.969489034916196   0.067604817685073    229.43545745061726  2.857873843138807   24.667388714005288   8.015374048987605    1.1776930448303569     -4.511419039762301      14.710112281198867   -33.11069886073894       17.491793997218288    13.887346209185816      22.276339692209596     30.488625313213014    23805.768546487216   4504.940131267656
WMAP5      VIDE     -113.88846246064777   124.95777896454366    151.35398398904485    0.07686775761585607  132.34652877972846 41.83519775598279    23.433436429494478  -3.7330015838106263  -5.302945520800238       7.949643437402786     -25.1926724086037     -13.564780315963707     -20.878619063340675   -21.29743711655124       27.11107918584231       8.084036718309225    17175.674691959204      0.0
WMAP5      VIDE     -116.75019688264719     1.566955101078012   242.37953337324805    0.09140846602950435  179.2310546266649  64.27863782384298    22.00439434028008    5.605770032290734   -2.282353972863652      -9.696257743818686     -21.764537742540963    14.326583930482425     -15.955158503673417   -15.316146919666032     -26.248436988721004     -2.6763493355259262   19159.560611262707   3640.5135970007505
WMAP5      VIDE     -115.09107487141355  -159.66530071937075    148.88654235542063    0.0837169737769082   234.21491512766426 37.10576056253126    20.8496395207705    -7.804349671544667   -1.4441531486827686      3.160882858503737      -9.929369479793369   -10.337507314280282     -29.23905102243154     -8.771881408224209      30.399755722626537     -7.7690088308776115   13171.208559159499      0.0
WMAP5      VIDE     -207.29941953807207   -56.43138043023135    161.8413212556914     0.09138867904685881  195.22814834372306 36.99071942561125    27.414865321126477  -6.667187297488558   -4.630015813095597       9.43730005684622      -30.801998175961074    24.792124979344923      -9.597528926265024    15.22352293077547       28.48787692039999      24.731374219764124    26632.45518514472       0.0
WMAP5      VIDE     -310.2595886788236     61.08643794834615     51.74005456946797    0.10927332452534075  168.86160773804133  9.292535055121148   14.643557912612867  -7.225817826456998    1.0809174774363233      1.3063589768756387      4.284509459656062    18.136769475365043       8.691893975580376     1.927415812810838      -9.221018928219642     18.290773425566694     8080.905824999793   1405.6593337557456
WMAP5      VIDE      -93.89324951788055  -190.5132889599562      87.89888471572145    0.0778809781648226   243.76391347863532 22.482122025691545   20.04666337064446    9.226505557983227   -1.4958664289967571     -6.197998759247112     -12.128391281294098   -19.9346585173493       -13.243481695470537     9.230315956225349     -17.559687013670693     17.978465648003855    12372.228182061004    227.4674648536763
WMAP5      VIDE     -184.16718159119839    74.15677344341029     81.40362635113101    0.07262307917534198  158.06732168412182 22.294524545268246   24.427422792789198  -3.1776884025342174  -8.460148711512192       6.70591724181801      -32.133346415177435    -0.7766001201605154    -16.206569634700127   -12.640862617216976      23.713795270869536     23.92715361420898     18616.634228787483      0.0
WMAP5      VIDE     -167.92366599046187   167.5655353142266     129.95943062425658    0.09191249867672314  135.06116253038402 28.715149547833324   20.593135255469182  -4.994720089012052    5.5931463151141765      7.360242766775993      24.764540699504384     3.2201356039112654     14.358393152034365    -5.39606654329921      -24.211275736582607     14.736655996515312    14134.57655498661       0.0
WMAP5      VIDE     -264.1670000100771    133.38994169668197     67.58288483653672    0.1033935112393694   153.20871186406177 12.864103040901414   22.23937736173448   -3.163095504046443    1.536557409543137       6.8151059052048755     33.535835405101665    -5.357059171498688      16.772810393209827    -8.11907381222403      -36.710303632358595      4.508526148793318    17729.859176977592   1270.259571819389
WMAP5      VIDE      -93.04174231679772    70.84226363689149    213.58106512155683    0.08258098305790641  142.71424510187302 61.29801559994718    29.374312377328568  -6.4237393167022026  -8.62797733110556        6.907332585050917     -36.193900365163564    25.868674717099385      -1.3472410139575908   13.079484578370685      20.250910593388898     37.45926429288584     39461.7140517139     8567.521693127528
WMAP5      VIDE      -97.0993540213344   -248.09055657896306    148.90223315893218    0.10396806807647356  248.6252840001226  29.201254158546835   17.67623323701074    4.236877521790886    1.185683141680827      -7.701246208465868      18.38366660578271     11.973428834275074      11.957290292293832   -11.964118304892239      21.618691295368265     -3.2537053642538054   10557.000053678114    960.8649363204603
WMAP5      VIDE     -224.14909575556783   146.1747408352208      92.08413886305496    0.09624956656862202  146.89035317467932 18.988896701703773   15.15609913250945   -5.8749870868771605   1.7775341434381218      1.8442524185311413      8.041914915035964    21.276140014077438       5.111600163450859     4.702344673509142      -6.996300231860094     21.722827294267518     5562.340939360666      0.0
WMAP5      VIDE     -141.1806397455975   -164.79294461879311    165.4879009459503     0.0927470648654088   229.41282971234546 37.329852886975566   17.364475290544345  -2.7303873992014385   4.382494590529953       4.687697641972997      25.1993132006573       8.112317926029917       7.0933964482668115    0.9948448999138771    -19.705998735749667     19.002451020242393     8497.346704675549      0.0
WMAP5      VIDE     -132.72318626052228    -2.1109731961497813  225.2346042104504     0.08877865158577361  180.91121725448798 59.48741413441119    19.83147198283142   -6.561345071271584    1.11652866910187        2.1394111540797183     10.4893998163156      25.496347030023067      18.863680920813113     4.7884628958812625    -20.908618907938354     25.597618185015495    12824.63308245896      13.408396910997492
WMAP5      VIDE      -77.32821582005661  -185.0255931325477      86.52391229163753    0.07393839469335972  247.31836288440996 23.33856832202337    24.78070007412432   -7.079896250786014    4.228571508421186       4.1919712076097815     26.10563691490889     21.371711175701755      22.531975358752952    -0.614549886799825     -29.05669772621553      28.27246868472264     30075.554912775995   5831.271564451405
WMAP5      VIDE     -162.8791771330699   -127.06007870064938      5.2907466512892185  0.06989923492212731  217.95736274554042  1.4671129481216778  15.433926335520614  -2.9241402438607156   2.5020804252675175      5.303386137189376      20.929993682141408     7.8867176488884         7.819350488173568     3.3953002605426104    -20.41675226196765      11.50447822122636      8181.197680568313   1057.265708494269
WMAP5      VIDE     -158.23669175138278  -143.58300229189263    189.07831630360155    0.09705346143212254  222.2204073912674  41.50585727040918    27.871624518601134   7.810016700198397    8.365652779130327      -8.274272438330568      27.464004843579975   -27.80007326596746       -2.1840498762238196   17.595827705608674      14.895173173089601     31.668229084631133    25127.4473109373       26.463365546801732
WMAP5      VIDE     -265.6806031290066      6.7248405126713005  167.79007406011561    0.1071381519742137   178.55005325931324 32.26609663915619    15.673135893525552  -1.7528275748176336  -4.583502962241304       2.439472703176118     -20.3351315956495      13.368419191135263      10.506454747897948    14.736896047818844       5.691077754784278     21.281775131012452     9953.141487788404   1609.5636027350886
WMAP5      VIDE     -161.5639757121793      8.759065820939806    -0.45371801566576475 0.054560137138527205 176.8967916051642  -0.16066663106871118 14.280750183702844  -3.9225514326661837  -4.701682368007002       0.46699693885274596   -14.529188769431737    10.931526566860587     -11.980644930881544    -8.343904548954665       8.760183545592067     18.11190838865502      8384.0820371498     2353.857167371723
WMAP5      VIDE      -84.12581365784314  -167.37429585294606     34.962210360583605   0.0643864798067148   243.31494312216967 10.571913270760877   12.380140538349405  -2.7682268097561753   3.1011709554184756      3.687241691564993      14.927980986544624    10.669166668250627       2.233953746842509     5.829845949821106     -11.012766185435364     13.639140228636585     4951.899483947248    985.4558465825722
WMAP5      VIDE     -100.61033408675334  -224.58028844961746    188.01142424290364    0.10553047127173155  245.86796783821433 37.379983255412476   19.503522677730146  -3.255330458520542   -6.52137785368038        3.0439987722580044    -24.23389582545502     16.373446403403086       9.16166320713431     13.872886275158875       5.562920187634789     26.753865505714025    13890.87673628907    1749.2536647648951
WMAP5      VIDE     -143.43590918538465    38.755189182063965   123.8950869729729     0.0653782340855842   164.88018917256733 39.823535727236745   16.079545248750325  -2.669226285624984   -0.04243899489507193     5.6202098995530845    -19.78209189510406    -13.672411538134043      -9.49842159432086    -12.409046265194537      21.933397045965766     -5.727850333114494     6876.331318157267      0.0
WMAP5      VIDE     -143.30450872231745  -186.12180061016704    210.29919641358924    0.10748065688620306  232.40552189241924 41.837297938200905   13.783738739220519  -2.552602214035545   -3.5621751862689868      3.215895212714284     -19.252734061363512     5.946987654607747      -8.694425000055649    -2.180001626550694      15.478073226417251     15.414349075766243     6629.045420272801   1239.2755952454681
WMAP5      VIDE     -110.5607699727862   -227.42140510455624     61.27609574059043    0.08834656513062722  244.07332601289994 13.62139335863571    16.403820980462434  -5.341509092971485   -1.4442385151206192      4.116560941396004     -15.923465629436519     8.762873740351765     -17.58741282419759      1.5483719836974381     23.139397488284125     10.127252503481635     8195.384312694656    146.27630743747622
WMAP5      VIDE      -79.06705480810047  -194.33389334269722     96.27337840160668    0.07821610586034154  247.86046585320412 24.64922229331123    30.319857855095506 -11.271052910351349    2.1846497545282912      1.7715028653366998      9.641806976268347    12.06260139691238       46.46944637288615     -6.903914351825609     -46.5862608134512       13.525396865775132    48544.3940663843     8895.283426203743
WMAP5      VIDE     -210.84584559210566   -30.606714351824362   207.39382762368496    0.10122792045745457  188.2594537740388  44.22848493212062    16.37592870697944   -2.6885064630176423  -5.302575702620265       2.4637771175618175    -23.626580364604433    10.92748747100197       -2.263347774063604     2.3173996950651747      9.985625963248147     24.019981857903062     7332.076634766099      0.0
WMAP5      VIDE     -296.15009158223916   -77.40200058504712     82.92409843254255    0.10812546685756566  194.64721875664395 15.158004664077957   15.870256764346518   6.186681399566182   -2.504156235117002      -2.746578158811034     -11.394457945493965    -6.834935055366796     -19.43441355301423     -4.138895476865707     -20.979642618347583      9.805027803558183     9682.346380284851   1642.8267522427439
WMAP5      VIDE     -131.75798917971505   134.59869946000234    219.90789285393086    0.09852203737683103  134.38896019416646 49.419611357251036   18.441961152188536  -4.1372426212466715   4.34676954651841        3.2801446022461236     17.484467992167428    23.163037727473547      -8.641966818234087    16.60651966267192       -3.1588289417840656    25.131789107509483     8812.633183458156      0.0
WMAP5      VIDE     -195.5175136740282    -95.87322661663234    161.7321562072396     0.0921747087152017   206.121309412992   36.601764606568615   17.256756111717035  -5.935062518946798    2.8983988341402713      1.348624739304582      12.402405267413867    17.147941516533766      17.72730119152144     -4.192354708205481     -18.092979984315985     20.434731763911483     8365.937114519866      0.0
WMAP5      VIDE     -298.80785328958376    46.483112759273055    69.75728320429718    0.10575857186098099  171.1578313859365  12.989627654206371   27.56403376139368   -5.010554470822956    4.180042244776632      11.274734432528392      35.836754424037174    -4.325619824088968      17.529750690044114    -9.353458718988627     -37.697584490986216      9.819431398478166    30001.619687372215   3899.4639096323185
WMAP5      VIDE     -124.12878374405614  -129.98435723031565    222.66619208575523    0.09734422574063359  226.32004304434065 51.090049486434      14.761436414724445  -1.5962207655080216  -4.22083137468177        2.457423049933814     -23.656277303242707     7.9676374144104924     -1.6808612116384154    2.430057884401024      11.837002719031336     21.909496338694463     6092.131237848507      0.0
WMAP5      VIDE     -200.77156639537378   109.46451426754649    194.94738489447582    0.1023284884949556   151.3999334017563  40.448024307075336   29.39438413760552   -7.5314798788942925   4.7961382526890555      3.167090815611719      30.372112310695396    25.941944646475996      32.94057725315465     -8.004424285482042     -36.34300440101468      36.00178201871026     32986.111289230466   4242.244311859625
WMAP5      VIDE     -127.25470091775418    64.02810261553543    162.12933469139688    0.07305093745445475  153.29078144276514 48.69588093840451    20.510064563213703  -5.65085629189819     6.169760419128248       0.8536767565593937     21.163872081515592    17.038264909389564      16.95253754186121    -10.710556717817658     -13.54324427707181      26.982995017327518    14289.088878432438      0.0
WMAP5      VIDE     -117.60812644247522   108.48840903700979    229.12632874291614    0.09502257606093187  137.30980196301726 55.072482020204426   16.091643673876664  -3.1847497456125735   4.628945573149166       5.677491423757704      20.370762797092965     1.4289985929494704     10.261754809758111    -4.924791369578041     -18.54686804977099      12.359017294097288     7362.641650154267      0.0
WMAP5      VIDE     -221.14835619971768   106.43617971387201     70.77161629218872    0.08670030148634177  154.29901901916648 16.08540035212893    22.27841065787998   -8.231325964844805   -1.0987328977027866      2.5238425857675293    -10.476285384863214    24.89142611021813      -23.331364443082503     4.285524079615672      25.179105114837945     24.938424095398208    15647.477553531326      0.0
WMAP5      VIDE      -69.11211918421779   -91.94703914581844    145.6799548574275     0.06269397153381977  233.06959526271265 51.706329541671344   19.650318499233336  -3.9096541350927843  -4.411185742525225       4.382846018463337     -26.121336823949633     5.316426061727864     -17.950356766311018    -7.609205015420815      25.145406442864555     18.520317208387084    15248.57565151765    2226.038671833091
WMAP5      VIDE     -249.49899225339266   -11.457553818231275   150.95500507547422    0.0993180832136016   182.6293035841199  31.148579512802115   21.642686226106665   6.313385713062764   -2.3713430588463225     -9.484085005387346     -18.920944452034174    15.46824977185701      -16.462921517619233   -16.012507178270745     -24.430188986597944     -4.550863361665302    15925.231742641856      0.0
WMAP5      VIDE     -236.25508571525194  -161.43468531816038    135.4058679456048     0.10792730267779141  214.345057531739   25.324029650554817   20.38367293176883   -4.089268224782782   -0.03955999888629743     6.7450607716901345    -24.239326997270734    16.507992824245807     -14.598542079205462    14.04983888356591       28.309378485715968      8.68390673914913     15609.774329390852   3274.5967071760906
WMAP5      VIDE     -181.8205185204508    187.3259631182941     166.60210745644596    0.1055298741811224   134.14555502692215 32.54552007028935    22.337391652498617  -3.7288597276581568  -8.281456100172987       3.9588666123386482    -29.8249632356359       6.889700427353664     -13.679761901294023    -8.68782908221651       17.078405297125418     27.542824353770925    16956.91177445759    1934.966441760204
WMAP5      VIDE     -161.25811193802414   118.35885470356718      6.150932554524757   0.06766375060989588  143.72239299522812  1.7612711876691445  10.611359758044008  -3.283196291752293   -2.552270556716748       0.09881013036144808   -10.37212640197843     13.271237174257786      -1.841299559398957    -0.8149319529979411      1.7005525286749406    16.847347300165765     3746.9693701264946   873.9265796005907
WMAP5      VIDE     -210.2601435510558    164.170625767497       93.92869054487024    0.09618489370307937  142.01736558907086 19.397589400151812   53.26009245878506  -13.374911020782067  -11.784439784865587      15.61317366567603      -47.02196694310564     64.04029595672114        8.05501753286962     46.189190695665374      26.428807167873167     59.51544652160573    174106.40882176074   13410.177969201044
WMAP5      VIDE     -102.9830757676374   -192.98308916404858    211.69692175952676    0.1036907510337623   241.91393223268346 44.06233519530351    20.33699961576014   -6.737102616210516    0.18721889762213653     4.2348598914102284     15.922860014749316   -11.65392320448156       25.846374927362273    -6.803938090391155     -30.328733453705738     -9.483363817369769    14885.994435532226   1485.551869065261
WMAP5      VIDE      -54.389019557214965 -218.07284394146558    101.58736105187982    0.08366643548665857  255.99570766798792 24.322753591532784   15.17939880880208   -6.221638434382417    0.4536594538703178     -0.030901584826554       1.4766641905539708   20.99047673016778       10.849201720251365    -0.8932411297418851    -10.81645143058597      21.048690505993296    11888.158359704175   4310.788442417199
WMAP5      VIDE     -239.3373262970336   -144.94033278948658    104.03085513764518    0.10164095784847468  211.19868560318454 20.395111883256153   25.343383624733463  -4.410948095928335   -8.47917790994681        1.7774433895109107    -32.763699707984046    20.016003507168605      14.177821971498053    16.018128591908         -0.44231753214870356   37.64094269322646     21585.27424646473     337.2986250056618
WMAP5      VIDE     -183.35828946971745   -25.563881973391457   210.65620412285952    0.09536304244225807  187.93703629577786 48.68990398524827    14.400155574397518  -1.7798958737490047  -3.962934146609684       3.316049191279729     -22.022345593796963     4.5804127717191765     -6.346590976214922    -1.8232717382602595     15.432718317823092     17.46464217278612      5964.819871858776      0.0
WMAP5      VIDE     -221.30684811228255   173.80088910003647     10.573198001978195   0.09576148644245987  141.856072178087    2.1518276128876046  17.33828412645334   -4.931584176023386    1.342172613937225       4.3395353389287035     17.464453226176747    -4.556141590748195      21.256319498992312    -7.20208243221916      -26.931091424737797      0.1448306252829867   11087.149830543316   2152.860531963139
WMAP5      VIDE     -131.31934257971818  -200.14832986803208    181.37597531331983    0.1022735756047922   236.73071477196635 37.150544733086335   38.740668694121396 -11.128615522266756  -10.939130415772519       0.46027960925189015   -38.64947134363412     40.351022493240826      24.52854854793795     18.380592427107594     -16.34871926595638      55.856860688236544    84643.79652878521   10939.265495125092
WMAP5      VIDE     -262.6714601435576    -61.493675149424504   104.21969087233016    0.09840382188370755  193.17614671229612 21.122686566574707   50.4988531003682    -8.216366202729334  -10.670134404837173      11.949993255428577     -67.67371669073688     50.72587395533924       -1.2368329762728358   32.92662734411137       45.469558922302156     63.238825073507925   138075.64327394      15146.349143835547
WMAP5      VIDE     -168.31981429206118    43.31223585255445    173.95767261317596    0.08341055607498171  165.56964936804332 45.02547056237304    16.79520916287369   -5.221307679676222    0.07961709556701085     2.582441615112085      11.697499423948521   -10.118138625452834      23.96252446640026     -4.811765082909493     -26.65666721307784      -8.906834301534952     8779.712266598026      0.0
WMAP5      VIDE     -220.67820346426575   -99.79110436702662    168.61289025766783    0.10045457284278782  204.33257354947503 34.84540894265434    28.255828060573506  -4.402222816428163   -9.217631359153906       2.5845474055694555    -41.74591480251517     16.99928302181321      -10.478312107157322    -4.995586942052089      14.614140956157444     43.611534036453556    32018.911846701194   2736.0512775130032
WMAP5      VIDE     -138.05053393003547   154.26867729500313    206.95295974893645    0.09962597351714975  131.82443214483968 44.99089033206757    14.376824256297956  -2.435270147376487   -5.550158708863411       2.911984651850841     -18.693652977300697     3.5156958569735295     -8.932541950798614    -5.85473050200174       11.338889212699096     16.715329962093882     5610.29841850381       0.0
WMAP5      VIDE     -210.68729386098832   -97.44068529532039    206.32583467430882    0.10583786894245253  204.82005113800432 41.632028233350944   23.177510346232978  10.41563705573931    -3.1402686602332466     -2.215002633316         -9.68628383681505    -10.823538373285082     -30.203123694045885    -6.374090243710348     -30.222882339759472     12.874819770193568    19304.06193869918    2841.4182481453786
WMAP5      VIDE     -171.18949346107232   183.54580187742212      5.340249647845101   0.08518549650572868  133.00505273794155  1.2188940576269327  10.954745879806099  -2.8276322438048083  -0.35177929717872175     2.7498765873840956    -11.799716888680125     8.388553311137246     -11.060256556093133     4.84348905419816       16.094376765036802      7.039324767485204     5011.253861509733   1396.820640985745
WMAP5      VIDE      -68.03653255592562   103.86544097049116     78.9131703905292     0.04955918098850839  123.22660099148305 32.4379894089402     13.723433962940767  -4.60876996312474    -1.1786003494789623      1.398911352724397      -7.5809135387996704   19.91604176360176       -8.196111072740598     3.6702344415629264      9.755723178605903     20.311054695703685     5507.533158234878    522.4837492224888
WMAP5      VIDE     -128.67412416193616   -45.40653258349887    171.1265101457253     0.07409763635322134  199.43692090679778 51.43229130219296    25.7124085476354    -5.059399609821088    3.987362192669788       6.914456855300374      35.66850739853191      7.940667422141092      21.51997162833681     -3.2707879866457596    -37.62755919891168      19.305418528487273    21557.82889760992       0.0
WMAP5      VIDE     -122.21770123760983   -24.267563806272776   218.17837406302692    0.0852573310831439   191.23058562106812 60.26891105519179    29.900145938179893  -4.806626110949907    4.9054891276988695      8.281544163912006      42.6813552139549      23.278373055927087      10.983641297492865    12.912424441474746     -37.76671417579841      29.865131110707928    35589.99220730822     456.6790066749005
WMAP5      VIDE     -264.6855258187703     46.301270767772486    53.813838995218866   0.0931419655628322   170.07768140828125 11.324876572559885   29.63364856780592   -8.45833371718871    -4.347130705641931       7.287690579079247     -32.87857830743003     13.43779748955642      -30.14427176951734     -2.7656964177451075     41.31174979304773      21.432632337028664    31301.545608636345      0.0
WMAP5      VIDE     -172.21891598132544   -87.02543456005765    146.92242729501805    0.08224503184039375  206.8083222977502  37.28643908089062    26.78828894408233  -11.11935714326472     1.5128614443285386      2.6148170102734354      8.50762349048916     -5.768723347282066      39.51579891071356     -6.50214257666948      -40.09324309831056      -4.4531314425220385   23837.52314854976       0.0
WMAP5      VIDE     -197.84175178577726   -70.0126299166344     200.40215312172933    0.09874238560030384  199.48795358724777 43.678764328178445   22.39629924109228   -3.4825603898218556  -3.474554817581131       6.1703079112609895    -27.286732721551132   -12.871576625456907     -22.648901015543622   -20.04158276132173       31.3386468052874        6.335473775713132    16910.400228079994    309.64553049159355
WMAP5      VIDE     -196.5920014731321    130.87729002659108    157.59597675902435    0.09657061861031745  146.34708308155433 33.71489803074915    17.80334317026153   -7.275515030066654    4.3605118448177285      1.9163587146045622     13.942330658743693    19.379746214362637       8.835518744752852    -0.15992899664317275   -10.47909500030298      23.23711720232886     10755.06788133991       0.0
WMAP5      VIDE     -147.2133933086244    185.7272539421102      65.10511815428865    0.08336583454832013  128.40147513298533 15.360882873636983   21.708278344602835  -6.151188039026581    3.19138338142276        5.782911310960747      24.532157154123567    13.76452818998811       18.498299452830437     2.278256245982494     -28.323685755564725     18.054180148533074    15124.604871791082      0.0
WMAP5      VIDE     -228.96463311043337   -52.39787342304589    205.5625946420917     0.10638201320829722  192.89000675720862 41.191365290821665   17.20615004710189   -4.818040707944469    2.3748092166169688      5.883096848800886      19.630570355733166    10.742642174785903      11.740272720594174     4.439208109427112     -21.62518502727417      12.364911876455327     9060.255379807651    963.2503064306438
WMAP5      VIDE     -150.0241352446475    177.3212802652091     184.8868758709983     0.10106888666241479  130.23316683860781 38.51959535014973    14.516924366174903  -2.028146346876862    1.92862792225558        3.962055618840689      17.823040886870945   -10.500900326636302      14.235051263672215   -14.238920260975151     -20.512560555130293      2.69619711596596      6766.485006613439      0.0
WMAP5      VIDE     -147.88968449734426   -64.67916679065628    221.74279266950154    0.09322189971210268  203.6220379314924  53.94773010711082    18.240258877800148  -6.650254305969479    3.0507434299367695      2.043656351655601      12.606586291219857    25.017496483472595       3.6772531400655195    5.256976242331075      -6.6149774731945215    26.98145797007354     10346.929998924099      0.0
WMAP5      VIDE     -166.17263978007097    94.05682365912534    149.49443493121862    0.08223766160982082  150.48932691581828 38.05804563854827    28.040413746340064  -4.333593669684389   -6.038779063490287       9.485604041121293     -39.65147494366974     12.3525716104999       -10.251211158113062     4.585113508360251      34.889594156042925     24.306366637094502    25596.97177746346       0.0
WMAP5      VIDE     -155.76606776232612   -91.3752396326422       8.573652639014536   0.061044259485099006 210.39666980093747  2.7181315923225178  23.7529783392136    -8.543398948580075   -0.42435283593182466     5.073303261449648     -16.005359631691807   -16.949674652926042     -28.370631073807576    -9.850917091068721      32.51633394249839     -13.8690538628821      22628.324882595225   4397.122763296479
WMAP5      VIDE     -262.1185360730241     47.634638881403745   104.07707967257738    0.0972975617134604   169.70007879762554 21.3387280554814     18.5290709242518    -5.579142485326179   -3.820465018173511       3.0406678835923517    -17.09968798267719     23.73498072595785       -1.553254850658479     8.932498044643149       8.180562256370516     26.668230262166627     9760.615214646961      0.0
WMAP5      VIDE     -203.71113244044      166.14127631884384    181.68731159649533    0.10896892640994248  140.8002481605848  34.65088511167071    14.09473906364523   -3.1784310576037176   3.348049416107554       2.8683247774734446     16.878688849411716     3.3454690770208977     14.798517027790464    -7.35223889240513      -17.566048637849608     12.356834457898136     7192.532415495446   1421.0237175844588
WMAP5      VIDE     -203.95849532354      -70.6329170507178     218.8638008093074     0.10473010426263757  199.1014939110374  45.39818310689131    35.79705860875475   -9.996031585786044    7.268222464340796       0.24748669929070405    34.50434905746713     47.95840373715176      -14.812045986186535     9.671371523662728      11.289331097838572     59.081822892379215    65532.1270059358     9485.840078478004
WMAP5      VIDE     -216.17654539816766   101.13424072536138     15.84965010297594    0.08109424894314507  154.9283168193345   3.79942986834687    20.315549903980482  -8.285126515581725    6.656678625962477       3.673389476546462      17.81491522637353     13.633461003351213      15.474879105226304    -4.725573744052496     -17.289137066263077     20.671985186154103    13622.345600969238   2059.008670553976
WMAP5      VIDE     -229.52004424771246   126.8684686575525      11.622457371539655   0.08914816939852672  151.068135041942    2.5375874432605303  17.7385770922365    -2.3450427910653118  -4.311241176859925       4.75017418491524      -19.015739276914875   -10.268447568294478     -18.707203741950934   -18.954416651182104      19.65283666876988       8.479520748883681    12052.453567558105   2276.6971413120345
WMAP5      VIDE     -105.19732968629954   -65.7269609812626      54.872863814078706   0.045655211031746086 211.99701266699023 23.86325250852754    20.428809784111326  -2.0017304526999364  -7.932362752828011       3.580113050261827     -27.0774428416308      11.25929400580542        9.807249655115937    13.205674076129487       8.644190732016298     26.536328658855574    12391.680761351616      0.0
WMAP5      VIDE     -117.82439472704881   196.47231167462058    140.46091493983906    0.09130048125692429  120.95110523481789 31.513101858892842   21.149443081634647  -7.113634989015398   -4.6088807194309425      3.1491202542284276    -19.238993186641892    25.096147836837414      -6.730140952946541     5.314657362472453      12.006001833023204     29.57675649538068     14429.828577186945    646.1368162839099
WMAP5      VIDE     -270.6853205451724   -143.09231668019507     54.51057857564855    0.1059854388995902   207.86226303900384 10.094863929915581   20.212791216160163  -4.37152487934459    -0.6039104685322039      5.078903193710645     -26.41609492034184     -1.7655369696963708    -22.94685249411799     -3.3920159734959205     34.845880989105616      1.2237898337919368   14085.846008772854   2005.0862319019352
WMAP5      VIDE     -124.38184113106828    -8.603570202771868   178.94766470783497    0.07383335746238756  183.9568824784879  55.13373578230308    22.531461455391458  -4.896562587638626    7.725467363556268       4.655117321575613      27.076219277688967     5.973063299971026      18.567887933744657   -11.277487317038311     -21.158574826103855     23.25160663461306     15705.10652583351       0.0
WMAP5      VIDE     -220.38596520131426  -110.44630352892118    101.22363928542784    0.09052501458638973  206.6177134987183  22.32417713382212    21.607737623680023  -5.940575783455208    4.654606483610861       0.33728660129840493    22.317274604633567    27.93875652872078        7.511545897892164    -3.3817594217645        -6.905248807177053     35.73108951269746     13934.644102784054      0.0
WMAP5      VIDE     -266.75791741965196    -5.678747063880357    98.55762549264209    0.09674887148515321  181.21952932493775 20.27327097970417    14.799515911833033  -3.3179910107356565  -4.95374814118747        4.25108982888816      -17.59155104468         2.0647699166310916    -11.324215679358005    -6.472442240594582      15.3682763106645       12.85671844993821      6439.378219786369      0.0
WMAP5      VIDE     -106.94867809140393  -147.6246143278994      35.766248111061344   0.06274637055202847  234.0780333733304  11.100489487940687   40.44171210981027  -19.2447517010393     -4.463646227643503       7.372743339430262     -22.8253534095316      29.256240272885254     -41.867557042839316     1.369634947614269      46.294079134419626     31.602710884072334    83792.88830094239   11548.470445756384
WMAP5      VIDE      -40.4214766642203    -96.07381003669715     70.44649355917399    0.042317013046475074 247.18187580075323 34.053573382984325   19.841841371177388  -5.283246653407443    1.5058261351791573      5.3549091745286495     23.10410627419856      7.687459476533553      20.633163170309047     1.3154753146474298    -30.324938120146836      9.82538885496413     14504.526885282527   3273.785711493852
WMAP5      VIDE     -262.41384543330673    52.242693393965354    18.703344741144814   0.09112435410218117  168.74047872666796  3.9986083236362626  26.699840986605643  -8.457812114762243   -3.943104469838258       6.4216219445962635    -26.533124129058194    23.657044113954193     -20.420071976160127     6.301495973110333      30.28106004003835      26.893244988228844    27680.086690907723   2175.922874206025
WMAP5      VIDE     -193.94292146078598   -93.36158162319286     43.119123981335406   0.07432226549053932  205.7055543273092  11.327899671926058   19.813446591152335  -3.434656217441651    3.784530316236347       5.017071582082948      27.56282138614812      1.0968572887884633     18.041944329720362    -8.762860996106728     -27.952552391266973     15.086463427865896    11859.026759982871      0.0
WMAP5      VIDE     -159.03206410435686   -14.91197114586592     51.0027947715511     0.05656349659325785  185.3567947229573  17.708645393318236   20.13119584713431   -5.815638350245387   -2.6650249209290107      5.588037462627373     -21.66234194662861     16.656299601904607     -14.600992494607345     6.380666298559851      24.263119082341845     18.2120226144802      13853.133682815376      0.0
WMAP5      VIDE     -286.99615878813165   -97.9661060831805      86.07574808303265    0.10746402363148476  198.8473330849779  15.845990876465727   14.82243777911559   -3.63613605062794     3.791637507480921       0.08915953055525493    17.893998606800505    17.097796043931147       2.6510755179303302   -1.623660565824697      -2.1391973776279527    24.755741554437144     8602.920697063548   1469.042140958774
WMAP5      VIDE     -241.81390016944866  -119.7191122179214     131.85355521670337    0.1022681417274917   206.33945047082034 26.042888720902194   21.21226472946092   -4.194815738437868    6.058720015431802       4.606121220671958      21.647776132258162    22.849442314950092     -10.340574898356207    19.33192361610407       -6.486518141778828     26.137795547987213    16028.367051945315    306.0276743023583
WMAP5      VIDE     -241.78123241852035  -145.45298125492505     30.282098068000277   0.09652046331580923  211.0306619310456   6.125657727151728   13.590176028825327  -3.6641658253694693  -1.4872884333951306      5.161155419766006     -15.709342298648354     7.673146938976948      -8.94169013452205      4.0498966063971436     17.52809733490248       7.926292823966037     5255.998874442981      0.0
WMAP5      VIDE     -133.67217521866135   117.3655424728744     101.39073233165227    0.06924961343106956  138.7165350944259  29.682295669382537   22.20349548462032    5.0992746629033      0.9204795877505252     -8.862200200568013      24.90064267683351     14.071885771419765      15.789318311356379   -13.549647963355044      29.308758499292022     -4.7522355235428275   15152.945901811556      0.0
WMAP5      VIDE     -172.31609729369956  -229.14458722382867     -1.22021213729548    0.09753664336540727  233.05693512461045 -0.24384801952510618 15.374521547117993  -2.7005104304357888  -0.4178895502152225      4.99735552091843      -22.17178080819804      2.942848566008485     -11.735274671731975     1.7212637580127026     25.020929837000658      3.02245373265325     11099.551224185085   2981.3950178963823
WMAP5      VIDE     -205.46255431257416   120.00903190364795    143.29318012167852    0.09443107878743058  149.71114165833123 31.057005810720135   15.364381663060438  -6.769451583718892    1.0890217521284813      1.3107300678549598      5.240869795655712    19.169923224843192      11.139861149042165     1.8634722426415722    -11.798860924959659     19.427265724863002     7374.643555105247      0.0
WMAP5      VIDE     -198.1264272032019   -226.11418994748564     57.89527805541178    0.10430100666893519  228.77441548615425 10.900368362529333   19.02350494678809    6.137129303459989    3.135947421953828      -5.37505407311136       16.3104247071076     -22.091533785983227       5.7341371043858045   11.539450095059042      14.070324102234704     21.384509319386964    13929.768798608739    777.8470047717716
WMAP5      VIDE      -79.96573692726348    87.86570088425036    173.52743517855967    0.07115455332437608  132.30502969230966 55.602375678272786   19.765503971555802  -5.400702215594599   -1.94739566480935        5.474123237673134     -22.61843145667748     11.18247228123624      -18.336948307669108     3.2170416163310493     28.108785732807846     13.17347237778975     13513.713761994244   1965.3690092771808
WMAP5      VIDE     -225.86663702437488  -199.5377529867083      59.956835866140416   0.10469408215255546  221.45840002099771 11.251508283384176   24.89797853819271   -6.43988124391948     4.169487085599534       5.210781301899378      23.413009348665454    33.336332063598526       2.261003305484318    17.71040445575865      -14.721988237520646     33.66789568458969     21778.56694825248    3362.2341397538007
WMAP5      VIDE     -121.90220950839239  -278.9274664559926      86.08335004892996    0.10784939950833793  246.39279100458583 15.79062712317627    15.129602453544154  -3.8591020738704955   4.88656681699786        1.7224789302322072     15.57064458003134     15.126627566243993      -8.028295316291286    10.112015402494618       0.6446278303451718    20.82654366103815     10860.529494753742   3099.765095502544
WMAP5      VIDE      -94.57559285438099   -76.36176057124855     14.048537656647431   0.04115016954419671  218.91792968374912  6.592615371602331   21.218063682506756  -5.337318337104427   -1.3172513418766132      4.684957456271798     -23.83110693053005     15.23382040977603      -22.866255379484222     5.709410407131995      32.3459576975102       15.599009750565855    16463.277954235076   2336.152403985512
WMAP5      VIDE     -180.86493153067738   -71.57686475724196     19.382649555406626   0.06606986170978164  201.59106416253053  5.69056619709133    25.1802101219312    -5.025839861971538   -4.116466333146816       3.772259860513057     -28.330503285256786    36.31568801668088        1.884211222925697    19.270396616965062      12.966917814587461     39.824352949413004    21179.48700657989     652.7525642635768
WMAP5      VIDE      -88.26637004132833   171.39900859436912    213.9585090189271     0.09798697645668931  117.24737904008548 47.97894464597092    12.470074995783582  -2.2780744939268334   2.634535134421338       2.822946052896388      16.79743195344253     12.037082931586594       2.321575855364507     6.21645402890336      -11.759016253204422     15.99077204642171      5974.7302797272505  1404.9034011393137
WMAP5      VIDE     -113.14954619021856    81.28856060765214     96.60222935639194    0.05719890504059578  144.30588998199227 34.73640581553347    13.60704538249927   -2.6485067256373704  -1.122299993390929       4.004396990173086     -16.25535850099475     14.167932688440228      -6.780485456752377     9.964213148699733      16.845812802826224     11.311650979773207     5889.3029128412145     0.0
WMAP5      VIDE     -270.15414822098245    77.39671687164703     28.539606342738033   0.09606462909637378  164.01347175133952  5.798870966371998   19.40578558024089   -5.918807988095952    3.2399234142711824      5.3591260969738155     15.69817277139313     24.400884595690428       2.585771041131224    14.196498633880488     -11.533672016343603     22.651932673133018    13338.0429153229      320.76450092643404
WMAP5      VIDE     -149.02033638451562   -36.629756520153556   195.88529126232655    0.08442307640228403  193.8097360199016  51.92491543822317    18.31059448933807   -7.235827970929827   -4.422366376357794       0.3572117245546969    -13.695592762052767    21.777833673918384      -7.808796870129676    -3.154133022242911       7.238117769948157     25.718205971571283     8787.629899040605      0.0
WMAP5      VIDE     -238.13295786589606    74.54948611527084    181.11881553414372    0.10505798194816278  162.6168405075533  35.97370332674019    24.515689230244604  -8.174518300916182    1.5331710147954303      3.355551392740758      15.544715433265658    27.638192625359256      25.240705637964325     6.027058188001444     -28.827838391063644     27.85423102178999     23497.4447103887     3185.9069202115143
WMAP5      VIDE     -112.2832726768586    -69.28991941292999     27.18297177590911    0.04534107850039248  211.67870284386763 11.641337893293475   33.41002658063582   -8.137717701307503    6.8253358664010175      7.625618950603739      40.228155820614695    32.17622890871097       14.130237452749633    11.38546654535675      -32.24447497994648      41.01058369733162     52952.22533020362    6203.733802811386
WMAP5      VIDE     -184.745473263387      81.87640548720464    137.34071926698815    0.08286733085586168  156.09780164043403 34.201965914183305   12.228843752110027  -2.5737439493161696   2.110034669001907       2.3859255090991116     15.66374803755939      3.589662696213019      13.722207114760842    -4.979662076730332     -17.752697519728383     10.328248724165645     4104.936610926763      0.0
WMAP5      VIDE     -138.01334883043407   122.79968638987849    250.87895990898247    0.10618158328697465  138.3383761207122  53.6337140625746     18.429486940222713  -6.038195081667391   -2.0880588712751673      6.456278238548727     -16.933503816063055    17.224689573829146     -10.266229418708004     9.887636515032536      18.869359364567487     15.349990773186647    11546.267061624781   1623.303387434818
WMAP5      VIDE     -148.8982454266082    200.36099275448248    196.17075326727942    0.10824960916306306  126.61788110163796 38.16187725851854    17.38552276591351   -6.5435400251719695   2.9904445789678564      0.48105881069376577    11.26980266051519     23.572215424441954       6.762168953717788    -1.2325061317537866     -6.892217252060815     26.07963981784277     10838.88337937812    2000.123961596259
WMAP5      VIDE     -220.8962832424868    148.2854860116502     161.49127430774814    0.10606712376850982  146.12692944005857 31.25737488516357    22.40851672396892   -7.264529354275324    4.133316124800515       0.2966848199465782     15.543530912262778    28.54019079975998      -17.01871453086676      9.420886745902612      14.227518177821063     32.46366972994066     18190.63807913607    2611.711293558415
WMAP5      VIDE     -223.99818126684613   -35.22154076489849    182.04497918830236    0.09895287990973374  188.93603842430872 38.758996605972335   15.162512415831609  -5.660735765652058   -3.6751866315530233      3.1050727009836905    -13.88679037048495     10.466519429739614     -12.928212154430506    -2.0196492523229876     15.644472966623802     14.834968963315507     6340.021419157002      0.0
WMAP5      VIDE     -137.81140243318885   117.97817506332143    132.53863308596394    0.076093737787635    139.43368778366244 36.15144850344872    13.701832747641943  -2.4813998053164017   4.067976700449457       2.929533806793373      18.705141229342956     4.62691778355212        9.418816059584843    -4.425490950683805     -13.971151212501086     15.651946095015127     4778.3719345224235     0.0
WMAP5      VIDE     -127.12272533218423   216.72068467833665     71.1479872834282     0.08867243785952487  120.39477889011887 15.810676537383056   13.464967669587072  -3.871168880521917    0.5799760570814484      4.867234626745798      13.405760337358178    11.142197519491669       9.33461358190476      7.813011694141933     -16.226056638944957      8.147585872897503     5357.900422309256    880.647806117422
WMAP5      VIDE     -141.07568186722136   104.2386963280113      52.397978278420155   0.0618220213489226   143.5398631357237  16.631945271689062   32.273287352634604 -10.140956573774274   -5.762929338223482       1.9588734913792138    -23.834637036598778    46.09049531357238       12.206121845665049    13.584345509679704      -6.519728830414985     51.144457150322765    33268.75670619749       0.0
WMAP5      VIDE     -135.13426019396235   -16.444155686747504    88.95296304260191    0.0548381113703059   186.9380706621536  33.16204527829765    17.964924257634653  -4.196070134820486   -0.10411762572028731     5.939291668746925     -18.392718698887098    17.25615313409096      -12.691827938645579    13.911714333627925      22.34494970830934      10.220247722362716     9228.379222765665      0.0
WMAP5      VIDE     -111.92774640272111   122.77373443309465    264.2019367884005     0.10636947810617212  132.35413879253025 57.837395125734524   21.201153639258724  -7.1080342157872645  -3.4395208556101093      3.04906040254796      -16.126535794287943     8.300874730375124     -28.230643243752727    -8.48016119833668       29.51165767283814      13.521767578540357    15909.600849250099   3612.3537304728015
WMAP5      VIDE     -110.1359746397692    150.35231413276082    257.0957189618483     0.10826926647235532  126.22349672246675 54.060678198282176   12.161976240608317  -4.055246860800639   -0.06841341528504352     1.5039199813389699     -5.174760366916498   -13.312394934096275     -14.559070567640433    -4.857522123399304      15.444513650942609    -12.39549952605192      5021.030005741072    857.8585595607503
WMAP5      VIDE     -166.60516827838822   -45.3712272415519     160.12084423559097    0.0798182271456273   195.23381565902324 42.84003412866989    14.865569452782347   4.809530433021185    6.521737799074136      -1.6193396347340598     12.635886263537216   -11.797379524255785      -9.983536556455983    10.165925302116705      -3.326232793674086     16.797284768363742     5742.77960814867       0.0
WMAP5      VIDE     -201.034111093775    -137.70425790989384    106.54991560296695    0.0903400197966864   214.41034645580626 23.618008690606942   20.186315112010305  -3.3711434385015453  -8.122917891907635       5.501673188571799     -26.55576019808234      6.08819971542279       -7.283117149070934    -2.4665917720423187     16.401116050059542     22.703944793006787    13161.51623149626       0.0
WMAP5      VIDE     -186.70992648309098   200.04046464969176     13.11338951101356    0.09311070926283772  133.02590679130375  2.7436699545540275  19.37118897044391   -8.191124842344761    1.481882902271767       0.560708662118482       4.077814110402881    12.546099951631112      26.41306342176824     -3.8464622785705327    -26.193791480347915     13.035787582881685    14503.380542061652   2959.4554672941954
WMAP5      VIDE      -38.13622998325803   -22.253207323843352    53.757729409890835   0.02331145942970291  210.26436525965303 50.60195966062217    17.159777238993517  -6.4733171914922005  -3.1233480618840677      1.2908156435266418    -12.142545133408282    22.27217236516476       -7.002394040702524     0.9411322209770064      8.34667967668458      24.91589975543538     12919.538396111615   2912.8959196647547
WMAP5      VIDE      -63.899210618341705  -79.96848198762976     58.41835259977766    0.039622960942355935 231.37322399430755 29.713450682855918   27.39600506104589  -12.413136872255642   -1.40131033230248        3.931826796822424     -11.76113092817365     25.38928778716122      -28.08217716182755      4.613377712671596      30.120212051619053     25.299754666272044    24148.226308643003    260.86961309746897
WMAP5      VIDE     -182.39362111045813   134.5561655068285     152.69673072396273    0.09288293775507153  143.58291067539525 33.96794087681169    27.55169367532269   -9.11024277294606    -3.155735192517493       2.8738708553853876    -14.106458083483002     1.2652720076639745    -43.32845860866871    -13.235372236557193      43.28424243268829       5.57302456056244     29112.893198372898      0.0
WMAP5      VIDE     -164.52264047242434   202.9219608413947     112.06056895369186    0.09668597231310358  129.03403430879632 23.217422465100302   28.977816055817083  -9.192250419243225   -4.646682353807879       5.106994168835832     -21.507815248712586    40.626593141142806      -1.747867727591022    17.34392008107042       10.953777836637984     41.18437888593158     35968.045698872134   1438.5360943164656
WMAP5      VIDE     -138.90236876205958  -129.86679002793502    150.2429356346482     0.0821832842691277   223.0745349378877  38.312409872167734   23.599144852602066  -6.779762011976294   -4.106609905449107       0.8675913236194354    -19.906734932516823    28.406928510018194     -21.100662001737383    -7.775181906710759      20.104031530414126     34.40045016866537     18739.562370777192      0.0
WMAP5      VIDE     -177.38921544602636   -53.081565834166284     0.5999232167636805  0.06253854472467771  196.659172992561    0.18563818975445487 12.014724948729171  -3.4711070457251005   3.1466530595934623      2.6799669488672477     13.603162454358332    10.22633403126224        5.611751211307667     1.8072651216297773    -10.370267697332991     14.516912341863964     5632.768550542477   1348.5607453353523
WMAP5      VIDE     -104.55385228827603   -92.21909082991       232.25100885819984    0.09204711771658608  221.41309290919693 59.0250020403404     33.407671574459464  -7.653120327970587  -10.377279904877552      -0.05459861838543341   -41.2643425573975      30.516180246319465     -16.007093645153056   -13.018135515772423       9.330564196589096     51.34710900207974     56300.29680320861   10013.3805137653
WMAP5      VIDE     -213.67790550339106    14.149187975402999   104.3111026448706     0.0807530805050756   176.2115550795609  25.970855256852445   17.50238806731869   -6.575152197456256    0.9304480184310632      3.713422152261775      13.048231383729979    -0.015877083552339622   23.107763280917293    -2.8355158123293926    -26.355437221548463      1.583018593707171     9675.14376305388       0.0
WMAP5      VIDE     -175.95492273571975    63.30019948598096    135.3897197388022     0.07822475951879218  160.2136852540659  35.90564294335225    23.489513266745323  -6.312270221009758    3.553123937013449       4.395978348056426      23.707272026925995    29.348638469913343      10.32019581961721     10.896776374876863     -19.984220567663105     31.79947634170284     17087.735203650358      0.0
WMAP5      VIDE      -29.970935613125572  -68.6970268137802      37.26286161634174    0.028074915945651816 246.4294618313437  26.43509529673842    15.45404081466537   -3.315068741500608    0.7933440466615798      4.17045974876907       14.990691447829796    19.85858213840452        8.138307707574807    14.175650588027741     -16.613817876997352     14.428560227107232    10746.026621623447   2783.5951223615234
WMAP5      VIDE      -94.24209099026439    97.36484282899683    130.24271603117745    0.06349205185469539  134.0662933826838  43.865682585789756   41.9804465759963    11.044986311939438   12.856415358731152      -3.095316608471029      37.56204584476633    -20.29234635864205       49.7478831058937     -33.44805287195397       38.60720648336916      41.002912565195096    82365.48199759482    1955.5600933918222
WMAP5      VIDE      -80.38599704022987   -39.90666019611624     71.39993902573897    0.03854717656904716  206.40154666283112 38.50480117773223    18.143610096897724  -2.989981274246277    3.377170172239008       6.293799624431134      20.14016933208077     19.110074044260756      -0.6862695265542321   15.833439117846675     -16.106424974122444     16.164452404613574    10049.384331551288      0.0
WMAP5      VIDE     -145.51366360431754   135.0776505570978     127.52745838358766    0.0799855739210366   137.13001610633447 32.713016023613875   23.756381613036545  -6.907705999188989   -6.067726090543059       1.9455712394594329    -18.694164489381855    27.18254860334844       18.40203352554223     17.50435132682967       -9.653537677414679     32.04194684656445     19715.174650421817      0.0
WMAP5      VIDE     -174.17471281067827   191.06377236500492     36.52133102302798    0.08866311461373383  132.35246134227634  8.040440315530573   14.107808016765157   6.220961201534847   -0.3078511845913902     -3.1018850279279504     -7.930541871090662   -11.067113732950746     -14.8066639482077       4.267095355706776     -16.72849052471393      10.218083517019581     5186.565519844853      0.0
WMAP5      VIDE     -178.19449161693282   -22.240162291012506    57.2318349370206     0.06367274908226513  187.11420486632684 17.67726649920638    14.519023473387133  -8.667220533620668    0.235309914571934       1.33965387091265        2.7500990052278147   -2.901131375882549      18.30202567706375     -0.9283257470708404    -18.390741995992798     -2.775702089657192     6005.225923166456      0.0
WMAP5      VIDE     -170.14721323405135  -190.32734312350377    191.354835628563      0.10879395710043187  228.20419468701454 36.85337643916455    13.314390356615098  -1.839511275930332   -4.107463356012259       1.3088321189525385    -19.237385147100348     5.349936642234065     -10.247852255701318    -7.484696599210941       9.391365797081335     18.9531619250796       5644.6039688998235   658.8726914076365
WMAP5      VIDE     -108.84227958286307   102.83945945505862     73.74010743923239    0.05630378513140923  136.62434469293956 26.217871390837598   23.745747194647116  -8.934312508388103   -8.030250638167018       1.4862443701220425    -22.28786188900207     23.256981738114302      -8.32119607275024     -2.6630549402047934      8.872743982564357     31.93135255515658     16688.253611658714      0.0
WMAP5      VIDE      -77.51537928175543    28.10755875863818     39.243520792884276   0.03064457728300519  160.06904035995308 25.45184059271721    23.317932379443988  -9.710260329895204   -3.97006062213769        0.9494949685264501    -12.917527445722717    27.638584983750953     -16.54110547348365     -3.7408110194597506     16.403303652186707     30.329661570836176    17469.991932531335      0.0
WMAP5      VIDE     -293.2891249335942    -46.427960396004316    -0.34427125964508126 0.10109287045468582  188.99533589430595 -0.06642824390725084 24.53329957603565   -2.9484803656188014   5.411040058380642       6.926648085711722      37.83618763394846      7.1209929058920105     10.542946252745319    -0.8327308513803791    -31.60747173895835      24.337024643453717    28569.830113586602   6517.653088688769
WMAP5      VIDE     -160.31980448022153   -21.45824367362292    228.2129252586075     0.09511175094966594  187.6235297673483  54.67229526737691    19.375656721495346  -1.9047709459915867   3.716340239925359       4.776050947412219      32.0196748342124       2.669742176142519      10.692615427930384    -4.252987273699869     -27.310606204509018     19.55476171638412     11971.001531919346      0.0
WMAP5      VIDE     -308.2168619078195    -47.91104088057053     27.972568127891936   0.1067439791577422   188.8356788935059   5.124526425885924   23.95246360022195   -6.737199747660543    4.669307821872351       1.057739640947126      23.42397583690364     30.98342549874916       12.423523293613645    -3.05282880320401      -13.122051802202968     38.48147511990452     23211.4412588413     4424.7457387018
WMAP5      VIDE     -171.12722376960406    30.34423408281386    102.49144558927999    0.0682259647334202   169.94484387425356 30.52871406434871    15.753564095932303  -4.325252695615074    3.169520919387869       3.7164909743436416     17.72891842143114     14.898303564675025       7.9272538489642255    4.6366034684346715    -15.357845714689814     18.493653124483757     7804.783920575752      0.0
WMAP5      VIDE     -190.5577781272705    -36.23754151763233    105.34757332390016    0.07473935163805566  190.76712652212177 28.50660737992904    24.6177212371971    -9.91312835990728     2.9189182121798027      1.0685006297453132     11.310548636926528    34.84866768605431        9.735613990495068     0.8481692584057579    -10.444972303112197     36.402440511469486    18919.12804890668       0.0
WMAP5      VIDE     -310.22956590753245   -24.99403717735202     57.3931644025534     0.10789902887481957  184.60615803096903 10.448236782873861   11.159893013449095  -2.478098570185359   -0.5968375268020552      3.3666337962308437    -13.073451918147155    -6.495280230983312     -10.774539700547406    -6.700322292942486      16.743512385833856     -1.963653599325987     3906.3530858264785   552.1079700572388
WMAP5      VIDE     -243.25978140705746    96.77047535862864    162.35789883522875    0.10496245091571746  158.30698461176033 31.805422460063618   34.14746524191717  -12.141411820035627   -4.098103555010641      11.934759296114725     -32.018925481421874    26.378911801718207     -23.515467812107953    12.474004776762463      38.12307819525802      25.78052423896514     55602.64055655879    9905.566053800132
WMAP5      VIDE     -185.39128147116557   121.62654206831301    125.00122529905961    0.08639151761962689  146.73299454901436 29.412625436382953   16.014520099586893  -5.783937902826183    0.46131367894629893     4.443896447869912      12.041625858716257   -11.519013312787798      16.868506164441747    -8.064906579752083     -20.66153746851411      -8.35201031853111      7153.117431461299      0.0
WMAP5      VIDE     -108.00355777657097   208.35783087659135    200.1751836173016     0.10510254889162204  117.40024201744258 40.462425708154655   24.106834980840038  -7.7701888767340535   2.450281061345412       6.039591230626449      17.68025169232656    -15.249554837007219      28.933181696555998   -16.060991794792216     -32.674454576049776     -7.407014953077484    22929.28184102719    6441.824772107049
WMAP5      VIDE     -181.8338710508113    -81.7652780131483     180.82304377184383    0.09145041552080796  204.21203059769772 42.20689580214585    16.98464202456045   -8.071238605159559   -5.406647875127006       2.0648212494248295    -11.592193987363265    11.584347250227086     -14.97992971195316     -5.75056965778634       14.594409518579608     15.736283902458174     9077.380735220087      0.0
WMAP5      VIDE     -115.51620505843606    63.00050817171482    126.59778014956363    0.061659706341956916 151.39272506820433 43.894661710639554   19.54330204703302   -5.0764593759436325   2.125375140216519       3.8190359780099903     16.541177596369533    28.320885918797128       6.226207177526937    14.168838633681666     -14.146894594466882     26.7069994621198      13732.036077316776      0.0
WMAP5      VIDE     -179.9370050758356     51.91202991001349    200.8900201599008     0.09335094613655712  163.9070893200199  47.00873989067556    16.99953170677995   -2.7433815685022447   2.4555869815116607      5.0329206351991145     20.137955773958875    19.504217848743274       1.460740948751308    15.160807177487564     -16.889493732760318     16.504432700147017     8800.390397642503      0.0
WMAP5      VIDE     -168.1695056339503    -50.624606636095336   198.36596635798566    0.08998977923238155  196.7535395605512  48.479795431964774   15.730060712628521  -2.790465381446268    3.7196168907836418      3.5931772719534543     22.330751542623613     5.673498483143456      11.468943838451137    -3.7900455239607935    -19.098445909064395     16.827143941463437     7243.724234722743      0.0
WMAP5      VIDE     -141.93450732114698   209.8572455746106     160.43516543478867    0.10211330784812868  124.071997715804   32.344394133333836   22.070862793399005  -6.064693500704203    4.086462925719673       4.36206064315337       24.921648247163493    16.289121354736007      19.38929202542903     -0.9607631671949479    -26.581195410815468     23.5660032817636      17538.31774623848     284.7381307520133
WMAP5      VIDE     -226.7926469271581    -28.309838535864944   147.47844491912213    0.09243630464401417  187.11525467466097 32.832979059650405   15.722485779265053  -4.098438167853746   -0.5984009669907171      3.273082206204637     -16.143973198307666    -5.2282476259801705    -21.170768103669566    -5.641811359665063      26.44765119944046      -2.2291878114373156    6858.985255755899      0.0
WMAP5      VIDE     -166.23298304360802   208.64918159179732     47.91853206043079    0.09210316272242311  128.54469844188873 10.183038899784526   15.990837425792991  -3.354383631361872   -2.7964689482348795      4.046137167330866     -21.082416545239752     3.284394719035858     -15.208037339961662    -4.913441710633192      22.906548198208334     11.758346376359063     6965.0334074659995     0.0
WMAP5      VIDE     -122.6771733044944    -10.884844976633888   285.69372210946455    0.10602561678968196  185.0704361350061  66.67970846300459    15.083839000725293  -3.741454257086427    3.142038202287693       3.5750313563149745     16.8719070039874       1.0184571146145467     16.762213013284885    -8.101054905923368     -20.329705399073543      9.389283979619513     9908.858684040686   2927.8071122078463
WMAP5      VIDE      -76.02694862439671   159.83847904416334    150.57699685840623    0.07874850782783413  115.43803133123342 40.38864871543467    16.827452885400362  -2.7748412415793497   4.577716255452293       1.5255343555926477     25.12926493138949     12.461057256299442       8.316126276278442    -3.4246020488955344    -11.034621493958193     26.882802759595126    10476.74642439087    2057.7509549697365
WMAP5      VIDE     -186.47668265644586    48.19128407640716    162.19370277556476    0.08544607377317943  165.5100413535718  40.101189677386074   17.345513867077024   6.648261541463625   -5.0009202224942        -2.421540992503547     -14.030399975430843   -10.254787674294214     -17.34201223115797     -7.138119193784682     -17.21506571019299      15.954752385713316     9118.525738866034      0.0
WMAP5      VIDE     -253.41307877390122     4.972269519477033    77.94163870929277    0.09007134343275693  178.87593210344943 17.093100427557673   28.82552248159464  -10.142395733214604   -1.1815940545269454      6.532665394109721     -24.275765592958663     3.410169633906942     -37.07292056081108     -1.7764182147771679     44.11360108034322       5.2210285053172365   30379.873190863855      0.0
WMAP5      VIDE     -216.78706287170098   225.9360799012272      67.34304525027032    0.10922387681067029  133.8161326795358  12.137794299915349   12.278335245938292  -4.8088136941284265   0.8568156549520883      4.3742943138311245     10.207855760177548     9.451028584796616       9.37062858133935      5.098119599284415     -13.729653417952838      8.293838211617071     5100.462579416735   1055.7135251522025
WMAP5      VIDE     -200.74663890105967    66.24118359478535     52.41605050707075    0.07372880820263988  161.7384503303691  13.925922298476621   27.856044783437603  -3.8621183626273905   4.133118821400634       8.904889395177706      42.07347910174978      4.828601545886543      16.006439379845364    -2.1943079920310606    -41.35735064222934      18.243928693977736    30802.90303814185       0.0
WMAP5      VIDE     -244.9829506896246   -104.33882694421348     92.52541000536642    0.0958655093858143   203.06927134412143 19.161242218038442   14.593130848274667  -1.7978944713901281   2.4173584496155818      4.151049304641108      20.43003935360057     13.697990365215437       0.8716114376115872   10.677516371699129     -16.84352351007933      14.433430473653312     5853.954311456554      0.0
WMAP5      VIDE      -82.69962457076635   -19.92897754348169     93.72606484711808    0.04257805931957345  193.5488276535648  47.7727103443812     13.74188518079558   -3.5429759535967076  -1.004852832515067       3.4131775988382587    -13.182835122591356    16.244759964022016      -8.901638984897184     9.259177991082815      15.23907846228406      14.097735830271974     5195.1571243107        0.0
WMAP5      VIDE     -145.63252734133937   -87.01705878683767    126.07164488222432    0.07151953075147051  210.85878797900105 36.61722243250519    27.26821763238618   -4.2093227888524805  -7.042220616046787       9.62058961147437      -37.292895352244194     2.5453455753173064    -14.45368265341892     -6.103737060933114      33.13461463401805      21.583777622635306    26737.611982978324      0.0
WMAP5      VIDE     -164.5999165252353    -46.1517914654266     237.53277955885457    0.09960141591016161  195.66284284604393 54.25817023312781    18.722234415502424  -5.245082567461022   -3.8793229627006225      2.9016376007759668    -20.5594084677934      18.28122723499761      -12.722819122135368     0.5169514751095333     17.70843925330917      24.609623262455443    10673.45309232957       0.0
WMAP5      VIDE     -159.80953298641785  -169.52552283642677    216.4980246610319     0.10844241224133401  226.6898407303072  42.900398577431886   14.781279567285956  -3.672073342939405    3.854086131180399       0.2937910112888421     17.837916927781198    16.856361366277834       1.825347473306838    -0.3907175641807181     -2.2404983978033233    24.50834087221416      7227.327751177278   1279.2893218646136
WMAP5      VIDE     -163.67813268854576   -63.22216607190439    211.85835791986725    0.09350388840115861  201.11950677661193 50.367998403283515   11.63630173942215   -3.679656332492424   -2.06894270328537        5.190861464695201     -12.08789637878147     -1.8334206667465172     -9.299525155030846    -4.289541379826081      14.463783871092879      2.7241532251254603    3851.956922195576      0.0
WMAP5      VIDE     -111.25294306536394   104.09178366788797     25.758611628081596   0.05207781767402259  136.90463481847766  9.596176426518266   13.61191140683965   -4.133118436222058   -5.474367716596855       3.5105902853211455    -14.420922921712261     4.52444299736242       -9.922809238200779    -4.994553670556807      11.90737481209151      12.687970621493012     4503.265669138128      0.0
WMAP5      VIDE      -80.48866270243686   115.24113476696486     55.601750071021165   0.050935562592652535 124.93186991170533 21.581509299405308   25.091096146341282  -8.13436767051473     5.11409173267291       12.605131233525919      26.839330344088584     1.2409998993123195     16.81651621048647     -4.403570628730545     -29.735798626980998      9.222540980478003    28366.160271614495   4760.597478506692
WMAP5      VIDE     -183.98287348346983  -104.33867799627957    102.53513803141263    0.07966823776856959  209.5580411886127  25.863086530253447   15.625262104566906  -2.7782232912937497  -1.294564753686434       5.11193426030883      -21.96049290755226     -1.9189755585838821    -12.421010868309834    -4.342313820332521      24.61682476095874       3.8741023027674193    7229.509262363817      0.0
WMAP5      VIDE     -234.83513898276806  -171.2527953172857      42.84117270813804    0.09999586010174945  216.10128485848867  8.385011860544664   28.47107330888518   -7.930334594809677   -4.502374233583935      10.9237176822121       -32.72155600351414      0.5919849760399503    -23.511002127608172    -6.976043216434895      38.17546631619234      10.670165820258656    30772.045407213234   1006.8049405441371
WMAP5      VIDE     -229.08180483532206    30.536638528483902   217.5171363542713     0.10820921070252855  172.4072247974141  43.264771156359025   17.58227983074638   -5.264292869162708    4.946123240542959       4.8194353530929135     19.40609895044716     14.364450930113462       6.455329610359059     4.304585749616501     -14.715250107536777     19.803988148205672    12018.063558164857   2372.184817132403
WMAP5      VIDE      -97.1944058014498   -226.19102562887136     51.006314569474114   0.08531429267414543  246.74677714822352 11.705127641058775   12.190143306708578  -3.8115341940786407   2.821929332949731       3.288263235767891      13.072709673565464     9.90787544952096        6.65024482650188      2.398191852424931     -11.86391353373567      12.961223843125076     5224.959829173274   1085.5977366255368
WMAP5      VIDE      -95.09642880322396   -43.93786058319388     55.559787630469934   0.03986661127055737  204.79858078862333 27.94023551563149    11.261907162868779   2.8392762007040715  -3.593164890746305      -1.963520253007147     -13.047185953592466   -10.76646754243673        0.835809360323329     4.842284360566516      -4.662166620466407     15.533588772896794     3148.464903466463      0.0
WMAP5      VIDE     -101.88674934226653    15.290440082423729   193.04200944583957    0.07407946006831388  171.46514940743788 61.91088669203321    25.55819610129689   -6.805568349378068   -6.553730577173428       7.20350517128681      -29.46740944942627     21.7690081632368        -8.034179649613288     8.757143873772598      22.443338414081364     28.692272648093535    23470.361129789606   3457.2719389524127
WMAP5      VIDE      -86.43782069088708    92.04483393436598     35.56576888197124    0.04414197858234756  133.20065106613276 15.730811459031639   36.5611391686852   -14.28536183822326    -4.3378960128087485      0.27896381734107845   -16.48026469081933     54.57628165616842        4.730686240065279     2.39420199576452       -4.218427004176525     57.00719287944939     72931.03526566173   13244.912846575728
WMAP5      VIDE      -63.61705158233035   107.45661464431336    100.6767793926727     0.05408399751722067  120.62661283901761 38.87621220959008    23.756282059385565  -4.08065375413428    -3.53002679361702        8.963913727312615     -32.975690917356246     5.572378540237265     -12.817139352401158     0.4492945961544781     33.21804697628111      13.28593906203464     23635.09693509993    4747.615888329506
WMAP5      VIDE     -250.26736691627298  -159.7131171711061      -1.6195474933789433  0.101075577539036    212.54479618669947 -0.31255070069265706 14.731981174217614  -5.390224680834363    0.2626716599959926      2.645047534245345       9.45946398251901     -6.709618050896321      19.943332607236503    -3.8228998754914025    -22.040115195844212     -5.601780468744764     7068.43957483051    1105.8614991906493
WMAP5      VIDE     -142.1434981197431      1.4795220960943873  104.8337223423451     0.059620414308501145 179.4036497498541  36.408047215459646   11.65048938803585   -1.811451198420414   -3.9294056788617038      1.0971383929693883    -17.012675700702285     8.03010267486505        0.6707442477613095    2.563440615499181       3.9082289992489265    18.229755632591676     4275.148704946485      0.0
WMAP5      VIDE     -252.43262395019144   -58.87217124222614     49.883377487711115   0.08965188129407542  193.12782832545602 10.893182923874466   22.10365542064624    7.309959362745316   -2.4426702277500696     -5.739121187855276     -19.830691951793142   -21.826039987047995     -15.968949119008386     8.969680982792875     -23.97412676823872      21.628553416289737    16079.945509383306      0.0
WMAP5      VIDE     -249.4042616595785    177.7543807763786      69.04650826619208    0.10701694079252923  144.52192408654105 12.704699168625629   16.48879363203781   -2.7541720734593067  -6.871517409028741       4.381511687596463     -19.769734504732074    10.643473183747595       4.2650943177708465    8.80802974647501        8.684199758098762     19.156050549585874     9601.671757897037   1317.6991082591803
WMAP5      VIDE     -298.0454722611502    -86.64610586389868     48.17283390355727    0.10706843324446624  196.2099077106898   8.822126852642565   16.787980682837095   4.467916541611775   -4.771200097588064      -6.285819499503213     -14.482877978080476     7.51571588216777      -15.99907131389977    -13.614922834128913     -17.90530354365322       3.9134828916728956    9377.873385464389   1703.4425810824232
WMAP5      VIDE     -235.7616715282569   -140.22566636457086      1.1905389142663034  0.09323681123020809  210.74321672253012  0.24866775516838413 13.379036085751073  -5.1667514359050575  -2.3611581722549526      4.397384647700668     -11.81107329480246     -0.02588910791709349   -13.891440726289966    -4.5939027253315325     17.26690744930381       3.873744849654169     5730.731134494689   1062.1065638932243
WMAP5      VIDE     -205.59386677630306   -75.26569787818215    117.31244634930978    0.0842676139964147   200.1071335955063  28.183538297893083   23.277886897089697  -6.101413641588762    5.9187879353072725      5.398828220647016      27.796285057739603    19.47767683943226       10.060033757700788     4.527207814667657     -20.9865431633842       28.124115047277314    16136.781040149546      0.0
WMAP5      VIDE     -155.4110420022022   -141.10717064046355    238.07625566179203    0.10821990852285011  222.2382248361685  48.59710239370742    17.316680846003198  -4.25513948171629     4.612948385920124       0.8401585628595393     19.801069275272443    15.844508472817225      13.290838612684606    -7.583520101957783     -11.56382207983668      25.083811001452204    10879.369795499362   2541.753124012983
WMAP5      VIDE     -265.44614452026894    72.49557935060564     82.11179327211764    0.09769279206943887  164.72455655762985 16.615438083108334   11.429677748861229  -4.424011307506344   -0.5136311767177922      1.3728465858076604     -5.612088726071153     4.67067157134898      -16.337543961198087    -0.42491440983137796    17.169980603172323      5.054615176487658     3573.7318995063843     0.0
WMAP5      VIDE      -80.78113660873493   -40.16159636222327     19.17688170271044    0.030952866680173947 206.43498126118445 12.000806686301434   20.03735886034233   -3.4716122849273363  -3.89516979883864        3.79997280587842      -28.742067662731788     6.729983869413743     -19.35984519771707     -7.721712606535524      27.33626586807126      20.966625012041423    12945.39825527612    1458.3817930612604
WMAP5      VIDE     -166.13477354096406    56.82380903193977     57.79992182297067    0.06243276811023346  161.11754702495023 18.220867676500845   16.203977494467118  -5.011566395528645    4.8009854851363         3.5732317473866853     17.610337172333033    14.373679424552268       5.386593723061003     3.2625363228657025    -11.504950205694467     20.033829710870286     7757.548126173036      0.0
WMAP5      VIDE     -139.14622868505998   -86.92006845708374    246.9258632899107     0.1009258227639844   211.99166439282948 56.39900783709993    19.822867148214524  -9.526650540828959    3.0449121589417776      4.772965962601858      13.537898499846508    11.342636199831077      19.785076601395566    -0.5505791286695112    -22.822936100481336     13.460950944258322    11514.179219788717      0.0
WMAP5      VIDE      -65.52890973942297    43.8010465764564      61.27486033374073    0.03352273547122888  146.24031192021846 37.8616325191877     37.17728309168369  -14.824899359212019   -2.1871071668961473     -0.06974149107232688    -7.302646429373354    50.419496010666364     -28.847142123254482    -4.446564632841751      28.515070924831093     50.9647433286789      66534.47338671012    5069.812917968995
WMAP5      VIDE     -163.52811736162113  -218.29661997754368     29.888614751835824   0.09326205848664457  233.1627626721658   6.253564120010843   23.45394592556363   -5.193384624420295   -0.6551487665822704      7.619003945142378     -25.74692914035616    -19.081547848020765     -19.190823303602237   -17.092456594960154      32.01212935214329      -8.89814399641207     18316.182191606935    109.87802309860157
WMAP5      VIDE     -184.3268906477258   -143.39471323059382     77.75779203776985    0.08349188301742483  217.880668343593   18.415714112215763   15.445627610015197  -6.260563618735884   -1.0112624241012755      0.5281119851312417     -3.5143184080067065   23.55657417454341        3.4467392990472017    2.5022188783255244     -3.098706302872502     23.729238459195123     7872.33866137629       0.0
WMAP5      VIDE     -203.73554472390964   -64.7425060797921      84.81595294162577    0.07792294125601372  197.62906886547785 21.640867023229337   18.666573643997097  -5.77878383501128     4.346497663693625       0.2990267004373997     17.845216759686547    23.311535047418854       6.019922367459751    -2.654074208369427      -5.547966329069622     29.351564734747914    10346.505917209775      0.0
WMAP5      VIDE     -218.01004477710563    75.75770740406837    216.2340579351588     0.10782390022260556  160.83784429197337 43.13403865073023    13.48494942807154   -4.389196819004503    0.8087772375446388      2.6682704567240503      9.1489377543311      -8.6823319808998        17.681326435499727    -7.20327025888178      -19.613706294316067     -5.903993604653553     6452.102589461719    945.927715617372
WMAP5      VIDE      -98.95924250813951   109.92202590198191    250.90701820040908    0.09911645555260959  131.9956834502113  59.48150517099503    14.406212785306646  -5.521534875881003   -1.027718044619288       2.9766601795759877    -10.427593591774292     0.9927818806328162    -18.999824777934087    -2.6050973976486937     21.37170767479892       2.5464624875705515    6668.440752293881   1359.999684734317
WMAP5      VIDE     -186.1997469147358    149.6794027565517      39.8441038870542     0.08213318732911992  141.20542732902874  9.468638271995488   13.181494758780998   5.1777047763914705   2.5139351427458982     -1.2137306361647464      7.3851531379852      -7.0514340753247495     16.89937959630567     -5.759997488339857      16.377992997486007      9.351041589021575     5264.281348423525      0.0
WMAP5      VIDE     -270.20233079356507    26.276679865278478    -2.3247417700508826  0.09225712122962232  174.44555668372635 -0.4906295356776412  16.95893798711558   -5.393774927537789   -0.443570121772123       0.9921085979769056     -5.266229678207978    -1.4353815374940164    -29.27255143597226     -2.6180736296841998     29.638445362881217     -0.9823229891124757   10356.951523485624   2193.6910459568435
WMAP5      VIDE     -173.70964681959225   122.78000399087198    104.36937947957338    0.08032045003386266  144.74688464842373 26.13446823737842    25.180252648795683  -9.704501562550567    3.753611816981819       6.567783997362045      21.037281816825114    23.239820818999178      17.802514251294333     6.962759483299315     -25.229468309349844     24.707228607497218    22287.02048792336       0.0
WMAP5      VIDE     -242.13405693532167    69.6896893470975      83.62304564014863    0.09017607326788088  163.94341497191797 18.360266795170062   15.101570065910023  -4.204892720658744    2.691553920685444       2.792251919577042      16.50823252599762     14.619319170418528      10.76788979454685      2.0691039133078366    -15.969987992151255     18.50995012826699      6189.094895882313      0.0
WMAP5      VIDE     -216.61720201751132    14.966443966261377    75.27415871744766    0.07786280275865341  176.04762009969537 19.120002473979344   16.734510960462465  -2.370200813864045    4.523219446750969       4.3846130161842485     24.489960827503158     8.95438085726653        4.001150248126447     3.1457814662017474    -17.37073132515276      19.62037771819449      7923.605593504965      0.0
WMAP5      VIDE     -204.36399459841476    -4.263690320378849    24.70907700265292    0.06964260668816571  181.19520087520274  6.892522915179791   13.625410515860716  -3.3581612033867145  -1.548822594734908       3.400841945016612     -12.070809315359735    18.594785751594692      -3.450821711133097    11.52553061947348       10.47957337249403      16.153526298910137     6021.57211777074       0.0
WMAP5      VIDE     -278.0821231399367    -83.92699807340583     34.7393365215669     0.09956298208917672  196.79415660347917  6.819985603932551   18.045458965985322  -5.225806726837319    2.7878699500109563      5.618525183477828      19.39387798308073     15.332105745925592      10.430627118362988     6.987910968115707     -20.01832993137425      16.43242124824888      9785.511790984952      0.0
WMAP5      VIDE     -134.3840254344068    -63.85769587366934    137.09665631519616    0.0684148563318591   205.41651294848222 42.65881902046933    18.632921996871943  -4.726029941031579    1.448279632114289       5.211533447436867      22.582376745101765     3.96257409176244       19.37742016005475     -1.0314298888195863    -29.117645999883155      7.156420557648257    12835.514701024393      0.0
WMAP5      VIDE     -254.9283658765624    159.04655136242272     32.01184301053314    0.10291337197618117  148.0404875798671   6.0812399873151985  30.465533394010965 -12.473397481189467   -2.3543228924762833      8.216886759162612     -23.015189056034686    -4.661207488896676     -36.27305540823939     -8.193099458570812      42.493249652578335     -0.26201598975380597  40960.48614932096    6273.008504350551
WMAP5      VIDE      -62.701059409826776 -112.91441079691869    145.7724052483617     0.06582371007499009  240.95670736341742 48.45885182706862    15.437644543399962  -3.664386754520809   -1.1378912462334414      4.3417065760585904    -17.864494998391034    13.522962386824878     -11.533427570007094     7.867171036101869      20.677958892256147     12.059227134885058     9033.415233945358   1614.3536778958162
WMAP5      VIDE     -165.87011810825936  -274.57707500172313     16.798117243767212   0.10955513678293285  238.8641153229082   2.99755755110762    10.751378490092911  -3.8882345950029946  -2.395249916836552       1.553703154045163      -9.323075800433834    12.314437883111353      -4.347129968865586     1.8089721354440098      6.5110732259566175    14.564787091087634     5124.896119290628   1620.0768839490875
WMAP5      VIDE     -117.29528744162891     3.206407844843237    77.5935238723774     0.04736686402781603  178.4341408737631  33.47570395895973    15.77921151137028   -6.1339066211129785  -3.846389750336561       3.2492546975297794    -11.021508265233475     1.2981634153661008    -19.269545140687498    -8.818747534932667      19.430138210320873      6.352998606433365     7558.471824059902      0.0
WMAP5      VIDE      -87.4788386397856    -99.10689116004193     77.97758287254628    0.05172328444545285  228.56607027640766 30.53555907005936    16.07177368972173   -5.3334384784989055  -0.09782886040546922     1.3255462038765278     -5.326683287837113    17.965988471063582     -20.106387354890074     3.9740113021901284     20.790108050518672     17.52410991291475      8643.27627796657       0.0
WMAP5      VIDE     -182.83192171142932   235.1866830586993      45.320931405026506   0.10261650573859135  127.86115970322254  8.650544578309459   19.62503026771191   -3.8831656051843204   5.718432116707892       4.395005256744339      26.546286501336436     9.014981989993398      11.725142777738114    -3.3459917043207503    -19.78689642381322      22.788820091798566    12954.006883124475    602.8432861846832
WMAP5      VIDE     -205.81776201572973    87.69722236886219    227.5347960297051     0.1088117797624372   156.92155275271725 45.48403354388631    10.963259942286479  -3.347614338770021   -0.42698714890098194     2.2135771560294955     -9.623752998553295    -2.6336378883895257    -15.062110201635448    -3.0386696569693097     17.77564504217028      -1.166583288497432     3251.7264338546274   706.8258899114113
WMAP5      VIDE      -90.9766394058662    138.09726491583515    221.75683554729       0.09403936672238505  123.37635994766238 53.2869377857169     18.906111248215495  -4.094606679811662    5.177251731477769       1.248648746568919      20.728993372767132    19.701379226579242     -13.712363088860565    14.231032859245703       4.505385665251096     27.986226363269335    14727.508258472753   3202.138163642452
WMAP5      VIDE     -282.32610927248       -2.013384253951356    33.92119413366182    0.09672268611741101  180.40859297444996  6.851015479312876   15.080627418811746  -2.261934107791896   -0.012532306029171898    4.552040555140226     -21.01231817084759     11.177691072379265     -10.410363513937792     9.982808536323125      23.446226922694898      5.025062965456235     7986.071258045499      0.0
WMAP5      VIDE     -171.83044658174825  -194.83554761657356     33.584197627339826   0.0889531298818877   228.59010582718676  7.3662551661024365  19.45291798864519   -2.5082329969113357  -0.2720558704850921      5.767839626140824     -30.580645349151794    -6.952555737152256     -13.626396090929365    -6.959305793141099      33.44950865831081      -1.448623015235934    12263.201438140657      0.0
WMAP5      VIDE     -110.17807296059107  -239.0781047638767     157.14300377984137    0.10444759831233418  245.2575986253664  30.834982571268494   27.289389468380314  -6.335154896762632   -9.777401134334966       9.761020324689788     -33.240035752932755    11.257697394190272     -10.29705385845462      0.605590127884683      25.628549352316146     26.064602501571052    31811.54005870005    4568.438339459784
WMAP5      VIDE     -113.90599314475877   194.74528064959577     73.78276371538288    0.0804667106545258   120.32325089483032 18.109576437416916   15.447803263712043  -4.1314415401085585  -5.430739090112448       1.6379259569272588    -14.60178208956519      6.110106486922128     -16.572186811232438   -11.401827955735614      13.168210943385189     14.901242735891984     9555.334345385632   1540.9952404325174
WMAP5      VIDE     -191.76667993750695   -94.37922069052105     89.21556678917239    0.0784808530914688   206.20440551978558 22.656413454553388   23.919053468409302  -2.9744741289205363   6.273721241497658       5.85514526387994       31.64374610734579     21.415342495149407      -6.870945664749844    18.546617283867253     -18.144300062238273     28.86328287104483     20748.36914827833       0.0
WMAP5      VIDE     -151.26955525058702  -230.69265696285646    113.15170304861836    0.10151993774838815  236.7463834205205  22.301984114546915   47.71812028831905  -13.819333957794257    3.7661174014814285     12.164042271321263      44.64391107271191     50.56894957994174       35.06239996499885     25.71793990509637      -54.70693593203025      46.1555074478852     130966.9072904665    17638.077897751216
WMAP5      VIDE      -91.24028109394105  -209.39135940560237    224.50128541002567    0.10921926102518885  246.45529617020264 44.50597691988601    12.970780548394698  -5.438479439229174    0.12995556110438208     1.574838748006852       5.3216860493114       6.135573461372498      17.871371468960376     1.2959449692966512    -18.639907826278066      6.013523455894194     6696.335605561301   2026.4679210044787
WMAP5      VIDE     -211.58072860119688   178.1635094668429      27.411108878442917   0.09449975136197777  139.90063502171577  5.6595032661633775  12.672368689304097   6.991626263860671    1.5984759504398824     -4.67411059444646        6.7427336527175274    6.472981854049825      12.299576220168104    -5.80827129022899       13.673605664164906     -4.011957336376958     4532.805676458884      0.0
WMAP5      VIDE     -102.14069319287944   157.65453257225977    254.621972159109      0.10787641034427348  122.93826049273173 53.581544594322864   12.359892980156436  -3.7610925257280394   3.379526310420646       1.1375744923113895     11.236900160438175     8.087623836592819      13.12501621840041     -6.790262946644743     -12.003502955070559     13.209989270228725     6211.770846349785   1880.0558469602743
WMAP5      VIDE     -180.32011201606585   -65.42336897671831    257.11761812652014    0.1094014808422132   199.94167915193862 53.27535133076641    15.03494795176397   -3.629060340212231    3.7588169686028934      1.1364204103982445     16.59257511331937     11.437141588799337      15.157536992327142    -8.22135777455634      -13.80858838852921      19.41900436052982      8439.186676950245   1940.6264616696942
WMAP5      VIDE     -280.92040172319395   -65.1157057676224      43.741796230137524   0.099259262751389    193.05035864137753  8.625284926817896   12.781022329098512   5.677216986114626   -1.8856895474397972     -1.442507102764594      -5.518186116500984    -3.4183511505450084    -17.249128875270664    -4.479345673762164     -17.187754623677307      4.839180256851658     4649.651335543411      0.0
WMAP5      VIDE     -225.33005309743336   126.25913391314955    181.46623545654876    0.10761428115386813  150.73679254863043 35.090383833302575   16.71805647340031    4.846905902786626    2.1207469506444343     -1.8153094615498737    -13.533840622610395    11.347477293458113     -22.878812132690697     4.991916546262375     -24.2184412445552      -14.964851018437859     9275.56445838511    1716.4152819821754
WMAP5      VIDE     -107.5532830049581    -60.9508890171386     195.89362262964704    0.0784925383911989   209.5404067304151  57.74505771454608    15.204140508911584   4.3954929215399545   0.8698245336305819     -5.2119099734942145     12.900507011908827    13.163101761582283      13.076525966992055   -11.651720604464195      18.168894504641433     -6.794304857852314     6754.267011881294      0.0
WMAP5      VIDE     -193.10414283079322   165.00300113290712     44.00336219502759    0.08751373565449862  139.48688105340548  9.828520059073519   20.51418067532451   -7.4878871095350705  -4.407641491767522       6.10328484332653      -19.64324124804741      6.138581930905334     -19.666410399100457    -4.650797125931126      25.24437855978857      12.52498097139824     15941.495092348108      0.0
WMAP5      VIDE     -194.7360865887891    134.34678299446753     15.31149899962769    0.08036604719959545  145.39853374510196  3.7029918903946752  20.24083077420587   -4.188331841862459   -1.2052129088680337      6.064313784699546     -21.292132754560427    23.597110848139405     -10.015803460593828    17.54410419922629       22.905592893090528     16.66909894234788     14672.902524735999   2129.6384444325995
WMAP5      VIDE     -128.93491890261961    18.667614987574083    44.21874751039825    0.04631486800411856  171.76177697631536 18.747984049786304   21.18576587499581   -3.7573350612859113  -4.032299494665915       5.130099698615419     -30.08347872068681      4.743216202374879     -18.305227302327655    -6.572717640891327      29.63762801239478      18.481490728730204    15996.95347942641       0.0
WMAP5      VIDE     -207.57326861334369  -159.06666424995944     91.12134190402696    0.09414476331618102  217.46351427330862 19.21035591014873    14.08314968370231   -2.78346416297008    -1.0838177124473405      3.559536174165795     -18.64680492577687     11.405169401926411     -11.108635147608922     6.144767408095876      20.935110513094987     11.179429428240669     6043.283239308228      0.0
WMAP5      VIDE      -89.31292559524532   -61.67316775759827    207.96708533278627    0.07950753548100159  214.62620506452916 62.44006749348389    12.317025744707601  -5.046658036977216    1.1903089325702427      0.4552987597637499      3.585190268024611    17.554420801940637      -6.154101117872202     2.9437699961867754      5.654951663131513     17.845559334723447     4810.778458413753    987.7807112039436
WMAP5      VIDE     -210.22523508628723  -173.7221321853662     127.91016635060393    0.10258229305375965  219.56903127826905 25.12767121800172    15.039575311934623  -4.4841998547350554   4.089798081447812       1.0211425054282401     15.59878599179124     17.51147761316393       -1.6357498177986258    3.9931173192705143     -1.396533792698893     23.128483246484087     6261.452308796347      0.0
WMAP5      VIDE     -116.56216731921302   152.97064807860667     73.96534440382992    0.06969614119632332  127.30705315112723 21.0365606264461     14.334733481797258  -3.8064582380244913   5.727581553652575       2.7563259146478845     17.04083880092578      8.384648057885697       6.110121302025991    -1.602376963730077      -9.46807150935835      17.461567398789217     6347.977458587508      0.4816158028305176
WMAP5      VIDE     -182.64378663868104     4.06790983142513     55.141006175585375   0.06447819752276687  178.7240981963603  16.79537821056666    14.762006479861924  -4.3357348605805806  -2.416287100559055       2.473042886410265     -11.455668807419455    21.1741866393281         0.6041833928780215    9.70831015682148        4.63744199761383      21.55160767957774      6175.341149596574      0.0
WMAP5      VIDE     -111.14079652524315   -11.703780974710318    83.55837609652765    0.04698113498724699  186.0114277299632  36.785107093591165   21.530732777137622  -7.381903621671032   -5.349810292956684       1.313599313195812     -15.854237752667144    15.975986008201046     -24.030128808187033   -11.674362596651152      21.51168501980103      22.00398105761264     16247.146977476437      0.0
WMAP5      VIDE     -192.42548843166284    43.843188857998136   226.3941984757342     0.10227517375300618  167.1645584582047  48.920014699871096   17.116758183308217  -2.612418558626476   -2.5399511833303876      4.481757312902021     -22.420302068962       18.9846873007814        -2.309592759606227    13.712133769139632      18.43712207713164      18.44169976271389     10235.347674923245    211.0304279284758
WMAP5      VIDE     -203.54997180545556  -181.24584145451095      3.819015259099623   0.0926341767085703   221.68264523329734  0.8027899409488966  26.468874462209428  -6.970051986336481    1.0106707221373221      6.694257639352502      30.374446839215032     7.368472104222229      30.513372132877322     1.9031228837513179    -42.82498877918998       8.44706475572538     32648.552300297837   6177.623115418022
WMAP5      VIDE     -205.68058861259976   -94.22070190113622     68.12575805146791    0.08008753824211258  204.61215285846538 16.75856969133103    14.533898770176716  -1.6572718846634025  -4.017423628003557       0.9512903836237977    -24.364823634009106     9.321764203232235      -3.0796710122546407   -0.787867510190412       6.357965442178034     25.477951146348026     6658.370442801233      0.0
WMAP5      VIDE     -172.96943390847863   205.6391788621871      26.849764196312695   0.09175920396958676  130.06822265390173  5.706077231757195   28.34197757017669   -8.144221915455894   -3.802675021767506       5.067400307361558     -28.58495369522271     27.06713406061979      -25.629451761507926     3.847127434352232      34.26439251234858      31.895686012874606    37270.16657583753    5431.10772028209
WMAP5      VIDE     -207.7557026652646   -112.23981156009668    184.28258203901567    0.10199452688870123  208.38009106414844 37.96878682755159    11.993991337783834  -2.6586171960743457   0.39670924894904797     4.659774611016886      15.10830074229944      5.059082755781351       8.18928090348031      3.776151721582825     -17.12441163331071       3.6123537692003445    3611.7669683220565     0.0
WMAP5      VIDE     -167.9174121474989     -0.09435331009250143  91.23890857162965    0.0645723037500144   180.03219467124242 28.517700243412307   27.772939099599753  -9.502966119469045   -3.569962020516027       5.231868623192333     -22.93767749072554      8.755499417673219     -35.688811227832105    -7.14257587476336       40.19064775960048      14.450559634268311    26265.39853957764       0.0
WMAP5      VIDE     -139.8177599540475    -14.98601155792144    151.63565338944713    0.06995325004078397  186.1177469192265  47.158848936190196   19.28269972112323   -7.341599660321361    8.403293265107202       3.393094419946162      18.00300285654533     10.286160163258453      13.478322018925597    -6.753379810053871     -13.792680003106325     19.546560115890284    11804.925575031997      0.0
WMAP5      VIDE     -226.1280360756262   -154.71839551020176     76.29113506185314    0.0967405526690575   214.38020888861072 15.55947994681485    17.844877731890364   3.442658857273341   -5.658744367247329      -5.405918934718169     -20.229566145565148   -15.624234988347206       3.47213062010337     12.163246208118899     -11.379880627162867     19.65803482697286      9363.567891140157      0.0
WMAP5      VIDE     -298.75310993695075    86.40748532341601     16.301183221376974   0.10613553840818542  163.86869978919697  3.0004548301569804  21.619441905814366   6.243998742025957    7.948904618008154      -8.784734114881129      18.395263962983734     6.857397081025145      19.2799005814047     -15.887873284650707      20.984527493090685      7.695184146690097    18360.31782949956    4038.5824962145957
WMAP5      VIDE     -145.85422597284446    16.986387733232565    65.82866840095615    0.05425963036340307  173.35717806466516 24.14678636520774    13.837843576690567  -6.117302510597858    4.534015364855386       3.578254343371936      11.497142414826513    13.157500736438822       2.983350715854922     3.9977436150375936     -7.07583955160799      15.800266519333167     5650.633096669807      0.0
WMAP5      VIDE     -166.05535915318526   122.20287659480434     34.77950379601308    0.07073776645499069  143.650035510296    9.575060605141367   12.794460472011435  -3.7470065900589233  -2.4365813075322227     -0.06298346217621091    -9.732079982460045    14.639761562695412      12.625512021571677     6.677438172680736     -10.723104815940538     17.580994712322926     4360.913459425789      0.0
WMAP5      VIDE      -89.80405502114877   -27.625624078373768   189.872583823099      0.07168561893283612  197.09900295106323 63.671811433067994   20.402096001693895  -3.38297373495398    -4.408639298945619       4.846402432932613     -29.9423261986491       7.441132823794549     -14.131891324665787    -3.558993843347344      26.166563547051137     21.31869136060601     17309.199442987778   3359.6324479265177
WMAP5      VIDE     -116.56991351215696   -25.331543799623443    40.00736406824421    0.0423224597936397   192.26020151522422 18.54029509782282    47.032359277434026 -14.909195847370903   -5.226888570060483       3.2783485783128037    -29.88989970851343     51.44112622654306      -53.91657710752424     -7.0152911368330715     55.90229693402176      57.22476512724752    116921.33061044625    8049.833519410496
WMAP5      VIDE     -101.05877190838292   134.94389822604668     81.96539393603337    0.06332468282854897  126.82934603236976 25.928121968948926   26.325316760758138  -4.183182958971659    7.755003370710176       5.533778934378468      38.35018556619254     13.553346871492218       9.9967115992653      -0.24237947623285044   -24.40209327178178      34.013718313019446    27076.632900244756    617.3948658006485
WMAP5      VIDE     -151.35115629698007  -116.43966245210771    119.3711545177371     0.07627540335717072  217.57232487823174 32.0100723076841     20.003119708190713  -6.2402715083344376   2.0399654744596676      2.9846454089463825     16.674095351596424    17.779617259056995      22.70992614032598      0.9342891233744733    -26.549361517382284     20.099539624281764    13312.453851275768      0.0
WMAP5      VIDE     -281.0833014910197   -147.2859143938376      35.49779826595686    0.1088867859664238   207.65426090720692  6.3827158523574745  10.894647224272251  -3.30613557369175     0.008977458686556162    2.3664963029847135     10.342569692365426     1.5635329628929788     14.44325139558725      0.8782285985729434    -17.76586975304233       1.2943333862178135    4809.16547154369    1140.7818318989057
WMAP5      VIDE     -172.94399278892126   101.30789031591316     35.42202338496766    0.06883340351259049  149.6388941903951  10.022312628086487   24.956824286188084  -9.934113425287473   -2.327451232256159       1.913490560261709     -10.225144010341248    36.19005119854643       -9.065715552203072     4.6410332674001635     10.566628680518052     36.947066946847855    22941.356479630307    172.0438988375405
WMAP5      VIDE     -136.85039903456772   184.42367052662448    119.51758940422866    0.087897265606477    126.57702500404383 27.49376402459435    16.05793052041983   -4.1444634813609404   1.0054964355792935      4.257027351394168      15.321596061880259    18.473068778158556      10.55318343897035     11.286132950779487     -18.076901951238472     15.257413443046179     8282.20334510137       0.0
WMAP5      VIDE     -182.65318159104154  -113.71295172556759    198.1695733903405     0.0995533407150637   211.9048288702384  42.64642093242796    12.545035552028608  -3.783818203270669    2.70409804124839        1.020468858252158      12.326679887270952    14.560210072926237       7.1238628657740035   -0.9251300232643102     -8.302219904565108     18.569398376335133     4860.639740915651      0.0
WMAP5      VIDE      -51.91092688772691   -70.23589406575715     12.958929419923637   0.029624070608025393 233.53211618456024  8.439840876276538   15.96058385666317   -5.739690467086525   -1.6316789857383978      0.8615993424646813     -7.839222651329057    19.57739777827447      -15.14704379139549     -1.301996848291752      15.545438585230173     20.76615624393131     10415.111189542187   2546.559754740011
WMAP5      VIDE      -33.886802044184776  -41.31744065288385     14.54832595416801    0.018540619029782948 230.64285752878513 15.229935243082137   10.057384561386378  -3.197020613118021   -1.8245585553167003      0.029578115395263144   -8.15481140549214     14.323906895067086       2.1538462019934728    1.1828337985750972     -1.8053458772374167    16.484646293458535     3286.991925562908    719.3573645979403
WMAP5      VIDE      -59.89390606405651  -133.545858976427      127.47450831064556    0.06559540276412046  245.84426984949178 41.05439127946257    25.340220976987627  -8.918889414728111   -3.1423293670844634      4.992591406846313     -21.490965732150265    15.733610765996577     -28.489285028501584    -1.026407095196788      33.80949171938598      19.446043032149497    27708.097175625197   4366.928116411404
WMAP5      VIDE     -113.15948912906833   170.6056744696106      69.66099515824756    0.0731978674694614   123.55555760274258 18.791903143395686   21.948417251616895  -4.016575796557649   -3.540182800943011       6.129634518700444     -28.469796285943577    -4.97550466006071      -21.529063489185795   -13.115611280379524      32.07562934083556       9.93105613561511     18347.884303452727   1788.9642523139842
WMAP5      VIDE     -149.6184383079848    -99.77984841113694     39.05641796724656    0.06215138039681799  213.69913961455285 12.252971680507516   16.036731631750474  -7.652332999039592    0.9951406534225518      1.0670715379788756      3.3808673670125695   22.541400637761942       3.223456568581532     2.6732520160132496     -3.6259684935097423    22.55234294636822      8163.3559569438385     0.0
WMAP5      VIDE     -290.3715073356065   -129.33292547748323     -5.343683773175894   0.10839950358243133  204.00843099973082 -0.9630973353193761  15.404731866170632   4.41508234207781    -1.2384909130580506     -1.3715219334728648    -10.51897673922346    -20.28536523805536      -15.543978862004307     1.7907670508816371    -17.353455739317333     21.434933347351745     9342.810605977882   2626.775218487069
WMAP5      VIDE      -55.98437867797386  -176.40355565240597    140.80572645510682    0.07880544474410402  252.3923646227604  37.26412521155116    17.441075138192804  -8.429912315061674    0.898362131852653      11.410155246998594      15.962624501280875     1.6404897792976065     11.664150757602469     0.5497215840824599    -18.71168267643633       1.87937599682585     11919.79721514874    2293.4171925846144
WMAP5      VIDE     -146.50888362425144   223.3132695907338     139.32428276117867    0.10258800358657598  123.26763327319908 27.54881474371701    13.427562482974421  -6.517850119397612   -3.5915024982143526      1.4909016577634182     -9.040628232404439    12.844258958995523      -8.582237197493688    -1.5314447130927282      9.106652650721752     15.242345812027606     5295.979407414902     91.5547969660607
WMAP5      VIDE     -260.10930602586933   -83.13326192159904    171.5075762154194     0.10998641208199565  197.7243449604363  32.131640183272815   10.248837750050395  -3.7991879404456768   1.2725097236210738      1.2919582786209591      5.646280085627163     1.7724719024885949     14.857903538046973    -3.9462820390266966    -15.138038719319944      3.3055512745951967    4168.527901736984   1256.370392096308
WMAP5      VIDE     -244.63448012473663   -26.943917815538963   134.91340275626644    0.09543959827830073  186.28519522588428 28.73044631127059    12.544322356634904  -2.181738125626808   -1.44073410285945        3.9385855230841447    -16.44580839201852     -5.142815603277715     -10.991224323112194    -7.631530912041638      18.76715965016648       2.637618229492481     4384.686272324706      0.0
WMAP5      VIDE     -127.8341658529858   -264.97054966420154    114.76967787246761    0.10765739091607608  244.2451682560957  21.31143790539522    20.659836750409138  -5.841277036268282    1.5325844185938389      5.7632189404996845     20.42575335228212     20.093295739823013      15.359092366607207    11.047396603228632     -24.837861309421058     17.8020346584483      18639.94215195459    4283.859716582848
WMAP5      VIDE     -117.14804928116341    12.619180132404782    91.10037493619976    0.05017748687177954  173.85180962333618 37.71043444550045    31.24982783734236   14.351551549591248   -8.344289633358763     -13.355720643586428     -23.982474861566413   -28.17362507592501       -8.168547360247373    14.427431376157042     -20.487257798900398     28.30305066106222     37776.76493096135       0.0
WMAP5      VIDE     -111.34488598970518    42.09185257196581     20.418026661038347   0.04061088755870491  159.29183846999624  9.733176291781021   21.1227781431585    -5.279568482793791   -6.901532606334498       0.8728993820307314    -26.16510250411024     19.78412493068395       -1.8325906350595231    0.5291255391927068      3.722393521648079     32.6312234488703      15236.761073098982   1851.870224521281
WMAP5      VIDE     -148.20133517528063  -244.22863970811008     12.420468000113752   0.09727225257266146  238.75004140924415  2.4894999278343564  13.371281349871957  -9.083484587260445   -1.138463704636052       1.32569972340772       -2.241671281051989    15.631223588708796      -1.936038584776027     2.044201686359611       2.2693463137056074    15.9553800526799       6389.238698966973   1549.138076708142
WMAP5      VIDE     -262.7792338543238   -160.3299641735708      13.568068008792336   0.10498663880437392  211.38869396070743  2.523772871172168   23.790450551077466  -6.727006342548384   -5.177355276771371       2.822508087446779     -25.515698826391887    26.850141494312        -11.561187809235543     1.7800666353814627     16.739758638262195     34.94841970613692     24703.09852019563    4515.270512744639
WMAP5      VIDE     -212.03816204478707    26.88445641439378     47.94934253059109    0.07415967819421741  172.77398773061023 12.644352693041617   18.86044902980627   -6.596295221133905   -2.071997118774427       2.716182744837791     -13.555302600058024    11.234235388794264     -24.349419982977246    -2.6848447058712632     26.58689679723505      13.761204149182143    10847.454888101323      0.0
WMAP5      VIDE     -113.08282011534673   166.85337673544083     39.88220779844336    0.06949664268104887  124.12697271622163 11.19223007361081    15.712621541797448  -3.732827183526936    1.3337205970541988      3.6438097916220915     17.377159270765194    -5.323039137364845      19.750037337372152    -8.49595965217731      -25.45648955255342       0.6141635906148116    8345.561377307484   1357.1450646041096
WMAP5      VIDE      -81.82332462981675  -169.80624974557307    212.9524408146029     0.09673198013646413  244.27230996818776 48.48678868963748    10.44471590512811   -1.224229998652471    1.343309738259277       3.0531953790428106     16.30199808284047     -1.5968924331699985      7.239142440451158    -4.108579896297659     -16.50056887433275       5.612326093645906     3490.480094318593    825.1044238885183
WMAP5      VIDE     -169.13027815421657  -162.5878427536835     118.59772899442349    0.08927668178330894  223.8701089302517  26.817477324292632   16.73275124233694   -4.56904379555363     3.656736260154335       0.9376884726108711     17.54180778982286     19.15801663652936       10.76420819096083     -3.6096148990315093    -11.071429790405523     25.58718690522673      8652.809065587575      0.0
WMAP5      VIDE     -217.18008361435304   -20.096014822984166    76.8194455450563     0.07835506200863689  185.28661475620564 19.40269778122237    17.05324832963845   -6.452376488298732    0.5622650452981578     -0.12765798513674578     2.138581382925752    20.29985129970188      -18.68301007865617      1.221303117142992      18.64709662074945      20.40062832901302      9339.282113628631      0.0
WMAP5      VIDE     -145.43370277969936   124.99289066847        14.854101579609672   0.06499562692240128  139.3226126201593   4.429259853607496   20.367930963505692  -3.889149623722268    6.287336677011355       4.8731903023708085     25.704936657060873    17.073275802622696      -1.513400455418133    10.468140529921037     -13.478477248566778     25.744098090558232    17164.889860636365   3130.9282634600827
WMAP5      VIDE      -43.75114464378533  -123.65317208923376     80.00722680114832    0.05177895294945471  250.51512836308254 31.382092053439294   11.221005843417569  -3.5412690936179496   0.3448715289251008      3.647037967803065       9.242469940832338    11.388408307599867       7.897514536282034     7.611742588467265     -12.096088488324002      8.534823487688193     3622.088787145814    667.9674555065982
WMAP5      VIDE     -202.62320939579084    23.1475638957723      79.85556508348675    0.07414931148735386  173.48281486337302 21.383417861715245   26.4547795268623    -8.444394927524174   -0.5296153082987338      4.054878649201855     -14.863992027541054    32.205763198798834     -26.748211983100582    12.406823500463956      30.493144791749952     29.820313793530467    26224.620124665227      0.0
WMAP5      VIDE     -245.31868241181218    45.35177615074092    165.62725572926888    0.1019655714615451   169.52604917937867 33.580255954432964   10.410336071988116  -3.3429542852546543   2.3226107746568254      1.9843823002689414     10.608121755533404     9.743571688331114       6.46646641247776      0.9524740639062909     -9.416338539944892     12.625876879080282     2474.8815295955324     0.0
WMAP5      VIDE     -268.6263480102078     68.23352650183409    156.08658394038773    0.10845862885930915  165.7477709037918  29.386930249330707   12.57058241540063    2.7547106020710284  -4.635869637083533      -2.6081952853421657    -13.453333726170518   -11.039242702432599       5.41234358150053      8.980590896138743      -3.363254714625856     15.463006008185875     5992.694024775255   1309.9048072927717
WMAP5      VIDE     -265.8675214369274     78.6468969139233       7.496832378469723   0.09429184359043144  163.5211321092985   1.5488655390125552  12.180680661536611  -4.897236385551207    2.302813823031444       0.38375889685802617     6.058384994839955    14.443974920822352      -9.361194495278541     4.997478543607299       8.025263704530671     15.616955376324627     4111.620355304358    491.99318472240293
WMAP5      VIDE      -66.10405511021817  -155.56701343698919     98.02297205103532    0.06604206373811156  246.9782283550482  30.110203633709737   18.31043941065045   -5.743768113637691    1.6263642327209136      1.8901317594375062     10.145317427152513    29.044863045094772       5.8381243978862605    7.2495050106798695     -8.415896479525875     29.271392570562067    12446.21781873327    1083.4209268137913
WMAP5      VIDE     -283.844860390146      29.59436693245203    120.2420780973697     0.1055275725882438   174.0477066564287  22.847399968767167   15.5546269277138    -5.743160054166029    0.4925621634082594      1.7940636833150985      6.339044802700887    -8.459189306437704      22.61504196045504     -4.360519008926817     -23.405958526377827     -7.532769959498646     8333.054420855326    407.5002291951545
WMAP5      VIDE     -134.2835214992561    -43.51637156013472    139.14082100338982    0.06700547048561899  197.95561054639907 44.58756288828221    17.20176679927441   -6.584006100056423   -0.16007552539519548     0.8189189599673804     -3.176952781798089    -6.3120868062440865    -26.776138029180423    -1.424808843169909      26.957654516027517     -6.185825035692825     8880.851509035821      0.0
WMAP5      VIDE     -279.4119069260519     57.445434010327205   132.77805153495106    0.10725795994442434  168.38221207456627 24.960554627800303   23.04083900224967   -5.821886906274747   -7.002955104822317       1.5131514479779538    -25.867321404561192    17.456278656173065     -18.736448421638944   -11.352499552192045      16.056809565012905     30.632854415208207    26135.048296554687   4526.07286271307
WMAP5      VIDE     -166.1939462817085   -159.34082126204075    151.1611238345178     0.09362231694551032  223.79399318073217 33.2865202005504     13.8012678375698     5.964218740373481    1.1591509873267867     -4.613931927521751       9.478732905008641   -13.295875556340578       8.912422158475202     6.65820992524538       12.645451691553065     11.783660678355298     5014.105879680314      0.0
WMAP5      VIDE     -138.34687693175033  -245.2375239457489      50.28169568980287    0.09729897361457408  240.57116811610436 10.124958338874421   21.839990298029434  -7.522407312636892   -2.2828932387996885      0.9303829178509326     -9.698152199130297    20.38480761892633      -28.393805418680948    -5.793355441392405      28.125464259771995     22.17092818873721     15659.466844293329    732.9150713016398
WMAP5      VIDE     -144.08066105860408  -253.52930041946593     87.32087088470571    0.10368943810252412  240.3904375991592  16.67001928917697    10.93014655263943   -3.182677722515004   -1.4981766418635254      3.2877654522121165    -12.324254428919767     5.490521802257726      -9.42839717501385      0.8162327565532957     14.662299246975         7.471494063535608     3750.961886317156      0.0
WMAP5      VIDE     -212.76055861970966  -118.29015934337741     60.28945130779327    0.08509671745288598  209.07309023064923 13.910174643215074   23.454349020898324  -8.666511581692959    5.1913593218651135      1.0290623947304864     18.115238850708874    30.624547299884963      -1.9309828136074496    4.093303247081574      -0.18790097294159716   35.42071078715112     17366.086521935616      0.0
WMAP5      VIDE      -82.8485962288334      6.693547081900565    90.80327130530507    0.04140009069004786  175.38096215683737 47.529963479921825   22.013161080197346  -8.809948320780784   -7.2178812478249945      3.4463331034590174    -19.48920291530403     16.044750003484427     -16.217170146656144    -5.168206243955826      17.577033473278256     23.60111687902234     17004.731544415918    262.67423476722394
WMAP5      VIDE     -112.63059103829815  -102.72565768039433     10.700692181023745   0.051498119144030706 222.36663681022247  4.015331069503343   18.697715487481098  -2.322847738846838   -4.056972982909641       5.484942929998388     -25.97822698859758     15.236602467884676       0.26819216947242375  11.74614937374584       19.6832244874471       19.533261848380352    12958.847774972428   1867.9907049834874
WMAP5      VIDE     -246.1989319179255     48.23208672763237     18.7841044748204     0.08537082113956618  168.91573759935162  4.281927559916943   38.675512933486914  -6.788787587480142  -10.97782009489039        0.9121987610858262    -51.365801798620375    33.93388711720989       26.1002220538749      24.533580371906414     -10.071678228448913     61.377187350115705    78418.04837076925    7541.8026765953255
WMAP5      VIDE     -136.61924603820796    80.00857357173172    170.41666452263303    0.07882715145153259  149.64540399404106 47.10683505222344    10.214618603615113   4.009612426146965   -0.17580868909059102    -2.5320607185840083     -6.413242769410938     8.251413492002406     -10.728529489803135    -4.806073241259521     -12.502102811428529     -6.742536842687143     2468.43652556327       0.0
WMAP5      VIDE     -290.06114878731387   -14.456904904361226    62.82188746059374    0.10116129358196649  182.85331137809513 12.205767562331934   15.300524311661146  -4.105035323191525   -4.5166389830610685      3.5762548125696787    -13.956088051977632    -1.249242486388262     -17.597351150444776   -11.87561337028317       17.27947293157778       8.191622301903287     7345.55673726352       0.0
WMAP5      VIDE     -217.88734008969317   -84.31186817554192     33.143755846025726   0.07998443619632735  201.15402859601284  8.074316775342874   18.533545767176484  -4.071535637262739    5.308809084319159       1.002140514870555      24.484718098073095    18.341028303983524       2.3164262837871656    0.8989509976766538     -5.020046585799548     30.245838274991367    11564.433508240392      0.0
WMAP5      VIDE     -190.8878173950504     27.123789869768917   125.46891322933385    0.0779400053276891   171.91281838650613 33.054255071840274   17.54455412057052   -3.380286812223599    1.4513230368671253      3.813700335695789      24.574572050616414     8.041204524079788      18.721637822588345     0.6597723383012625    -29.633614014068936     11.862013906822312     8952.2863750644        0.0
WMAP5      VIDE     -165.21106319957752   -11.842696862182803   195.45888422171453    0.08696732235472095  184.1000761139527  49.72152697101901    10.420827130525549  -1.3599962160313588   2.063691328982105       3.2524323968284676     15.248575975539602    -0.4527006048647388      6.663394436919898    -3.7254297348299557    -14.354263913666735      7.550103010301071     2870.2116111852665     0.0
WMAP5      VIDE     -235.77420341747606   187.3831931438565      14.192482022361647   0.10267948464374836  141.52383341400818  2.698059535609683   25.390208779296632 -11.869756174203534   -4.932498047527569       1.5066801946090806    -12.459453960092723    32.36997145093181        7.814624797191239     6.750207736347601      -5.719585517649127     34.45420982033014     34717.96674506739    8863.943796679407
WMAP5      VIDE     -219.74375632874805  -146.67085870520683      5.959382181932811   0.08975583019638299  213.7216492709063   1.2921816780782136  20.68353320741603   -7.990982355597808    0.09047044520583776     0.9468838217336054      3.7125760379569956   13.570279946540055      30.034751563005745     1.2585393097493167    -30.24832301141427      13.51120842278472     17538.043601590947   2809.590414565832
WMAP5      VIDE      -67.99220467558344    79.209869447572       92.14646100219328    0.046879762906012645 130.64214706071962 41.435446514135585   17.947466440255365  -4.49683789125808    -4.983929504789453       0.8164025450164327    -21.36512976555406     17.79287344677277       -9.060601513539925    -4.5284911175078655      8.60224427783932      27.571066202202434    10684.035612125126    139.9652957652502
WMAP5      VIDE     -209.8182515675062   -150.55123196300065     46.86560686130389    0.08913209897607256  215.66063592990375 10.286023181741708   16.912265628801777  -2.4290141556588485  -5.565685689534791       3.515973025784622     -19.371385977957914    14.700133396712621       9.88714960843228     15.213705747787024       6.286161085543306     20.461221656064204     9594.871955542201      0.0
WMAP5      VIDE     -121.69638434669184  -123.93285885220159    263.067387340583      0.10746437004543898  225.52166837955957 56.56474810161961    22.55289794937232   -4.42955836639639     7.436374427595453       2.8474238643639613     27.96004404899563     20.018235525902764      -8.784237577482417    13.4164292480104        -4.4643970945697005    32.53038157424791     20279.883879365127   5127.703389768718
WMAP5      VIDE     -145.32926104543017     6.566156767819746   209.10118801709078    0.08645854084889636  177.4130647381744  55.1725892151961     18.868554294020168  -6.794420052687367   -3.4179831765527213      3.293248193112261     -16.068408452839165    13.263354201850444     -19.38560088294588     -2.726447337226167      22.293358636491405     17.51270870757976     10649.942097335304      0.0
WMAP5      VIDE     -120.86357050626688   184.28378452432904    171.65704073906426    0.09498184071142148  123.25909405382531 37.91518478944492    12.42217133558711   -4.878409068269108    1.4146027237032504      0.5465309907982305      5.306804101203957    13.232936320966065      13.118036505376557    -2.2159198979654318    -13.089647572524457     14.100732645299011     4481.920705577143      0.0
WMAP5      VIDE     -124.59961824081421  -204.6678705128231      46.774730236425725   0.08280005795559033  238.6673904784916  11.045807828344797   34.127912204470825   9.211660670651046   14.464556089139526      -7.35490009494931       30.473198436044658    -1.8627742271667584     34.502788341919604   -26.106660326579853      29.150402032881296     24.63146021216285     51544.130871828485   4956.6193304141625
WMAP5      VIDE     -109.70002351037284  -179.02891617250611     13.877962982979202   0.0711964802314859   238.50210273844323  3.78154682315217    15.76288812467471   -1.5228119204101433  -3.4467434510419377      3.7753485350685114    -19.490619098378367    -9.307162907941423     -16.35874127282156    -17.161386318109884      18.46889814321655       9.939212159766875    10815.63367086316    2577.142177025428
WMAP5      VIDE     -136.236598695035    -192.37862320654685     10.955594046176222   0.07999033496547206  234.695052600463    2.660885545327471   15.62419344547396   -3.8944136738986073   3.2774677356777397      0.4954634182233341     16.410127228282676    17.53357682976864       13.002153702379987    -6.63430732884063      -11.491598738495231     23.869788330486838     7927.4831252634185   662.2928324769518
WMAP5      VIDE     -107.66169055246772  -268.08444877168756    121.12486423593026    0.1067751341859218   248.1197939515175  22.74681947206157    26.10255607904361   -2.869759652749731    4.471439255895557       7.135570334875518      42.153188201892995    11.031957706974795      10.039952885905025     3.801695595709616     -37.04328462185521      24.74178536159847     34529.06764727154    9483.785783785617
WMAP5      VIDE      -51.009850731311055   54.77466685513246     23.172857759719975   0.026271413880918682 132.96173319259364 17.202400551890477   14.722675513537387  -2.8552483092499354  -1.034471206402075       4.121086764856399     -20.354857738861114    -1.2231759621734728    -14.409673187069393    -3.8961670039398584     24.42083118709104       3.4306781816542253    7487.690524804514   1331.8879270701889
WMAP5      VIDE     -102.60415689288598   132.84601137143267     30.62429103873187    0.057571107810311016 127.68084932441104 10.339535374637917   25.085208329587232   7.40676358739539     1.701061297839303      -1.1489472738739674     -8.646178055086587     8.10270890444445      -43.74177423659297      8.469863308261788     -43.44610419135582      -9.722126936509866    26571.141757024845   6090.527051523307
WMAP5      VIDE     -163.40009102977348   208.79146685292608    169.32569654569218    0.10723781761196761  128.04671467129992 32.56448427766338    15.436181750015125  -3.996835630207647    2.154210018508702       3.2693768442758575     15.118332825503593    -3.041118924345578      20.486075283085658    -9.663068927615708     -23.464726364495885      3.6478665497972087    7778.5672122162105   956.0763083343377
WMAP5      VIDE     -174.86620055306062   103.52390821665274     71.21159367694128    0.07288134292267619  149.37371090952678 19.311936297322667   12.894231976123733  -2.2317057236028264  -1.281095420781316       4.100988681614215     -18.011306456253177     8.109083870391807      -7.268351075565886     4.943427386441262      18.59890226638982       8.500204810086435     4906.857781002436      0.0
WMAP5      VIDE      -98.02710528219697   115.8585993999878     216.06879743304015    0.08967923909129814  130.23431374755887 54.916152102893726   14.963752031756943  -4.571269622772245    3.8914422204161725      1.0614630538514318     14.689023502198628    18.04630260039536       -2.9003901046068528    4.991166523776826      -0.3825724489884507    22.897383384671496     7279.6660018850425   278.86952839280644
WMAP5      VIDE     -120.54711470446038   167.60424236261787    150.7375413302343     0.08676841883053484  125.72507254281416 36.134321890390844   12.365239108276723  -3.9963299483720616   2.750336643448672       0.3599241370430548      8.840833064457993    11.050151525179778      13.723028772861621    -6.942189039608374     -11.929610838897945     14.078433048934695     4220.1106980299355     0.0
WMAP5      VIDE     -300.1744090243192     47.82522567846808    105.36399731898727    0.1097212049557968   170.9474478869612  19.11822139981266    11.511881926073812   3.4244613493223737  -1.021090661696977      -5.157815734426502      -9.377840741123707     9.495582505059929      -8.106125913398406    -9.098693860272023     -12.09825324628914      -3.6458673611918466    4916.617499795489   1229.939407265487
WMAP5      VIDE      -98.11022479145481  -187.1352715472858      92.89397094213734    0.0782076698075396   242.33312964527255 23.732348161159198   38.71506476481226   18.777856050134556   -3.564386255431345      -6.985484854492504     -15.000880528625927   -48.78507424938995      -15.43135935621642     14.085258208131819     -19.446244421405428     47.78549869477061     84129.05592817246   13206.071868620942
WMAP5      VIDE     -154.1366083857711     27.941695645022637    55.7426876148907     0.056084510712201656 169.72507308567887 19.587850903701558   14.339607465429513  -3.4187980858604217  -2.6995873390782035      1.5077715715443962    -14.458202858282588    20.409253306796966       3.758450999567725     8.87586172854473        1.941443716618965     23.60163610750249      6323.245849303792      0.0
WMAP5      VIDE     -190.0904015540113     99.03678681024033     14.172017466455692   0.07270322426452576  152.4805603127361   3.782810983591888   13.973453313779512   1.7775189557724245   1.208471988765096      -4.155394071954335     -21.33320910544798     -4.430833324181554     -10.414107731351304     6.625642768529947     -22.905377197355428     -3.827146317409266     6154.631477427948    882.5856151210515
WMAP5      VIDE     -283.90032305362524     7.522740889934942   122.34152142508259    0.10537080172936084  178.48214167962706 23.30541316250785    14.099564017776137  -3.463042039722363   -2.8724186818794837      2.0651981798878154    -13.941718227857377     3.127525117998923     -19.028292361840478    -9.735087481460468      19.125124558431875     10.276179822796548     5893.619477528152    208.17073459120138
WMAP5      VIDE     -276.00356426012905   110.58055326240186     99.03169558345127    0.10682062290306898  158.16654146578978 18.421280166621965   10.80822357940668   -2.455612891146923    3.1776451849161003      1.496948585738872      13.845981379327307     7.470374689464291       6.8553925645320914   -2.474252704724408      -8.76644657427714      14.55016566059875      3329.2457419870116   319.91008993119266
WMAP5      VIDE     -121.78707127115726   140.64232879887666     49.04393567350389    0.06501595189051707  130.8904244785762  14.768041622226262   12.271762384509627  -3.8844246801623763   0.628368431946539       1.6011805223598612      7.875857105263421    -0.5026838559971241     19.30390980394931     -3.045482220140483     -20.624102999239273      0.7054725855406329    3801.052147486007      0.0
WMAP5      VIDE     -135.08743223588232    92.01039927549236     14.713627858961333   0.05534616201884461  145.74054207177346  5.14398381119171    15.034801650559809  -7.171103860526209    1.621046034060089       1.5433024249836043      4.869589082707587    20.675854606618554       0.909618838532911     4.054604784711808      -1.8702234707528353    20.804548638589733     7550.767904156197    974.8410674193607
WMAP5      VIDE     -294.34180613692826     4.384164290080174   101.61001350319377    0.10613302674031708  179.14665354528745 19.04327431173846    23.379618789888255  -9.278140839266612    0.2558646529677235      2.8373593839374323      9.472764529611595    19.271674532322926      29.237996284948277     4.865727092537971     -30.735911485785277     18.682559169645387    20847.193174464846   3548.7374196445476
WMAP5      VIDE     -151.07399901855212    11.680358784320198   250.9897841141484     0.09978576242371523  175.57894451673155 58.880229868081      14.16246670562168    6.172749721951713    0.523551496061213      -4.509550309258931       8.452812346702343    11.572023376215803      12.913847550236115    -7.66374004976943       15.319804072350875     -8.71165420623423      5547.675042109195      0.0
WMAP5      VIDE     -142.94153416833907   188.0432799132319      18.20665124601345    0.0803067027439135   127.24036532740969  4.407645746235654   17.030937688575325  -3.69350166548251     0.7461063789839518      4.282387015256607      18.804619211551      -13.057729301626248      18.49373894079758    -12.22029014419432      -26.08865159336844      -5.994496185399298    11287.493641996034   2767.211010870287
WMAP5      VIDE      -97.66754382159557    32.465811131821035    90.40959994727406    0.04611547505912856  161.61260166689908 41.296934328179255   11.019264952298581  -3.484720566043277   -3.184086616862828       0.08711536094792048   -11.293896943591857    12.30370298462399       -2.0664431272801456   -1.1674786061387732      1.7348987921982948    16.710386099335853     3084.401178585589      0.0
WMAP5      VIDE     -231.95227812411326    52.06180451665205     55.32333380853043    0.08277962142349816  167.34958705306965 13.10078341675048    15.939374356321338  -5.283288416407399   -2.3620173220479237      1.7219532807524967    -12.056312051232293    21.78137435650858       -7.11342776467892      3.4305906377369806      9.666990471981654     23.786010446686152     7954.344822521304      0.0
WMAP5      VIDE     -250.6318734053002    -16.706387939027927     5.892404602952794   0.08525889538980003  183.81352778465114  1.343805967121832   17.531450575092354  -4.915130426332927    5.934587722477396       0.8262333834002841     18.434847272357548    13.427625371293447      13.219337637643743    -8.69616088485692      -10.355075838017845     22.645346160156194    11359.398960503064   1420.6002391232212
WMAP5      VIDE      -34.23857019929038    32.85514116274989     55.03597688149598    0.024356015354151835 136.18123461913646 49.23179958525083    12.872602492612526  -2.8021576787253473  -1.5212238736120967      2.5089999006655397    -14.589423892045406    16.54452821457156       -6.263027306398302     7.8819185033990395     13.346072469043692     16.89467684116263      5561.628749461321   1219.609076429388
WMAP5      VIDE     -309.3766668139358    -16.21288125232656      8.567670781507173   0.10561097476832708  182.99984064604843  1.584132972579158   17.583642238597537  -7.4845606902511     -0.07948440946796305     4.016186361821869     -10.794202596166864    11.288770622556193     -19.892648390719067     5.154075915025689      22.64377483711732      10.053273783069493     9353.096111186214    578.7903159658057
WMAP5      VIDE     -140.8475452016339   -230.24845451658877     80.253637802839      0.09576010980179497  238.5450477005926  16.55894138465547    14.327574257061263  -4.205814394818934   -0.40322441219264377     4.431454304400877     -11.83312085245191     15.635614280593579      -9.80789728467869     10.663101521927263      15.290816748004277     11.511493285361457     6139.790332387565      0.0
WMAP5      VIDE     -114.63303420490608   -24.041651395585347   115.61405243016787    0.05550631431231768  191.84480154020378 44.627551119097625   11.47835118407778   -3.479282277680761   -2.3669151391151235      1.1665460145165065     -9.682903583124515    15.63149697306582        2.8364693360994364    5.71616820870823        0.32687740113633046   17.711992117815026     3435.3876502454127     0.0
WMAP5      VIDE     -286.8304892856959    -50.24262381425698      2.908658221991581   0.09910118074978459  189.9354106058312   0.5722859308764104  31.56929049245586  -11.798694919497569    3.4329458707011815      0.6491878742134365     10.229536937098258    40.536038219761394     -28.439902015931807    10.07380460891882       26.73217534654403      41.72541934998883     53345.903336802774   9488.239913511548
WMAP5      VIDE      -90.15083125634281   186.53410635421952    202.36945066695966    0.09854547946892017  115.79420380513317 44.32750678117687    11.201462804836337  -4.450214971557608    0.5529506320098405      2.0357685399118597      7.199914940563525     2.2744140374809896     15.121331320058978    -0.7568630473419947    -16.623564668695106      2.860741391240634     4032.0406645411053   527.4944487096311
WMAP5      VIDE     -253.40853166285115   -20.05012462646359     45.51581670872373    0.08767326465313437  184.5239173447041  10.15150826993003    16.729892511277402  -4.800943736530439   -0.4528499456431061      3.8028156028871583    -15.924819178752868    12.792635852603043     -18.5812365941391       6.550877870727601      24.38520847060823      11.174151168517017     8626.943983156625      0.0
WMAP5      VIDE     -262.55636809860795   -24.63883320089534    130.1308384238727     0.10009433456101834  185.36105428764353 26.26459128565315    11.786264132429215  -3.425868995687228    2.5821731160930117      0.7369774668233721      9.146736429965316    14.651567767665576      -8.816231083897023     7.712340462987091       5.391348761443098     16.961267891854906     3604.6067388588363     0.0
WMAP5      VIDE     -143.71605177889884   -71.49179161418493    268.31832877458174    0.10656824704924418  206.44812583753674 59.1108852407064     23.15035169138185   -4.745271166090312    0.7828195208308637      5.9174268702008055     31.51294228637759      5.722798249472359      24.513617386171354     1.9248519994621969    -39.71813341352636       6.79789978676106     22074.50046167664    3454.1468598977663
WMAP5      VIDE     -107.80068356278883   -98.49405342424338    183.1947026022776     0.07939853388604665  222.4169514337513  51.44236330840654    17.956943253560414  -4.567302658405257   -5.836280685885515       3.8239012369074663    -21.635279144163984    14.60695431370728       -3.547315102925671     4.217056273091406      11.8684651977483       23.15129524711624     10610.930347450918      0.0
WMAP5      VIDE     -130.56633765313566    70.16474573141441     11.61340835245971    0.05008982404355477  151.74696206620266  4.4799633855726455  13.95357411138221   -2.014945042722099   -3.8333621182452204      1.170003905248924     -20.333729625705605     7.045383223317495     -11.934868328162088    -8.362337261910948      10.665664354378544     20.54326791791485      6058.026065736814   1021.8923150425866
WMAP5      VIDE     -308.96654802881886   -31.4983248674013      34.13941394642326    0.10648898129878848  185.82104268390907  6.273094275715085   28.52223469601315   -5.006659875342232   -1.6627381251280187     10.378500865152475     -40.303773199065674     2.3118079078271028    -19.07244172604605     -0.6628801719217904     44.11961531449718       6.748619265972061    38684.36843845208    7474.91681040121
WMAP5      VIDE     -200.17502294540134  -170.47239188575685     79.73412657344007    0.09338843686086211  220.41827013132664 16.870198252452113   11.389083241246926  -6.4850960679795895  -1.5888286869461545      2.3449801084429938     -4.009465411272914    13.724552881075299      -1.7892710583247327    4.1683655508965245      2.984206670224075     13.549643382922167     3169.502438696256      0.0
WMAP5      VIDE     -212.15287323340746     7.993544383111662     1.240754534976743   0.07184329763803468  177.8422172530148   0.3348471347748245  20.927914787144545  -5.660552080774852    7.650826686136426       4.7490232578106335     18.430869386411263    20.24735575982732      -10.650635082078594    16.67584975947915       -2.5571341108975054    23.99624086131122     17966.14668316632    3925.0857239845764
WMAP5      VIDE     -257.397316577141    -183.83476490055713     -0.442084662725926   0.10783714366091417  215.53466179460833 -0.08007967303079408 17.682384498157734  -4.838791856191489   -3.7126276968352228      3.7691659229655667    -20.342023245261398    10.712375657210398     -15.56305958736164     -2.428463785120842      21.207408358835952     17.771672097657977    13810.89494033413    4084.5763048054905
WMAP5      VIDE     -152.93120121457855    64.14231749437201     29.496945486742828   0.056824858562996176 157.24587632490443 10.085508605134688   17.06795981879432   -6.6123554189541185   2.4457897832660414      1.365161742622602      10.061417954945991    18.194761180372428      16.136630440953454    -2.036176236508995     -16.764417936247344     20.172203981153327     8549.540493198807      0.0
WMAP5      VIDE     -180.18952935231172  -119.84053005782373    234.0437685097777     0.10869288387377568  213.62710138656902 47.24279151460367    10.793045581936223  -1.8817419749661823  -3.3376671190409555      2.464943417415732     -14.196613701167633     8.592721086259072       0.7972916193305801    5.232075481547472       7.3501910211832024    13.946732690495029     3870.1695369661647   609.3001923968486
WMAP5      VIDE      -73.04746624843256    -7.316669346214115    72.90113363601431    0.034748303627323854 185.71985214583225 44.79956376390912    15.012515257070966  -4.446056602577625   -2.340713730002953       0.5742680718897186    -10.211976879312562    14.843401607846534     -18.560797313924624    -6.904257169258781      17.474803391189617     17.77357048598535      6164.543063521033      0.0
WMAP5      VIDE     -116.73648098085826   -95.37624422901665     65.79910822824199    0.05547336429629141  219.24956989544486 23.580932770203823   21.795342802509463  -2.7981750620641965   5.408936753629377       4.7315009459879755     34.13738826660927     10.170350855158782       8.562104172927608     0.2346680369792714    -24.058923659848446     27.64235708255718     15316.132778487146      0.0
WMAP5      VIDE     -139.30332882266592   244.14681715778747    148.15045937613246    0.10833938719026481  119.7078688564459  27.791563655568297   16.217644371517462  -6.257710637902769    3.5940479991166354      1.3417494094965996     12.31652963334901     17.033663574424377      11.815525245742352    -2.6702072247350905    -12.317648832633308     20.54097195053569      9088.594811077446   2280.448655915156
WMAP5      VIDE      -61.943488842003624   -0.9382501279972392   56.40490997814685    0.028101762943520993 180.86778550672088 42.31730202747743    19.190957885879108  -3.5595009785543907   4.6574134348720335      3.0114796586685126     20.432645787826427    22.944744189646112     -11.334340935720585    18.49626576550183       -3.215266070434128     26.834748576971656    12203.203988914593    231.1875125972015
WMAP5      VIDE     -124.37288389202685   154.13211366415862    125.2696212375294     0.07942458847457237  128.90088852963356 32.313470600122365   16.613264100036933  -4.4608333232639445  -3.749932796285424       1.1514125494212801    -15.53405007182925     12.545425383327418     -19.32435609509276     -9.764352897560853      17.517386196058567     19.221494700030146     8507.901326634972      0.0
WMAP5      VIDE      -50.54434201485205  -177.36115074511807    119.21752671407576    0.07434968967704264  254.0935194760262  32.88010317680334    14.825777515118483  -2.92903467337653    -1.8444020507302383      3.1779418496033074    -18.905186870996573    16.59218392225944       -7.7947586745790325    8.162311461761032      17.645421749329202     17.763995698633156     8581.811380262956   2190.7596465008614
WMAP5      VIDE      -34.77458375748493   -55.43496204300552     70.87007755040678    0.032382449950328546 237.89977925262514 47.281530555354635   14.391494597124176  -8.959531983011596   -5.1271142021231855      2.1829916120022        -8.303882746198603    14.340282345959672      -0.4006601603549432    2.850380656474055       2.116266172041579     16.669058553188545     7325.734719290331   1739.3504058783938
WMAP5      VIDE     -244.86567295268017    47.538468968465146   202.25400314897564    0.10952152228354774  169.0132122586196  39.03652745705474    14.421674128148307  -4.465055435220939   -6.0430576859837855      1.1598489662035125    -15.307268170860347     9.789787416144337      -7.921333831489598    -4.822781326467395       7.016467711318347     17.991077946137228     7691.1755277215     1978.3583526858108
WMAP5      VIDE     -116.00895163128645   238.4988969011496     159.68710777237027    0.10549262025809837  115.93888831813635 31.05218454401456    10.949643218802546  -3.3325261627859577  -3.859797587565137       1.3950271804302723    -12.128197355531965     9.923650368119185      -1.515564193798203     1.5148222310022637      4.163173979390157     15.13747824794044      4269.5323179739225   859.0936595346541
WMAP5      VIDE     -166.29383190344743  -194.48862280954637     47.488526868289135   0.0883702796959592   229.46852626582128 10.513464347998937   23.61519387666101   -3.6420674600842857  -8.001226970486368       7.761802061241966     -31.49275026999502      3.7270469427944852    -10.935317829320208    -4.984002298318526      24.19078960685458      22.59835077783064     20813.847701340866      0.0
WMAP5      VIDE     -142.24401836274996  -106.27849956700173     61.78379466093629    0.06351123113151678  216.76547489773546 19.185595894202258   19.275375059277653   4.692264955168959   -7.170923461358366      -3.011553640805378     -17.169868418562583   -17.174347938896332      14.142322463129009    16.829933277937982       1.6102428736902932    22.388303765507022    11345.676841258537      0.0
WMAP5      VIDE      -82.60060262082528   -95.29831383633562    183.0371483264351     0.07527010101931567  229.0826193463777  55.432955003640956   13.34015371794659   -4.662184542628647   -2.9660969747751085      1.2096221974962458    -10.042927847647588    17.404967174952606       3.970526929475031     5.805754491319931      -1.1252699563367907    19.61756247822692      5767.810771952358    358.6632555593979
WMAP5      VIDE     -215.39808820613595   -56.08073033137863      1.7348700614162633  0.07537615656463201  194.59345622554972  0.4465773781408519  18.626321600360075  -5.859597074709419   -2.4116043794936055     -0.0916085914685981    -10.881836559611047    25.861182599727396      15.241326532730964     5.427477005856185     -14.253310486305036     28.059787442196043    13316.249295451444   2551.9237289098605
WMAP5      VIDE      -87.0779375407059   -166.07353210787633    102.5999323648661     0.07233947450756889  242.33046608138568 28.68515187013173    13.89043761068236    1.3301488345818875   4.570747738708341      -3.4370648335941354     18.810143367858693     2.0087818558423205      9.950910750921212    -8.914107613292408      13.253199820791979     14.174868853849901     5716.113010126397      0.0
WMAP5      VIDE     -216.15781772113826   -45.47703652775508     30.337107497255563   0.07550609490426242  191.88107574402625  7.820100464557621   13.122553092184676  -2.1057039646348876   3.263309297019706       2.002784576037641      18.264072999347974    13.313832748741534      -2.4907437986640133    7.963747667403535      -7.172112988299351     20.059130927639764     4775.717053595125      0.0
WMAP5      VIDE      -42.451829498287125    3.1147057511796095   61.88592796748383    0.025178946253118582 175.80370744476537 55.47930492102749    15.031945033450892   3.9313029790670573   1.3084972393794922     -2.614669085467967      15.351621032339045    -4.214689648264242      20.972812212882108    -3.351938718077985      25.02086047193388       7.481726959300288     7140.631892747615   1173.4127605859665
WMAP5      VIDE     -239.63854246635265   -89.58908564956411     75.39002690737222    0.09060416828735428  200.49830211280457 16.419155355379093   16.457832470843613  -4.713363653105092   -0.5707257654940678      2.5830726616373205    -13.7129931314854      -0.8956217195150032    -25.22014915035063     -3.0905183199923147     28.54130392139606       0.6668495376117612    9041.117932451947      0.0
WMAP5      VIDE     -187.14214890872879    -3.015792565388547   257.58607517783093    0.10856986334587118  180.92324060399744 53.99720359075281    10.065389485835166   2.983411419078791   -3.7175109968434294     -1.3429980052542312    -10.533506635807417    -5.575663130901001      -7.965905336073797    -4.476875123718727      -7.671218414564933     11.289278457692609     3062.854695437705    644.2843901028882
WMAP5      VIDE      -47.25931994898296    45.061885327458135    20.143836831881366   0.02289726320281388  136.36349997661233 17.144160863382318   19.265567431596175  -3.076330482188745   -6.464309776498024       2.880712652089361     -21.847162266559447    16.394695211639394      13.458925617327651    17.383344577260832       2.7883700483200258    24.820872195429672    15787.869036819648   3680.096692235402
WMAP5      VIDE      -33.9244778190719     31.162366625317237    28.855695620840425   0.018196216937207896 137.43002122137253 32.06367388820746    12.888769018835555  -5.667314526845909    0.7854134939961699      4.3889673654284405     10.626326345022255     3.883263691702086      13.026473244774463     0.9422820357467699    -16.66250325746909       4.198519158947123     5736.628884517476    747.7361754787235
WMAP5      VIDE     -126.93060184904066   171.67825275299433     91.4561507213668     0.07870933606653448  126.47743076086527 23.188068108084394   15.360996098666494  -7.058071552374047    2.605888848414696       1.2785712884134757      6.181631312198082    19.89409366030756       -6.422325279188971     5.522544329991448       4.9009999927645636    20.49713773686468      8021.8237111946855     0.0
WMAP5      VIDE     -202.2103755537802    -43.74090055556707    243.76753331445536    0.10903087903217074  192.20581162512818 49.67850544503333    13.086667095231169  -2.2212583786269406  -3.5579343249595814      0.21525342828468796   -19.487310991714125    11.968373148987537      -3.2690172795570653   -2.1557512764499243      2.7274604553946173    22.836544943047276     7077.843339669446   1543.7136775070817
WMAP5      VIDE      -40.1942657495383     55.32962802821725     80.65778057749789    0.03552211392391218  125.99656894756086 49.70601911672829    14.965815826213417  -4.474488675029043   -0.1621896010982566      5.758217670093272     -15.418206315541843    -8.555759477267596     -12.221879893561573    -7.014461125020536      19.636812976125576     -4.897564075836713     8590.412716402338   2101.804903512806
WMAP5      VIDE      -34.11193199611942     9.92734524926269     25.76138918413317    0.014680395873895698 163.77380707247127 35.94658196678456    21.08253566687531   -7.608875649861124   -2.474769557839067      -0.06168724996919151    -9.989884341583968    30.41369246755739       12.075549676616363     3.501883867912179     -11.565092437001859     32.025091189430626    18288.90527666488    3908.5002548037787
WMAP5      VIDE      -88.16564639123733   164.34699558522132     77.50459803760525    0.06829415773781981  118.21179389003974 22.566259712367668   14.089894865698817  -4.858707244701178   -3.010941590732215       0.36619103551449056   -11.703923605335742    18.65378461621543       -1.9128881354671463    0.1869360290962883      2.36974356038679      21.965111387566836     8942.136732142566   2529.589708483559
WMAP5      VIDE      -73.07291239149217    -6.104300791634122   141.4578777192281     0.053718719835128194 184.7752371953458  62.599157891647344   12.014042866583557  -4.558887693173405    0.5654561316248853      1.0425486323585094      4.492428153727069    14.43510471313726       11.815330785993881     1.7762764696663327    -12.427696615814323     14.507872075381684     5000.2116922411615   907.2627379033061
WMAP5      VIDE      -62.64996336570962   131.33344502951456    129.36270615154896    0.06580393620962863  115.50253166205052 41.63782191623197    11.75278859257703   -3.0805942174578727   1.7907773178573927      1.0949318720328556     11.664850660388023    13.288604598507987      11.085383575858861    -1.4219831914682994    -12.585880331405766     16.58363984973536      4686.332972264722   1034.6899541845055
WMAP5      VIDE     -210.72803880713       81.807412280684      193.34845480272512    0.10127320599809367  158.78312909961946 40.54148240068139    15.696191410962895  -3.44014149473905     4.848211418433433       1.1842294791257724     20.46423347009107     12.639877161639873       7.700417948184751    -3.6903312511199338     -8.369943147414471     23.546105517663854     7153.814819245562      0.0
WMAP5      VIDE     -169.49155276242112   -71.1476045810666      62.879931833522434   0.06565866849357395  202.77124175041297 18.884563018439287   20.64798470805648   -1.7044247374200832  -3.5298040008877356      4.4754843705594824    -30.197134560962947   -11.719661001444752     -20.743419426856402   -21.12594218045546       28.662248382481206     14.560332506110242    14133.734600678266      0.0
WMAP5      VIDE     -168.74550321733042   251.4909277323358      46.56442982195353    0.10439049999687769  123.86084003535939  8.74079373133692    15.680093458510273  -5.540712536151331   -0.5683411672138152      2.3714571930368504     -8.572904427957969    17.73317386837459      -15.779962805288939     5.464247447658391      17.797792585081474     17.032161771296504     9095.193464504322   1294.72520476438
WMAP5      VIDE     -174.19901792639314   -36.35207025844875    263.3692518177624     0.10837698222906773  191.78739300964486 55.95415229264831    13.300243423117344  -1.9299326709622275  -1.8184215646997448      4.388065254451723     -18.372819271682406    -4.637813327551565     -10.002541300735544    -7.513301202960686      19.480331576682964      4.768226622642226     5807.314655897685   1120.328797603011
WMAP5      VIDE     -121.90275615536271   160.5493864858589      26.764684131580655   0.06877026492295109  127.20886088724473  7.563007729490941   21.254086224800712  -5.466322556172671   -5.128720224289064       3.8297813057614447    -25.543161653539048    19.531894325195015     -10.301773419554742     2.611162222716559      18.321133846747575     28.262037961476437    20114.37311185713    4308.4277160066
WMAP5      VIDE     -173.6159422137865     60.609671992639235    19.98427989093547    0.0624742645050964   160.7558034284205   6.20224384864879    15.857474713654444  -6.160445878037103   -0.6091961620639479      2.1569110345397418     -8.282468319940081    10.660850617514111     -20.644870292725365     1.5886562068485146     22.118874163158097     10.78466541177164      8694.656283327138    596.7098119974729
WMAP5      VIDE     -177.67353558615596    21.76376194824067    263.869269441459      0.10872683263226164  173.01645845834278 55.84812962777711    14.60137992728686    4.777948897960872   -4.184898934966643      -0.49632932770140104   -13.516787775049565   -14.22780575560638      -10.155740994721317    -5.566703326851665      -8.675800649175388     19.563471930783493     7853.756132111387   1901.9721002931199
WMAP5      VIDE     -118.85423160580139   -54.88225280017731    286.41441791264674    0.10735246338668511  204.78565265196352 65.43591160545027    10.07541333567453   -1.1228876741777327  -3.089474736545623       1.9015021862889445    -13.799697002252621     7.723401594366065       4.399544999261978     7.443449107682731       5.606592055970123     13.504892056706328     3718.5232453140343  1142.9389453401477
WMAP5      VIDE      -89.25398380842911  -223.42943020204382     61.614954784175815   0.08425886537680659  248.2246343671481  14.36427269868371    10.880109757236854   4.800511647749095   -0.5181638828651906     -1.7712631418033604     -4.950528534353097   -11.034856082395356     -10.188890397611699     2.777615600781504     -11.230417245454486     10.813284711114049     4530.87573210395    1251.8882095587032
WMAP5      VIDE     -266.9325716962466    -69.60319753623216     20.252912653218615   0.09402939286878634  194.6145661285973   4.199002570631708   15.91095288801309   -3.9459898380265765   0.7313709400322693      2.769411108623799      16.335494930284504    -1.2738170092756131     23.611998064828732    -4.265599233439935     -28.38948151416604       1.4195185906327752    8620.363428917968      0.0
WMAP5      VIDE      -96.44057097141688   145.15382229785942    104.92454382963795    0.06879289747605506  123.60016485651023 31.05116035182807    11.219141728774078  -3.738798284375329   -0.033244732922732244    3.537498598334871     -11.35981159996095     -0.8584362980989741    -12.014303730389555    -0.6681245435328592     16.547782001161433     -0.5506309754961779    3839.8166289337523     0.9131496665396898
WMAP5      VIDE     -213.30401229859837   169.19503403182233     50.66128689436305    0.09414486518766886  141.57817108159443 10.540860855521954   10.95451156583766   -4.506274851870153    3.7589415615198725      0.855921158773245       9.656550132151427    10.96522223379103        2.6841717918637396   -0.11928465274055444    -3.4485447420342106    14.516931377818857     3072.3693350688286     0.0
WMAP5      VIDE     -128.2660469184598    238.02816163214206    173.44702436015058    0.1095582945601027   118.31886028926279 32.6791546209803     14.276331942977473   5.175130298921373   -5.656445786213368      -1.2151913757078439    -12.496690566706784    -8.909454058720963     -11.748073929326274    -7.190765207772572      -9.822461683892897     15.098095221616958     8218.652716560824   2375.4475904676056
WMAP5      VIDE     -164.76285911948128    85.99572076721249     10.21692158843205    0.06287165298663613  152.4383083311896   3.1465283372383626  16.421733502427998  -6.831604429336508    0.16441528149579912     1.2988434175741546      4.6754934908933325   -1.2907163754181765     24.755359347294664    -0.8265319835290077    -25.197765467018975     -1.1576775437245128   11471.777472923248   2177.926427972539
WMAP5      VIDE     -119.50795444510824   240.2915214051531     139.50806403583533    0.1030144768327226   116.44325780965423 27.46702758069799    12.52939325096105   -4.331464816815179   -4.05985492026017        0.5375134494744374    -12.419870380514823    13.261630943109504       0.08198130204147215   1.2510599958954123      1.0598431681022198    18.086490423961344     4819.44974390856     937.7793916367929
WMAP5      VIDE      -79.2222615017083    116.11100965854092    178.97032727876427    0.07709136242237248  124.3056237240247  51.853984033164274   15.92963295390063   -4.274622276690612    1.0984950171755787      2.5216497651964334     14.50823588620158     17.02066290730601       17.17927506025565      4.730571374855381     -21.641642069976534     17.446769319438474    11827.507658353785   2241.5169516940678
WMAP5      VIDE      -61.8494209073859      0.5553271118570382   87.32256118477176    0.03594873476817034  179.48557247081274 54.68947118825807    11.801447737647493  -4.910873647375413   -0.8530405341431627      3.998793700538738     -10.000608627273781     6.0944576529722605    -10.98153824436442      2.3428882966211275     14.666778166553264      6.00605744495925      3892.9052680341115   125.47871176764443
WMAP5      VIDE     -203.72556234377436   116.05502760145335     36.24419919985493    0.08042481873681197  150.33141171608958  8.787450615021577   12.177271851703953  -2.4693647932361062   3.890741505829068       1.620495289939465      16.005464395787303    10.600909303843954      -1.0626797623758495    4.362859057677103      -4.7721175326897916    18.105925078687463     4578.775625569061      0.0
WMAP5      VIDE     -216.92651208654317   -27.02025656009094     50.10870126201927    0.0759563772137568   187.1001641574439  12.910450403236416   22.633930595389707  -2.836927815124126   -6.390096724257521       1.298447406506132     -30.543027458059413    17.56889486852311       19.730158700258983    20.934739239054778      -2.2939113279772645    34.45039711494002     17945.12426474839       0.0
WMAP5      VIDE     -258.15682255585165   -67.01873497310649     -1.3509765961074782  0.09060532975057506  194.55300144505688 -0.2902155186403608  16.55168072438402   -5.312783783782933    1.5903987623281652      0.09148962957878712     8.196448233105011    27.38889478480314       -0.14544937925731058   0.4936005005564451      0.004120864321984461  28.59164398794902      9568.417449047178   1262.5303162962196
WMAP5      VIDE     -174.30622172053813    34.315558882589464    75.58192050166753    0.06524267873097413  168.8626429764391  23.047298852571117   13.480378696773597  -2.066301097063139   -4.768164578416484       2.929661566112561     -17.088621903965667     0.7178164292090157    -10.884387358849102    -8.339621918544973      12.151184886645291     13.894669580188147     4722.80842480169       0.0
WMAP5      VIDE     -121.56544404757803   175.1936041510747     132.59782259376541    0.08520593720372144  124.75647217630772 31.874451136916722   10.785901552727482  -3.6862181192205994   0.4020982831469158      1.5401273497531325      5.430264432479865    -7.62995608217716       14.989105535978295    -4.429574113867593     -15.850516114808784     -6.463693436654954     3368.761100399239      0.0
WMAP5      VIDE     -163.890683215806    -119.93650230393862    247.5651391350291     0.10919913160422627  216.19696181359387 50.636480836267495   12.361054233025182  -3.4444108447179183  -1.1072431250924955      3.406391111495862     -10.995274578834339    14.81264042780204       -6.303166024998411     8.750436420428775      11.90746172541174      12.718607998092862     5318.907252025448   1270.1234897596305
WMAP5      VIDE      -98.19669738619612  -217.49432962160665    130.54688166105691    0.09243797316567604  245.7012599897899  28.6812219957515     15.301281749115653  -5.854282819537119    1.159236327354414       2.777286321078343      10.404983949501117     3.1017711549717246     20.638143260967627    -2.3276533445592027    -22.76255755378424       4.5945722405735765    7289.7660258837395     0.0
WMAP5      VIDE     -273.48491683603544   -25.751921162597156   158.80612559586027    0.10818276130231175  185.37923148943523 30.033009996438157   11.502664582100353  -2.22060208070976    -2.1413697456113496      2.0127930617520633    -15.923702085738531     6.125492913095711     -11.050942695406308    -3.077000299960212      15.362426448685053     12.949091709045302     4167.515016204553    763.5903548013647
WMAP5      VIDE     -112.50941762142354   223.87841147542017    113.24852266807969    0.0934620448286579   116.68167676283689 24.322164207123652   11.02290930836795   -2.119138031528593   -3.765220052280751       0.7841001955462661    -15.289605264356123     8.162151195397353      -2.1279023542865305   -0.3672191745040638      3.758101164987029     17.053802335803265     4919.18482438534    1047.5658361572657
WMAP5      VIDE     -281.34045875641084    -6.683914528926843   142.87410691730628    0.10759502265664014  181.3609420768472  26.916460248781217   17.32859303346878   -2.9047314913151525  -5.1372508737693705      1.7081363077159573    -21.58070768957278     15.950041762711233      11.271468596743071    13.85540769579166        0.6707610229978276    25.57881740063561     11341.447118429325   1836.3183845809226
WMAP5      VIDE     -126.70731226126146    59.378359976540494    26.999515943976522   0.047991542052092294 154.89098313529973 10.920985978439605   10.578536291720736  -3.4513765754046593   0.3783308897328232      1.3091624716394208      6.265963238324055    -0.6645966563165294     16.7111696686504      -1.9386611087693946    -17.75737202896323       0.02071005025506255   3163.3796625843443     0.0
WMAP5      VIDE     -269.57878651213355    20.913255248362784    87.87416449186009    0.09670389885095469  175.56401993236256 18.003742752139367   10.30193060718716    3.8265444879344863   2.072240985199068      -1.0764149112481918      6.684712066838452   -13.818404667334526      -2.8387904673147943    4.63429794250086       -0.8187628508168485    14.898226643948892     2890.820472796182      0.0
WMAP5      VIDE     -274.94194051748286   130.92878383328753     97.82243175642773    0.10907438657835182  154.53596691555163 17.80855881521573    15.295347393445764  -5.535492782363613    0.46762105889914346     6.310710498084305      14.419479412097997    -6.634569359790664      13.139786492447419    -5.724491852194335     -19.521356983476295     -3.5747616236884623    7651.751170030359   1531.475528871716
WMAP5      VIDE      -50.054804411719594    7.833774159630847    12.172018125797484   0.017440201708065973 171.10513840153575 13.509241128104978   12.647572855241144  -4.530141600238374   -3.993683741137346       0.4792078022439539    -11.55212546882419     12.256536447663201      -7.061725222247426    -3.690248466525788       6.201928435299843     16.801046695461253     5276.560771962811    840.8336924082523
WMAP5      VIDE     -314.06519776194534    38.85159449351593     -1.168348868025722   0.10789169864482911  172.94802317734596 -0.21153173982801526 16.21009955857975   -8.137717219434446    1.4788839140741992      0.6441665648494295      4.397619778518772    20.01627057630103        9.601314254140258    -0.15774100072414987    -9.783534406092354     20.46840167999043     11715.099173841885   2885.0550521551672
WMAP5      VIDE     -180.5133829503877    232.24637094260757    131.04259485953486    0.10983082001284943  127.85612059206848 24.012866296125594   10.579690403127818  -2.05136081741915     1.1916522770102114      2.5613346401354127     11.597080250278564    -6.932490420915779      12.513364522969239    -9.358700480000458     -15.863328732214244     -0.11497898685918016   3604.8593583323873   805.020159190315
WMAP5      VIDE     -308.4624110716237    -81.62221891236022      2.3659451039697443  0.10880795543614345  194.82134250791225  0.4248361469760196  15.758731976625468  -5.377876963730685   -0.25737469206629626     1.1612766395454108     -5.409012150506444    -3.6153909897523775    -25.850439904815527    -1.9701061409569172     26.379238171063765     -3.2771176141330893   11273.434490256903   2932.6104900376104
WMAP5      VIDE     -157.45542497515342  -173.22128753766813     93.68458945801403    0.085563896888143    227.7296565624097  21.811715717512595   13.553595960602086  -5.246026254912844   -2.101820580678166       0.7502210825525601     -8.11721401364225     18.867071756203114      -3.902740386916732     1.0431102830068884      4.655668679514515     20.33742390567531      5550.981063332871      0.0
WMAP5      VIDE     -172.9279891735648   -182.87991144963735    125.08872283581996    0.09557715236861672  226.6021412678341  26.42692252250951    29.957286367007445  -9.952910986590968    1.4329136135154779      6.5832786275191495     23.897784440454647   -12.522184348573507      38.85537043310582    -11.487460841987236     -45.250860230885465     -7.518001952285188    34492.77546071337     177.56710565610234
WMAP5      VIDE     -165.75904021516592    62.435484100366885     7.4207113455228075  0.05984465113054761  159.36040828326006  2.3989854162207616  10.740650960997081  -2.0753698344056746  -0.1528106848035257      2.5120812943592044    -14.643364686349788     5.156212994223214     -11.784042567445143     3.4183684151320657     18.77191483536548       3.9660053498616112    4306.140213152336   1098.4739090408584
WMAP5      VIDE     -148.24102128886565   147.17192340274886     26.918585689632916   0.07126297665840829  135.20735221811748  7.3429511167313795  10.219338213220512  -3.3693368156475483   2.7368701848179717      0.24419681766837859     9.664014383265375    12.104322221086745      -2.3204198615233596    2.1421629346586557      1.2563964354800423    15.475527209433638     2739.021223564327      0.0
WMAP5      VIDE     -210.133546565756    -226.32571429235298     -3.4033065186583613  0.10523978575028452  227.1246372329164  -0.6313624421524217  17.837672974251042  -6.368367470234837   -4.105416640127705       0.22172615336328286   -14.262050355856877    21.65258944278624       -8.718306413113558    -4.091145701036225       7.74678978802289      25.932351315496565    15933.883247866912   5054.478520984856
WMAP5      VIDE     -198.49652753604963    -1.4153209069360793  110.04956890257583    0.07688347369562219  180.40852372300813 29.004051532480204   11.677056435297487   2.7105275865099903  -3.1839107665332995     -3.7818322877100705    -10.778941491483762     4.947475449724424     -11.890780763525015   -10.046375889561348     -12.96329077047964       3.7132746754431425    3512.8055548180937     0.0
WMAP5      VIDE     -132.48213533521266  -119.1836896323082      92.59189261548383    0.0679020714271967   221.9752078167794  27.455799518771528   18.892064171866814  -6.022574199448561   -4.323809343158954       1.3036143368516548    -13.23733172760431     22.739515481677394      14.266885873079556    12.130917950441443      -9.120617596892755     25.792553006386086    11975.126075794433      0.0
WMAP5      VIDE     -178.02482324906742  -201.51648261247595    102.15443468273116    0.09786054320230342  228.54179652757702 20.802379248595127   14.888418383052887  -2.4015571411508856  -2.3297077032491598      5.102324523171471     -16.51165894731732    -10.510306035118818     -12.570669133141049   -13.582942897866811      18.747264910210916      2.1667445713708826    6640.435204247627      0.0
WMAP5      VIDE      -83.71623855382114   190.17948688075603    178.14119517840624    0.09302349389241989  113.7588995633074  40.6069465946917     14.38637698077187   -3.310241066690157    0.04087157836297637     4.630568739143152      14.42964021631346    -14.357545245742582      10.44200094655397    -11.747830071793603     -17.800377367079        -8.241022254376675     7279.916861160321   1955.2888875749352
WMAP5      VIDE     -130.89840815202433  -173.1304480639492     129.72766102286795    0.08581235863681219  232.90823688079237 30.866731022397055   16.307649546144248  -5.43784100624852     0.5341290458532961      3.005647396876973      12.83252590192518      6.775488972485631      22.012645319580017     1.380802977644288     -25.390729447146587      7.010307718863213     8619.426737079186      0.0
WMAP5      VIDE     -106.91785259499873   -44.9908798829591     264.75888663971114    0.09835177640986226  202.82128864317409 66.34042411537146    10.394524317545777  -1.3989973933390327   2.197175445458748       2.066758542645728      16.528917156045264     3.938045952720824       7.001947178160692    -2.17917215290335      -13.220568027566467     12.579723633489715     4354.738520653447   1401.4421552802216
WMAP5      VIDE     -200.86619627832772   -56.48529689225923     41.452123543511505   0.07199021880234265  195.70643832984413 11.23616635179261    18.723343786317066  -6.942414337219101   -1.626059519103439       2.1002191910459684     -8.260158274664297    27.98017838394574       -5.641318714167439     6.672275388447892       7.603478751344772     27.94251646245206     13833.472575822201      0.0
WMAP5      VIDE     -138.7413533654677    156.52575508091633     45.31984508158341    0.07243072946474094  131.5531493910398  12.225392733784977   14.794392283120104  -5.140663282814061    0.24680200083732448     0.6488060886703687      3.2102779806174335   14.982378529780522      19.736678443288056     0.9347788639581099    -19.958177055105743     14.998474249383543     5814.550663222788      0.0
WMAP5      VIDE     -141.63820978837947  -218.87411565676376      2.5073370813778153  0.08852890835974225  237.09221410068727  0.5510259880467762  10.829730183405145  -2.8475735291479505  -4.476437993443773       1.0878347914714566    -12.59368174015504      6.652693731062966      -5.5900618632342205   -3.290089927019095       5.478624740375126     13.932217533178635     4460.787869663466   1278.283618076769
WMAP5      VIDE      -85.20561572005302  -233.81633062911456    118.54400139058116    0.09369978322809447  249.97762264529646 25.47092914217529    17.85119880467561    3.769425506283113    6.153957572483727      -0.6463380104351687     21.85120424740266    -14.433727635271108      -9.991770161768333     9.76746247067867       -3.2467138214333846    26.050739380475566    10670.530699188088    598.1599042086531
WMAP5      VIDE     -221.35004524342003    62.919874559078515     4.853961910522459   0.07798640140498718  164.13193033699443  1.2083760954915759  11.557003093720578  -2.6398591458146914  -3.5903256914580006      0.20607343644372328   -12.736245158786291     9.896046689499443       9.25950205105041      7.912126528886942      -4.892767239181519     16.112079830699248     5398.604140208866   1146.6547707474917
WMAP5      VIDE     -154.61228469831198   -14.617290653411153   138.37040763059693    0.07036532240338396  185.40078112829505 41.70033395520512    11.191628386416513   1.735131591907953    4.192781107303078      -1.9769526919828917     13.891482282467598    -1.321764680355054       9.389035894444442    -7.434332230068241       8.85045991483962      12.245359488329811     3608.1080021669477     0.0
WMAP5      VIDE      -79.15615589102974  -117.37487320427529    135.76500396298317    0.06630051657419811  236.00476297795518 43.800545068796474   11.639449334488498  -4.312415532992548    4.196302869322796       1.8251338092925289     10.989666109829873    11.410979667420431      -0.2695253812316166    3.4882500447325913     -3.0017682416837377    15.14360877036186      3650.8178970453573     0.0
WMAP5      VIDE     -121.2925391632431     57.60284592979801     49.7739956029199     0.04822710155957389  154.59656409316827 20.33898829065888    20.796328275594703   6.248533528980287   -7.9303544446192165     -1.7995901198054338    -16.93445833784842     -8.157284048430759     -22.85263541795713    -16.26719985753398      -16.92363311969008      18.09537907495043     13048.10971090204       0.0
WMAP5      VIDE     -269.89454548906184   103.64725450249898     74.30878246088008    0.10163812581259735  158.99177694307113 14.414390584043414   14.510945957896853  -2.5058882101802986   3.1612652368444762      2.530766273208595      15.84010708380072     -3.0748001979263178     19.525231187227764   -14.596366265907742     -18.693414253383633      8.89769187234899      6890.64630976707       0.0
WMAP5      VIDE     -294.1175167254961    121.78189178084618      4.312418028438864   0.1085548902340426   157.50757809113134  0.7761312396639658  10.988882509157316  -3.0655277799560126   1.7952342691041152      1.2108097934330988     10.149378571242288     8.20046651574391       13.53758743663058     -3.8301695856420745    -14.332907577737501     11.553784639503741     4751.4368600233975  1375.3498576889363
WMAP5      VIDE     -155.18024930110258   249.75040781369665     67.8090792563135     0.10276653399249268  121.8543925246893  12.986292527446626   21.25164870149096   -7.422488886038955    3.6592403305097183      4.870463616483609      15.012923724258098    27.757108228443606       2.025131564278778    13.301760077217425      -9.176500030507578     27.166035055608617    17065.770059030358   3050.6794696555826
WMAP5      VIDE      -70.26303672583444  -126.0651610392701      41.23292301970322    0.05057279250902635  240.86667554061546 15.944511814119394   12.765562256151867  -1.711451143211091    1.9644640435832401      3.6953610419821095     19.848836706117485     3.4547950026579213      7.35611308410663     -0.37251596766549483   -19.009131147016724      9.93278094950615      5025.954297160593    320.8380438614991
WMAP5      VIDE     -278.86123041430375   -20.053807574845447    39.00908140432021    0.09600282910925712  184.11324289427125  7.943015052981625   11.094883675503807  -1.6964564105986337   2.423251339136522       2.1418328589011866     15.631124350241254     0.910673108154787      11.35043342852228     -6.996712323399304     -14.438585816017019     10.793888441704121     3322.173887884296      0.0
WMAP5      VIDE     -295.8744332742249   -101.45635271053855     10.73936189055886    0.10667428883419629  198.92701656037846  1.9664515713987725  10.861438564145304  -3.2659076785880354   0.48468901274849946     1.1830685784704462      5.4167446009897935   16.36954403356679        8.24673212195703      4.382467863347459      -9.507188731875166     15.992957391362806     3761.6282053944233   231.3023806064147
WMAP5      VIDE     -223.02163450015246  -187.65594743492835    114.34702342322936    0.10671785844883581  220.0780906262954  21.42080212976641    17.643021382850442  -4.148490514932175   -7.24870104982031        3.9188416569941227    -21.612025267954277    10.930295274375261      -2.6606941323499655    2.559543518133443      10.40577268767266      21.957145744658018    11798.721301189229   1229.2581304130117
WMAP5      VIDE      -65.21792304435193   140.89958121483875    150.45308236080905    0.0731805274291493   114.83791357276576 44.098938245084966   11.051347136790252  -4.522416153075458    0.9967455483357148      1.6396534112840788      5.9370259018248195    1.5927875410073182     15.406974287884738    -2.590443783341657     -16.140239940786614      2.666812065610106     4653.57621415848    1103.7356777812765
WMAP5      VIDE     -257.48439441777805   -36.29285858623719     -0.5854349340092045  0.08829124151098319  188.02308258441627 -0.12899645343704352 12.532958354481089  -4.331088613399537    2.224042327790666       0.3249128355934681      8.503850382212013    17.358827707864613      -5.465582852154526     3.6462982451198402      4.284166057390882     19.279860545164034     5943.41688024233     724.8180486049649
WMAP5      VIDE     -102.98387974385949   182.82817500011203     98.58754183942261    0.07856261029717249  119.39179243923067 25.165442985651936   12.062382245310436  -3.5588334798370576   0.08919650337423225     1.5731234660721305      7.233079206917225    12.382766306006207      15.661087968390044     4.646316147894946     -17.244742677373942     11.489013165999985     4860.048288971583    353.0167984339641
WMAP5      VIDE     -241.1946245753119    -29.20849052840084      1.4370279120977523  0.08239501435773394  186.90485418863034  0.33888613486338703 12.00781957164102   -4.800675152624827   -0.8740358311638569      1.9807988574631974     -6.8382839369353805   -0.47361690370703535   -16.782288520348466    -2.964662397893578      17.877791658095564      0.7034784862273076    4845.675495011952    383.6113353937312
WMAP5      VIDE     -114.50424134571129  -186.36289461941755    235.6969798658918     0.10966797476481603  238.43279173211573 47.13840254683482    10.686307933872504  -3.443062104568565   -2.319367167889175       1.4794238210259334     -7.720594698215237    14.1363409967765         4.19411805032882      6.9493558407297975     -0.6846034686324277    15.099944059788319     3273.5162121748053   651.7106617989244
WMAP5      VIDE     -131.470802922359      18.700909846178813   174.2100921168012     0.07416074278219359  171.90433832908812 52.683009109959464   11.545775903136489  -3.240695645163641   -3.063817223985464       1.4312283362969966     -9.60370463075081      3.124022749927052     -15.057869187192356    -8.89195375219359       13.34817745986409       8.440484234591787     3419.154689367485      0.0
WMAP5      VIDE     -314.10096903982077    56.59887813443047     10.10025599800828    0.10888886804629855  169.78530106500426  1.8126008534304894  11.296755004777143   2.7317142789292412  -1.1053556257976322     -0.9858855886960731      9.64331041436063      8.35425032941736       17.353282521088683     3.5224098254212217     18.31534049247851     -10.774827786524472     4244.366819269246    853.0807060052167
WMAP5      VIDE     -112.9881870768566    223.51083638396443    133.0745338921885     0.09645960539570526  116.81730387089812 27.98390922963663    10.952815572106797  -3.5286132518338427  -2.315943133238694       4.700868212549476     -11.268955018157245    -0.9448785568978143     -8.924323576012085    -3.983261549981104      13.398803727308495      3.6111367576252724    3896.913649950879    422.05156603273423
WMAP5      VIDE     -191.2659840018776   -114.34422287931108      2.374647105200338   0.07546768093202008  210.87217783845745  0.6105395721914296  13.06470458902664   -3.45748063625108    -3.0503386816929683      1.0509215722043908    -14.794729864197897    14.629996541366262      -6.209833191621571    -0.7544258880265218      7.829210834223271     20.242549318690074     7156.497048517946    970.7851523630778
WMAP5      VIDE     -144.85752306193407  -139.17360718682946     95.05309145048365    0.07525529054814566  223.8535730973285  25.322677351025497   20.448442883434584  -3.127330604279612   -7.04590553312852        3.816296946810546     -24.076558209499417    16.855028443385656      11.388941018420233    16.816256725579716       6.54488486744942      25.863981808614586    14069.924296592902      0.0
WMAP5      VIDE      -95.42214818417351    -4.46975253685485    126.73868067881718    0.053505255410516796 182.68188151439134 52.99356168536155    13.553208141628291  -3.242321594181583    3.7411790573709793      1.2139848967503044     16.745471435071565    14.4230429910655         0.2759649299136362    3.2317778543837        -4.162773236008949     21.460022481124547     5100.853066570967      0.0
WMAP5      VIDE      -76.6731701748106    141.0476142602902     121.6992248850799     0.06811890162629308  118.52840488147794 37.16431190631342    13.938449854437865  -4.753078467805096    3.279261867808155       0.46510955266885384    10.050856793767343    12.511800228134907      14.49774915393488     -7.197103688481086     -12.693120022016583     15.943912260840785     8089.70968560089    1188.3425228287344
WMAP5      VIDE     -170.82093220164674  -135.79329766203574    114.37584024454713    0.0835736839636179   218.48277913124687 27.660510016982798   16.13146180686329   -3.366634617941379   -5.96086143106419        1.1520437592145172    -17.150978884226877     6.5243155674197215    -16.36269287735091    -12.971879690012035      10.785356473612197     17.89726825457236      7963.680988865172      0.0
WMAP5      VIDE     -137.63869570495174   252.9412969088392     121.4293254892694     0.10651732887251118  118.55294251129322 22.864237378708026   18.54737557095715   -7.206280933454824    0.06631607117754282     2.4775384328223446      9.412562951554253     0.8397807788462883     27.355330223321307     0.03495509672762621   -28.91599973719085       0.8756642137515934   15024.781374584989   3856.602256501378
WMAP5      VIDE     -190.78645108230387  -166.26929428845753    142.57128818104692    0.09884253409375302  221.0719631186943  29.39537537564231    11.255013670774352  -3.8190907059729238  -0.08032715174455102     0.13206045815857778    -0.5485197900345233   -4.701893434993978     -18.72276209002338     -0.5560202266431213     18.729481092918732     -4.687291099011795     3781.1633844548733     0.0
WMAP5      VIDE      -68.5433799909957    -32.97281829273756     45.3595823687221     0.0297140241295188   205.68989812930175 30.80979891991351    12.888365917117614  -2.2108090756438115   0.12517830009540207     3.570148921873147      15.826613096419406    13.111892111447798       9.340869592416064    10.863137817542192     -18.363234480363825      7.37084158934478      4972.466883240959      0.0
WMAP5      VIDE      -41.233786623895746   34.56387070980623     82.90445593749216    0.0331839094957699   140.02886510668637 57.01683956631103    14.624324913545344  -3.344192123213781    4.4336192747039735      0.5078747342118356     14.410927943680369    12.479986984383153     -14.055826454208065    12.308718757134605       7.114978713031685     18.936979742028253     8668.063965422583   1881.701269290529
WMAP5      VIDE     -155.1822257931378    197.49638320827228    138.27752283504347    0.09753994357261171  128.15839180763322 28.834265435068424   12.34596278877449   -3.453258298507685    1.2358313261739937      3.218962209020158      11.518325753640154    -6.08015396116817       14.691007739801965    -7.73416921093862      -18.000949105032905     -1.3861446376629782    4096.384102407559      0.0
WMAP5      VIDE     -111.9812447630176   -271.00703687705055     56.873270579355626   0.10170311450014174  247.54938068305074 10.976439309388184   10.277512694714025  -3.9139296488544764   0.8366884719179698      0.9843343830263861      3.842436467866971    15.63921721144864        1.9849690293015687    3.3332800511554344     -2.803644459219926     15.636963296166625     3931.919186104764   1152.100897020656
WMAP5      VIDE      -88.31374352797792  -242.89453150073822    105.45021719600471    0.09490865524811275  250.01929787827018 22.195856688899916   11.821632650951463  -4.851684410602173   -0.3564096266950495      0.17148269743075029    -1.4020034515018354   12.709052085594797     -13.251773000041599    -0.5230112636478489     13.268951197706896     12.7808600018378       4932.6890401682085   785.305806780658
WMAP5      VIDE     -125.64004554442009    22.923163931752683   188.07110716706117    0.07701064372683289  169.6600545949597  55.82061321304834    10.587608866797266  -2.5756303799629663   2.5123295092046574      4.305523864195821      11.94085662339239     -1.6393514058773364      8.099786482416096    -4.89952834256768      -12.920031248240546      4.608034316841432     3785.507492640464      0.0
WMAP5      VIDE      -70.67422370327493  -125.1244625284029     106.62169721118315    0.06041055973050017  240.54087535614065 36.57360846896287    10.726619552430794  -3.8001247366981117  -0.15940809605660786     0.08762458927639481    -0.8609243944401448   15.946497346473988      -8.326650235862747     0.018393976400613018    8.338102118686614     15.96652720138347      3561.493156080583      0.0
WMAP5      VIDE     -277.649894393658     110.718172892872      117.05172733824836    0.10947982808318782  158.25941860404092 21.384987663352966   10.539892627744186  -1.9205081034941835  -3.106073574379579       1.1030444153886543    -14.736421871899116     9.434475376676458       0.9090812846235783    3.4673555228898265      3.8024756537621736    16.744433195167243     3407.2983667863114   356.3079834041075
WMAP5      VIDE      -51.77585254883592  -117.87991091030473     53.76212306986528    0.04697567921705069  246.28769823350302 22.664038427852898   15.945251680436291  -4.455549592526466   -1.1400544459142432      5.604467996470457     -15.542294306771119   -10.413260738741634     -14.474370683928433   -10.320082528152948      20.89834551766461      -3.953343617527894    10109.943558934463   2109.8036005410845
WMAP5      VIDE     -275.279195295598     -32.38252556113864     51.42385159558631    0.09587011760670928  186.70916710808285 10.510406265179277   11.538089543259941   3.24119002763234     0.7811349710218307     -3.36193492072521       10.88144031991006    -12.116929702022174       7.675299768723691     7.34373071337243       12.991730868909965     10.09856611450583      3507.952709598512      0.0
WMAP5      VIDE      -94.73330228014481  -144.58944152706485    100.53007658899328    0.06760888330099267  236.7676543397613  30.181001127213186   14.977283403118749  -5.9431704508045895   0.004288142907450048    0.6124939351812151      1.9076596690088061   14.819305285077325      18.406711689084222     1.5067097456499523    -18.51405406926012      14.749572573740664     6511.07456848987       0.0
WMAP5      VIDE     -148.2315919837362    266.8392615935991      97.11093709164372    0.10923886091638907  119.05256255364121 17.647884103524657   12.558461644470754  -5.9505577418589     -1.0718477831957791      0.04573767224458723    -3.1613205250136525   17.65009781628336        2.330636600492277     0.5476933380819907     -2.2740447677075135    17.96442515786998      7280.216133813392   2580.0377908315672
WMAP5      VIDE     -261.2496320193916    134.2675079555243      16.181900724159256   0.10013217698687031  152.7994041411531   3.1532651960832667  14.93500078744138   -1.5133801424065625   3.1402614473663255      3.4263714034412267     19.365732041597482    -7.779334526603926      15.683314004141632   -15.529693126836868     -18.431751220819944     10.033409844548157     7170.859607164347    613.6705066983009
WMAP5      VIDE     -102.24853006225092  -221.16487588123798     99.45049731750767    0.0893778383973102   245.18804381334647 22.203220268108836   12.962430493260001  -4.54138607999142    -0.4466974488317993      0.838347396634876      -3.4785937591218237   -4.0432689860036595    -20.99816291822562     -2.752590992633965      21.184595806144106     -3.62316806721492      4818.731455068998     13.947683853625643
WMAP5      VIDE      -67.50674621538897    31.67962693422061     11.320377703127015   0.025284546313503933 154.8602313377394   8.632034255387904   10.900774785098397   4.672378075591193    0.027358110841944835   -0.7951472203286731      2.1667990145456444  -10.773773359436136      12.361678281361865     1.734286192869483      12.536568087047485     10.622206036481758     4338.174726927718    925.998909041265
WMAP5      VIDE     -259.9760748113977    -43.69477254279875     16.05625661832913    0.08970305261302663  189.54066356680732  3.485366060630678   11.613296268055088   2.3386056434842724   5.005762020185553      -1.806274482650905      11.884644687046285    -8.335379070992785      -7.712796131099354     9.205992189051653       0.5883635013280824    13.54965327322845      3906.0089168273994     0.0
WMAP5      VIDE     -134.83531170681434   152.52181512542134    161.5498965474937     0.08824208579269918  131.47795311317577 38.434037971451176   11.559476065887011  -3.3590338744954247  -0.29523087048796054     1.7014054554993538     -8.290795600248005    -6.065707378475643     -17.420801867902878    -4.093616040082435      19.225475941616796     -4.745865204514686     3990.340164015687      0.0
WMAP5      VIDE     -110.3145516713912   -155.13758767502082    114.77827807875406    0.07527303999879062  234.58429643907922 31.088019531711645   13.202790402152774  -2.573321880635857   -1.31256120197097        4.761691283460943     -17.04134271675837      8.745927748258142      -6.798696665465868     5.876720568215659      17.71560330135727       8.059217807910903     5587.700621768905      0.0
WMAP5      VIDE      -89.15565062058023   -91.6622857913002     166.63842984286467    0.07106666398749745  225.79422661207576 52.49919722144966    13.066929639216577  -2.43908192828724    -2.214685461145693       4.102281044671844     -18.228239845553386     3.633734778097967      -8.876181425052597    -0.9026061335464566     18.318101898213808      9.352675553737985     4635.052382028877      0.0
WMAP5      VIDE      -74.28792631537895  -258.2988702005534     164.82142085390717    0.10748057072685326  253.95452472842206 31.518486496502693   11.557605503671052  -4.338963245716561    2.357702826018937       0.3595504826048975      8.237076100151079    15.479578918925963      -2.1022820120636165    2.124663309944955       1.2438499277984203    17.483518519894872     5259.5862367299815  1411.2178966507884
WMAP5      VIDE     -127.08234191418636  -254.80316603102798    136.94627257067398    0.10771580962518859  243.49240598328737 25.68563737115719    12.872894113535022  -6.094996408880892   -0.4939492617607312      0.7076921253458077     -2.5685583653939963    7.59141533212228      -16.823106528476533    -0.4761955339059013     16.91753256570226       7.70673073392632      5485.2657877292195   583.893257681362
WMAP5      VIDE      -66.1316320954922    -97.67959332144628     27.51004651834733    0.040730290216714475 235.90097512466357 13.127533495561334   18.704438844837696  -4.325014621837605   -3.6006425517479275      1.7399059560785686    -16.969409238219       26.118854333696753      11.86944338308733     14.968712589260582      -3.702261347109209     29.547218282079463    12409.07857942143    1064.0185591043291
WMAP5      VIDE     -163.51856784504852    -1.848331599530796   270.83652345580424    0.10786215507321942  180.64761507650073 58.87674299013445    15.962573735347533  -6.844935831310026    0.2046154143373652      0.09870217101783818     0.7010623096450498   24.287753357300787      -1.7316963902098776    0.40210381413381246     1.7220809391984897    24.31568095843235      9860.342724051196   2141.8804837603006
WMAP5      VIDE     -200.8312695291633   -231.25432910100724     95.56964333748819    0.10942339902195856  229.027537459473   17.329299243090812   10.551440338354542  -4.068094284093026    0.4935914438672727      0.2736549141478447      1.9971619831382754    8.393216085285433      14.550528406135033    -1.188929371134357     -14.539099038428644      8.549812143118452     4313.461052674327   1139.225809996305
WMAP5      VIDE     -236.52817316564827  -189.87272091239245     93.93547273851937    0.1082622017229872   218.7557149079456  17.207792356461606   14.652617919691147  -2.322766252063988    3.706068648729992       3.0161000458023355     20.310513010939673    13.382843014711373      -0.8027455014794448    8.155406296031556     -11.176573640036029     20.01400841058438      7317.547999378448   1379.0449919831701
WMAP5      VIDE     -215.65139258343604   -74.91679082746606     63.95619203769637    0.0803680824340119   199.1571077152919  15.650143648539983   10.28471072824575    0.756297203405196    3.471874190218685      -1.7720893781321108     12.90393484941247      2.3395477022934226     10.090814461491773    -9.873345093592583       7.6856452495312695    10.84392826435269      2718.6453997597014     0.0
WMAP5      VIDE     -203.33889588508163  -141.35242772786458     27.780541106112775   0.08454727084603525  214.80536013248874  6.400660738258373   11.181995310559344  -3.428243930664676   -2.5052315066522945      0.039540659695510114  -10.59798474892642     14.458366736614474      -2.805239223065201    -1.5206028665529232      2.3638051327069034    17.927913982499035     3772.878065239708      0.0
WMAP5      VIDE     -226.87861673260463   -24.063114320075663    -1.9634552660243658  0.07729415888216726  186.05424951365907 -0.4930719414099753  14.117375882516209  -5.6326443725794615   2.359745751457194       1.178249133674096       7.689254950913191     9.717528217951914      17.296802619376734    -4.717858004152239     -17.10760788974905      11.708549833340841     7582.308334257338   1516.4879972791541
WMAP5      VIDE     -102.0956187766255    -68.5159078407215     167.25667558084052    0.07022306260648879  213.86538312475304 53.679355127038946   13.92029963308822   -2.516898151284439   -1.6765515102018285      3.290771068080149     -19.023915984016842    -1.7605747322123744    -15.447125352944267    -7.089927077341033      22.703255540997432      6.1440168859427       5719.983982207252      0.0
WMAP5      VIDE     -210.7926187930778   -187.9084619310413     151.6907285474948     0.10931884623224948  221.71501112412966 28.24339550476293    11.40813078854732    4.0062017308672      0.547541862610766      -3.9973008210704815     10.287053015227627     5.700638258099676      11.090820948813446    -5.071964315124585      15.035393954360364     -3.0237415566974515    4318.12782812297     878.6264573624135
WMAP5      VIDE     -202.53085537434214   153.02173486878297     23.760292894092913   0.08653444121252818  142.92721088240287  5.347514166104265   10.340006759580103  -3.5294589514245924  -2.89284732592492        1.950323070531354      -8.835726732420353     2.913645505255265     -11.668119781463608    -5.657778241010693      11.773392853926447      7.224306674891338     3092.5628690189005     0.0
WMAP5      VIDE     -152.11537523292833  -153.6788226573962     122.93046335701274    0.08438721260815552  225.2929360956068  29.618747804636516   12.382852240504425  -2.0422955444640185   3.5689646409378035      2.1966461768291974     18.02986579835053      8.6380330845735         2.728468519137274     1.9820471310513272     -9.69417599228112      17.593228154717174     4499.1835065444075     0.0
WMAP5      VIDE      -50.58683400625394    74.178309585229      108.74451181434378    0.047484652016707575 124.29252583399315 50.455006645931576   14.10725496301831    6.2893846279534795   0.12133654804005156    -5.523040237607759      10.2949748527603       9.274125946069333      11.92718940628897     -6.313051841419471      15.80693858723266      -6.8417484244163775    8463.673817957519   1961.558994157819
WMAP5      VIDE     -285.28700922533477   131.68887458428594     64.3100236266728     0.10938047146161359  155.22188803208576 11.56694135423782    12.7513258183431    -4.802193168696963    0.5035218941627347      0.545798154012078       3.1076353963372543   16.308518193944177      12.297164161791802     0.5573212035725074    -12.496728803251546     16.43233962681856      5712.585340608062   1164.727162440763
WMAP5      VIDE      -90.57325227072606  -180.76921457986737    242.25946960802347    0.10757321449440178  243.38713515580991 50.151512043020496   13.689351321928946  -2.828651451848246    3.4635850046800263      2.7590051450238513     18.575136233712115     8.293386210122303       8.632726910033753    -1.3354237159327305    -14.397087761540558     16.7046042419142       8343.705036160893   2393.076888898842
WMAP5      VIDE     -320.1129434879994     10.209099788956546    -6.8717526614180695  0.10924834709311185  178.1733317955545  -1.2291348633439685  10.861518992431773  -0.8253810844130858  -3.2696836316355373      2.1195195182289       -15.875917107671077     6.975024557287744       4.577661051663888     7.4707944917039475      7.500876653218444     14.480520613738845     4535.823320730198   1245.214377530476
WMAP5      VIDE     -217.1215451086694    -98.41052813278347     -0.9097462539402418  0.08081671879184253  204.38245140884507 -0.21865818453015348 13.695661302867938  -2.167281616869229   -4.061090313831762       4.453388565478775     -17.136401553797125    -2.037448013195754     -10.197553568577163    -7.86864050861309       15.338689297022317     10.158162024669208     7334.731845552259   1520.0992249959434
WMAP5      VIDE      -54.510798361321825 -238.11831893207614    153.25970703410653    0.09811562147410156  257.10584770158783 32.10410361493778    15.318861993357844  -4.609114014393177   -2.312620527923534       2.486172745541913     -14.561235177098348     9.78015486244975      -17.897632535895067    -2.982390246632064      20.731244002110245     13.755007099909475    11060.01817554271    3222.9656689865587
WMAP5      VIDE      -81.94581998060542   -85.63881297485003     33.90126171801321    0.04146133121423357  226.2623989918774  15.961408821088881   10.792865038144843  -2.8160553219893902   0.4971254121120952      2.29050146006714       11.303904153295436     8.310072628325411      12.093976647932775     3.554639781741389     -16.364355172890637      7.921932991855899     3217.5227165561946     0.0
WMAP5      VIDE     -295.07313768807876    36.311603752419366    -2.788095719372459   0.10122179147493333  172.9844718815573  -0.537309040218758   13.220294739679078   1.5367881136263413  -3.1514583057917482     -2.093270941752513     -19.155787563131597   -12.989684224032372       5.492868301912518    10.897514505148425      -7.752131889670508     19.671457893741866     7419.535951811465   1488.938286126313
WMAP5      VIDE     -191.25529094912733    75.03635762258315      7.4829806795372     0.06953560066310295  158.57812965220168  2.0859436685066446  11.871459028304564   3.4665816292891867   3.960217808451409      -0.8948965657894729     12.450558290873142   -11.860922839425916      -4.258549371530491     5.139847600866782      -0.6772269361453442    16.91339052605756      4471.801026115626    834.861273587405
WMAP5      VIDE     -221.60959613386353   146.24576349768927      6.15410642169417    0.09021397006113512  146.57817307812905  1.3277598259539678  10.7502073724527     3.676496637807655    2.6374007918911975     -1.6553770229131293      8.083480787157129   -13.429656184458018      -3.4436239243664293    6.506985546898606       0.14977065384379157   14.690258104278133     4268.2697796861885   797.1957961828649
WMAP5      VIDE      -64.45110153239261   -88.128573928794        5.617233148608967   0.03673288807119515  233.82086205677876  2.945190959476244   11.142187079041378  -2.827482147523751   -3.7429128855575517      0.3109868607477745    -12.70186181723665      8.996561190992786      -7.205908042828369    -5.142757773211125       5.174970593128575     15.526084642286452     4709.108814897036   1237.404205764003
WMAP5      VIDE      -49.72758647987944   -99.12778679934505     24.55118894180807    0.03817549920569886  243.3593072577488  12.482719356374824   10.21795328539546   -1.4299674098840587  -1.6624204805207279      3.224466049113311     -11.03624076581076     12.239269298916927       1.4158459902656508   10.72354887245555        8.606097023664734      9.192615739759486     3873.377881833188   1036.0303409003125
WMAP5      VIDE     -280.51405340093663   127.29914912137149     36.10560504816055    0.10569338416389605  155.59113594913944  6.685019836333792   11.238754945417393  -4.424733773842843   -1.1779777242729992      0.012164088635518485   -4.382002540106911    16.503805624117476       4.268363723858924     1.1427805566941793     -4.116069223461558     17.088157996920305     3540.7281108854363     7.104037508393005
WMAP5      VIDE     -146.4237866156601   -100.99063206748643     85.0096744801008     0.06664117842163857  214.5945983814562  25.54414772732354    10.172697266718002  -1.7001703215740849  -3.0840192349236046      1.8842593188995984    -11.981101119569656    -0.08699988649705259   -10.952962609581844    -8.50007768166399       10.316717066982198      9.216021327966514     2954.0291547268193     0.0
WMAP5      REVOLVER -194.10240238100315  -151.30430552890616    186.46580942071495    0.1052100085593141   217.93668741142466 37.14979122168326    31.414940089105855  -9.49031623308862    -7.632449543805614       8.986145756534725     -33.708565899682355     7.351032879679047     -29.356141080958146   -10.42087707415676       38.35294831600342      21.569817502374356    41430.22296937996    8795.689376523893
WMAP5      REVOLVER -244.0486838761309    -21.03471506299165    190.34670887735615    0.1057143182380018   184.9261860400592  37.84980805442592    32.036791450316215 -12.29021207860812    -0.8921743112011601      9.727535384949173     -27.480626779329153    15.229822185471926     -33.323453703857915     7.53150657587401       43.04958608964953      13.464001180463002    48536.0133817175    10047.581260543084
WMAP5      REVOLVER -147.8060095493129     70.90277281212144     98.44307505216872    0.06461175798830898  154.37289335878717 30.985250901795272   36.82008070776323  -14.989102824558373    6.917755818452455       9.926213004311185      30.41281229121859     34.34155701852116       21.991696595939075     9.81172119548056      -32.82833652185503      37.69487051170725     46144.519154361566      0.0
WMAP5      REVOLVER -258.44913247165147   -79.2390557416708     127.3772565030231     0.10175001998527668  197.0452460513967  25.229958168227583   39.03712044781318  -16.200615453929252   -5.185179872118689       7.85319290746499      -23.687782986693833    -3.2384198924102843    -51.00453503267452    -15.483614012442478      54.06878540952695       3.75800030770657     60269.72273739973    9083.968845373347
WMAP5      REVOLVER -169.29695621643637    91.38586185679772    230.85012077754703    0.10233336867040102  151.63999295457654 50.19265653878416    33.36556688343361   -9.117830236485142    4.444324228553219      11.996128684651378      36.702296980287436    -8.10252851970957       30.89793271743171    -14.909725865503802     -45.90210816919695       5.673455491596821    44055.56191016124    5362.076461616707
WMAP5      REVOLVER  -86.66878534349598    34.624482580400446   154.01732438004348    0.060803311191517696 158.22311858090785 58.78558801026257    28.320986368726714  -6.940747619739324    2.355020707810244      11.789857617926598      33.79989011080473     14.308205957857941      17.040102774962968     9.253830013900924     -37.196656735472025     12.87779720808046     31206.204743997307   3771.719287919524
WMAP5      REVOLVER -218.61209399716844    11.427911000258616   164.0029345987285     0.09296515046743711  177.00759637253523 36.839733425003395   41.16749010829576  -16.99580273972842     1.0046057039456064     12.796397246367766      33.81614738653478     14.592018961209831      43.76804925133049      6.710316172886146     -55.30670827635303      13.254406012177014    69432.66073551342       9.202807243658807
WMAP5      REVOLVER -109.41178901163684    77.47430311959432    273.62493015697856    0.10379378026409256  144.6977543272232  63.897176509345115   24.941608482810494  -3.3769745393444497   2.5238604228161097      8.216938569406203      35.06240711691756     19.488488888808366       8.423895314579122    15.036446655082797     -34.2742168188882       16.70707839775859     25991.076472758316   8930.433016875435
WMAP5      REVOLVER -161.95457053487254  -120.52022574008139     37.32306249268635    0.06943738359355983  216.65517357880637 10.474571130641785   33.64241544261569  -13.937755068396411  -10.197005491110941       3.480405465438081     -27.245935200206432    37.63625266307937        1.1578833789339615    8.110258828030528       4.469196249524672     45.57262691336458     44257.44931390636      14.630231688453767
WMAP5      REVOLVER -152.48346002997522    51.84863675044022    268.43122411976213    0.10669901764808028  161.22053184339063 59.03645260612489    21.090028271571647  -4.115848811065351    1.1157754406559663      7.127277300843059      25.527418486630424    18.369899690171774      11.865724951680306    14.163822137826932     -27.774362038419692     12.527378658034094    18518.766162272394   4190.198833097108
WMAP5      REVOLVER -225.4395617432645    101.91652764511579    105.01501230212385    0.09131652565096492  155.6732656232553  22.999447629927023   34.02548816798222  -13.602516441589644    6.102029104675796       6.4162171925377        26.83478037458516     26.712525732128153      31.485831248021235    -1.2785433251302296    -37.026924115375856     32.50325787752726     42428.03246722092       0.0
WMAP5      REVOLVER -172.31181986934357   -25.253684209948716    14.201713905410463   0.05897255734568191  188.33779922979227  4.662014522657061   31.64576723258147  -14.719975679541918   -2.1641144209733785      1.3899242410263775     -6.227340522893566    14.577594811580456     -43.25323360500355     -4.905237502928197      43.16087128978571      15.252692635151156    40074.538061787935   5428.565872065778
WMAP5      REVOLVER -134.418066995953      81.30245065711551    257.11924238889       0.10261323464621067  148.83245271435328 58.57613359503395    24.040505346437993  -4.268622343760128    2.6344240991210333      8.335397224553246      26.035378181421585   -19.31475195883238       19.43739940612586    -21.805231225924032     -30.82559152131366      -1.4241212180577394   20320.39476659348    2019.5125686654465
WMAP5      REVOLVER -201.9194437143779   -128.20315097421508    142.87786724125942    0.09472506518013915  212.41237326731962 30.852539303448125   34.81173369423903  -11.10297165253874    -7.414239448122875       7.974345689713926     -26.81446892968918     44.45361863650318        3.9965014989832444   24.715701963848645      10.903361922492635     44.550097046627776    40177.11396262891     968.1889078144071
WMAP5      REVOLVER -184.16718159119839    74.15677344341029     81.40362635113101    0.07262307917534205  158.06732168412182 22.294524545268246   24.427422792789198   9.522510219935356   -3.854385219010728      -4.227519876643927     -17.538294802799822   -10.520299125454986     -29.91335575968162     -6.370567988269377     -32.291764896413596     15.091851581799608    18616.634228787483      0.0
WMAP5      REVOLVER  -99.10865324112176   -77.56795804956867    103.08084258988833    0.054859775032533545 218.04871472232932 39.31915015661892    26.601204437219263   9.00575566225705     6.67219531421174       -9.048523634147806      22.739442639839073   -27.964603821531792       2.0114403702060004   16.680772123985488      15.584716542723964     28.093779822460988    23819.08974544053       0.0
WMAP5      REVOLVER -104.10525527810623   126.62275263803323    189.06213882637232    0.08490458291012151  129.42597015476133 49.07340123067147    26.615312956484     -4.815953106456409    5.781093402902082       8.890083546606789      35.04510027612619     18.477013967559184       6.969362623296033    10.648537181988104     -29.64388581281831      25.045538353198445    23837.469058644816    923.7477596427216
WMAP5      REVOLVER -120.63661013036334    85.82146939541902    214.18860897471095    0.08841057461383789  144.57176863763553 55.34743384136629    28.117522754551516   5.440047859822898   -4.264911793205986     -10.440046240382353     -33.30005872530693     12.598911417385025     -22.498670377301252   -18.184254075292785     -37.573277939980514      5.873872808499259    27484.030802142443    342.07997592197466
WMAP5      REVOLVER  -82.31441597470301    80.34613966869193     30.577806225319563   0.04001697632410969  135.69327453774255 14.886760610889315   28.249329807288     10.830415667591115  -10.744393792770392      -4.448135245975762     -22.353334136623495   -27.628331390938737      12.309376630298022    16.103058390148338       2.1385438084952773    34.04245839877012     31153.222515125046   5599.497507185796
WMAP5      REVOLVER -248.2157258255977    -59.93146092778994     82.63248278494129    0.09118295996939574  193.57421224290985 17.93193167526416    24.127202996640708 -10.080980432826708   -2.339535475584286       3.274838847811184     -13.330415740793233    19.260212362451902     -27.27575746661248     -0.06810382421007448    29.382561465091648     20.781172678875933    20165.64162935085       0.0
WMAP5      REVOLVER -188.72794758261358   166.58683592223056     98.30440662020662    0.09182739338062613  138.56572291928453 21.331186498168016   28.539568953231612   8.795076119639686   -8.320020554785453      -4.4884102085344315    -24.80372650305682    -32.421385423812865      11.49536876053107     18.69582928673561       -0.7928101036664744    38.10423515434873     30356.616227079805     18.242933715780758
WMAP5      REVOLVER  -86.6432993251614     94.41939041924232    140.13963339775603    0.0641592986048702   132.54083195259636 47.559091982286056   30.098523059527427  -7.052372323486437    7.771628436710645      11.574842652753166      33.05547244047261     25.26140126651976        3.1790734136815053   17.175296949154248     -25.98729437802344      27.913138392118416    32247.490730496807   1955.167702061455
WMAP5      REVOLVER -251.41354476034866   105.63558127366697     26.368856763629303   0.09311970273609728  157.2094792584003   5.522984911512818   26.254371024846687 -10.26192172560272     4.418403797145198       0.9835537673357099     15.699279963312014    36.92450014959426       -2.0767238199470395    4.0543706997232025      0.5231465865597569    39.95120877739004     23403.730465273635   1735.0422845423154
WMAP5      REVOLVER -118.74032485921612   -36.5271082734594     218.98555767267223    0.08543607105198325  197.09903664220772 60.4335384051566     24.81747782059154   -5.177849723732474   -1.5733027511784403      9.275302670068399     -33.03055157598441      4.060637278009602     -17.7502154277622       0.9072739101552013     37.10990418446742       6.801162674508433    20092.449325502173    443.270609763903
WMAP5      REVOLVER -141.3949206166051    -45.10704489211805     57.3831581338609     0.053646742763852534 197.6934424380828  21.138421152672336   31.401277310462483 -14.5500466863273     -5.3356432557427835      6.325586845169878     -21.237301629687185    23.084752576902005     -29.377784283844537    -0.6416830714729722     33.612741980366366     26.87641250813318     31432.603507950545      0.0
WMAP5      REVOLVER -158.70232858871498    97.05019757048136    179.37289726395028    0.08773364862032894  148.55323567131066 43.957094265570504   26.153084240243455   7.088676539254619   -3.9623006665088774     -7.703918597202889     -25.663996445174863    10.272198312604845     -28.8976713494611     -17.28608293851873      -35.93663647872281       2.5774296339336598   23152.263831685414      0.0
WMAP5      REVOLVER -258.15439741817335   -28.522822625254896    94.56800508114706    0.09396203663084811  186.30489229416352 20.006957373372995   28.258517584981156 -11.71541695071032    -1.2296062087820814      4.058128948715275     -13.363150372028226    -4.9399463643775166    -40.074888984374134    -5.570774200227457      42.08608238495733      -3.3302624093168087   28772.59511913784      11.842185018889177
WMAP5      REVOLVER  -94.32402025440712   -89.62008648287237    202.99296343797113    0.08175715427522699  223.53511575164902 57.34169734381809    23.32334707657384   -3.918232469373693   -3.742776389801326       8.303748916440936     -31.010931706135867    -5.325019476070614     -17.03307724138203    -10.884148132548853      32.686787281927074      9.597196866711863    20526.390565085905   2865.9704031072056
WMAP5      REVOLVER -213.23175159071909    64.78497787091338    147.1908949054034     0.09072970052379886  163.09994628266637 33.44375834094061    29.214292341610815  -9.890298874940235    3.3454128320348593      7.239468894980398      26.99286171157425      4.3626669486014        34.86064399014701     -6.691927719465839     -42.50893618048969      10.501429936671155    28425.64646796031       0.0
WMAP5      REVOLVER -123.75756690287106  -175.5495249551274      88.21996293484997    0.07868508956686011  234.8172203891159  22.329515292810804   29.872761628301753  -7.167649529903453  -10.078116993649587       5.667342834401604     -31.384205552394572    28.92848550799387       11.750422935491235    20.753560918415932       6.88249224862582      38.48660997288587     29242.157192696675      0.0
WMAP5      REVOLVER -102.58272614777324  -141.6280567450127     188.9354334295395     0.08739752606203774  234.08378124386059 47.213034922351625   34.86518652744467   -6.639113947800301   -9.053313014667669      12.188278988094234     -44.793237030570864     1.3633082546878785    -23.3868086421435     -11.785191215615795      42.3552912860797       25.041474908914942    45621.55912757035    4280.406043553281
WMAP5      REVOLVER -135.44363825595153    28.090709655035496   262.14960737918534    0.10090665974948368  168.2830942522909  62.18116760982318    22.966761783573986  -4.074921104870069    0.6136035394640725      7.688715816988517      23.932827319780603    26.532188574151938      10.566672024246898    22.647191797626494     -26.0361463477947       14.08055570684407     18822.792641546795   2738.416144552676
WMAP5      REVOLVER -160.440166450608    -224.1311513687417     133.19962857014926    0.10429212759792723  234.40371459800593 25.79181752595774    31.202032852851676  -7.294187360898022   -9.872394630809266       6.26986187661771      -33.396900280903864     3.8749555259602513    -32.75162385296455    -21.704475463631695      32.53698252379711      25.98166023025752     40465.21175733422    6852.337583570252
WMAP5      REVOLVER -221.47544015057318   184.9199590459844      90.26296903961438    0.10296239007409895  140.13995283569025 17.371908039362445   23.18033007529888    6.256812680168137   -5.4321912772296885     -2.482589664920821     -23.580317480798197   -15.590248684495105     -25.315668308196663   -11.42389130521695      -25.0795948445376       26.085667434563067    17248.81076637375    1170.5358104017544
WMAP5      REVOLVER -169.11343284156777    22.936999211140474    27.795371492768695   0.05835087435885856  172.2760569245426   9.250434345394611   29.610500984766322 -14.611209047888407    2.1857057021990105      2.6415673022958917      8.663637097724258    36.67406743740955       17.575737854099433     3.897396258742021     -18.64567284016552      36.985476327674945    29444.723060237444   1293.9670843383778
WMAP5      REVOLVER -102.4160549810712    -17.610005622425064    39.53022134499568    0.03736179378754951  189.75636238644765 20.82654028888753    30.531527608906014  16.65660887375553     3.0594437130645096     -6.33716518851243       13.70046355909959    -30.688291187039127      21.194676067409112     7.147701338880101      24.252661376182413     30.495673092269957    30087.308469450494      9.327331600280761
WMAP5      REVOLVER  -90.79802757114625    73.95781769407947    209.87500840321078    0.08148969844472152  140.8361127064496  60.83916820346306    27.999660084557974  -4.953150295192415    4.371085497940231      11.211071129020699      36.77644120847266     -4.153812823850715      17.86768715656725     -9.568789562030258     -38.43826771728569      10.759123758382923    33929.22810843673    7487.333173128599
WMAP5      REVOLVER -162.87109136081799    12.91026958203297    169.77114789039       0.0798631382018361   175.46782350636894 46.09867852392994    26.95457805086526   -8.506671818465941    0.8284343376744586      8.760744885921588      22.201831179785305    27.356704460001378      18.971041896474247    18.284573822256135     -29.05666085718737      20.501955801422397    21042.941616187352      0.0
WMAP5      REVOLVER -246.27138037962678   109.82353010831616    151.3373600939812     0.10536537287046988  155.9657494057525  29.30277488347762    29.272592292575744 -10.482894750301242    4.634057100708604       6.276946693171601      21.331042927570056    37.432607910879625       7.988953529105721    15.142924421937096     -16.650013347321575     37.58177455331983     35162.376782533414   6719.659133588619
WMAP5      REVOLVER -168.01134314850634   159.54788438991656    210.33938228480918    0.10666069163762483  136.48007614650163 42.23386670239437    26.260949414926397  -6.675890500810435    6.099823304776758       7.8480239910054        29.887522896194795     0.7269646466760761     24.85867455623372    -12.19391479326116      -33.46716879534501      15.639424187208059    30199.53259394754    6138.065105936509
WMAP5      REVOLVER -246.2235598893206    134.71681005064613    113.39809975720816    0.10310024924816101  151.31551590168283 22.00013521109972    26.35017354110547   -8.757282966595128    4.6770846886491535      3.889865812950851      22.651792404137982    17.528172644715546      29.92067425552579     -6.730849185449453     -32.84194033807108      24.335180165624948    25991.354990769796   1736.6444249769033
WMAP5      REVOLVER -242.815812512547     172.16998248756983    104.62653875577716    0.10756108926095082  144.6612281610214  19.366356691939604   19.75341069257219   -5.828021073587186    3.9951641138740634      2.5220951363260107     14.56086377829442      3.3368596057740207     28.36122958617126    -13.97861543829531      -26.921740356186938     10.344219464346402    15252.631897493058   3672.8826240674985
WMAP5      REVOLVER -151.03020847137807    47.20658168812491    212.39515159520852    0.08996194576468533  162.64264316414847 53.31363512760979    34.78801839398797   -9.031090452987081    2.4892447907278457     12.681287683016441      39.05530111203447     24.91435512981325       22.923068662775812    16.412968378577578     -44.52438127964707      20.428452745902174    41405.026496763836     98.68184602729276
WMAP5      REVOLVER -137.6490860928288    120.48614461100762    183.15234656061912    0.08788683821907868  138.8038933866885  45.03445842688081    23.91320815974667    5.5978944805985025  -5.135780503139397      -7.431727318112412     -26.825484621671134   -23.510641925770614      -3.958801853865795    14.512948987934118     -20.822931150316254     25.321698819349205    20092.05661745008       0.0
WMAP5      REVOLVER  -63.899210618341705  -79.96848198762976     58.41835259977766    0.03962296094235849  231.37322399430755 29.713450682855918   27.39600506104589   -8.318518260392574  -11.017982793698947       7.06558736310835      -29.02426158531021      9.106117395964821     -19.97113586655772    -10.052285351158362      23.965370539505177     25.536436211755234    24148.226308643003    260.86961309746897
WMAP5      REVOLVER -145.85304371248617   -74.27643800949623    169.63154910642857    0.07989900295812243  206.9877112219586  46.02351127775576    25.27369691259967   -7.04746498517777    -3.7773968141001597      8.29966438343365      -28.98046306628444     16.30002286314626      -17.189507634264828     6.103470746042835      31.376653938191446     19.462963986407885    22172.527871305156      0.0
WMAP5      REVOLVER  -65.67686866306028   -81.85751851381353     98.90398667051056    0.04856871217654983  231.2588287016932  43.30170513655448    34.20588533835866    8.442513215300933   13.00250073522836      -14.2489740411713        30.083668350121382   -29.869299167079532      -9.431824100581329    26.237782883802158      16.703971484910063     30.78861881443994     50654.86086370198    6756.86235815399
WMAP5      REVOLVER -262.7442483119673   -149.44948502225654     89.4789395252969     0.1074656729957799   209.63131065734882 16.489760684339377   24.71002537330834   -9.02325776822487    -5.228763963938148       3.158628408505874     -16.146909635862922     8.22326543733768      -32.51418037760133    -13.209680444669758      31.584242044627004     14.548148436633618    26490.78330814728    5978.90744827497
WMAP5      REVOLVER -116.76663755239166   168.6921746768719     215.0033005930896     0.10117700919017748  124.6905032441947  46.341744773473025   26.60430587910469   -4.942022736506102    7.0404446731018115      9.058052752879284      35.48904805771902     12.609410901500262       9.561858928041055     3.748153853715753     -29.46899363705244      24.949985057970117    28234.28363434061    1541.4291451696258
WMAP5      REVOLVER  -68.30233021608066    54.94578737035001    132.26034758474137    0.05349343125985485  141.18507295673206 56.46427996443731    17.278112058854312  -3.2735430836515493   2.8010517238599832      5.937082889844024      23.430899459385916     8.829094318042904       8.753677516989573     3.801001579235126     -22.856331291945672     12.879137787999095     9517.3188397436     1150.877900595077
WMAP5      REVOLVER -126.50206034116202  -207.52089943231553    199.88318734054633    0.10726903194946213  238.63405446528412 39.43505390476441    21.108326808874782  -3.8105704257116884  -6.287331854825607       5.850610916659253     -27.636546057952263    15.362287113020521      -1.4909909533963912    8.559476956761225      17.79552857086624      24.698768293854314    21846.865123166437   4502.521311592596
WMAP5      REVOLVER  -99.82833807635276   160.19768317177588    175.49298547478259    0.08749716059493172  121.92939385108235 42.914603362832814   27.84315568020796   -4.8366611485875834   7.980911103673732       8.38337950786578       37.42610926669478      4.545748154204767      17.264898550616383    -7.951639511452787     -31.689947833204165     25.58100470616038     31575.945393350707   2221.4663529555582
WMAP5      REVOLVER -101.96225828202228    75.43122251895232     13.178545623119213   0.04289706298870485  143.5061297187728   5.932094810798851   20.008106551558715   8.27663970661513    -6.292430482178721      -0.933709931468971     -14.806714015904676   -20.992479411956552      10.221461588995027     8.069589630272533       6.805615719021609     25.66666728277544     17306.64045574544    2884.8178608832386
WMAP5      REVOLVER  -88.38042112947979    64.60956637974508    102.96987787310198    0.05063944679372328  143.83172658286992 43.245277030804836   26.787952678428994  -8.2779496106377      6.24267566013644        9.94859633322925       29.8567087161576      13.096443243968794      16.625006913379455     1.8425930160994954    -30.214591808560602     20.492618473571945    25353.094555451487      0.3923913303673183
WMAP5      REVOLVER  -85.78361509130166   -60.38222319235204    137.39766522211772    0.058335978584933126 215.14132875847108 52.638043259496534   28.136108298811255   7.398234673573249    4.395837147572817     -11.126385237388597      28.05382078526399    -27.04293702645049        7.969560698063545    18.920419232250268      26.410171318794095     23.014888330398524    29123.321553240068   1768.0207728052414
WMAP5      REVOLVER -214.87335507921728   162.05055811353094    135.46082695890752    0.10260859588452051  142.97757879574237 26.717422225538563   24.259782893443237  -6.545935853346496    4.816885455291567       4.229680639622169      27.55762299102283     19.428308547769106      20.52317962072677     -1.821153950430389     -27.390384430913297     28.374526983731265    22753.048272801672   3014.005141568428
WMAP5      REVOLVER -252.17397405966724    65.5796351568042     134.69919595611623    0.09983354186330694  165.42271882232203 27.33701948850754    22.86162327171414   -7.937352899707196    1.9420562833884865      4.137755933176305      15.213039488634488    28.749776879195196      15.68907864857601      9.664155793515071     -20.474661152163183     28.148291303948433    17399.14840407039       0.0
WMAP5      REVOLVER -236.25508571525194  -161.43468531816038    135.4058679456048     0.10792730267778848  214.345057531739   25.324029650554817   20.38367293176883   -6.137567076381453   -4.202860990498243       3.3450128118489553    -18.811220945675363    26.11064991534636       -1.708722417056879     9.826564934098162       8.999366784957285     29.33749271916366     15609.774329390852   3274.5967071760906
WMAP5      REVOLVER  -81.33532246650556   -29.286393323178597   156.76290586160505    0.06043784340619381  199.80241670277604 61.12536351378669    23.8472931864203     5.716040239022544    1.5996243728361375    -10.389876268975463      24.801703027519178    16.153547196913056      16.1317744279601     -16.140986210591137      29.16612734821237      -4.389626722118919    25242.472609710545   4742.100952837376
WMAP5      REVOLVER -107.35506732573923   -96.59432724567186    242.93210447767416    0.09611594372787603  221.97977122457192 59.2700055169054     27.075790075841727  -4.5377419452501115  -4.028361277266102      10.12927404602861      -37.81312919532362      7.905949281163726     -13.795480490657585     2.0736476466659624     37.70383190493866      15.923582837566643    31073.0548365031     5785.124559048824
WMAP5      REVOLVER -150.11255143768145  -102.61635673114776    213.62371290612816    0.09539345350589917  214.3563597820291  49.59583623649478    34.351743463166464  -8.251878137608731   -5.689260449361218      11.86961873122173      -43.062417363284034     7.0462749726274145    -26.560055045940288    -4.342743668356775      47.00614133328081      19.511527242335294    42010.661161523705     63.794888291471345
WMAP5      REVOLVER -133.67217521866135   117.3655424728744     101.39073233165227    0.0692496134310699   138.7165350944259  29.682295669382537   22.20349548462032   -6.4146878056116465   5.815089175864997       4.952642220444637      25.138965512801786    18.898506828603427      10.370648784120664     3.339868631105279     -19.16449964311433      26.827596887043075    15152.945901811556      0.0
WMAP5      REVOLVER -171.34543564360385  -153.54745440353622     23.365863477702966   0.07836234235349772  221.8644097936499   5.798853819476283   25.1378392886059    -8.174276787543754   -7.6429185900967         1.249169944865017     -24.696566776737708    23.947303460937686     -15.089445441997363    -7.583306611818273      13.690068000910674     34.1378914769223      21838.566174752683   1716.8332097508103
WMAP5      REVOLVER -228.03159580356476   139.5554323986495      55.838983057389434   0.09282143880397942  148.53335023103097 11.797412263160107   30.07806886813661  -11.85198706791094     7.09077707018593        2.6830415562136833     21.351972566829186    37.948621134325975      -5.971547407045491    10.259238002678593       0.9597691625873364    42.78235896040644     33540.01160905766       0.0
WMAP5      REVOLVER -147.16939261918552  -195.077391028848      163.08351016978258    0.09999575444983085  232.9685347167105  33.718275134331805   31.171963753158295  -6.816859798036562   -9.155992936055023       7.330048043555194     -38.4088973990447      27.451787816011517      -1.4296895707511903   13.87992385829061       21.490227341382205     39.75169916348551     37179.896879225256   1962.6630544568707
WMAP5      REVOLVER -105.8392071662807   -146.18255011029274     48.82426181921932    0.06315470976710581  234.09467962399137 15.137970194790226   31.729303835571567  -9.49891125391882   -12.740238796056682       4.34845043386834      -30.126733532990368    27.863011239544107      15.824084835538647    19.635125097985334      -1.1745278551409644    39.45050036263898     37247.48542175283    1621.8661597441314
WMAP5      REVOLVER -114.74817123268355  -159.29389370755374    232.7977182708952     0.10373242992535554  234.23271495504068 49.858769350152244   28.793510794524227  -4.5868740473821354  -6.515920938670006       9.768014384752094     -30.95514766357688    -16.667536134881633     -25.654314303573443   -26.168931191811033      33.312363448590105      9.933148269239497    32934.26275037963    4190.359324360328
WMAP5      REVOLVER -124.23040838960479   -67.35512994711483     21.42663368550222    0.048133909960153605 208.46562339143762  8.621704880551887   26.784327636458606 -12.49149706891521    -7.378297858494433       2.6703321514263694    -18.469440944322205    24.389889093039866     -19.007036607524537    -5.112623723124019      19.518234419425895     30.013877833048397    30326.051028645605   3867.5813988258737
WMAP5      REVOLVER -134.7551263611657    175.113745486528      226.0633552268556     0.10777074549548186  127.57932996316488 45.65394679922686    14.555519385465004  -2.2882633011158937   3.0122510242345353      3.83986166413906       16.813738624571084    16.730945914567624      -3.105202468558594    13.650203206477258     -10.65649487089869      16.494161034827695     8031.965697713451   1262.6668315278741
WMAP5      REVOLVER -188.70166610528508   136.38887388395278     69.98698884964047    0.08245064076290752  144.1415323338615  16.73032889807171    24.719767120538435  -8.647920758525755    6.2137553399195635      3.2203748016248395     22.651355209628356    28.444704435963608       5.9430010553512425    4.915481090675769     -11.178810950525474     34.76958245465085     19935.48267808274       0.0
WMAP5      REVOLVER -105.19732968629954   -65.7269609812626      54.872863814078706   0.04565521103174445  211.99701266699023 23.86325250852754    20.428809784111326  -7.626842506250911   -4.951665433672637       4.183537519019636     -18.70999945195471     14.101787927217256     -17.41848446407432     -2.7211209643099292     21.078166575753514     19.98750278274024     12391.680761351616      0.0
WMAP5      REVOLVER -113.52053724945173  -113.82821038193893    119.80245197192905    0.0677883321348897   225.07753885333855 36.6944205936275     27.35433872035819    7.665066027504144    8.210389731122929      -8.120705371571152      26.95428429754657    -27.284115429315314      -2.1435148158124377   17.269256436884582      14.618724933064472     31.080479879339887    27677.20822231798       0.0
WMAP5      REVOLVER -196.42566436301018   204.19049994805638    117.19205306955695    0.10445856512515797  133.889618920097   22.471040344740302   30.316018157266736  -8.753981337704998    9.200006943959664       5.054502937954956      33.59586081253725     29.995515754462485       3.5885992294463267    8.664873422272803     -14.701756121991314     41.76640141162681     35389.44286443694    4264.251887628193
WMAP5      REVOLVER  -81.00336693127667   111.70689196516814     49.57583385783845    0.04938942438468516  125.94744705649653 19.762507398145083   22.503667940078184  -6.098843490414008    9.00456855714113        3.8685691013256895     23.138052686153365     7.032381129623398      20.108676352066542   -13.303773178127619     -18.343430414273477     21.72303094296733     19608.872606704557   3253.889977817623
WMAP5      REVOLVER -227.8129866178953   -207.48228629375436     18.722187782160788   0.1051874062473568   222.32591303276698  3.47699068377812    26.50658562886664    8.458460573119735    7.562047999061895      -0.6454770755243416     27.028313476679422   -30.006213611521805       2.64842294916928     -0.05803487010476561     3.508243140387627     40.34011175097364     28841.705956603753   4474.77657268428
WMAP5      REVOLVER -155.76606776232612   -91.3752396326422       8.573652639014536   0.061044259485098964 210.39666980093747  2.7181315923225178  23.7529783392136    -9.386503816675658   -5.736808425682666       0.4633843188871569    -17.766278337339227    28.250770985769343     -10.129773941502123    -4.091623207534786       9.389474203383486     33.362324184606535    22628.324882595225   4397.122763296479
WMAP5      REVOLVER -166.17263978007097    94.05682365912534    149.49443493121862    0.08223766160981955  150.48932691581828 38.05804563854827    28.040413746340064  -8.552388883464769    4.681531323066951       7.74367584639101       22.68309405724811     35.25808821347195        3.7363130467879766   20.513248164953644     -16.66559356824782      32.730937981486456    25596.97177746346       0.0
WMAP5      REVOLVER -165.4036400468279    141.9154453753192     192.77918026048482    0.09901622328049939  139.37058162319153 41.49426485280348    21.510338077153232  -4.753927394390535    4.249334713113176       5.41320906141795       22.04410864819303     26.487131562731065      -1.432901542271263    17.87553432612117      -13.456343547551606     26.26159427015844     14161.738563169109      0.024610615881062954
WMAP5      REVOLVER -241.56100973994552   194.19080326909972     21.227637830692796   0.10587053510253142  141.20421188352256  3.9180616931930476  18.577728005452315  -5.418368492985784    4.315663343563563       0.6384233580249281     17.063259205681128    18.991810978257643      16.435431863612937    -8.451028822002051     -14.363637868759552     25.371623585463958    13030.43636636888    2997.007430840641
WMAP5      REVOLVER -225.86663702437488  -199.5377529867083      59.956835866140416   0.10469408215255276  221.45840002099771 11.251508283384176   24.89797853819271   -7.2396511605779414  -6.359306582912848       2.0390643555752446    -19.592499978643854    28.48878767666177       19.286330858005165    18.34551114557059      -10.117431931553456     33.58170103101407     21778.56694825248    3362.2341397538007
WMAP5      REVOLVER -174.64830429905285  -236.75024753429065     76.53298100384829    0.10354564201967502  233.58417277282786 14.581766688945981   31.17876605803974   -7.976619532814588  -10.825469763466492       3.425368768313172     -36.922081024939985    28.405449588021945       3.791983817117767     9.969169886396443       6.9337522098353706    45.12839655884477     38619.04288028919    5439.454969949412
WMAP5      REVOLVER -239.93858398637056    23.12241432636227     12.415471065535154   0.08184607589557459  174.4955149406308   2.9484573384550647  25.899861846253437 -11.574795220147639    0.9979098349521562      0.7297556403227916      4.042524861061943    26.687848358773934      27.62476913408776     -0.6954717376638966    -27.736722286075153     26.897777734295854    23673.68785472523    2314.8983932144115
WMAP5      REVOLVER  -40.4214766642203    -96.07381003669715     70.44649355917399    0.04231701304647488  247.18187580075323 34.053573382984325   19.841841371177388  -3.3136158320661315  -7.984302602431684       5.407788696350635     -26.10259368377123      5.984306314409655      -7.158832821032671    -2.4245000831873487     16.121235657414854     22.31650841588128     14504.526885282527   3273.785711493852
WMAP5      REVOLVER -120.17644611108828   -80.8750028862965     265.7749020931476     0.10309200033505812  213.93932467656722 61.40824032213731    16.80842099405056   -2.5754255967750934  -1.7495866819698112      5.616335753373824     -21.938507983743587    15.170671503025696      -5.334187896469459    11.808497616069127      21.315076987751066     12.054920648599293     9592.02159054456    1362.2855516092698
WMAP5      REVOLVER -207.29360449703617    71.92688708813016     59.68271951077114    0.07702919563999175  160.86421104456116 15.216597142683588   22.47455359931939    9.341357570253741   -3.3735562545531153     -2.7393048682312293    -11.736191629318606    -8.145882760074322     -29.98985974183447     -7.642802293520492     -30.26701449688605      11.212087911894608    18773.499798758425      0.0
WMAP5      REVOLVER -292.7467937787887     94.54848840344289     55.53517172423488    0.1065482602520446   162.10108989701254 10.232949693332749   25.813165365746293 -10.37383554393812     3.488875401983167       1.8212182366957153     13.942782153063284    33.5229046690479        15.200205565804099     0.7233571003536798    -16.5106432339589       35.749457882990676    28663.114412183993   5638.881641896889
WMAP5      REVOLVER  -85.5883623254349   -191.68444709669475     54.50541272821244    0.07341615270091005  245.938924987706   14.555051585635606   17.925424038938235  -2.78709587005624    -6.045777191723859       1.6880553484364087    -26.17567518538739     12.355102925632163       1.0320060095627566    3.944105565097336       6.013194786886378     28.048272390686208    13202.268033298164   3639.567815551738
WMAP5      REVOLVER  -68.71588905686973   -25.87604616809211    110.76425279934055    0.044722514915623186 200.63465231018955 56.459305910419715   24.226166718063876  -6.569438590993631   -2.379888952156725      10.629825469221036     -26.104734513564004   -10.012760786853931     -18.374968588509272   -11.787899074667427      31.258864261754074     -0.2866701229635874   24829.270919716615   2982.2566330370882
WMAP5      REVOLVER -252.4333774664668   -107.87433026617302     11.801795023461576   0.09339496947894746  203.13885116210372  2.461695908752495   31.071755805691748 -12.98393783104231    -5.194484812061045       0.4094329456360976    -15.473748828697635    36.83084068960663      -23.429844446124655    -7.61884772322675       22.189770032971875     39.91319802429839     38360.73797582314    5358.66190103282
WMAP5      REVOLVER -158.23669175138278  -143.58300229189263    189.07831630360155    0.09705346143212348  222.2204073912674  41.50585727040918    27.871624518601134  -6.999246165962094   -6.166934109249025       8.170554985239324     -24.60714103676213     33.51303012376592        4.2152841612249095   24.171339561302315      13.830501522833414     31.14512389911312     25127.4473109373       26.463365546801732
WMAP5      REVOLVER -115.05874023168438  -235.7148718042505     160.2182636462593     0.10471903591853181  243.9817577921766  31.417684434444457   24.55189728590199   -3.6776417416282987  -7.694282484763573       5.132392752897147     -29.018415979996615    -2.9518217447924284    -25.218547072417238   -21.01926747767059       24.283878884647418     21.343980046751962    24274.344804400098   3607.573403139324
WMAP5      REVOLVER -104.88291051696477   116.27510790833361    120.6559019247867     0.06682562549228531  132.05121058046413 37.615068658008106   21.418618731434943  -4.987000619166944    5.665574005898894       5.543138060824221      19.38291663859142     24.728934969350767      -7.836895527646637    19.390729117163747      -7.30421151747         24.91082262523109     13342.113404707097      0.0
WMAP5      REVOLVER -128.67412416193616   -45.40653258349887    171.1265101457253     0.07409763635322361  199.43692090679778 51.43229130219296    25.7124085476354    -6.932546604867409   -2.8139273359311785      9.764828391434508     -29.72183924187255     14.517478546454603     -16.917543183954216     7.662343438267168      33.16289640265148      14.996426751627686    21557.82889760992       0.0
WMAP5      REVOLVER -121.69638434669184  -123.93285885220159    263.067387340583      0.10746437004543864  225.52166837955957 56.56474810161961    22.55289794937232   -3.6378661406784216  -3.529028989610591       7.728974382305766     -25.011774228319997   -15.920956365420318     -19.04198356205259    -20.575370542812987      28.398258396009606      3.282173293578809    20279.883879365127   5127.703389768718
WMAP5      REVOLVER -210.86347721506021   211.36597930557565     43.78344751093225    0.10276752954331439  134.93181140030538  8.34284406234328    31.861160617313555 -10.01448597170611    10.007452033045158       2.22078793945318       27.254322915341543    19.845228534764622      33.47364263688519    -20.298143170553022     -27.61277227446963      32.8973436432465      40767.307848052995   5605.904973420973
WMAP5      REVOLVER -141.07568186722136   104.2386963280113      52.397978278420155   0.0618220213489222   143.5398631357237  16.631945271689062   32.273287352634604  12.36984137612533    -9.304776820391446      -4.505550477555301     -26.105143586373426   -19.08019052585864      -32.266772163572696   -13.281276857160664     -32.03057382543661      29.685618559943457    33268.75670619749       0.0
WMAP5      REVOLVER  -78.57258173814544    63.70191641062358    168.56107107961742    0.0664486028546373   140.96694321522259 59.03258113809526    20.762055801202955  -3.888550771151149    3.2091788611440624      8.300667561411373      27.710849928269266     6.9919603491402205     10.278281219697531     2.57712640021589      -27.772555540434052     11.944627860071236    16614.792638733044   3343.681593713295
WMAP5      REVOLVER -184.23034729218796   -28.266163266314656   183.46300656851403    0.08881036646463926  188.72277742517318 44.547165968240954   23.612325229075104  -6.8660243765053774  -1.0716310531396525      6.957972918851233     -22.766553874998394    21.265895630837672     -19.19043395270568     12.954625170267041      29.505373712267584     17.327697063242578    17207.896311055025      0.0
WMAP5      REVOLVER -301.2262866911068     41.370606336915856    69.89735360331947    0.10633069706681884  172.1798857850618  12.946490625326701   24.00193182623437   -9.310794545590316    1.0917319435802784      2.1771390863041034      8.169395035343374    -3.7416051111379347     36.813628059013716    -5.025142091839946     -37.48329109848877      -2.6945266720372363   18913.517392794543   2493.804575876573
WMAP5      REVOLVER -205.59386677630306   -75.26569787818215    117.31244634930978    0.08426761399641483  200.1071335955063  28.183538297893083   23.277886897089697  -8.193018491521139   -2.886588387166112       4.5862653761974395    -19.74190635813841     14.453118314410188     -26.170661861025586    -0.9428721357267931     31.057879290266374     17.86341132184264     16136.781040149546      0.0
WMAP5      REVOLVER -115.09107487141355  -159.66530071937075    148.88654235542063    0.08371697377690869  234.21491512766426 37.10576056253126    20.8496395207705    -3.8611320926394357  -5.38823826747473        4.864446228284804     -29.12218321626352      8.99556725347914      -13.151412002298775    -3.297526812442012      23.412533663935257     23.316142866418154    13171.208559159499      0.0
WMAP5      REVOLVER  -81.15790332617325  -205.52656030840853    107.99652062937773    0.0834261618713427   248.45203030458856 26.046527806560466   23.303751365852     -3.8577658114392075  -8.954906376841976       4.988059649172503     -31.70826062367021      9.167853812196233      -8.064412625073784    -2.420428094228482      17.296608385434897     29.18009691436913     22097.87262949587    3064.011861752338
WMAP5      REVOLVER -200.77156639537378   109.46451426754649    194.94738489447582    0.1023284884949551   151.3999334017563  40.448024307075336   29.39438413760552   -8.329098293819568    4.3213352784023975      7.830428273016235      33.21809494356788     18.638043177201247      25.047869360130225     3.0849032887473666    -38.35206487016911      24.44650368634392     32986.111289230466   4242.244311859625
WMAP5      REVOLVER  -63.85794461322844    54.52966853889884     62.95570872937441    0.035252563527473205 139.50527585322442 36.85967648722896    29.15866548464002  -10.790914233458972    9.131242291798657      10.720756431598613      28.88433432469225      7.717253019248222      22.500302919993636    -6.903639632810674     -31.0785618713504       19.521877647991673    30773.449125114363    353.36508091645334
WMAP5      REVOLVER -127.25470091775418    64.02810261553543    162.12933469139688    0.07305093745445462  153.29078144276514 48.69588093840451    20.510064563213703  -5.743197968029887    2.8308186447748085      7.012765544310072      23.400020591858784    12.805437822011374      13.994632781299096     5.291622163275718     -25.7776399651671       14.739214769736504    14289.088878432438      0.0
WMAP5      REVOLVER -116.75019688264719     1.566955101078012   242.37953337324805    0.0914084660295037   179.2310546266649  64.27863782384298    22.00439434028008   -3.652759258032997   -0.05807654163284704     7.691095301001959     -27.071222736809577   -18.71030121894017      -12.998316254491819   -16.9814222468351        30.015221845833867     -7.83839813266805     19159.560611262707   3640.5135970007505
WMAP5      REVOLVER -113.88846246064777   124.95777896454366    151.35398398904485    0.07686775761585404  132.34652877972846 41.83519775598279    23.433436429494478  -5.239768221362403    5.869973140909307       6.979302336012895      28.256051890953334    20.19486274018227        4.228482944188325    11.03487670723105      -20.84523641067592      25.816502204532224    17175.674691959204      0.0
WMAP5      REVOLVER  -54.389019557214965 -218.07284394146558    101.58736105187982    0.08366643548665638  255.99570766798792 24.322753591532784   15.17939880880208   -1.4873634426264273  -5.894053495711345       2.660162992598209     -20.11959130068021      8.366092583259615       7.287167255738751     9.81232854282746        6.422969320644351     19.71752245436727     11888.158359704175   4310.788442417199
WMAP5      REVOLVER  -73.7670019218003   -187.08677254580533    188.48737680179747    0.09369209143434284  248.4810301720911  43.145092575734054   19.19110936100605   -1.8230155530776342  -4.9245373911432795      4.798190571653478     -27.46906481740944     -4.313695572416469     -14.863829701210067   -13.194502507686217      22.3289980948802       17.90387469098941     15265.681549550627   3605.8292030862726
WMAP5      REVOLVER -118.8108033681411     53.14482625297949    193.85244064593832    0.0791310041391675   155.90072911770483 56.12204161677764    16.166950242392495  -3.06581251696545     1.2758423480515453      5.024459446700761      21.758534430781566    -4.51139677784154       14.42213217868232     -6.8172208322060905    -25.48764775994889       2.3122685194917074    7232.960045329283      0.0
WMAP5      REVOLVER -192.7832696526778     -3.938174557129151   236.5336032689118     0.10395663509946297  181.17027479891306 50.81289232678576    30.51086294684974   -8.77954278474       -0.05052195325501135    10.692279039830929     -26.576138599752948   -29.40972466919325      -21.960910461648776   -22.803375365406428      34.46639801146394     -18.56123462253061     35564.14932820247    5004.394303927758
WMAP5      REVOLVER  -63.50070039645477  -256.3826407626237     121.47363120216741    0.09893144334290234  256.0889637031404  24.697785283676833   22.137932508203964   1.6279365445977343   7.473240476171027      -3.814438353025538      27.77583602832942      5.0358975086049576     21.720569047002915   -21.252464273192196      16.54342064758713      23.341653293246516    26817.9798703991     9496.037800436176
WMAP5      REVOLVER  -94.57559285438099   -76.36176057124855     14.048537656647431   0.041150169544196404 218.91792968374912  6.592615371602331   21.218063682506756  -7.983274234686074   -7.175447798312602       1.3280368663288666    -19.91536711948007     20.781326253378374      -7.435422719654015    -2.379578492439148       7.928259545484766     28.5323290284425      16463.277954235076   2336.152403985512
WMAP5      REVOLVER -121.40106086328602    30.256808551270474   229.04330960009617    0.0886223845139628   166.00527679407446 61.354463539581786   19.657206684186445  -3.526160646243316    0.8877831427658046      6.572163681824209      20.91667916755741     22.507905156210196       8.18199831248841     18.73132164765703      -22.147964156966516     13.04170781812286     11988.892043005178   1016.9233998153608
WMAP5      REVOLVER -100.61033408675334  -224.58028844961746    188.01142424290364    0.10553047127172985  245.86796783821433 37.379983255412476   19.503522677730146  -2.410685034499318   -5.3673847896596         4.491245963868609     -29.826991415917387     6.203695779885862      -8.595801648904342    -2.4694331607116142     20.902022213275792     23.654053104883037    13890.87673628907    1749.2536647648951
WMAP5      REVOLVER -221.7090785482319     57.018834540432785   102.25559760880937    0.08507456549497534  165.5773049920587  24.069351158832188   27.903558289268197 -11.500731724329619    2.9388339427028436      5.049643871152023      18.573179806014856    17.593856044212696      32.06161484295283     -0.41758337053960537   -35.89271318264098      19.938081189229823    25904.369081438883      0.0
WMAP5      REVOLVER -264.6855258187703     46.301270767772486    53.813838995218866   0.0931419655628345   170.07768140828125 11.324876572559885   29.63364856780592  -13.056402374525792    2.100422170770486       2.5280362757099972     10.108190301434798    36.97348714544161       21.48571531378598      3.5941232628363333    -22.75674386501972      37.46982974967946     31301.545608636345      0.0
WMAP5      REVOLVER  -79.22521065617644  -195.41479669302376    159.34452127817957    0.08976832299616545  247.9313460613381  37.07742228373039    31.677009461358278  -4.118169662202623  -10.942674018447827       8.404450690787456     -33.322189281804114    27.12122241508347       18.984258788795447    30.27274555164421       14.027093006890807     33.097012375612294    40090.25999863867    3874.843579839079
WMAP5      REVOLVER -193.5050591196322     59.95224334345785     44.3784088600986     0.07015291204837579  162.78583663793225 12.356395638074229   21.73168096341077    9.765902296870038   -2.944376494461486      -2.076829212511235      -9.082046644277277   -10.148358443584709     -28.31903161351047     -5.976470015072865     -28.337557701019545     12.071679465466596    16196.774459780723      0.0
WMAP5      REVOLVER -234.83513898276806  -171.2527953172857      42.84117270813804    0.09999586010174834  216.10128485848867  8.385011860544664   28.47107330888518   -9.761428993020175   -7.074298985361685       1.737032488936553     -20.964784152260066    21.12577744238233      -31.77613906602959    -15.437543940757145      28.445885587635125     29.096871168445976    30772.045407213234   1006.8049405441371
WMAP5      REVOLVER -285.3386257141816   -114.60890237372475     28.986698673073718   0.10524121936862604  201.88331844480336  5.385195495935624   25.828069583891388  -9.835121466487692   -3.87565506959018        0.8085675925446147    -14.36713434592625     32.476126278425774     -19.090856606460537    -4.50072298031362       18.800243939492777     35.36884708083611     26322.83276532289    4620.184352536109
WMAP5      REVOLVER -228.10063171403644  -100.94688215913463    170.64271357415245    0.10293068974718181  203.87198475727217 34.376188329399675   25.922964972389767  -8.157317840604371   -3.7298637258281624      6.0364638251146765    -26.347560435080016    16.574731492797323     -25.363182728962204     0.5039255453869541     33.82657733088821      21.582040143286623    25221.840967137046   2736.0512775130032
WMAP5      REVOLVER -108.84227958286307   102.83945945505862     73.74010743923239    0.056303785131408775 136.62434469293956 26.217871390837598   23.745747194647116  -7.344085038259652    7.035494072621576       5.236310515137613      25.806664730897225    21.06357886444           7.893660234455044     4.781009030812055     -16.85966542256102      29.358116290729928    16688.253611658714      0.0
WMAP5      REVOLVER -128.40635812207017  -224.75969755449904    112.5389720951715     0.09599218602131224  240.26045263649252 23.49744667297591    27.484289277440876  -5.415519343049541   -9.603299049512687       4.9511460288018245    -35.051818639727514     9.481577872860317     -19.94879034139316    -11.976344455220016      23.316787656782786     32.12588737244244     25193.58789167588       0.0
WMAP5      REVOLVER -114.66739680637511   210.14555789821878    168.77087597540432    0.09968952170628964  118.61939931686697 35.183467861186166   23.06859959055515   -3.603344708964406    6.507097005256924       5.393504909143993      33.558018096699335     9.509880334825187      10.946387200813884    -2.169569575351128     -23.987702181449336     27.490954486099607    18021.77418493891    2812.252564916128
WMAP5      REVOLVER  -48.62755107037056    71.137478241047       42.47147419310459    0.03224930461180199  124.35539776092327 26.23790504152813    16.301301816565235  -4.024801960759824    6.139003029714301       3.7440843657295986     19.14026266021493     12.643785033707191      -0.15610437362030544   5.854789779503701      -8.611003923926855     20.412827569220283    10654.999391815534   2427.2553224744006
WMAP5      REVOLVER -288.88863159685735   -57.54422339328837     66.4330019667072     0.1028397939549308   191.26539571678828 12.709278537406304   24.74161075254348   -9.789287221848905   -1.8511026336315262      2.1296297435737213    -10.668420661872002    23.06146738369499      -28.99428468236434     -0.44758909121507867    30.096415069979432     24.102769592943027    21251.431199416587   1178.1684546222527
WMAP5      REVOLVER -101.88674934226653    15.290440082423729   193.04200944583957    0.07407946006831384  171.46514940743788 61.91088669203321    25.55819610129689   -5.665291706647459    0.8453543523828676      9.929591404742471      32.19452993205236     10.78048378754629       17.45067520604272      8.046664658196798     -36.49069424160134       7.697624870683006    23470.361129789606   3457.2719389524127
WMAP5      REVOLVER -229.96046469747316  -121.36441437014243     37.908696238153134   0.08923911306375158  207.82339314794604  8.294751406869448   27.09895521782527  -10.353672121417596   -5.470828338808601       1.7145840853570478    -18.90710654438749     28.81140037171485      -22.241986623255674    -6.104533302322433      22.186354869503546     33.928579639364294    24964.685698864552     14.2769815809055
WMAP5      REVOLVER  -98.07374783565488   131.47302743697114     83.50572363825864    0.06216041653139056  126.72150209152782 26.98106103376639    24.82462049998763    6.604439198197325   -9.004696323008375      -5.850500313793607     -22.07420181951329      1.2805479582328971    -26.88978050060792    -19.826033706741477     -24.36194645768484      15.115304809532674    22717.632767963005    616.913249997818
WMAP5      REVOLVER -155.4110420022022   -141.10717064046355    238.07625566179203    0.10821990852285321  222.2382248361685  48.59710239370742    17.316680846003198  -3.1689647761569675  -2.79310416772415        4.836108382947773     -22.46186457923719     -3.925532545620152     -16.985822580355133   -10.34784659134545       25.306764941742074      7.835322592635687    10879.369795499362   2541.753124012983
WMAP5      REVOLVER -176.5238762585075    -31.685521966946602   133.97432550667864    0.07581487409066633  190.1760609074809  36.76046211252451    25.77958260017672   -8.958480138059308   -1.716216812989973       7.048445568857246     -21.973014333125324    -9.455555162054422     -30.22972840470028    -10.28374464646403       36.93369237161078      -4.077565480997747    21622.449537505978      0.0
WMAP5      REVOLVER -135.8890439087776    -39.50131979413257    106.11157655973616    0.05970623006178731  196.20851591350407 36.86371569799884    22.10045246908091   -7.794377214491901   -2.5107982540680043      6.153501760694426     -19.942903139444763    18.47668027582942      -17.721826934372324     6.7599989186244995     25.481675737737596     18.959826945948425    14557.298647030124      0.0
WMAP5      REVOLVER -160.31980448022153   -21.45824367362292    228.2129252586075     0.09511175094966509  187.6235297673483  54.67229526737691    19.375656721495346  -4.290332979568405   -0.5412282284224675      6.294173503653198     -21.269924567894126   -15.763553049513302     -15.853827143354538   -14.120334913454379      26.445700489792017     -7.3508902970992      11971.001531919346      0.0
WMAP5      REVOLVER -204.1418618954976   -218.43047842535196     33.01269533551936    0.10243232825322708  226.93662847069552  6.301060108635919   20.54866591806967   -4.87357641117797    -5.366745107464179       0.7444081390898252    -20.04591473497166     20.81810597297116       18.847417763896924    16.008473252994133     -10.558089271518408     28.68848762022639     13589.148477520548   1148.5651000933783
WMAP5      REVOLVER -132.72318626052228    -2.1109731961497813  225.2346042104504     0.08877865158577418  180.91121725448798 59.48741413441119    19.83147198283142   -3.9784884942728156  -0.03848830444741493     6.56233467658277      -23.58267500848043     16.060785427761672     -14.20306238247838     13.6692237515486        27.54246735463729       8.448656617255322    12824.63308245896      13.408396910997492
WMAP5      REVOLVER -221.40778932330764    65.69524501255773     24.79212885968557    0.07871148369167136  163.47353194678672  6.127186090415057   19.119363459078247  -7.508516309954117    2.1772605524448108      0.8411834269896302      8.167872884378477    20.36723792615682       20.190391924255092    -3.4105935895467407    -20.14669760457849      21.702891161420265    11004.124140480651    364.4902171346697
WMAP5      REVOLVER -102.60415689288598   132.84601137143267     30.62429103873187    0.05757110781031062  127.68084932441104 10.339535374637917   25.085208329587232   7.53718460545887    -9.565851756831448      -2.1707242002023657    -20.42689506167142     -9.839581634160018     -27.565592961537586   -19.6220261556533       -20.413837331041446     21.827235456303367    26571.141757024845   6090.527051523307
WMAP5      REVOLVER -108.00355777657097   208.35783087659135    200.1751836173016     0.1051025488916233   117.40024201744258 40.462425708154655   24.106834980840038  -3.4143836068033058   6.515906263563664       6.316237306589086      35.278918263622806    12.899198679406865       5.763841500538588     4.531643313072043     -25.02333976423497      28.264059166817397    22929.28184102719    6441.824772107049
WMAP5      REVOLVER -160.12554815437505  -155.32009457295516     69.54280761020712    0.07919116480319469  224.12723184054857 17.31433660532991    22.942865166755848  -6.827992032639189   -6.689392766265917       2.9621910999870593    -25.337270776429406    20.621896928891825     -11.834049075235049    -1.8056145500970417     15.568024836295923     30.994594158117337    16970.337231415495      0.0
WMAP5      REVOLVER  -53.40130721646886  -175.14614642204344     80.77180237630972    0.06766471437868207  253.04376153214665 23.80323649466104    16.668921247702464  -1.8813139614730385  -5.705969050799767       2.753048687204876     -23.97799661703619     10.174460166530997       4.7020654139539895    8.300827736663893       8.652883399813767     23.606392540143425    14141.815337601916   4970.35645072029
WMAP5      REVOLVER -143.71605177889884   -71.49179161418493    268.31832877458174    0.106568247049241    206.44812583753674 59.1108852407064     23.15035169138185   -4.512175436954187   -2.3015023730995705      8.349358317460979     -29.881037657160547    15.335493261074378     -11.92113288588573     10.304499564272914      31.063315735479208     14.13138593642774     22074.50046167664    3454.1468598977663
WMAP5      REVOLVER -161.5639757121793      8.759065820939806    -0.45371801566576475 0.054560137138528045 176.8967916051642  -0.16066663106871118 14.280750183702844  -5.853305874223301    0.42680197093447       -0.029072153564647416    1.3892429256350263   19.747801490434004      10.20690881180794     -0.8403595944956298    -10.176097400167302     19.8025689025223       8384.0820371498     2353.857167371723
WMAP5      REVOLVER -216.17654539816766   101.13424072536138     15.84965010297594    0.0810942489431462   154.9283168193345   3.79942986834687    20.315549903980482  -7.64633975750857     3.494431941858102       0.5621328968352814     13.169131664340735    27.544901884776106       7.9018147851007585   -1.440223579339136      -8.053780459673137     30.474908999343054    13622.345600969238   2059.008670553976
WMAP5      REVOLVER -193.87267694388296   -67.91239560198682    230.3212586586264     0.10515829229046865  199.3050409866759  48.270269173418725   28.818950011931243   7.9782221742881045   2.829656300096054      -9.761342441242736      24.194423626793945   -34.17502279913125        9.86799910808743     23.680444054833952      24.39534734241878      26.42651804385737     36175.622043581585   5681.171523901981
WMAP5      REVOLVER -137.63869570495174   252.9412969088392     121.4293254892694     0.10651732887250895  118.55294251129322 22.864237378708026   18.54737557095715   -3.1317143398014067   5.682280767983967       2.7092780083737718     25.87396421761545     15.28748152991216       -2.1547797983342742    7.629121607581292      -9.006675202625294     27.708742548339536    15024.781374584989   3856.602256501378
WMAP5      REVOLVER -170.77179883523561   132.2387764909803     226.77107083282147    0.10674378627248868  142.24724760557575 46.3953399301152     15.959693888590786  -3.1403697122814243   2.474956008110032       4.291803881850284      22.139445182231125     4.928772856642079      13.357447982483894    -2.0301783453945257    -23.355428779723756     11.98287470949976      8613.621747371142   1641.6262442172456
WMAP5      REVOLVER -125.89337798888398   154.5232185468636     245.7964950948196     0.10788879131968002  129.17044228724382 50.961563054079875   17.734352409332704  -2.5856607668266607   3.2282264161715863      5.230072893408366      23.242573138120854    -6.929660882207764      15.768025700431314   -13.06341272482101      -24.33402862484973       8.56167804307604     12787.833502251777   2662.722557869436
WMAP5      REVOLVER -225.33005309743336   126.25913391314955    181.46623545654876    0.10761428115386522  150.73679254863043 35.090383833302575   16.71805647340031   -4.328746892387716    2.3331031810996863      3.54087737502686       16.37381225834446     -3.2936641160943805     22.187310893810945   -10.465524094912972     -25.413319617990567      3.950798194435481     9275.56445838511    1716.4152819821754
WMAP5      REVOLVER  -62.56161978077405   108.31423546515379    105.87422343525031    0.055267399952395366 120.01045946901581 40.24548017182293    22.119560540072744  -3.9862637104529606   6.711812502444899       6.638159522057919      28.3044285140387      15.969882583915128       0.8499432143165487    9.781757482412369     -18.653219307867573     24.734201534687333    19301.088330184997   4225.132139107017
WMAP5      REVOLVER -151.53363885080475   171.68531107192769    155.44942125264956    0.09408893527958008  131.43240838537034 34.170071800702104   22.446299316697157  -4.931513167481324    5.678219290222947       5.028434205654025      29.628892289339873    15.217161192842363      11.874251863134354     1.0048946375342604    -22.934175708325682     26.883304925678466    15040.42543017322       0.0
WMAP5      REVOLVER -147.34230807365094   139.13734946829615    126.33772244750793    0.08096335216021013  136.64053889563712 31.93997047405933    22.127973871218924  -5.6516751724573755   5.580018598838022       4.947919913539507      25.663022313261433    21.866614411929834       4.653056506208037     8.78406131509217      -16.373405755405155     28.49855542396222     16135.066141021174      0.0
WMAP5      REVOLVER  -97.0993540213344   -248.09055657896306    148.90223315893218    0.1039680680764713   248.6252840001226  29.201254158546835   17.67623323701074   -1.9114109058340119  -5.054277763818852       2.9426664026616853    -28.327451569307687     9.540929034830798      -2.012764475029562     2.909897704891562      14.174340152969052     26.23575081093662     10557.000053678114    960.8649363204603
WMAP5      REVOLVER -105.99211008130231   -92.173219385971      140.75211003337895    0.06722601823846619  221.01098518231842 45.05863175851794    21.127056446105964   5.047486503333114    4.230953229329919      -6.94677089213988       20.283913151801183    10.875994279225527      21.362242010064023   -17.317467382964953      25.958438023470027      3.2272914487076125   14784.56630931408       0.0
WMAP5      REVOLVER -145.63252734133937   -87.01705878683767    126.07164488222432    0.07151953075146962  210.85878797900105 36.61722243250519    27.26821763238618   -9.95318012164829    -5.858802227847241       8.112714907520386     -26.110532311022883     8.159633118933334     -26.141329614764686    -6.182013807966032      33.55577390378858      16.648674025787294    26737.611982978324      0.0
WMAP5      REVOLVER  -78.21029137757283  -156.30555934743833     65.45595692440072    0.06304266911426128  243.41808599134038 20.53109803677106    18.573518493068146  -3.1001035798224357  -6.210413070861429       2.898849014284364     -23.07832896193295     15.592696488420238       8.724799299937295    13.211372839743968       5.297658412163406     25.478136639327815    11148.782780250536    802.2606945982454
WMAP5      REVOLVER -114.82672224715151  -249.91120067342626     77.97948414657796    0.09724556733096781  245.32263384175172 15.829739447372486   23.509652774175684  -3.7882222984738316  -8.210239136735256       2.629400443845248     -33.687879197428806    12.528615834753666      -9.414405921441261    -4.707974161951449      13.188464696104006     34.397802172799956    20952.79464831342    3519.9582587370037
WMAP5      REVOLVER -251.32437647561605     6.639341217179245    74.71487365660984    0.08906918260217483  178.48674537572612 16.55094618088593    27.461637967180824 -11.431632287035177    0.3358821428282792      3.1851933889034934     10.077916098062909   -14.821433375952227      37.73249256181673     -5.042607036144497     -39.02566945213825     -13.982574521059103    25706.22517513127       0.0
WMAP5      REVOLVER -194.04296861900193   244.6468630149995      19.553916188864644   0.10663903307877468  128.41988084178158  3.583247042032176   20.789872848097314  -5.3546492413545      6.836056622850923       0.6768379411318303     21.985820725798426    15.485878281693532      17.528594011557445   -12.56918541542091      -12.49967288568924      26.808326427764907    19593.87427814083    6431.288214543887
WMAP5      REVOLVER -270.20233079356507    26.276679865278478    -2.3247417700508826  0.09225712122962097  174.44555668372635 -0.4906295356776412  16.95893798711558   -6.416692621803905    0.559155525751753      -0.1269519924677068      2.126754290583103    20.187586123459134     -18.579686591786285     1.2145488898500123     18.543971747683276     20.287805821054402    10356.951523485624   2193.6910459568435
WMAP5      REVOLVER -180.7243857113862   -246.58398774606513     12.86884707330074    0.10424240875587247  233.76186045990065  2.41035792622322    26.872874689208004  -6.6217887092725345  -8.636148843675725       0.6270582960961159    -32.10189424588957     23.609366513404883     -13.83915594939235     -9.610554301616428      10.258263218731889     39.79347410859166     30648.068202947576   6922.372414629598
WMAP5      REVOLVER -210.68729386098832   -97.44068529532039    206.32583467430882    0.10583786894245412  204.82005113800432 41.632028233350944   23.177510346232978  -6.69567864007192    -3.0683046922219313      6.433636485813644     -24.940354184825665    19.17678210895032      -16.810459606015176     7.346208356111292      27.9346889192831       20.967921914734703    19304.06193869918    2841.4182481453786
WMAP5      REVOLVER  -61.63310826467057    24.45132380877939     94.57507342535581    0.03882465596451882  158.36059184158833 54.965873692760674   21.24042551517884    6.196042283565793   -2.3272682090453474     -9.30780953121977      -18.569271259197322    15.180749916939245     -16.156934245778725   -15.714891510142712     -23.97611849427635      -4.466278966176046    17244.936223026325   2289.1925145781406
WMAP5      REVOLVER  -44.38579357603382   -46.11128327255386     34.671912704289      0.024397210902991705 226.0923148339382  28.44553699850902    24.683336659553017  -9.594936044400995  -10.26524016198416        7.585390184901379     -24.110661407222146    11.585204417324478     -14.819982331924031    -4.052373637266591      20.5030241854079       22.620616375691814    20786.683376443252   1595.7324117387393
WMAP5      REVOLVER -122.76495475434176  -204.80593003690868     45.185463496831616   0.08241516216128082  239.06064678123516 10.71556611286902    29.73285634911751   -7.181587580065839  -11.54586928651038        2.8284721850731227    -35.77129462897554     23.883221582830185       6.667157416400925    10.396723118694123       3.833897624729867     42.04766767134256     34542.53020938322    3724.7452863511494
WMAP5      REVOLVER -191.72091585114978    20.65530841240297    152.96422103235312    0.08348969798559269  173.85088081308564 38.42348863650274    17.899010425749687  -5.5883670279954645   0.6788165141650081      4.505601551862816      13.923966546060903   -14.870214531847735      19.510465301124768   -11.123469528571468     -23.810719299590495    -10.2092740217238      10782.37062409153       0.0
WMAP5      REVOLVER -190.5577781272705    -36.23754151763233    105.34757332390016    0.07473935163805619  190.76712652212177 28.50660737992904    24.6177212371971    -9.435346291326274   -1.7561920478280921      5.086596429660257     -17.818950479400286     1.6964921975667415    -32.46740811824096     -4.4516600224364975     36.52054497193564       4.351463121794849    18919.12804890668       0.0
WMAP5      REVOLVER -129.92729073568506    42.42459136762588    151.71105969735152    0.06906018569487452  161.91681221389678 47.98394236209205    21.48857941721484   -6.406224564384055    2.0527318835623256      7.488867939511531      22.92123403088151     -4.730331283563918      20.904184130989474    -7.7891903635797       -30.3840567730191        1.6652743174063442   15462.64821969906       0.0
WMAP5      REVOLVER -101.03689230482684   184.0369254687646     231.76586050106397    0.10658683916636495  118.76693445907442 47.8277881454777     16.550727845370904  -1.9891126318958041   3.6504120079362528      4.672876022728574      25.525161925123317     4.803985505861591       7.112513894706914    -0.5617793744753086    -21.323127001748546     16.418316264043895    10087.892739238003   2817.622507206122
WMAP5      REVOLVER -110.34593242133096    20.838978122045596   135.59224277551044    0.05942536778020873  169.30556609447748 50.368713203145525   26.331056416156592  -7.570160485399687    1.1341566243433838      9.517990142448276      26.21527510546764     21.78882554232619       18.254053249850347    15.278525485301174     -31.730429901946753     15.932793047792273    24170.48705914115       0.0
WMAP5      REVOLVER -221.14835619971768   106.43617971387201     70.77161629218872    0.08670030148634193  154.29901901916648 16.08540035212893    22.27841065787998   -8.122532547388444    3.72613762772196        2.496094806043636      15.397517561092226    30.556038926026996       4.4913482915018035    6.420801170092565      -8.079445890968978     32.95479547920335     15647.477553531326      0.0
WMAP5      REVOLVER -120.06773481424003    24.440789868409677    94.76598812035792    0.052208142763251746 168.49416544102817 37.71873150698579    27.38453809868156   11.031307033173574   -2.3015309456762023     -8.700084725308193     -18.7183353618212     -28.90083727003898      -16.0885252974654      15.03997461689086      -23.872474815071893     25.38524902687088     23995.71189254839       0.0
WMAP5      REVOLVER -117.60812644247522   108.48840903700979    229.12632874291614    0.09502257606093446  137.30980196301726 55.072482020204426   16.091643673876664  -2.2481489542275894   2.137835296348198       4.391838493215521      19.75639025885702    -11.639982550632418      15.779194465469132   -15.78348315117167      -22.737654820402437      2.988666343523155     7362.641650154267      0.0
WMAP5      REVOLVER -272.53762095899543    85.74577969465729    130.35346242156382    0.10704725304798686  162.53538314028177 24.524703726258153   17.32708266980134   -5.4054418452858775   1.7670568858831412      2.5853566091333784     14.443418467518322    15.401042566323376      19.671769873845474     0.8092990050735429    -22.997561808009316     17.41060343463688     10499.877643284977   1925.3144242262597
WMAP5      REVOLVER -142.11281595709588   -99.44749800654478    177.18761914117195    0.08411829178662032  214.98350315828552 45.610266317593904   17.38716732523697   -3.8944394780447715  -2.855900745027654       4.816837248481511     -21.074090905236627    16.558036671374516      -7.2212658483010745    8.671738700778231      19.010092722693436     18.282224407134738     9609.140097485744      0.0
WMAP5      REVOLVER -197.84175178577726   -70.0126299166344     200.40215312172933    0.09874238560030192  199.48795358724777 43.678764328178445   22.39629924109228   -6.119537508709723   -2.2065946870183963      6.202730893681038     -25.628952340242808    12.670863127304987     -20.777602334754544     3.645230944482014      31.850074629094188     14.926866010693448    16910.400228079994    309.64553049159355
WMAP5      REVOLVER -168.31981429206118    43.31223585255445    173.95767261317596    0.08341055607497888  165.56964936804332 45.02547056237304    16.79520916287369   -4.472026106000722    1.2746127957656856      4.532685145091613      19.55656685977232      6.507082050713679      17.465026791335507     1.1134895519422072    -25.668670011590045      8.316741266029915     8779.712266598026      0.0
WMAP5      REVOLVER -111.92774640272111   122.77373443309465    264.2019367884005     0.10636947810617002  132.35413879253025 57.837395125734524   21.201153639258724  -2.9394469105588863   3.145704561543755       6.777485090777124      32.02200102380289      3.675034414719571      12.1824538676558      -1.6700813497601916    -31.476957762500923     13.885400394483792    15909.600849250099   3612.3537304728015
WMAP5      REVOLVER -104.73618935997897  -175.92461616901008    177.5622925126285     0.09209257665466088  239.23267407455634 40.93348072531385    21.02307487423798   -3.3086300348882265  -5.563038741317447       5.442728991963416     -27.478112590431127    18.429415364315854       2.132871772583276    13.257619571420202      16.842040774120605     25.273623547583828    15662.620703745171     42.28927548993179
WMAP5      REVOLVER  -93.89324951788055  -190.5132889599562      87.89888471572145    0.07788097816482256  243.76391347863532 22.482122025691545   20.04666337064446   -3.2911467189611234  -6.491170791582784       3.016043326752404     -28.92257969875259     13.37693066071715       -2.7706868861741367    2.8368547771221073     12.22394685591704      29.40416382425658     12372.228182061004    227.4674648536763
WMAP5      REVOLVER -181.8205185204508    187.3259631182941     166.60210745644596    0.10552987418112073  134.14555502692215 32.54552007028935    22.337391652498617  -5.037188631415353    5.306000397865624       4.545731116530513      26.74940498774037      5.301911067476843      23.452741425951213   -11.651853852760317     -27.838735179039766     19.583154368788716    16956.91177445759    1934.966441760204
WMAP5      REVOLVER -169.6636584813809    123.1795108772319      97.22344399440813    0.07830968450547798  144.01953328620647 24.87767120790828    22.803784408141652  -7.135532644891792    5.124398258889682       4.020671808750571      22.026540507093493    26.795350876554846       4.939734056635952     8.529999913136152     -12.813204369802854     31.46888406289511     16623.03865502893       0.0
WMAP5      REVOLVER -207.29941953807207   -56.43138043023135    161.8413212556914     0.09138867904686165  195.22814834372306 36.99071942561125    27.414865321126477  -8.926990398749009   -2.4136818141805456      6.879797330694816     -26.612072040808286    14.644941791543934     -29.39294171136689      2.587714743450831      38.671689145405345     16.925158094974723    26632.45518514472       0.0
WMAP5      REVOLVER  -90.9766394058662    138.09726491583515    221.75683554729       0.09403936672238655  123.37635994766238 53.2869377857169     18.906111248215495  -2.467389530157598    3.7440768721153974      5.900764685138582      27.664912790457027    -0.8213175298375337     12.089143686696435    -6.75890580775357      -26.042396350964314     13.697865405530422    14727.508258472753   3202.138163642452
WMAP5      REVOLVER -282.453090573186      83.37099455173293     85.40462533817362    0.10446631316325382  163.55510835946336 16.172072242226605   24.69130773056765   -9.571137850638804    2.895840291983804       3.0045332641774776     13.101352410943065    34.66167090972624        8.327478695402784     7.66074689626193      -11.39790657806927      35.38938408962        23422.244284669843   2344.555844609339
WMAP5      REVOLVER  -69.11211918421779   -91.94703914581844    145.6799548574275     0.06269397153381817  233.06959526271265 51.706329541671344   19.650318499233336  -3.036920090620081   -4.231889479860995       6.647374830194052     -27.78718312275902      8.656504451992724      -7.183901281988357     3.2131815746183894     24.450125582213264     17.03355201170624     15248.57565151765    2226.038671833091
WMAP5      REVOLVER -219.1595268652855   -181.88752108920798     -0.36053055294136377 0.09687599501725908  219.69036875552584 -0.07252982841749031 20.18353554978272   -5.993940839160193   -4.860124627186262       0.004249221089634237  -20.046076924007522    24.72890691525961        7.1943449986488055    4.546379189032533      -5.579159737537482     31.844954447828894    17347.13415827926    3348.9605642553793
WMAP5      REVOLVER -107.55145652417994    50.69451577586742    237.5474913010739     0.09023322570522481  154.7630944739893  63.41056002590826    15.028732473023453  -2.1375290928212283   1.0383613651522088      4.605452830746803      22.66255436763331     -3.6201467253816757     11.33458352363864     -5.486636890410188     -24.807768820158632      3.0467324797694335    6831.783577540178   1080.1885199989297
WMAP5      REVOLVER  -86.4331667976345    132.5849103118015     146.27001217323357    0.0729434613266979   123.10065236129483 42.743471577731725   16.86976084409346   -2.6525985764359183   4.257637181990311       4.554144988911226      24.481383976052737     7.881197733507033       6.891305360650022     0.9665017374669599    -19.144574212796943     18.46107059380311      8799.446029233512      0.0
WMAP5      REVOLVER -114.32408484547261   -20.269057583891527   199.70265588644014    0.07827289479860539  190.05376699257016 59.82631146146498    15.391980573458044  -3.0362248944812587  -0.6496316122497671      5.458619893564502     -17.956813374163527   -11.388265153891393     -11.343361884904237   -11.069661575652534      21.0876476237247       -3.647584904858025     7044.942720337037      0.0
WMAP5      REVOLVER -267.13817711677626   -41.79119062697152    152.20579283308504    0.10573780758145727  188.8913053193832  29.37592686576444    18.454451167506058   5.99655402082968     0.8810692950970409     -3.375134811824679      11.00509875241825    -24.771157674285078      13.086162540198874    10.389561515206562      16.665632013462858     22.809501789203374    11303.327738039923   1387.1477811200587
WMAP5      REVOLVER -191.11558529322778  -180.7346870645069       7.148391905216923   0.08936615393519623  223.40089611944205  1.5566889136746598  21.773051389366625  -6.254510462169306   -6.148015941029441       0.25868659275981243   -21.721796605552452    22.678103294900964      13.785548005315327    10.330270410204463      -9.188315966833347     31.392702790342184    17455.45292942175    2828.6625511626426
WMAP5      REVOLVER  -99.49357355171192  -137.668573309188       15.682528240117637   0.057555124776684945 234.14422498328196  5.275021219550803   22.162555366472247  -5.892009960662224   -8.315634264853845       0.8276830176863318    -26.023086161509042    18.954980619323273       5.188463898784626     5.760499762656858      -0.8842937598764103    32.122754631916024    18609.770581116853   3633.947613563778
WMAP5      REVOLVER -177.3496214499243    153.27656196426662     13.919354433979036   0.0795880290888819   139.16438605019388  3.3982995860022123  18.41826974327896   -5.1131295234630905   4.332291072982124       0.4704087826302755     16.69987220449997     21.245369077723584     -14.141983390585649    10.604647596854521       9.591646886089134     26.93217261539844     12476.72894412229    1823.2788904479598
WMAP5      REVOLVER -164.52264047242434   202.9219608413947     112.06056895369186    0.09668597231310198  129.03403430879632 23.217422465100302   28.977816055817083   7.305691858918091   -9.245509642058103      -5.0522995697487705    -33.5714856410638     -27.703009046665123       2.1506064249076933   12.45959707012116      -11.996139268034211     39.96920518327607     35968.045698872134   1438.5360943164656
WMAP5      REVOLVER -149.54047372503422  -268.41136849166855     49.864355941189935   0.10608408043829672  240.87643569053324  9.218086485044664   25.534143739934116  -5.345198774430984   -9.345666494432413       1.8006997005243601    -24.99589788608099     18.80375263980138       23.39399415495979     23.122937991814197      -7.329546315053308     30.597663998644748    28803.70339312473    7145.625241198188
WMAP5      REVOLVER -254.20800119977912   157.04474336730934     31.32383960347125    0.102310976624173    148.2930367694404   5.984468829661475   29.473224032937917 -10.912476400218676    6.468842187341451       1.2682131839750288     22.333143236524542    38.566826671881216      -4.55192941424822      6.15013651104612        1.6757114830787079    44.37211906517288     36033.850228982286   4684.417540144096
WMAP5      REVOLVER -225.55835912666402   -37.78428902632153     92.32940445596707    0.08366295215445116  189.50957841118932 21.98452034624516    19.05520816377202   -7.1326656475763235  -1.3198616139671273      2.888840394102967      -9.074794899162612    -9.44780621132039      -26.72258209493467     -8.016926434393188      27.783390348086996     -7.100366428449653    11314.427762642197      0.0
WMAP5      REVOLVER  -59.07374995201885  -139.57367656968685    122.12847616975247    0.06578429928828729  247.05977056150994 38.86214238868533    23.265063424499434  -3.166577623977078   -7.4715393990660885      6.486716484165537     -28.421836921079947    18.61803733955575        7.570154608888238    17.074606943280692      15.443727174648707     26.123615045033212    19543.71932416726    2752.5744385155876
WMAP5      REVOLVER -296.15009158223916   -77.40200058504712     82.92409843254255    0.10812546685756301  194.64721875664395 15.158004664077957   15.870256764346518  -5.329742022303864   -1.3629744726640913      1.6177497861138885     -8.766832317184871    23.031603997318907      -9.47826816121637      4.244386873594854      11.281857892453118     23.488410702887194     9682.346380284851   1642.8267522427439
WMAP5      REVOLVER -170.81953930258192   174.80858198259898     53.65368450768087    0.08490482803284002  134.33875414530087 12.381251560694727   21.06089628978298   -5.822575053532705    5.925123530684863       1.8479391260604106     19.95509197501663     23.437358414012575     -12.272711146945493    13.628673673767157       4.0621200444659635    29.917334129693224    13966.618706040117      0.0
WMAP5      REVOLVER -224.14909575556783   146.1747408352208      92.08413886305496    0.09624956656862298  146.89035317467932 18.988896701703773   15.15609913250945   -3.8833219000151744   2.4729467530493197      1.6329902384878334     15.660227575773535    13.375979673921877      16.984559091074292    -4.127177742575232     -18.738891582025698     18.56295320453744      5562.340939360666      0.0
WMAP5      REVOLVER -298.0454722611502    -86.64610586389868     48.17283390355727    0.10706843324446784  196.2099077106898   8.822126852642565   16.787980682837095  -6.03723607809533    -1.7162652406184797      0.9062646609637411     -8.245608031690477    20.59229027418566      -15.932266692479148    -1.3694923778813737     16.351314276396156     21.842673990547922     9377.873385464389   1703.4425810824232
WMAP5      REVOLVER -149.02033638451562   -36.629756520153556   195.88529126232655    0.0844230764022852   193.8097360199016  51.92491543822317    18.31059448933807   -4.065940235142879   -0.979261173572336       5.523804409468229     -21.45026626694045    -10.65713105500391      -17.678326040244304   -10.993553818669081      27.471917988348153     -3.221864647936689     8787.629899040605      0.0
WMAP5      REVOLVER -162.8791771330699   -127.06007870064938      5.2907466512892185  0.06989923492212742  217.95736274554042  1.4671129481216778  15.433926335520614  -4.775317288959754   -3.7122062260516104      0.14371657431044324   -15.085968102202163    19.302643732670244      -2.678118771710407    -1.1852957601873448      2.4734061473465965    24.503996010745013     8181.197680568313   1057.265708494269
WMAP5      REVOLVER -278.0821231399367    -83.92699807340583     34.7393365215669     0.09956298208917615  196.79415660347917  6.819985603932551   18.045458965985322  -6.21544655621321    -1.886257992898564       0.7687359993125795     -8.013172403793448    16.843103151471205     -23.46059881799533     -4.786804227767773      23.238879883788044     18.318898928437857     9785.511790984952      0.0
WMAP5      REVOLVER -186.98965388063206   154.28977533053072    173.0838068325722     0.1014169819795585   140.47311895019996 35.52550529188547    18.747437039362758  -4.566334297315212    3.829914774806575       4.278979270416804      22.573307945039527    18.05511361011024        7.928929249945779     6.388750296492119     -18.09340866864854      23.012353311291783    11059.799767602919    244.1500705257999
WMAP5      REVOLVER -159.80953298641785  -169.52552283642677    216.4980246610319     0.10844241224133223  226.6898407303072  42.900398577431886   14.781279567285956  -2.6214874787406552  -2.8133297838445306      3.579263468722673     -20.989201520998012     3.3093353881594028    -12.771531786715466    -4.58577601301214       20.67813209809294      12.89451053567912      7227.327751177278   1279.2893218646136
WMAP5      REVOLVER -102.9830757676374   -192.98308916404858    211.69692175952676    0.10369075103376632  241.91393223268346 44.06233519530351    20.33699961576014   -2.6885546734021255  -4.9427701952273715      5.445999984727917     -21.801245971260386   -11.772613618611754     -21.447514833560724   -21.73094054543734       22.531668109743393      9.721637159237057    14885.994435532226   1485.551869065261
WMAP5      REVOLVER -172.21891598132544   -87.02543456005765    146.92242729501805    0.08224503184039202  206.8083222977502  37.28643908089062    26.78828894408233    8.642108461513482    4.415940484560013      -7.568978587454496      22.967816450063182   -31.108588660828968       8.074627784256208    16.24948316658397       19.813378693456166     30.112979504961288    23837.52314854976       0.0
WMAP5      REVOLVER -257.8470971361746     19.604102123385346   114.39261855351451    0.09616721939050114  175.6521694466974  23.86308632090676    19.93932220291175   -7.20886466667533     0.5594463315888252      3.2449922119416823     10.835726279446027   -13.610760294413387      26.41848381485387     -7.435232312011039     -28.457249146147774    -11.611516268666678    13991.153748782244      0.0
WMAP5      REVOLVER -220.8962832424868    148.2854860116502     161.49127430774814    0.10606712376850852  146.12692944005857 31.25737488516357    22.40851672396892   -6.157474993543126    4.148980203902843       4.428794188431246      25.30291528532624     16.538322570947727      19.68592160102098     -0.975461525967184     -26.9878512445146       23.926530811221618    18190.63807913607    2611.711293558415
WMAP5      REVOLVER -164.16553457854226   213.6986112580815      25.284991863554108   0.09197057830946001  127.53185103071266  5.360377286856555   20.488349446048787  -4.61858613466864     6.192727799536722       0.7317686764990312     25.79680879327215     20.008657254151494      -6.509413084843339     7.082350057442148       1.4417876049675205    32.4991303367077      15941.625966141786   2471.6522529878944
WMAP5      REVOLVER -138.05053393003547   154.26867729500313    206.95295974893645    0.09962597351714887  131.82443214483968 44.99089033206757    14.376824256297956  -2.492219038812259    2.7460909942573126      3.640434595012996      19.99984390667973      0.7958900236061381     13.09140545926671     -6.35841482418569      -20.282636410348736     10.946880561827578     5610.29841850381       0.0
WMAP5      REVOLVER -241.81390016944866  -119.7191122179214     131.85355521670337    0.10226814172749268  206.33945047082034 26.042888720902194   21.21226472946092   -6.728886986407069   -3.4014522009811983      3.7384084457052196    -15.74409437651334     29.73937190801603       -1.2794695389854702   12.696050782350971       8.018355655612742     30.147680762554565    16028.367051945315    306.0276743023583
WMAP5      REVOLVER -257.397316577141    -183.83476490055713     -0.442084662725926   0.10783714366091779  215.53466179460833 -0.08007967303079408 17.682384498157734  -5.4211726665852185  -3.9615887439778392      0.06252668943498639   -16.758873173481472    22.86339716229077       -4.435998869066857    -2.4045694716039585      3.737947483824462     28.34988385204294     13810.89494033413    4084.5763048054905
WMAP5      REVOLVER -264.1670000100771    133.38994169668197     67.58288483653672    0.10339351123936832  153.20871186406177 12.864103040901414   22.23937736173448   -7.648719966246954    3.7352666399156274      1.7380192605492613     15.983407840358959    22.099144236280388      22.84578505085818     -5.402832246480018     -23.31704793557958      26.33494429899731     17729.859176977592   1270.259571819389
WMAP5      REVOLVER -173.72943209509546  -187.16221063899957    126.45853771677933    0.09693038762322849  227.13162705629935 26.34487884786938    28.10501320846195   -7.499537112302114   -8.049463389523154       5.444277145671257     -33.17916360151164     25.21086031581829       -8.42985586995866      5.656894294454608      19.8773615411099       37.18146179756133     29076.794063582798    177.56710565610234
WMAP5      REVOLVER -262.41384543330673    52.242693393965354    18.703344741144814   0.09112435410218311  168.74047872666796  3.9986083236362626  26.699840986605643 -11.290052000717669    2.042519842834363       0.7728401256741645      5.620563016901829    17.2926336231459        36.405849656743136    -5.3016844425764       -36.10362112664725      17.96758351431917     27680.086690907723   2175.922874206025
WMAP5      REVOLVER -156.19127133807413   168.1960724702913      23.279472045360304   0.0781726369373411   132.88058719527038  5.7911815614834605  20.083640216470286  -5.533369450480072    6.041485052262315       0.8359279799953845     20.723854435588326    16.684022680593316      16.600077669067968   -10.48787374490077      -13.261666953127396     26.42199210151603     14046.12355748568     975.7010038887115
WMAP5      REVOLVER  -91.10384578815396  -123.34758088821077     72.83399362430121    0.057276055811377916 233.5506284760819  25.406302018994246   23.34938306002878   -5.698243663204379   -7.4940520165374656      4.730574700796071     -29.218816576999718    15.437049359992592     -10.740742665373924    -0.7090508174268402     18.940629130701577     29.15115484402426     17609.610035285008      0.0
WMAP5      REVOLVER -281.34912974495495    52.73125188486212     83.50257880015303    0.1015232685069854   169.38461578594956 16.26270951811657    15.840974236010487  -5.241068253408988    0.8918602661628836      1.708917875654917       8.378718049034346    20.365960568364898      15.067922528474837     3.8249262298540323    -16.701377170487        20.446853895823136     6484.618513678821      0.0
WMAP5      REVOLVER -231.00717945976263   204.54798699294588     68.77562574670927    0.10777398620933411  138.476343386078   12.565708915425512   19.594510499675362  -5.962573228097307    5.357664817954464       1.8034310952000068     17.81419616909359     12.821553587718602      20.80748340723911    -10.764808305152735     -19.02951466194956      20.942193744853896    15568.254773085657   2755.4912835449836
WMAP5      REVOLVER -142.82747256907172   126.0854954398162      16.28748603108808    0.06460966522760983  138.5625211748395   4.886357066795579   19.358689243584873  -5.996211428737563    5.423527118669628       0.7141776051211401     19.449615349028807    20.11902187440101       10.5127142739252      -5.255799975036632      -9.480349384612342     27.867079507567134    14226.618353411177   2257.001683859492
WMAP5      REVOLVER -249.49899225339266   -11.457553818231275   150.95500507547422    0.09931808321360251  182.6293035841199  31.148579512802115   21.642686226106665  -7.7843755047473255  -0.38665194511919326     4.622574443061337     -14.583391248786377   -15.44381024177774      -25.85009162212614     -8.975729468393489      29.627476718529838    -12.636881856276196    15925.231742641856      0.0
WMAP5      REVOLVER -265.0361259468252   -161.58446590747334     19.87215531530342    0.10600293897304901  211.36939180591312  3.663035873196033   21.031023070941103  -6.7454315736841375  -4.158006913935216       0.6781393097640477    -16.828935545100496    28.633957533863633       8.172008526750062     6.7126165137271006     -5.4950122158057155    33.07756424864149     16206.494660421187   2300.1236878825257
WMAP5      REVOLVER -268.0616050685024   -110.28467896935159     72.00624126511151    0.10169464196812307  202.36302178431046 13.950791450977615   23.208442085668825  -8.137446574993222   -3.4099853818616137      2.1771900752147606    -16.301868560639065    30.79571997306186      -12.696470495342794     2.6142633746182424     15.277149610295103     33.69861282520289     18309.946712768935    939.0738247422377
WMAP5      REVOLVER -265.6806031290066      6.7248405126713005  167.79007406011561    0.10713815197421449  178.55005325931324 32.26609663915619    15.673135893525552  -5.1920896310912      0.14428417562607687     3.2636837204184865     12.271286499477196    -8.981340685820886      19.919051691264894    -5.2435977930193545    -23.373475432928437     -7.3085535057096545    9953.141487788404   1609.5636027350886
WMAP5      REVOLVER -129.86995012430526  -151.7117801820235       9.969489034916196   0.06760481768507132  229.43545745061726  2.857873843138807   24.667388714005288  -6.775491461973498   -8.121297907288346       0.8066519525057847    -25.09652101356235     18.882216381738278     -20.694376818648614   -14.412571766468236      15.131617733342532     31.28501506071182     23805.768546487216   4504.940131267656
WMAP5      REVOLVER -238.13295786589606    74.54948611527084    181.11881553414372    0.10505798194816356  162.6168405075533  35.97370332674019    24.515689230244604  -7.901972030493299    2.4918380647829363      6.142023281174385      17.980110468507476   -15.508188759776164      29.42389125236593    -16.333387766730123     -33.2286164812112       -7.532638642017813    23497.4447103887     3185.9069202115143
WMAP5      REVOLVER -138.01334883043407   122.79968638987849    250.87895990898247    0.10618158328697158  138.3383761207122  53.6337140625746     18.429486940222713  -2.9741475036394824   2.662144404148548       5.456276485580258      21.83190686311308     21.144860595148735       1.5836145784724138   16.436093811296338     -18.310192865532727     17.892741526628775    11546.267061624781   1623.303387434818
WMAP5      REVOLVER -163.52811736162113  -218.29661997754368     29.888614751835824   0.09326205848664607  233.1627626721658   6.253564120010843   23.45394592556363   -5.862236154095198   -7.663204690946932       0.9692349541264157    -29.052755045244627    21.967555269672122      -2.034840368396414     0.5875212862603478      4.133207089460424     36.23249484834799     18316.182191606935    109.87802309860157
WMAP5      REVOLVER -138.34687693175033  -245.2375239457489      50.28169568980287    0.09729897361457554  240.57116811610436 10.124958338874421   21.839990298029434  -4.198705872834779   -7.4601329931410625      1.553559063614297     -30.293711151260332    16.17189236812481       -4.216070864113156    -0.7275813475423194      7.446028147942923     33.78916283704783     15659.466844293329    732.9150713016398
WMAP5      REVOLVER -124.38184113106828    -8.603570202771868   178.94766470783497    0.07383335746238837  183.9568824784879  55.13373578230308    22.531461455391458  -5.262676933728141   -0.13058347684079816     7.449011161281593     -23.067997753885116    21.642526494030157     -15.917987067300045    17.44795863268643       28.024853645651884     12.818151321907507    15705.10652583351       0.0
WMAP5      REVOLVER -174.51078446683033    60.24844409333428    135.06920362637317    0.07749818071196161  160.9531781952973  36.1897098616156     22.32824019163075   -7.378198099501091    2.3764801423853625      5.8273755633100475     18.926722898685735    24.36663706197878       14.026602699334909    11.196831933923976     -22.029396670252844     23.160489033975146    14328.215348165948      0.0
WMAP5      REVOLVER -167.92366599046187   167.5655353142266     129.95943062425658    0.09191249867672624  135.06116253038402 28.715149547833324   20.593135255469182  -4.6198338767194445   4.853801201353541       3.6627591227484775     19.523954706405867    25.86490476327633       -9.650014447625697    18.543597544419946      -3.527292521128115     28.063302380476625    14134.57655498661       0.0
WMAP5      REVOLVER -167.9174121474989     -0.09435331009250143  91.23890857162965    0.06457230375001154  180.03219467124242 28.517700243412307   27.772939099599753 -11.821683210848903   -0.12554370895215952     6.3434695568748305    -17.049182829370096    17.830341106542573     -31.419958663197704     8.140738679754861      35.7652965752372       15.878903627594587    26265.39853957764       0.0
WMAP5      REVOLVER -266.75791741965196    -5.678747063880357    98.55762549264209    0.0967488714851517   181.21952932493775 20.27327097970417    14.799515911833033  -4.934698872576334   -0.0832500744996687      1.8300716309273486     -6.296998684670435   -16.19942324783796      -17.716462543962127    -5.910961716673542      18.79392962177132     -15.083682852331288     6439.378219786369      0.0
WMAP5      REVOLVER -147.2133933086244    185.7272539421102      65.10511815428865    0.0833658345483213   128.40147513298533 15.360882873636983   21.708278344602835  -5.537122487986481    7.011350955096652       2.471449740666205      22.341095054286875    21.7040099124511       -11.519170440456405    14.50893674544914        0.9249258473762688    29.882371869191594    15124.604871791082      0.0
WMAP5      REVOLVER -127.8822314784322    156.27559652148452     17.871659430503048   0.06855284130711888  129.2938823173655   5.057728155149418   17.886118457914773  -4.749011626776883    5.6626883341076635      0.7139566897537495     21.174777059391563    17.055809897168814       5.571103644080984    -2.6100016007323728     -5.601927913695942     27.070330980832825    12896.050812877487   2951.2826514024905
WMAP5      REVOLVER -310.2595886788236     61.08643794834615     51.74005456946797    0.10927332452534264  168.86160773804133  9.292535055121148   14.643557912612867  -5.443571563483304    1.0551185745032825      0.8555813462218451      4.656695935515149     5.825865113769508      22.443311983207607    -3.3343780870558106    -22.49972976173477       6.532350291403661     8080.905824999793   1405.6593337557456
WMAP5      REVOLVER  -87.82302293228894  -271.14682007098935    127.37488700461806    0.10639961407423962  252.05313497434645 24.080158853247795   20.775067771995563  -2.1616340309772357  -6.493825876750548       3.2803376137808877    -29.185769553169706     0.5461583950677499    -18.15127044166268    -15.292416032538224      17.78178633220047      25.12400460271682     17136.215728446492   5199.926067202769
WMAP5      REVOLVER -120.60606104285584   199.78001527886053    102.34334388889796    0.08648907617594725  121.11914194548167 23.680345539032317   24.558246081932403  -5.216662699690889    8.482074426490975       4.289058598637666      25.71236707387854      2.451662075102208      26.424811748069683   -19.71214421764923      -22.896517804818313     21.30499235562581     23327.12019417231    2093.247422886084
WMAP5      REVOLVER -168.32761998361713   140.87005080379927    153.2515345706413     0.09094631272814051  140.07470481556655 34.922626684958736   22.665910681668304  -5.6771615930465185   5.054965070935732       5.5953296394745164     27.786039855432023    10.433028268864403      18.76694521554331     -3.867764768550603     -27.77231983893621      21.1658988407422      15050.822252985634      0.0
WMAP5      REVOLVER -110.5607699727862   -227.42140510455624     61.27609574059043    0.08834656513062798  244.07332601289994 13.62139335863571    16.403820980462434  -2.5556948761858025  -5.351263263469487       1.5004498493405496    -24.23544309577726      9.868873596209818      -6.083147010051988    -2.9001703193438444      8.484187811241412     25.318521739433606     8195.384312694656    146.27630743747622
WMAP5      REVOLVER -139.30332882266592   244.14681715778747    148.15045937613246    0.10833938719026473  119.7078688564459  27.791563655568297   16.217644371517462  -2.67476524780876     4.6742219156845906      2.876916062144516      23.61345721524361     11.313108314155935       3.5734361730901725    2.5958587629619876    -12.696323566186177     23.04159914198805      9088.594811077446   2280.448655915156
WMAP5      REVOLVER -168.1695056339503    -50.624606636095336   198.36596635798566    0.08998977923237979  196.7535395605512  48.479795431964774   15.730060712628521  -3.73379669165963    -1.1594449099602404      4.423946143196978     -18.20287998827381     13.779111104763059     -11.751890995474318     8.016189107516546      21.06963584204861      12.28765012990393      7243.724234722743      0.0
WMAP5      REVOLVER -180.86493153067738   -71.57686475724196     19.382649555406626   0.06606986170978117  201.59106416253053  5.69056619709133    25.1802101219312   -10.48576655368294    -4.287127993833543       1.0253260206847963    -13.949180829851397    29.845929992369935     -17.86215452955508     -4.039569459403254      17.71334721855607      32.751928380835594    21179.48700657989     652.7525642635768
WMAP5      REVOLVER -253.01478309424976     2.4952391497311845  125.6066881726527     0.09607182947990983  179.43496567387774 26.40053620047314    16.748383657051136  -5.206750530028067    0.07939512091126862     2.5752416967477374     11.66488647331042    -10.089928976229361      23.895716288065405    -4.798349749303252     -26.582347690546676     -8.88200180213572      9174.821452333743      0.0
WMAP5      REVOLVER -128.97207276892934    13.482546402421049    19.90061149461287    0.044145778692685204 174.03206223623593  8.724851632562864   17.319049349002054  -8.264223402165724    1.074713381852738       1.152395952588154       3.6512058763765687   24.34384006701821        3.4812083077513356    2.887008690473363      -3.9159056046488927    24.355657336714795     9686.688372197472    533.8729262914907
WMAP5      REVOLVER -177.67353558615596    21.76376194824067    263.869269441459      0.10872683263226106  173.01645845834278 55.84812962777711    14.60137992728686   -2.8128913875283406   0.400388881465662       4.2651938652678565     18.485315924317693    -9.691310976471483      13.100806407905186    -9.091672552832494     -22.581382213170247     -3.876155124023238     7853.756132111387   1901.9721002931199
WMAP5      REVOLVER  -94.06176893767262    -0.9424992038194161   11.989745735768954   0.031830318087772966 180.57408466843296  7.263771740940883   26.218787159812734 -15.651466564172807    0.42492806613776807     2.419177830634359       4.966192156011416    -5.238929891279684      33.05021971346234     -1.6763920260917073    -33.21042568653391      -5.012426795862987    31432.097950434705   6582.124394748955
WMAP5      REVOLVER -223.13115540415427    85.55577312987144     43.69620790897018    0.08238550971850787  159.02154471185744 10.362132179265974   19.805890345951635  -7.673066244979922    2.838127390203681       1.5841520642144022     11.675404843701234    21.113445815147806      18.72516319816634     -2.3628063162488986    -19.453656259103763     23.408097061896786    13105.022421429047      0.8069613609736456
WMAP5      REVOLVER -131.75798917971505   134.59869946000234    219.90789285393086    0.09852203737683167  134.38896019416646 49.419611357251036   18.441961152188536  -2.964654827923199    3.0256320525174254      5.107932117347247      26.325219161335994    14.357751044799496       6.7745450653231       7.96418955354245      -23.29394234783725      18.420364532248165     8812.633183458156      0.0
WMAP5      REVOLVER  -79.96573692726348    87.86570088425036    173.52743517855967    0.07115455332437608  132.30502969230966 55.602375678272786   19.765503971555802  -3.2572617266007717   3.679062220556833       6.856415057890849      21.940539660798517    20.81836207906307       -0.7476165426959164   17.248822152582306     -17.5462107647483       17.609425384204197    13513.713761994244   1965.3690092771808
WMAP5      REVOLVER  -34.11193199611942     9.92734524926269     25.76138918413317    0.014680395873895698 163.77380707247127 35.94658196678456    21.08253566687531   11.48441864144044    -2.2009737407599133     -7.387087958871065     -10.559182129377001   -21.52001858632622      -10.004087224528822     9.942710480982019     -14.004053122591818     19.63003602889651     18288.90527666488    3908.5002548037787
WMAP5      REVOLVER -194.77531649762898   -90.5296404695818      84.06721819633553    0.07815231257595995  204.92853896911046 21.37536677601846    21.45036785853936   -7.664229277808795   -3.651079339227618       3.3917299900103193    -17.881610919655824    18.930788630403345     -20.028408776977614    -0.9757306980767055     23.43279557914779      23.019748696350966    14858.872379540984      0.0
WMAP5      REVOLVER -229.08180483532206    30.536638528483902   217.5171363542713     0.10820921070252913  172.4072247974141  43.264771156359025   17.58227983074638   -4.629943922760519    0.6713506265153677      4.44674408963828       20.176604970252665     4.894599452895269      20.268887828453774     1.2641731004537615    -28.44703266621033       5.611068067727792    12018.063558164857   2372.184817132403
WMAP5      REVOLVER -143.91670116426096   219.69594894026415     48.820617025433485   0.09075027604226824  123.22769215746473 10.530300529237982   17.998435784546384  -3.7402000169372687   5.607628705901519       1.1988960604194534     24.24902307858283     16.244431729335048      -0.33075857060548686   3.1141722764744255     -4.063863545772769     28.723311564898513    12037.23398531134    2219.9136861432617
WMAP5      REVOLVER -310.05542281007564    -7.659824916453553    43.096393012203954   0.10672993480749954  181.41518694649585  7.910787575235884   21.150340619979104  -8.417510653690792    0.004785081734534006    1.2487508850816902      3.957257092617423   -19.527852853025127      26.749687633908756    -2.878839832991504     -27.023658645122342    -19.301971944160474    17691.874734421985   3050.1710716994094
WMAP5      REVOLVER -305.28733941012706   -41.937459742122435    86.55096154635702    0.10915375822496559  187.8217915463007  15.688398448674343   18.774842556023437  -6.936843538370037   -0.9259429445967596      2.1269357097164483     -8.828754065685825    20.976927546172984     -19.662205745414774     3.6115700127994717     21.219365308065125     21.01653449057115     13995.517320070214   3229.5429065783146
WMAP5      REVOLVER -274.9939686216317    -20.59609564199216     12.579961634140195   0.09383889889788745  184.28325838564854  2.6119394611249924  20.47730866610655   -8.540263982480036   -0.6789937510055172      0.49463708565323844    -2.7076675913059756   13.226824388209183     -28.593215736420778    -1.5010977670964814     28.6330797042027       13.387413092845753    15039.890800263462    501.1197590621659
WMAP5      REVOLVER -141.1806397455975   -164.79294461879311    165.4879009459503     0.09274706486541003  229.41282971234546 37.329852886975566   17.364475290544345  -3.4548596566534986  -3.8980500917106906      3.8730070147634796    -23.082745852346168     4.697987413612723     -15.862263328567632    -6.724056532524698      22.22034156163177      16.365922544747956     8497.346704675549      0.0
WMAP5      REVOLVER -220.38596520131426  -110.44630352892118    101.22363928542784    0.09052501458638841  206.6177134987183  22.32417713382212    21.607737623680023  -7.244348159925954   -3.5054820819551016      3.1075335945403793    -16.435801567732124     8.460064309370884     -28.772034887251166    -8.642789033935685      30.077615901699854     13.781080549525171    13934.644102784054      0.0
WMAP5      REVOLVER -139.14622868505998   -86.92006845708374    246.9258632899107     0.10092582276398476  211.99166439282948 56.39900783709993    19.822867148214524  -3.447639799659646   -2.276685810914236       6.223856128400856     -25.9880976932601      -8.126812080655617     -17.368620907452843   -12.05954527522803       29.656357826121646      4.168033494713546    11514.179219788717      0.0
WMAP5      REVOLVER -308.2168619078195    -47.91104088057053     27.972568127891936   0.10674397915774361  188.8356788935059   5.124526425885924   23.95246360022195   -9.708632499815753   -1.5682254561059032      0.8189750148122714     -5.449864898515947    36.530596211954396       5.345065910196535     3.880341292445633      -4.805350213105321     36.79835710180629     23211.4412588413     4424.7457387018
WMAP5      REVOLVER -137.64192233252365   -23.94272024154991    251.95645235341314    0.09801940569763551  189.86782498756244 60.991812327528905   17.937847332132023  -3.150754556590921   -0.48756242140485584     5.830542441525639     -25.868383481078407     3.4334966546350323    -13.6918449668194       2.0082424298498878     29.192558490266507      3.526374037631734     9388.221416064518      0.0
WMAP5      REVOLVER -123.73292186257967   -61.85968796435796    227.46171562592244    0.09043449030775623  206.56254208953123 58.69343638446975    18.466437695289645  -3.2833937100667017  -1.5299582948743846      6.04144844986753      -25.953617374305438    -2.2679070824044345    -14.679550447036597    -5.131886241647672      29.092955859680792      4.578538799571429    10251.70180148945      32.479321904660225
WMAP5      REVOLVER -239.3373262970336   -144.94033278948658    104.03085513764518    0.1016409578484744   211.19868560318454 20.395111883256153   25.343383624733463  -8.52427081871934    -5.522823069256351       3.7735916910565157    -23.054090975383428    30.072721048824757      -8.064729806864987     6.368555420171526      14.38679539121192      35.441835671250445    21585.27424646473     337.2986250056618
WMAP5      REVOLVER -252.7095756943698      0.20556048487054682  28.08637809549972    0.08629830898687244  179.95339414588116  6.341877507093731   19.466825808363428  -7.724676151292855    0.005573542863141436    0.796093151470242       2.4794936090013326   19.26149267666846       23.92424851101875      1.9583562234138916    -24.063767498574542     19.170857111579732    12132.591285522172      0.0
WMAP5      REVOLVER -195.5175136740282    -95.87322661663234    161.7321562072396     0.09217470871520392  206.121309412992   36.601764606568615   17.256756111717035  -4.9255967160119996  -2.5314930154944966      4.243888451773588     -19.146397240052003     7.825320376102711     -17.55411065571642     -1.6105660580697945     24.05734106941544      12.481004768141105     8365.937114519866      0.0
WMAP5      REVOLVER -198.69553702186263    53.892726858302      190.2612126583272     0.0953221257119525   164.8246158210493  42.74290223062718    22.079410439507186  -6.38582190515655     1.8173298423832622      6.0099391756216205     24.22877976029327      9.84914222634944       22.765876399160184     1.9891202795264242    -32.48206823261841      11.935694804604786    16018.461981569022      0.0
WMAP5      REVOLVER -210.84584559210566   -30.606714351824362   207.39382762368496    0.10122792045745556  188.2594537740388  44.22848493212062    16.37592870697944   -4.2269446084972495  -0.5258645663163523      4.110709955491084     -17.63905111553233     12.539802610219137     -16.53365352612716      7.240389901768152      24.059012356768076     10.522880384666005     7332.076634766099      0.0
WMAP5      REVOLVER -124.12878374405614  -129.98435723031565    222.66619208575523    0.09734422574063364  226.32004304434065 51.090049486434      14.761436414724445  -2.2953610862848124  -2.290084600901097       4.066859748160257     -17.984728891982495    -8.483676605165284     -14.927926645617974   -13.20943904155747       20.65535190255816       4.175720831848581     6092.131237848507      0.0
WMAP5      REVOLVER -143.43590918538465    38.755189182063965   123.8950869729729     0.06537823408558643  164.88018917256733 39.823535727236745   16.079545248750325  -4.573557009912144    1.2447324729504103      4.024490216675707      16.196554621373384    -4.225371111341619      19.713135897021232    -6.679219783773766     -24.975926106875054      0.13431609354523602   6876.331318157267      0.0
WMAP5      REVOLVER -113.08282011534673   166.85337673544083     39.88220779844336    0.06949664268104677  124.12697271622163 11.19223007361081    15.712621541797448  -3.443742494075007    4.853286327743139       1.1854690820823583     20.485654592230773    12.653108067791626       7.708478430569098    -3.6941941388543675     -8.378704461378426     23.57075261734366      8345.561377307484   1357.1450646041096
WMAP5      REVOLVER -183.35828946971745   -25.563881973391457   210.65620412285952    0.0953630424422603   187.93703629577786 48.68990398524827    14.400155574397518  -3.1143961111903375  -0.430242642239249       3.618352129332071     -18.819561952277393    -1.2578177236428165    -16.347976997549193    -2.4165666783383477     24.82517639468233       0.8718619713877288    5964.819871858776      0.0
WMAP5      REVOLVER -317.29747517191163    17.32780136173454     21.052380043817386   0.10859138276518007  176.8741488082828   3.790324536473526   17.93752323043043   -6.825156042162214    0.3514990383385605      0.41600542087221065     2.3058950454891525   17.457090664484248      23.081292790428478    -0.12428131431889432   -23.151736699875148     17.52278565802976     13635.14744247756    2907.0459288647194
WMAP5      REVOLVER -166.60516827838822   -45.3712272415519     160.12084423559097    0.07981822714562965  195.23381565902324 42.84003412866989    14.865569452782347  -3.8326877582512613  -1.087020403317981       3.6922756945400073    -14.26080545144787     17.573106186800974      -9.629532690210048    10.016307929458817      16.48518935335538      15.250518277125737     5742.77960814867       0.0
WMAP5      REVOLVER -148.8982454266082    200.36099275448248    196.17075326727942    0.10824960916306166  126.61788110163796 38.16187725851854    17.38552276591351   -3.084139362391621    4.111076576028636       3.9713302068413343     24.68088308219675      6.270588451186209      12.675957699533676    -4.188917254958154     -21.108403343862424     18.598065158435787    10838.88337937812    2000.123961596259
WMAP5      REVOLVER -186.70992648309098   200.04046464969176     13.11338951101356    0.09311070926283445  133.02590679130375  2.7436699545540275  19.37118897044391   -4.81233213373758     5.050863858951479       0.3850195222671742     23.37697883827902     22.090628885941094       2.3921576397490125   -0.5120438819496563     -2.9362219728176093    32.118714772058546    14503.380542061652   2959.4554672941954
WMAP5      REVOLVER  -71.71324859252184  -128.94666644045384    166.18903395261668    0.07525586527451138  240.91952543656714 48.400542678528176   21.91770033070438   -3.3833775542299773  -5.660409609680643       7.7328559919715945    -29.975355038387956     2.0459027542610664    -11.617608798034752    -4.906073495616278      26.633004177700204     17.34865022404791     21561.80608194097    3886.4653677581086
WMAP5      REVOLVER -308.7560765869274    -11.025844304212404    71.81381262894867    0.10814568109365327  182.04519379297955 13.08561283963576    14.314544137227017  -4.750299623275703   -0.08713260696697603     1.1806157806626512     -4.744283020705854    16.001652331778455     -17.908027750280024     3.539507293051271      18.51699290024168      15.608087175496989     7603.3565737568215  1404.2991625536138
WMAP5      REVOLVER -140.8993845812997   -176.78704882430551    195.33254079930904    0.10172752102173058  231.4451334441595  40.82855897093439    16.721939949783565  -2.772748625577427   -3.6134033293002754      3.9722021918363497    -24.541291277576132     6.0988918112886505    -11.582762775369186    -2.9170180027171018     21.446605500221956     17.473198670882912     7813.9270673143465   268.68760701735863
WMAP5      REVOLVER  -44.23642343076806    37.233464454195946    17.702471236508227   0.020250888875042245 139.91293342653427 17.022669527962123   15.820124307835675   6.806396488459948   -5.626548751070915      -3.0578390148890313    -11.729266473078617    -5.51825609983378      -15.954175785717247    -7.820488859949413     -15.498354005132136     11.110099744104485     9842.48664498752    2348.2087651652128
WMAP5      REVOLVER -139.98759679551335   229.0592863215311      96.64993110480245    0.09705367694749761  121.4308262060311  19.800465925274704   23.101832684528816  -4.684698919850765    7.381231229870061       3.0742855633144215     30.36440058270703     20.111272543118865      -2.016038597693496     8.276898241582252      -9.05331359385556      34.34924150994646     19567.180826818618   2045.1097916696217
WMAP5      REVOLVER -134.2835214992561    -43.51637156013472    139.14082100338982    0.06700547048562025  197.95561054639907 44.58756288828221    17.20176679927441   -4.793276608513745   -1.540850615884692       4.740367967201491     -15.301134161662011    20.6134186872017        -8.77154893224642     12.177194910603923      16.57054292542243      17.69934219769506      8880.851509035821      0.0
WMAP5      REVOLVER -137.64701999571733  -132.2550695022374     144.0519132519802     0.08107796829194702  223.85552972755343 37.039747991944346   21.573889242423693   5.554021103928704    5.525807049399803      -5.6758338136959186     22.87550671000738    -22.69815251487106        0.28637833819149516  13.144325381904443      13.57606931258712      26.079445758516634    14359.073400501733      0.0
WMAP5      REVOLVER  -80.38599704022987   -39.90666019611624     71.39993902573897    0.03854717656904303  206.40154666283112 38.50480117773223    18.143610096897724  -7.006747191637104   -3.2020194115570755      5.963391681029757     -16.017260684049262    -0.03510879833148181   -18.838493491350935    -6.229894241802702      23.416039416549644      5.253272038173545    10049.384331551288      0.0
WMAP5      REVOLVER -196.5920014731321    130.87729002659108    157.59597675902435    0.0965706186103179   146.34708308155433 33.71489803074915    17.80334317026153   -4.6048483649127405   2.9813990447069587      3.725978298221744      16.741513349906246    23.837202640994725       1.6167343744346756   12.663855731353177     -10.526983479364791     24.074287789020914    10755.06788133991       0.0
WMAP5      REVOLVER  -79.15562598749281   124.39449926319378     71.20832002568183    0.05522049783560893  122.46971375231095 25.778361723618563   16.386713195130785  -3.56117897298853     5.618588844561938       3.3855803179643176     19.692031100174887     4.344097935536517      13.504079831306129    -8.201906946511519     -15.388238263173694     16.910461400906257    10660.156081757828   1506.707500689069
WMAP5      REVOLVER -117.82439472704881   196.47231167462058    140.46091493983906    0.09130048125692211  120.95110523481789 31.513101858892842   21.149443081634647  -3.8301608924798964   6.279119243984221       4.521877448340899      28.872292272871956     7.141871902025635      14.538399192097739    -6.830959820749829     -21.56514918812992      24.15953757064402     14429.828577186945    646.1368162839099
WMAP5      REVOLVER -216.96044406222262    56.076176947553535   217.75936057298708    0.10649876560548018  165.50831949769878 44.17913285447035    19.17414991677938   -4.948742555286286    1.2006241633732397      5.083150691906716      18.294921595360588    22.057972521737376      12.601145652036394    13.476332140294486     -21.584925131118712     18.218283627970504    11835.75702226747    1224.5346669045084
WMAP5      REVOLVER -228.96463311043337   -52.39787342304589    205.5625946420917     0.10638201320829481  192.89000675720862 41.191365290821665   17.20615004710189   -4.328137644015099   -1.0681853244111688      3.7991252247659326    -19.325118812480934    12.353408099972418     -18.542701490670343     4.629874507662531      26.229980731909023     12.64954740312723      9060.255379807651    963.2503064306438
WMAP5      REVOLVER -314.06519776194534    38.85159449351593     -1.168348868025722   0.10789169864482998  172.94802317734596 -0.21153173982801526 16.21009955857975   -5.9032101635006      0.683985788813026      -0.07420444010516791     2.717333328102908    24.567053759805166      10.276014798516503    -1.4897587344623138    -10.17558844393956      24.720906341684795    11715.099173841885   2885.0550521551672
WMAP5      REVOLVER -147.40593222775215   150.83509276185603     85.63774430053775    0.07711045331153715  134.34124499363648 22.09982397075752    21.51449629436238   -5.824146709735155    5.955635471966797       3.443728798406788      18.153939100093755     1.6913432648329512     27.777501172417423   -17.71953786163661      -24.901284371632265     13.09678752496803     14501.180368539393      0.0
WMAP5      REVOLVER -212.76055861970966  -118.29015934337741     60.28945130779327    0.08509671745288426  209.07309023064923 13.910174643215074   23.454349020898324   8.711872889281207    4.7178597076125826     -2.450667936173152      15.219047370641182   -31.46028626455358       -6.463058717474683    10.550880757672285      -1.8640729005694021    33.918711047795725    17366.086521935616      0.0
WMAP5      REVOLVER -182.83192171142932   235.1866830586993      45.320931405026506   0.10261650573858977  127.86115970322254  8.650544578309459   19.62503026771191   -4.311318034936497    5.62145745202105        1.0611589484223796     25.92668126258295     19.4211749941616         2.452846125794103     0.9518923556354015     -5.315689044571254     32.02708748102948     12954.006883124475    602.8432861846832
WMAP5      REVOLVER  -42.451829498287125    3.1147057511796095   61.88592796748383    0.025178946253120962 175.80370744476537 55.47930492102749    15.031945033450892  -4.761622568502198    0.29698078017651613     6.709491391856606      16.577688229681645    -0.6603327136939272     11.79415784459888     -0.9594505804500788    -20.244170100573573      0.21515608396381566   7140.631892747615   1173.4127605859665
WMAP5      REVOLVER -284.63927759064103     6.769111677202299    65.70438360813976    0.09944540379458246  178.63768471030102 12.994583285005282   19.425670783049167  -7.313742354069916    0.22147956926247456     1.6460256857307731      5.610426338738972    21.454458038253062      22.041872692190058     4.056810608288325     -22.720805799030423     21.082697646080405    12393.528803675328      0.0
WMAP5      REVOLVER -185.39128147116557   121.62654206831301    125.00122529905961    0.0863915176196263   146.73299454901436 29.412625436382953   16.014520099586893  -4.459095226370305    2.854269070951829       2.9610546647807774     17.506220905667927    15.503115217499428      11.41885160233607      2.194189482496401     -16.93543734686212      19.628950306341537     7153.117431461299      0.0
WMAP5      REVOLVER -197.88059837442574    25.920172871182704    81.408219062395      0.07295264257885994  172.53737365306617 22.19133645580807    24.00238532355661   10.72093344068995    -1.3025851881901163     -4.32248573291603      -10.439167385333949   -27.753143636919145     -17.528521681460635     8.36574434525139      -20.07200259994676      26.798025198599976    20911.5653504985        0.0
WMAP5      REVOLVER -159.03206410435686   -14.91197114586592     51.0027947715511     0.05656349659325797  185.3567947229573  17.708645393318236   20.13119584713431   -9.121449966731847   -1.0297141017215565      2.8891940670718066     -8.642341449830838    18.65661521538225      -20.63541041837909      3.3900128885087466     22.133003933136578     18.590824280265654    13853.133682815376      0.0
WMAP5      REVOLVER -195.5972733214005    170.5362484730635      45.505242132388034   0.08947808600851744  138.91566114938917  9.946065212048246   18.510787146110363  -5.670747577235993    4.922789041966964       1.3673614972996098     18.544745732476418    21.97177324194619       -2.193884076055861     5.347706685951846      -1.6911713753276922    28.266683480566453    11986.106717401146      0.0
WMAP5      REVOLVER  -29.970935613125572  -68.6970268137802      37.26286161634174    0.028074915945650803 246.4294618313437  26.43509529673842    15.45404081466537   -2.5813342433464257  -6.44029592871372        4.106550300834878     -18.529086526839443     9.975542945230218       3.9974386929774437    8.255282602017065       8.139223553844626     17.95391425518778     10746.026621623447   2783.5951223615234
WMAP5      REVOLVER -201.034111093775    -137.70425790989384    106.54991560296695    0.09034001979668586  214.41034645580626 23.618008690606942   20.186315112010305  -5.6552485747967225  -4.182686425584458       3.128545965732657     -22.16715636803297     19.71082112369884      -13.7177449129617       0.5573771347259115     19.093241061718565     26.53409838477622     13161.51623149626       0.0
WMAP5      REVOLVER -121.90220950839239  -278.9274664559926      86.08335004892996    0.10784939950833997  246.39279100458583 15.79062712317627    15.129602453544154  -2.0903003117833436  -4.667452733807682       1.4872712236759136    -21.860106375560523     6.0793181197691855    -11.644989104167575    -8.505119723727585      10.671733905943192     21.53713369396847     10860.529494753742   3099.765095502544
WMAP5      REVOLVER -270.6853205451724   -143.09231668019507     54.51057857564855    0.10598543889958817  207.86226303900384 10.094863929915581   20.212791216160163  -6.351290952116571   -3.6093282420914012      1.2268443703144023    -14.927656326723751    28.866521982818565       7.644705967807101     8.507888787255006      -4.083312499134065     32.03182319011369     14085.846008772854   2005.0862319019352
WMAP5      REVOLVER -193.94292146078598   -93.36158162319286     43.119123981335406   0.07432226549053846  205.7055543273092  11.327899671926058   19.813446591152335  -7.474381669114358   -3.6063574222335806      1.4904334978149836    -14.020325912782821    25.71644675103102       -8.085277472040222     1.0866733720276551      9.637449815586677     28.769012685841826    11859.026759982871      0.0
WMAP5      REVOLVER -221.30684811228255   173.80088910003647     10.573198001978195   0.09576148644245731  141.856072178087    2.1518276128876046  17.33828412645334   -4.766782742465228    3.734906963199808       0.2706424442579639     17.907624331719276    22.41836268429587        6.02734628098324     -2.7135606106955996     -5.540846888638696     28.671015582860253    11087.149830543316   2152.860531963139
WMAP5      REVOLVER -136.14470894875592     4.782759909197597   281.59734142849726    0.10662131574111075  177.98802822559944 64.18363864343569    17.67832508271191   -2.6515611958782674  -0.014691045264029737    5.336147528124397     -24.631773005826773    13.103092528176601     -12.203589765703287    11.702386753713533      27.484932157755782      5.89064991776259     11126.75570713511    2000.0972089014492
WMAP5      REVOLVER -252.43262395019144   -58.87217124222614     49.883377487711115   0.08965188129407514  193.12782832545602 10.893182923874466   22.10365542064624   -8.798403897233545   -2.061367241929898       1.6947322908424545     -9.056162644705989    32.0526527003247        -8.029284912599643     4.110450871553491       9.358607354596362     32.72312323201483     16079.945509383306      0.0
WMAP5      REVOLVER  -77.51537928175543    28.10755875863818     39.243520792884276   0.03064457728300402  160.06904035995308 25.45184059271721    23.317932379443988 -11.20634020561712     3.581775294798682       5.614510591892984      15.924830622074293    13.342511047203248      23.273478799206686    -0.6476543880285868    -26.84695794570411      15.834316072158112    17469.991932531335      0.0
WMAP5      REVOLVER -281.34045875641084    -6.683914528926843   142.87410691730628    0.10759502265663949  181.3609420768472  26.916460248781217   17.32859303346878   -5.653292540935938   -0.1186673962713163      2.885250609811543     -10.047263889972836    19.004482551311476     -18.90473893625252      8.28602460728118       21.40669073583295      17.115877972896968    11341.447118429325   1836.3183845809226
WMAP5      REVOLVER -213.67790550339106    14.149187975402999   104.3111026448706     0.08075308050507207  176.2115550795609  25.970855256852445   17.50238806731869   -6.403877592452351    0.3120680968275003      3.1424591067144823     11.238353319417975    -7.97138806529262       23.69375459550175     -4.541811204622876     -26.184845381229568     -6.655217276783155     9675.14376305388       0.0
WMAP5      REVOLVER -167.15918490084212    12.870317150630234   127.51009890709526    0.07126874586554435  175.597233555546   37.25500017810622    23.588799240030237  -8.519527850858786    0.6794980862164401      6.545696062099977      17.736872109713843   -16.96708304644085       24.84668931181355    -11.87931083893536      -30.433684949929546    -12.302204089123686    17381.755611061566      0.0
WMAP5      REVOLVER  -76.02694862439671   159.83847904416334    150.57699685840623    0.07874850782783163  115.43803133123342 40.38864871543467    16.827452885400362  -2.092592139122857    4.413667486753527       4.119192308142249      22.261902940356794    15.066050474688973      -4.833824825235153    13.047854462134927     -12.764817589422211     20.30580069867583     10476.74642439087    2057.7509549697365
WMAP5      REVOLVER -193.34432189983355    51.23813562310767    245.73999670402767    0.1080281648732707   165.15724952208507 50.85636349468327    15.153161371927414  -3.2505266552241054   0.7778981890039183      4.0892637935998595     14.698833095495209    19.471949334788587       7.979860508084986    13.899660515235498     -16.290358380252837     14.147646179272998     7615.616991016728   1076.2877056904827
WMAP5      REVOLVER -280.72513822415186    58.77180938797406    131.38912365813468    0.10754732416247836  168.17550339003094 24.61265792541742    19.26214920069468   -7.197545295548901    1.4560331535002253      3.4306118776696537     10.06090377598287     26.088111672400817      10.035718513850224     9.23127443417164      -13.158912952753406     24.952496071042983    16233.034657342729   2788.6758997108623
WMAP5      REVOLVER -135.13426019396235   -16.444155686747504    88.95296304260191    0.0548381113703067   186.9380706621536  33.16204527829765    17.964924257634653  -6.321043139963839   -0.7364046117950436      4.071351666932901     -15.129380237671578     2.125319297089625     -23.104948411933638    -1.1071167469290892     27.49291023765113       3.253900487141727     9228.379222765665      0.0
WMAP5      REVOLVER -179.9370050758356     51.91202991001349    200.8900201599008     0.09335094613655738  163.9070893200199  47.00873989067556    16.99953170677995   -4.311738966290155    1.321321236172385       4.75468249668625       20.60277124313912      3.61520881827815       17.678766028309887    -0.9410131755638015    -26.565148852386404      6.529077843894625     8800.390397642503      0.0
WMAP5      REVOLVER -293.2891249335942    -46.427960396004316    -0.34427125964508126 0.10109287045468572  188.99533589430595 -0.06642824390725084 24.53329957603565   -9.782955259726482   -1.4432726350129785     -0.04602242958791003    -4.819018434129738    33.27183960839546      -19.036237206386673    -2.934289252732244      18.817103329083075     33.631648467016       28569.830113586602   6517.653088688769
WMAP5      REVOLVER -181.8338710508113    -81.7652780131483     180.82304377184383    0.0914504155208105   204.21203059769772 42.20689580214585    16.98464202456045   -4.186087885858275   -1.9306719089675457      4.239291208949547     -15.04676684269162     23.179175346430466      -4.301593070238175    14.36705422467791       13.06322492777261      20.136043703192612     9077.380735220087      0.0
WMAP5      REVOLVER  -38.13622998325803   -22.253207323843352    53.757729409890835   0.023311459429705077 210.26436525965303 50.60195966062217    17.159777238993517  -5.426301620187915   -3.051020565094168       7.654839862984563     -17.825733106008908    -2.703701823075923     -13.713788423698135    -6.325684584638119      21.32939784640084       4.017243928083291    12919.538396111615   2912.8959196647547
WMAP5      REVOLVER -127.27330740063158    -2.6084927411053775  124.89863047149194    0.06020564850914172  181.1741244635482  44.4544530661996     19.192552405979907  -5.780681032974199   -0.0674107560830391      5.789039223183257     -18.72640849488988     13.026810844606937     -18.547680037087247     9.062030847189058      26.347725241484575      9.355754526808644    10836.878411455476      0.0
WMAP5      REVOLVER -287.6030716397787    -88.5773094396596      -1.4082794433052903  0.10248312690972354  197.1180250566888  -0.26812454875323566 20.091142530869263  -7.251073001679294   -2.3583950575604673     -0.058786445380745636   -9.520116239576128    28.9835074827261        11.507704458561916     3.3372099555993824    -11.021251153368523     30.519131181258853    14129.609496796904   2469.4670657606143
WMAP5      REVOLVER -115.51620505843606    63.00050817171482    126.59778014956363    0.061659706341957714 151.39272506820433 43.894661710639554   19.54330204703302   -5.659568952749116    3.0192739682382475      6.084884564396183      21.003645072208055    16.604729986335006      11.296409622963054     7.567934680136485     -21.679928954062326     17.79637594277592     13732.036077316776      0.0
WMAP5      REVOLVER -198.1264272032019   -226.11418994748564     57.89527805541178    0.1043010066689341   228.77441548615425 10.900368362529333   19.02350494678809    5.005052801475591    5.825904703801501      -1.4026475565601222     17.021299753108575    -9.195508452649253      22.543330944419445   -15.157037410694699      17.49491592921704      18.580533882712675    13929.768798608739    777.8470047717716
WMAP5      REVOLVER  -62.701059409826776 -112.91441079691869    145.7724052483617     0.06582371007499306  240.95670736341742 48.45885182706862    15.437644543399962  -1.917843799942679   -3.3496127842072236      4.5286066819683395    -21.44875048431686     12.579999578332554       0.2214310825518034    9.69813017568795       16.251323500381794     16.127507843958277     9033.415233945358   1614.3536778958162
WMAP5      REVOLVER -229.52004424771246   126.8684686575525      11.622457371539655   0.08914816939852527  151.068135041942    2.5375874432605303  17.7385770922365    -5.750599898108929    3.271932168894226       0.2348556406274516     12.304255777796069    22.592408991852892     -13.47201081781714      7.457571952572506      11.262500375963088     25.6982340819327      12052.453567558105   2276.6971413120345
WMAP5      REVOLVER -142.96642043436228  -122.13500149896235    170.2856803619617     0.08609595489651212  220.50698429918393 42.16451131684181    14.58355837770743   -3.0591799670407935  -2.550364754021445       3.6900554994577006    -19.227051357218212     2.9953504525806993    -13.869648877797077    -4.481032613520451      20.890649688021206     10.723549132476613     5609.2975309287785     0.0
WMAP5      REVOLVER  -80.78113660873493   -40.16159636222327     19.17688170271044    0.030952866680173097 206.43498126118445 12.000806686301434   20.03735886034233   -9.726300064206809   -5.359440665108395       2.224806742099582     -13.4909304980201      19.166920755936772     -12.806893787968178    -2.285307354177028      13.5894558234503       22.74547992580844     12945.39825527612    1458.3817930612604
WMAP5      REVOLVER -205.46255431257416   120.00903190364795    143.29318012167852    0.09443107878743338  149.71114165833123 31.057005810720135   15.364381663060438  -4.1288266697832166   2.3240818847326707      2.8753890451067368     15.506816657940787    19.19680827875265        6.750392211600304     7.127530878115385     -13.071585969175855     20.7998899615803       7374.643555105247      0.0
WMAP5      REVOLVER -150.0241352446475    177.3212802652091     184.8868758709983     0.10106888666241431  130.23316683860781 38.51959535014973    14.516924366174903  -2.6519996984805583   3.0669701103928104      3.286306967163011      19.554577602504       14.012860593565119       2.7026414126667095    7.23682840671823      -13.689151799496729     18.615511809924048     6766.485006613439      0.0
WMAP5      REVOLVER -262.1185360730241     47.634638881403745   104.07707967257738    0.09729756171346196  169.70007879762554 21.3387280554814     18.5290709242518    -6.178338611928922    1.1587777200693532      2.5361412099057294     11.74876757717071     20.889073383326828      19.077041667138843     4.555278359961372     -21.788213136668062     21.052356199169033     9760.615214646961      0.0
WMAP5      REVOLVER -147.88968449734426   -64.67916679065628    221.74279266950154    0.09322189971210353  203.6220379314924  53.94773010711082    18.240258877800148  -3.550326096314321   -1.5044443406011423      5.367898445035168     -21.790325443533842    18.99212891086355       -9.089248001435402    13.35703837510685       22.581830066188274     15.163280227738007    10346.929998924099      0.0
WMAP5      REVOLVER -102.15439006389431    13.279145932939281    54.78610519813875    0.03922217696490204  172.59359793483912 28.005491284977904   14.478089047127929  -5.439008588259134    0.7696726419706444      3.071766914505386      10.79358171893813     -0.013133626599714548   19.114891817864173    -2.345557090126467     -21.801388787743         1.3094832587872554    6335.123928757454      0.0
WMAP5      REVOLVER  -90.64985487980259  -171.39650552506737    125.83094858533028    0.07832178310214893  242.12609557322048 32.98252210257356    22.329826796515786  -3.8931524987769377  -6.90532881630248        5.099743085142309     -29.37149877090081     17.77755612262621        1.6495236336036676   10.824686915506657      15.206874758225794     28.854517753291077    16570.286559613894      0.0
WMAP5      REVOLVER -163.50506547627148   -58.13237455072015     92.4434249378099     0.06646136743279396  199.5722672568422  28.045011167174064   19.07243848437292   -6.525947292890777   -2.4515907655168125      3.5928675793479363    -15.75193181201888      6.012641422093563     -24.508484834182887    -4.905002617938751      27.60001936752626       9.92359536385246     11066.29474474478       0.0
WMAP5      REVOLVER -113.15948912906833   170.6056744696106      69.66099515824756    0.07319786746946205  123.55555760274258 18.791903143395686   21.948417251616895   5.342971992735235   -8.165362267934025      -3.4291854597250833    -19.550926249011397   -19.556026973696124      16.10353071590516     19.163850081519417       1.833545773273356     25.493036119407613    18347.884303452727   1788.9642523139842
WMAP5      REVOLVER -164.5999165252353    -46.1517914654266     237.53277955885457    0.09960141591015924  195.66284284604393 54.25817023312781    18.722234415502424  -3.8740964453490174  -1.1147901413795684      5.609330245031018     -19.694661008918878    21.826704929051726      -9.264353935896938    16.227833486286436      21.187069066206966     15.418476710528438    10673.45309232957       0.0
WMAP5      REVOLVER -179.32832379352584  -166.38455425442518     90.0490527833122     0.08851414849085512  222.85580126034742 20.209028359895115   19.897509390940876  -5.487101283762511   -4.893810235876032       2.890602655679816     -20.963031260121955    11.223486923672604     -20.7917405844715      -8.767966066491443      22.098505092639787     20.76908510497742     12893.640221532574      0.0
WMAP5      REVOLVER -166.13477354096406    56.82380903193977     57.79992182297067    0.062432768110232996 161.11754702495023 18.220867676500845   16.203977494467118  -6.0067255805596025   2.0119080256632085      2.042657263303984       8.927080091058183     2.80237579303656       23.491164600034054    -6.2392894596164306    -23.934073765293636      5.226258797987536     7757.548126173036      0.0
WMAP5      REVOLVER -141.93450732114698   209.8572455746106     160.43516543478867    0.1021133078481288   124.071997715804   32.344394133333836   22.070862793399005  -4.367117609855371    6.4311101139484315      4.942746924444929      29.85470284900441     10.138503119328194      13.186426413121804    -3.7629966836491735    -22.2529020398854       25.628950101394263    17538.31774623848     284.7381307520133
WMAP5      REVOLVER -107.5532830049581    -60.9508890171386     195.89362262964704    0.07849253839119771  209.5404067304151  57.74505771454608    15.204140508911584  -2.6314996859859483  -1.5105944129863413      4.835651185442909     -21.23790192521908      9.561767679710192      -8.570423676697619     5.829006699912754      21.930761280961107     10.022955110966752     6754.267011881294      0.0
WMAP5      REVOLVER  -51.91092688772691   -70.23589406575715     12.958929419923637   0.02962407060802696  233.53211618456024  8.439840876276538   15.96058385666317   -4.941513104875822   -6.687901008631446       1.2836142684727345    -16.940677974452093    10.834437223158892      -8.76660446982002     -5.337411253329668       7.765181787424337     19.91087204436476     10415.111189542187   2546.559754740011
WMAP5      REVOLVER -178.19449161693282   -22.240162291012506    57.2318349370206     0.06367274908226617  187.11420486632684 17.67726649920638    14.519023473387133  -5.619784339642853   -0.6524613620162725      1.7439154666181842     -7.128989087787419     5.93311479736638      -20.753444627409785    -0.5397651995163982     21.8108818894652        6.420835128416025     6005.225923166456      0.0
WMAP5      REVOLVER -270.15414822098245    77.39671687164703     28.539606342738033   0.09606462909637768  164.01347175133952  5.798870966371998   19.40578558024089   -7.814372481035887    2.300940058831808       0.8422832443914192      8.915938218986534    27.470689360589944       7.674440528885092     0.6685992828411801     -8.233617196033705     28.695505500146044    13338.0429153229      320.76450092643404
WMAP5      REVOLVER  -78.46769866272219   -57.805410959289894    30.885795782597736   0.03433487933321065  216.37824967097512 17.583625932579142   16.250831496299703  -6.503790397504944   -5.3284747016285365      2.544195190340652     -14.387563486223282    11.844756314504833     -11.972042472228543    -3.815337947270279      12.9759378100414       17.423112115891918     8523.892931925107      0.0
WMAP5      REVOLVER -286.99615878813165   -97.9661060831805      86.07574808303265    0.10746402363148456  198.8473330849779  15.845990876465727   14.82243777911559   -4.901187137383811   -1.69774276273809        1.5461035695717424     -7.589083258914393     0.6806991914277035    -23.310123484975026    -7.120450879414231      23.286335781575602      2.9982116803370085    8602.920697063548   1469.042140958774
WMAP5      REVOLVER -226.7926469271581    -28.309838535864944   147.47844491912213    0.09243630464401789  187.11525467466097 32.832979059650405   15.722485779265053  -4.80083653154706    -0.6123451794325059      3.1745060812378476    -13.801489744788155    -3.776918039517188     -21.600674862913717    -4.357776858442364      25.492173665864772     -1.6730050423217318    6858.985255755899      0.0
WMAP5      REVOLVER -294.34180613692826     4.384164290080174   101.61001350319377    0.10613302674031586  179.14665354528745 19.04327431173846    23.379618789888255  -9.083770395032733    0.08359373852340854     3.123024272360404      11.864866422813662     1.0585731874241904     34.48235520146725      0.04406212798835329   -36.449633976390295      1.1038055183137143   20847.193174464846   3548.7374196445476
WMAP5      REVOLVER -134.3840254344068    -63.85769587366934    137.09665631519616    0.06841485633185973  205.41651294848222 42.65881902046933    18.632921996871943  -5.425598408878024   -2.553983002052023       5.604744357273549     -21.009496106729923     9.359843801809621     -16.072848453723406     1.3914544705236986     24.99522553041215      12.736861799198175    12835.514701024393      0.0
WMAP5      REVOLVER  -50.54434201485205  -177.36115074511807    119.21752671407576    0.07434968967704318  254.0935194760262  32.88010317680334    14.825777515118483  -1.1266302927999512  -4.463059181798656       2.893105912543952     -21.67034049756768      9.520782711966103       6.24842476810855     10.197499730226722      10.23856133810114      19.765649452159504     8581.811380262956   2190.7596465008614
WMAP5      REVOLVER -202.54451168682164   -50.63289272725801     60.27268950817529    0.0735599262824795   194.03538212669935 16.103093800996927   19.49716757622732   -7.22933986905066    -1.6932635161059302      2.1870199031733137     -8.60154531825586     29.13658121062742       -5.874470798394985     6.948036250788456       7.917725651418652     29.097362746074       12744.674713089446      0.0
WMAP5      REVOLVER -149.6184383079848    -99.77984841113694     39.05641796724656    0.062151380396816905 213.69913961455285 12.252971680507516   16.036731631750474  -5.6045982609066565  -3.565663648554804       1.4541351596990069    -12.073004711564042    20.923206249763144       4.773129017169264     6.979329373984092      -1.3527319613092434    23.583055441796553     8163.3559569438385     0.0
WMAP5      REVOLVER -172.31609729369956  -229.14458722382867     -1.22021213729548    0.09753664336540684  233.05693512461045 -0.24384801952510618 15.374521547117993  -3.5220372399441704  -4.775720844310173      -0.025126792597286854  -18.990234693919422    14.043830312659743      -7.3666135517893565   -5.991067187800069       4.294012528454636     23.63041770137087     11099.551224185085   2981.3950178963823
WMAP5      REVOLVER -121.2925391632431     57.60284592979801     49.7739956029199     0.04822710155957374  154.59656409316827 20.33898829065888    20.796328275594703  -8.349428098620312    3.654053925346382       3.438953836510259      13.017916152440005     4.20296216258604       27.140319107946706    -8.692936190343573     -27.84564286230636       8.481775651642709    13048.10971090204       0.0
WMAP5      REVOLVER -171.12722376960406    30.34423408281386    102.49144558927999    0.06822596473342213  169.94484387425356 30.52871406434871    15.753564095932303  -5.127604948514665    0.9448403287644084      3.117161832122363      10.688091793842306   -10.142987490819847      20.655910560769623    -8.415098649713302     -22.913380648138368     -6.897240673314501     7804.783920575752      0.0
WMAP5      REVOLVER -154.1366083857711     27.941695645022637    55.7426876148907     0.05608451071220089  169.72507308567887 19.587850903701558   14.339607465429513  -5.8680332476873724   1.293321052097517       2.127522193099343       7.70355142142264      2.0667116715424507     19.991224670045007    -3.3612143890333126    -20.942669005323456      3.4603055837070453    6323.245849303792      0.0
WMAP5      REVOLVER  -98.95924250813951   109.92202590198191    250.90701820040908    0.09911645555261071  131.9956834502113  59.48150517099503    14.406212785306646  -1.6885588865163916   1.8528034751463502      4.211218639657793      22.485058984874346    -2.202565622316072       9.984821734507891    -5.666891925939004     -22.75894418205621       7.740982584877694     6668.440752293881   1359.999684734317
WMAP5      REVOLVER -249.4042616595785    177.7543807763786      69.04650826619208    0.10701694079252658  144.52192408654105 12.704699168625629   16.48879363203781   -4.973329667829377    3.554180008340617       1.3412716402322322     16.201793927681198    19.13747459191349        9.363377582273205    -1.215961323755742     -10.912172398908364     24.40702351369389      9601.671757897037   1317.6991082591803
WMAP5      REVOLVER -142.94153416833907   188.0432799132319      18.20665124601345    0.0803067027439134   127.24036532740969  4.407645746235654   17.030937688575325  -3.8945201235460587   5.16322592999915        0.5914517766185643     16.782423619161086    14.533722543896456     -16.368885806231233    14.334270020546054       8.285836087035237     22.05329298295178     11287.493641996034   2767.211010870287
WMAP5      REVOLVER -127.8341658529858   -264.97054966420154    114.76967787246761    0.10765739091607651  244.2451682560957  21.31143790539522    20.659836750409138  -3.2989677453305704  -6.93213865414075        3.0891928477226       -23.428264310895567    17.581196497212208      14.432962178620413    18.641395454219634       2.9901673128788473    26.617184745845847    18639.94215195459    4283.859716582848
WMAP5      REVOLVER -205.64967961551326   -20.684191751241574   163.2472133333177     0.0894502674231913   185.74347914626077 38.30263682189253    18.380788259854057  -5.274697982019529   -0.49753690639323767     4.178075163413051     -17.496270774232826    14.055005477985597     -20.414821865286726     7.197314565938821      26.791526201887475     12.276809696993665     9650.025005709811      0.0
WMAP5      REVOLVER -159.27694037493598  -194.04894371303945     65.11033653527417    0.08805669275375838  230.62057392639156 14.53965476319812    17.975649917645015  -4.271586979800312   -5.214915035698592       1.8543100988223633    -18.394503929341305    19.09132031199869       11.317357261467562    13.502897904554505      -2.0355766778050643    25.38056794554158      9402.93775761063       0.0
WMAP5      REVOLVER -223.99818126684613   -35.22154076489849    182.04497918830236    0.09895287990973237  188.93603842430872 38.758996605972335   15.162512415831609  -3.952467852606029   -0.5770882682945901      3.1565078376515587    -15.56898810384137     -5.042037922941731     -20.416748263046404    -5.440872136231633      25.50568945083473      -2.1497928726203477    6340.021419157002      0.0
WMAP5      REVOLVER -190.8878173950504     27.123789869768917   125.46891322933385    0.07794000532768991  171.91281838650613 33.054255071840274   17.54455412057052   -5.828945363148043    0.8391891753624108      3.8555123703897336     13.995792787795413    -7.333646256199785      22.755737655504426    -6.727658038885067     -26.501271062972076     -4.402935249692256     8952.2863750644        0.0
WMAP5      REVOLVER -192.42548843166284    43.843188857998136   226.3941984757342     0.10227517375300638  167.1645584582047  48.920014699871096   17.116758183308217  -3.7121135673063956   0.7498660791096075      4.303966365672149      18.899377454080508   -13.123528426092864      18.586930628441703   -12.281869334085773     -26.220114759260877     -6.024703014742026    10235.347674923245    211.0304279284758
WMAP5      REVOLVER -216.61720201751132    14.966443966261377    75.27415871744766    0.07786280275865744  176.04762009969537 19.120002473979344   16.734510960462465  -6.178802958166325    0.5299250802073808      1.9301509776947694      6.819888077203292    -9.100854480346898      24.33048824104313     -4.691282760255565     -25.181399163095797     -8.104162320040949     7923.605593504965      0.0
WMAP5      REVOLVER -285.1246846604689    -30.954722662589138   123.89831405273279    0.10648178501411298  186.19608142020067 23.364459536235053   20.19857102869651   -7.137360246427675   -0.7321180492243815      3.0548316999393026    -11.043328247278662    22.8432804238285       -20.327219375075057     7.038860481408609      22.926520089627733     21.940260127918062    15683.33012871429    2026.7292582139955
WMAP5      REVOLVER -135.08743223588232    92.01039927549236     14.713627858961333   0.0553461620188456   145.74054207177346  5.14398381119171    15.034801650559809  -5.126939705583091    3.5371976265382394      0.5016935127782786     10.84142353637415     13.495936541432844      15.63809356028084     -7.763203766907656     -13.691518343197078     17.19800701505895      7550.767904156197    974.8410674193607
WMAP5      REVOLVER -166.23298304360802   208.64918159179732     47.91853206043079    0.09210316272242634  128.54469844188873 10.183038899784526   15.990837425792991  -3.463228840654074    4.378932804506823       1.0561103151336007     17.53263580608342     16.66347712334867      -11.597951900241277    12.036644123460105       3.81066676100981      23.670822098792126     6965.0334074659995     0.0
WMAP5      REVOLVER -124.37288389202685   154.13211366415862    125.2696212375294     0.07942458847457426  128.90088852963356 32.313470600122365   16.613264100036933  -3.432823989346347    4.203373195887038       3.348301906330448      22.54260532056688     10.064773132942854      10.476593717786017    -1.6206572799913346    -17.47216618443685      20.272545822749265     8507.901326634972      0.0
WMAP5      REVOLVER -219.74375632874805  -146.67085870520683      5.959382181932811   0.08975583019638161  213.7216492709063   1.2921816780782136  20.68353320741603   -7.384390342718505   -4.760403530714749       0.25710081481268093   -16.537448161933867    25.107089552145972     -10.109243535766403    -4.743855775689432       8.982729084827305     30.069653724155284    17538.043601590947   2809.590414565832
WMAP5      REVOLVER -283.29708626374173    47.47061366165346    121.03966849690191    0.10623392925360667  170.48761780514928 22.849522059251356   14.57893722675986   -4.614722955005046    0.7465059734362013      1.9022133571996942      9.356571839225214    -0.5971918418774462     22.933176217464467    -3.618053603179798     -24.501574717880597      0.838106232628774     7027.041658983057    427.4921557094359
WMAP5      REVOLVER -196.78874751621186  -131.33187336806216     80.5480039540317     0.08479833915769412  213.71815188444657 18.80149441015813    18.614330653685418  -5.997421829148828   -4.040073301045687       2.576987707253542     -13.448396157492164    24.623895097873206       7.3056756994573915   12.104985954918844      -1.1925012277992626    26.302381825450226    11499.651535026838      0.0
WMAP5      REVOLVER -174.01670851939932    98.05406936175316     35.522078186348914   0.06860603918436024  150.59982672489002 10.08409878058512    23.78143862529319   -9.061774625423196    5.075844849238742       1.9425749361225273     18.353781868360166    28.842610822250467      10.25299815424188      0.37694961583287956   -12.157156424422455     33.524406740314355    19586.39256631983     172.0438988375405
WMAP5      REVOLVER  -89.80405502114877   -27.625624078373768   189.872583823099      0.07168561893283738  197.09900295106323 63.671811433067994   20.402096001693895  -3.5812886512303694  -1.189364831195368       7.423793165621116     -28.829488951396016     1.6536476673602474    -13.642612201627207    -0.47416147610124426    31.558979750278706      4.827320846724845    17309.199442987778   3359.6324479265177
WMAP5      REVOLVER -290.3715073356065   -129.33292547748323     -5.343683773175894   0.10839950358242945  204.00843099973082 -0.9630973353193761  15.404731866170632  -4.846127094570912   -1.9944957265563172     -0.07576406219594314    -8.999725120662594    21.388258628755594      12.605202119828844     4.488746075521688     -11.788072328922024     23.206595002655583     9342.810605977882   2626.775218487069
WMAP5      REVOLVER -226.1280360756262   -154.71839551020176     76.29113506185314    0.09674055266905554  214.38020888861072 15.55947994681485    17.844877731890364  -5.409084096161026   -3.6797368003393407      1.8135767641041711    -15.053575880325603    24.30158720337021        4.409731648841986     8.886670319062258       0.5081816336728986    27.53603968565188      9363.567891140157      0.0
WMAP5      REVOLVER  -67.99220467558344    79.209869447572       92.14646100219328    0.04687976290601219  130.64214706071962 41.435446514135585   17.947466440255365   4.1660416016508774  -4.893624685960365      -5.812621394992983     -16.567076793009647     7.604198034832422     -18.27595763404071    -15.441134084019646     -19.924389964852324      5.707249338927093    10684.035612125126    139.9652957652502
WMAP5      REVOLVER -298.75310993695075    86.40748532341601     16.301183221376974   0.10613553840818477  163.86869978919697  3.0004548301569804  21.619441905814366  -8.080042199157495    2.3509674325802647      0.4445801382793348      7.00544345739503     27.76009564083895      -19.476358190166582     6.898794053198343      18.306864136169338     28.5746136692048      18360.31782949956    4038.5824962145957
WMAP5      REVOLVER -309.3766668139358    -16.21288125232656      8.567670781507173   0.1056109747683266   182.99984064604843  1.584132972579158   17.583642238597537  -6.2293655056500965  -0.26131018419127133     0.14363886232834838    -1.4112728126808807   26.140342064765573     -13.64948556977256      0.030152379208815246   13.668258101934157     26.173176062568686     9353.096111186214    578.7903159658057
WMAP5      REVOLVER -308.4624110716237    -81.62221891236022      2.3659451039697443  0.10880795543614626  194.82134250791225  0.4248361469760196  15.758731976625468  -5.934664389099698   -1.6687685759636024      0.04784545515498683    -6.787063177366514    24.18943681204793        1.8315193497900484    0.683753846080245      -1.7110691430379692    25.132401398303372    11273.434490256903   2932.6104900376104
WMAP5      REVOLVER -210.22523508628723  -173.7221321853662     127.91016635060393    0.1025822930537613   219.56903127826905 25.12767121800172    15.039575311934623  -3.6939214219061327  -3.063921482896194       2.2028839701237812    -14.871206017525092     3.336035744992554     -20.296899653961624   -10.384121179995857      20.40018760750546      10.961287892950613     6261.452308796347      0.0
WMAP5      REVOLVER -274.42682028919864    28.991473960757137   155.42681104462915    0.10798002085752399  173.96942846586597 29.389715831034042   16.68831749622343   -5.564776024250214    0.5465971706058786      3.075807945151724      13.132074363253185     6.933648582835488      22.526484456600585     1.4130349334191383    -25.98342288848594       7.173948681419639    11654.072685735802   2291.521776179715
WMAP5      REVOLVER -155.18024930110258   249.75040781369665     67.8090792563135     0.10276653399249165  121.8543925246893  12.986292527446626   21.25164870149096   -4.126071655896603    6.681067042822836       1.9010191425879774     25.561559763174866    19.378469384058686     -12.62482075281484     14.995333713572705       0.43282340900971444   31.02551566771323     17065.770059030358   3050.6794696555826
WMAP5      REVOLVER -109.70002351037284  -179.02891617250611     13.877962982979202   0.07119648023148556  238.50210273844323  3.78154682315217    15.76288812467471    3.328461757664894    5.434040917949347      -0.5707265859672072     19.294955577493724   -12.745207558677375      -8.822889540962636     8.624822336690372      -2.866899153388233     23.003210871862564    10815.63367086316    2577.142177025428
WMAP5      REVOLVER -210.133546565756    -226.32571429235298     -3.4033065186583613  0.10523978575028814  227.1246372329164  -0.6313624421524217  17.837672974251042  -4.193266861008176   -4.549525569563821      -0.07194176922141617   -20.53315243173418     19.10593205916381      -11.425056658876764    -8.623242957410264       7.504471440680199     28.04732555414995     15933.883247866912   5054.478520984856
WMAP5      REVOLVER -183.98287348346983  -104.33867799627957    102.53513803141263    0.07966823776857025  209.5580411886127  25.863086530253447   15.625262104566906  -4.589280847755941   -2.5575872302741587      2.6176619925421214    -12.125575743597333    22.412415042756088       0.6395149525116527   10.276034697566637       4.908631276262668     22.811906987548543     7229.509262363817      0.0
WMAP5      REVOLVER -203.73554472390964   -64.7425060797921      84.81595294162577    0.07792294125601587  197.62906886547785 21.640867023229337   18.666573643997097  -6.528488814251044   -2.05069809030681        2.6882618307200294    -13.415961298204975    11.118753423501104     -24.099120894871298    -2.6572459301281257     26.313597637396036     13.619746288905056    10346.505917209775      0.0
WMAP5      REVOLVER -109.14173508660308   -24.97513983400708    136.26845436032914    0.05953106597319476  192.8891982634842  50.59230254347245    20.28414121774797   -5.66795676535934    -1.4502765989713862      7.1295093090462425    -19.771534428217915   -13.246830818043657     -18.413016293186672   -13.128297726194319      26.585029837923543     -5.029094668891691    14250.456108472346      0.0
WMAP5      REVOLVER -112.63059103829815  -102.72565768039433     10.700692181023745   0.05149811914402801  222.36663681022247  4.015331069503343   18.697715487481098  -6.697197931076433   -5.904117983224021       0.708443528911992     -17.078245586246958    18.11962136793553      -10.43979983887858     -5.4555302187185575      9.168707283540238     24.838061389260083    12958.847774972428   1867.9907049834874
WMAP5      REVOLVER  -82.8485962288334      6.693547081900565    90.80327130530507    0.04140009069004663  175.38096215683737 47.529963479921825   22.013161080197346  -7.966716357724293    0.6730031969362342      9.08241461611722       20.752606320476254    -9.548514346094347      18.91086414562853     -8.238725018996934     -28.09526091348811      -5.144819625298755    17004.731544415918    262.67423476722394
WMAP5      REVOLVER -122.6771733044944    -10.884844976633888   285.69372210946455    0.10602561678968418  185.0704361350061  66.67970846300459    15.083839000725293  -1.944889847569457   -0.21095277078711944     4.472396601553297     -23.712305334044643    -5.391028299404114     -10.565940025844208    -5.396262308915747      25.936828785780865     -1.1232657407653968    9908.858684040686   2927.8071122078463
WMAP5      REVOLVER -194.7360865887891    134.34678299446753     15.31149899962769    0.08036604719959353  145.39853374510196  3.7029918903946752  20.24083077420587   -6.541647718623279    4.502064059147842       0.5891647937939348     14.471681816562691    18.088145735959625      22.46341543974889    -11.363765174520978     -19.52774484002009      23.04518161066014     14672.902524735999   2129.6384444325995
WMAP5      REVOLVER -107.14569130379913   -21.382530040229256    87.43037990473836    0.047115199859994565 191.2859654886646  38.667356804013956   18.22384174403926   -6.634456890856023   -1.4108998056703155      5.4980631068774555    -16.188470900060867    -3.5646146457699017    -20.44920624605033     -5.55088070468964       25.74066754569716      -0.09268280366993097   9711.519494746562      0.0
WMAP5      REVOLVER -209.8182515675062   -150.55123196300065     46.86560686130389    0.08913209897607251  215.66063592990375 10.286023181741708   16.912265628801777  -5.391437044868848   -3.8706946723531748      1.1670017496119318    -11.850122271296923    20.356522325870152      12.771784035152281    10.859655399889125      -8.164820217320477     23.08961602716424      9594.871955542201      0.0
WMAP5      REVOLVER -142.24401836274996  -106.27849956700173     61.78379466093629    0.06351123113151445  216.76547489773546 19.185595894202258   19.275375059277653   6.59204507807997     4.728921748580195      -2.968129997466374      14.493871472301612   -24.079689898439213      -6.174498817144243    11.667178369337211       0.2685423104590468    26.339978836422215    11345.676841258537      0.0
WMAP5      REVOLVER -196.66048278997872    43.14852438814444     16.733421757624082   0.06831713575661345  167.62503843361685  4.750987214171827   19.727806632721748  -8.083079142522415    1.9064817222645687      0.729238216993799       5.742290534668717    28.116383476661664      -9.856837142990129     4.714947135751025       9.057364597584113     28.58269123610931     13580.197606707256    889.2342697183532
WMAP5      REVOLVER -128.93491890261961    18.667614987574083    44.21874751039825    0.04631486800411825  171.76177697631536 18.747984049786304   21.18576587499581   10.275670835868056   -1.950513402324349      -3.8226165331154656     -8.208823741581398   -26.696304591520278      -8.444391567978629     7.707774337951331     -10.641428187259203     26.149314064623837    15996.95347942641       0.0
WMAP5      REVOLVER -116.73648098085826   -95.37624422901665     65.79910822824199    0.05547336429629214  219.24956989544486 23.580932770203823   21.795342802509463  -7.439624513050944   -6.097732874830044       4.111018579218019     -18.62452293505259      6.141572638063558     -24.594826329501206   -11.925835169223301      24.816727799737208     15.22786630132804     15316.132778487146      0.0
WMAP5      REVOLVER -184.3268906477258   -143.39471323059382     77.75779203776985    0.08349188301742605  217.880668343593   18.415714112215763   15.445627610015197  -4.3674177029197505  -3.3613277494711435      1.8324751248977384    -16.565721672047186    17.432090489710276      -7.505944506915284     1.1556841394022932     10.8680614372149       22.689787870161208     7872.33866137629       0.0
WMAP5      REVOLVER -200.29212788994445  -194.50285484697002     86.33688125098298    0.0994572664293743   224.159874988664   17.183602931859777   24.426543942393657  -6.85610003559911    -6.481891445062007       3.0279439113884448    -20.31784742237007      6.609263822399388     -31.85681988508464    -18.812048742664846      28.239751577515467     17.856908083182972    22178.735525235985    734.100751291732
WMAP5      REVOLVER -111.34488598970518    42.09185257196581     20.418026661038347   0.04061088755870383  159.29183846999624  9.733176291781021   21.1227781431585    -9.70549556563442     3.5833361103172736      1.7581527585775945      8.500309871291293    27.35620294717556       -8.831286146038646     7.5940048365935         6.739324381169149     28.185443847820515    15236.761073098982   1851.870224521281
WMAP5      REVOLVER -139.8177599540475    -14.98601155792144    151.63565338944713    0.06995325004078208  186.1177469192265  47.158848936190196   19.28269972112323   -5.660375901950166   -0.5426777150853139      5.96405233338975      -15.925551113381067    21.043119352838197     -13.19991331699928     14.35088599466446       20.5790751841453       15.492690135872325    11804.925575031997      0.0
WMAP5      REVOLVER -151.35115629698007  -116.43966245210771    119.3711545177371     0.0762754033571686   217.57232487823174 32.0100723076841     20.003119708190713  -5.4738620095327635  -4.199893756380914       4.263852376073403     -23.011824345531892    12.118327856325765     -17.60564272223208     -2.747188978151627      23.99078744987574      20.104125912497963    13312.453851275768      0.0
WMAP5      REVOLVER -180.32011201606585   -65.42336897671831    257.11761812652014    0.10940148084221575  199.94167915193862 53.27535133076641    15.03494795176397   -2.9158089967725243  -1.0564126562154148      4.2084962721176105    -20.78659047996682     -1.2491198974138333    -14.715306750482299    -3.9788058944689304     24.938804465202118      3.5034439122832026    8439.186676950245   1940.6264616696942
WMAP5      REVOLVER -219.12914412871032   -65.77921466595897     25.51390513997284    0.07799921571037392  196.70895207004855  6.3631684355018185  18.924881460427542  -7.563410746439983   -2.2430009377156415      0.7411441756353526     -8.457464178702258    27.958870277021333      -1.6940067118826758    2.1338607432905374      2.4060833471773595    29.05792582487589     11426.747340225005      0.38467106324032896
WMAP5      REVOLVER -215.39808820613595   -56.08073033137863      1.7348700614162633  0.07537615656463129  194.59345622554972  0.4465773781408519  18.626321600360075  -7.333242398098294   -1.9522973885390913      0.020159904544661097   -7.262422658206184    27.35224610533821        7.074085680667377     1.8939640797403094     -6.821683492333858     28.320710608445566    13316.249295451444   2551.9237289098605
WMAP5      REVOLVER -186.47668265644586    48.19128407640716    162.19370277556476    0.08544607377317996  165.5100413535718  40.101189677386074   17.345513867077024  -5.023321273980816    1.3689818714092812      4.421623538858524      16.228040289798187    18.381788948989993      12.745165591838374     9.348458836206536     -19.8859450058139       16.777504848095344     9118.525738866034      0.0
WMAP5      REVOLVER  -95.49027198186455   179.762477635895      126.10478617935448    0.08118337128767011  117.97735044997907 31.779241446262006   16.354141657022627  -2.5987290983045095   4.8176599289523505      3.4377631773220454     23.824380653133503     8.419779206362904       6.210281877500101    -0.1505740016384452    -15.159372771137173     21.13042637353492     11048.375029535142   1994.3814428795442
WMAP5      REVOLVER -282.32610927248       -2.013384253951356    33.92119413366182    0.09672268611741236  180.40859297444996  6.851015479312876   15.080627418811746  -5.82632698227114     0.06596315353288275     0.6903850508164217      2.706886460402394     9.894263895366146      21.898719788157948     0.9176170353454349    -22.054437450534415      9.851194095255963     7986.071258045499      0.0
WMAP5      REVOLVER -169.49155276242112   -71.1476045810666      62.879931833522434   0.06565866849357144  202.77124175041297 18.884563018439287   20.64798470805648   -8.202196579943253   -3.5242821200779364      3.2586613339825       -12.724080875143803     4.364829672516952     -27.306464939159763    -8.62697160443169       27.921617379327166      8.483096913510476    14133.734600678266      0.0
WMAP5      REVOLVER -253.40853166285115   -20.05012462646359     45.51581670872373    0.08767326465313385  184.5239173447041  10.15150826993003    16.729892511277402  -5.861315978509829   -0.5765277050398562      1.0820086433715848     -4.48962867810698     -5.218423779799242     -27.101168159695632    -3.552617038773804      27.341786782651027     -4.676222745905257     8626.943983156625      0.0
WMAP5      REVOLVER -250.26736691627298  -159.7131171711061      -1.6195474933789433  0.10107557753903564  212.54479618669947 -0.31255070069265706 14.731981174217614  -4.314432067313206   -2.805563394450195      -0.07252132132470564   -11.205851110425263    16.856724221272085      14.537448126361749     7.688631628283852     -12.346951137421673     20.243361077439992     7068.43957483051    1105.8614991906493
WMAP5      REVOLVER  -73.04746624843256    -7.316669346214115    72.90113363601431    0.03474830362732738  185.71985214583225 44.79956376390912    15.012515257070966   5.271956091871422    0.7205370203663215     -5.260242950901894      13.537234381678045     7.5017476930295155     14.594951775505194    -6.67444501430222       19.785807624375067     -3.9790888704511724    6164.543063521033      0.0
WMAP5      REVOLVER -126.35934918103298   -73.46161014638147     88.06392337699567    0.05757613470691734  210.17246007053458 31.069364570451736   16.00023864404161   -4.972425587485875   -2.8663291809151383      3.403910309096729     -15.34498614392637      4.007959740074826     -19.040945235706058    -6.132152838003386      22.007899586111172      9.574344843682647     8155.418723990364      0.0
WMAP5      REVOLVER  -98.02710528219697   115.8585993999878     216.06879743304015    0.0896792390912962   130.23431374755887 54.916152102893726   14.963752031756943  -2.0061576613388956   2.302738589466831       4.331690621256206      23.266744122143418     4.049699864603535       8.622812681445977    -0.43666204873429415   -22.282443899878135     11.64317467039433      7279.6660018850425   278.86952839280644
WMAP5      REVOLVER  -55.98437867797386  -176.40355565240597    140.80572645510682    0.0788054447440994   252.3923646227604  37.26412521155116    17.441075138192804   1.6701580194335317   5.7391103853509815     -4.315638405189931      23.618343282914488     2.522261448195166      12.494536670809874   -11.19270861227618       16.640948282158636     17.798211955820467    11919.79721514874    2293.4171925846144
WMAP5      REVOLVER -244.9829506896246   -104.33882694421348     92.52541000536642    0.09586550938581599  203.06927134412143 19.161242218038442   14.593130848274667   4.230846579635575    1.8511923198773055     -1.5845770436687778    -11.813640383359619     9.905171764716455     -19.970832114167536     4.357425844276837     -21.140189506200585    -13.062764166664081     5853.954311456554      0.0
WMAP5      REVOLVER -295.2257218693249      9.63638930904261     36.87854786250564    0.10134844060148507  178.1304864708698   7.116551490974419   15.365263527992223  -5.339026067277794    0.2563253501414852      0.6738415705226689      3.334152983531316    15.560503600331733      20.49825769419219      0.9708491778673047    -20.7283032733909       15.577220405499546     6738.926167048183      0.0
WMAP5      REVOLVER -212.15287323340746     7.993544383111662     1.240754534976743   0.07184329763803378  177.8422172530148   0.3348471347748245  20.927914787144545  -8.974131376064701    0.26826337822366353     0.12940460972113485     0.9191357559239438   31.84273670775362       -2.2703603499269347    0.5271828025541786      2.257753902950237     31.879351508498214    17966.14668316632    3925.0857239845764
WMAP5      REVOLVER -231.95227812411326    52.06180451665205     55.32333380853043    0.08277962142349843  167.34958705306965 13.10078341675048    15.939374356321338  -6.070105844722844    1.2976185162367306      1.5266022712796792      5.959227210024568    24.254831414736582       3.078484588981756     5.169577518220986      -4.348166713578159     24.25133582192978      7954.344822521304      0.0
WMAP5      REVOLVER -113.90599314475877   194.74528064959577     73.78276371538288    0.08046671065452801  120.32325089483032 18.109576437416916   15.447803263712043  -3.0340644622624007   5.093609229761577       1.950367698370105      19.151474931656317    13.71166422980261       -6.016839796964163     9.189699700234973      -3.057927551608496     22.28196730107808      9555.334345385632   1540.9952404325174
WMAP5      REVOLVER -145.32926104543017     6.566156767819746   209.10118801709078    0.08645854084889651  177.4130647381744  55.1725892151961     18.868554294020168  -4.341570040644614    0.05360540714697323     6.073255120694559      18.925296496024366   -18.830739828396336      13.69528005985094    -15.40794946794641      -23.34621060282807     -10.808570917664913    10649.942097335304      0.0
WMAP5      REVOLVER -176.37354819341658   -33.51751537311112     76.66300748534503    0.0659797222301808   190.76001798169497 23.1234701222524     16.79292930532366   -6.713741655999516   -1.222338646536523       2.7701461520960784     -9.563336460675398    -0.6623529887592734    -23.47002159903722     -4.146078791819686      25.002082156425587      0.9838142900590587    9274.771162614034      0.0
WMAP5      REVOLVER -217.88734008969317   -84.31186817554192     33.143755846025726   0.07998443619632621  201.15402859601284  8.074316775342874   18.533545767176484  -7.1735551195313585  -2.874085079681082       1.025872160377643     -11.099693237212449    25.79933317347168       -5.336710478059444     1.4263766034133556      6.366284549090198     27.809931610618744    11564.433508240392      0.0
WMAP5      REVOLVER  -87.4788386397856    -99.10689116004193     77.97758287254628    0.051723284445456985 228.56607027640766 30.53555907005936    16.07177368972173   -4.311956725062391   -4.744307978949997       3.7565221186958095    -14.659568796231806    -1.3122127134895318    -18.484376055856053   -12.474224191674327      18.150474635848603      8.604535184949723     8643.27627796657       0.0
WMAP5      REVOLVER -161.29774773029453  -183.93793834966849      3.9697981698166003  0.08298643203086728  228.7520240389057   0.9296519864320686  18.16577126488383   -4.38980993879707    -5.098697606579418       0.15024683394666508   -19.590213515344157    17.291245825473005      14.413080498386769    11.309198444963585      -8.966886736054786     26.12892192677981     11769.281312601479   2024.9420450302177
WMAP5      REVOLVER  -40.969912249981135  -14.21117258562472     13.705886212149863   0.015215504942541817 199.1300499452441  17.539735329628584   18.958950144864524 -11.204213430381706   -3.4900864711481363      3.0046613248527256     -8.303583740516201    21.26263159424441       -6.265831507194639     3.482569826278249       7.886428124202137     22.14684602599948     15680.166268672343   3631.8414518082673
WMAP5      REVOLVER -244.86567295268017    47.538468968465146   202.25400314897564    0.10952152228355415  169.0132122586196  39.03652745705474    14.421674128148307  -3.762877793526961    0.6642703924271804      3.060620653588209      15.1045363301115      11.10410989143193       16.16024934190243      4.749791310652593     -21.866427198581228     10.585468795337633     7691.1755277215     1978.3583526858108
WMAP5      REVOLVER  -76.02573035124391  -238.20663152846035    176.80937474928373    0.10432960947446535  252.29906198948044 35.26456226896462    21.57883604501351   -1.991805350865927   -6.459155891347246       4.672948708324423     -33.77584782007148      8.79405363188574       -2.2411440284326076    3.2383024514003624     19.744560008495707     28.67210141054557     15604.543232735841   2204.2292878813405
WMAP5      REVOLVER -130.43504623480501   -34.76218872140963    285.0755389271748     0.1075284972270964   194.92301370973834 64.66169789099278    16.988636965831404  -2.5903058590316372  -0.6134518619351553      5.639630089936578     -25.50733748917146      1.616259409374139     -11.539818634306785     0.32639978647678536    27.85382057321271       3.179721557259832    12176.56569772872    2680.4863650123903
WMAP5      REVOLVER -290.06114878731387   -14.456904904361226    62.82188746059374    0.10116129358196671  182.85331137809513 12.205767562331934   15.300524311661146  -5.221507501411539   -0.2498911548852887      1.1275108607903066     -5.2517373881129075   -3.5102683272307558    -25.098801402132995    -1.9128224879371996     25.612224102683804     -3.1818307336903824    7345.55673726352       0.0
WMAP5      REVOLVER -177.69784887723338   242.09133630130853     97.02161934471197    0.10758827947190727  126.27910094244973 17.904295082668128   21.831348574387366  -4.718588539046476    6.48284632909746        2.6064093805576007     23.290415712484023     6.727646763875914      25.430996764490374   -17.469520809047076     -21.42663116724492      21.667385391013976    18752.734798963742   4288.417517644014
WMAP5      REVOLVER -126.93060184904066   171.67825275299433     91.4561507213668     0.07870933606653686  126.47743076086527 23.188068108084394   15.360996098666494  -3.203968544949583    4.379319261857589       2.3751993891577987     20.774782592115454    11.072369029749833       7.608755319414822    -1.1851894670976812    -12.442898754089198     21.3430992977458       8021.8237111946855     0.0
WMAP5      REVOLVER -118.1350138918785    -56.06526159167587    256.9347787496178     0.09808814220292836  205.38837624149838 63.026724281319446   14.901195608401675  -2.0601465404009396  -0.9396160174473445      4.398476393961321     -17.2848708968941      18.801386644053334      -4.079431451121232    15.939814618941519      17.06499241032611      11.111323506317362     6790.002217326797    494.18322828724286
WMAP5      REVOLVER -171.83044658174825  -194.83554761657356     33.584197627339826   0.08895312988188551  228.59010582718676  7.3662551661024365  19.45291798864519   -4.87403717945779    -5.401986527769698       0.8848832121677399    -23.15725835340644     19.285357579277832      -9.820613887615595    -4.908345510183068       9.323809185666859     29.883754984378726    12263.201438140657      0.0
WMAP5      REVOLVER -138.74877166771364    44.092499780402726    11.76355635677624    0.04919879574217833  162.3704409453664   4.619535227625286   16.315159446465227  -6.934645521889838    2.0895276217994265      0.6677124486386232      7.2949441251193745   22.991784129417027       3.8128442895138885    1.016552177500061      -4.310161248266101     24.04572510347076      8805.973715934102   1710.2659591309673
WMAP5      REVOLVER -146.68036648770223  -184.90572559040402     42.64404761763527    0.08131892670627446  231.57604882789562 10.241713317050582   19.344301540504357  -4.887857418677187   -5.879441942590303       1.2703902788990613    -21.717319636065227    14.655695396643823     -15.73048221164612     -9.531170915894235      13.48074894207355      25.718298400344715    11474.49176883045       0.0
WMAP5      REVOLVER -274.94194051748286   130.92878383328753     97.82243175642773    0.10907438657835385  154.53596691555163 17.80855881521573    15.295347393445764   4.2850319813362185  -2.073464355465834      -1.6144888556569092    -11.688186538088654   -23.98396536329322       -0.2194848448635021    7.612475515603513      -3.941028228550667     25.265756684760238     7651.751170030359   1531.475528871716
WMAP5      REVOLVER -182.64378663868104     4.06790983142513     55.141006175585375   0.06447819752276868  178.7240981963603  16.79537821056666    14.762006479861924  -5.85826383317946     0.16155420235982426     1.7915226928121186      5.981150190045546    12.16823023850941       18.461014890596008     3.0722440564493287    -19.406805927642473     11.796259896332858     6175.341149596574      0.0
WMAP5      REVOLVER -242.13405693532167    69.6896893470975      83.62304564014863    0.0901760732678821   163.94341497191797 18.360266795170062   15.101570065910023  -4.737183781618387    1.3413470240828258      1.558889798261445       8.367370030340476    23.9548065719892         4.815004308247031     5.9790431789566085     -6.941026782736871     24.14163723312843      6189.094895882313      0.0
WMAP5      REVOLVER -117.29528744162891     3.206407844843237    77.5935238723774     0.04736686402782031  178.4341408737631  33.47570395895973    15.77921151137028    6.193919225569497   -0.2715835606153094     -3.9114452715864463     -9.906969418954757    12.746515930805318     -16.573084379838082    -7.424266059834221     -19.31284292186981     -10.415652222816565     7558.471824059902      0.0
WMAP5      REVOLVER -116.56216731921302   152.97064807860667     73.96534440382992    0.0696961411963222   127.30705315112723 21.0365606264461     14.334733481797258  -3.25683088163773     4.2144480534505355      1.9853733460330603     18.36365165916377      9.907810418232765       9.092171771215034    -3.2815524982679345    -11.62676496294091      19.29759736448117      6347.977458587508      0.4816158028305176
WMAP5      REVOLVER  -65.46341145813749  -137.9899151512369      75.57381882891056    0.05749558155545342  244.61999985832782 26.327005479544113   17.33626635722473   -2.6513625830557905  -5.973545063869572       3.2354708251046365    -20.412196100429934    14.28975615497102        9.655586791990126    14.256885347602335       5.54877786960446      21.92758051302757     10253.298279312756    351.1141947390859
WMAP5      REVOLVER -196.64100541252654    29.817077255142518   241.71467996517126    0.10669229108734768  171.37780487885672 50.55161359531976    15.083453989878203  -3.0917491128164616   0.5100407277711656      3.8554591794115054     20.532042942536023     3.7286502270030706     15.971680469434958     1.2541242119453997    -25.878079343813603      4.429125312147382     8253.532162191286   1086.8196342421393
WMAP5      REVOLVER -217.18008361435304   -20.096014822984166    76.8194455450563     0.07835506200863426  185.28661475620564 19.40269778122237    17.05324832963845   -6.624990124625817   -0.655134163587452       2.3195584518429855     -8.907029119881303    11.46475944427032      -22.201649770367922     1.7084529091180711     23.786804689120096     11.597910811148338     9339.282113628631      0.0
WMAP5      REVOLVER  -66.10405511021817  -155.56701343698919     98.02297205103532    0.06604206373811042  246.9782283550482  30.110203633709737   18.31043941065045   -2.806663068819468   -6.4766124585209806      3.9793682215214328    -23.211527140477678     0.975012240431118     -14.784296475584641   -11.327733833159897      16.50499141302179      18.873171978464928    12446.21781873327    1083.4209268137913
WMAP5      REVOLVER  -51.009850731311055   54.77466685513246     23.172857759719975   0.026271413880920108 132.96173319259364 17.202400551890477   14.722675513537387  -5.454750714336761    5.3078804440090295      2.3086017276934334     13.90076828271655     14.433685486924855      -0.3409211738890166    4.412268316380545      -3.796920156540505     19.15506753136225      7487.690524804514   1331.8879270701889
WMAP5      REVOLVER -239.63854246635265   -89.58908564956411     75.39002690737222    0.09060416828735589  200.49830211280457 16.419155355379093   16.457832470843613  -5.643833813118833   -2.1327872269306103      1.7546457253185748    -10.925221039483043    23.331930541506786      -6.780906429252882     4.2122917902694486      9.13829017085957      24.656546198911723     9041.117932451947      0.0
WMAP5      REVOLVER -136.236598695035    -192.37862320654685     10.955594046176222   0.07999033496547273  234.695052600463    2.660885545327471   15.62419344547396   -3.568889757018664   -4.853848586929446       0.2785956885933288    -17.218439461868805    13.378706102985472      12.518145931187059    10.696596206638073      -6.614650979040215     21.78231242496982      7927.4831252634185   662.2928324769518
WMAP5      REVOLVER -169.13027815421657  -162.5878427536835     118.59772899442349    0.08927668178330751  223.8701089302517  26.817477324292632   16.73275124233694   -4.303483790146821   -4.0376988592637595      3.0150803579164207    -20.109421095353458    15.376917434998555      -8.110299834164927     2.055695430233132      14.423719368253447     22.24991683053656      8652.809065587575      0.0
WMAP5      REVOLVER -205.68058861259976   -94.22070190113622     68.12575805146791    0.08008753824211173  204.61215285846538 16.75856969133103    14.533898770176716  -4.817427415980088   -2.1537432953529874      1.5701177543085454    -10.993230661200942    19.860772631095905      -6.486191787057592     3.128093734181701       8.814590697929383     21.688647261202014     6658.370442801233      0.0
WMAP5      REVOLVER -138.7413533654677    156.52575508091633     45.31984508158341    0.07243072946474018  131.5531493910398  12.225392733784977   14.794392283120104  -3.71659976215158     4.1526972405473055      1.2684834205633495     17.375293728003395    12.291942473702727      10.668091301729326    -5.020793754764457     -10.788490703556281     20.608116965335768     5814.550663222788      0.0
WMAP5      REVOLVER -101.11840737712822   155.87233043784116    128.1097898134214     0.07644207892036343  122.97251647559952 34.58661069756966    15.680139820234235  -2.4856513560719717   3.965958500656635       3.2276055165841906     21.734797534318943    14.32132133745985       -0.8590384170426154    8.727308096988093     -11.960336258505484     21.41750040581976      6690.415230799664      0.32511408576029505
WMAP5      REVOLVER -250.6318734053002    -16.706387939027927     5.892404602952794   0.08525889538980065  183.81352778465114  1.343805967121832   17.531450575092354  -7.195035403470455   -0.5285545524364162      0.25430839573996994    -2.0791674840391074   18.84749129613217      -19.652345005313133    -0.7756243481411919     19.677820227918197     18.9539822497665      11359.398960503064   1420.6002391232212
WMAP5      REVOLVER -210.72803880713       81.807412280684      193.34845480272512    0.10127320599809386  158.78312909961946 40.54148240068139    15.696191410962895  -3.7383992382747295   1.458441854810513       3.416516484183356      18.735443625729044     2.608817355609017      19.386928195085407    -3.674198332292091     -25.90053021614821       7.036054763262702     7153.814819245562      0.0
WMAP5      REVOLVER  -79.2222615017083    116.11100965854092    178.97032727876427    0.07709136242237344  124.3056237240247  51.853984033164274   15.92963295390063   -2.2091529691413347   3.2046156461054935      5.066906263318941      19.384519485908623    -8.31824774624483       13.712540166069687   -13.467028590283164     -20.10290687810481       6.842708729198122    11827.507658353785   2241.5169516940678
WMAP5      REVOLVER  -98.52329236940179    48.28183866364016     63.78823080728617    0.04269310126196116  153.89260180095158 30.173077699730392   14.587113538217075  -5.0947900390057015   2.5116994410425852      3.343082071200308      10.304858036307623    19.05245540749409        1.3900485780140517    9.130316768829363      -6.298741792163885     18.64674328592428      5996.334939333132      0.0
WMAP5      REVOLVER  -83.71623855382114   190.17948688075603    178.14119517840624    0.09302349389242279  113.7588995633074  40.6069465946917     14.38637698077187    1.458673928461355   -3.3267316636696287     -3.092214634208649     -18.637020601897284   -14.953574102074581       7.296127553574807    14.780782265605259      -9.849463419241012     17.568917422173147     7279.916861160321   1955.2888875749352
WMAP5      REVOLVER -216.92651208654317   -27.02025656009094     50.10870126201927    0.07595637721375424  187.1001641574439  12.910450403236416   22.633930595389707   9.61329090040596     1.254384563838468      -2.182473414076992       6.341938575778526     8.057367895375704      32.56577507710474     -5.8861442654473874     32.92910657663695      -7.000980637942339    17945.12426474839       0.0
WMAP5      REVOLVER -136.85039903456772   184.42367052662448    119.51758940422866    0.0878972656064776   126.57702500404383 27.49376402459435    16.05793052041983   -2.9783932485751734   3.8970655757144383      2.51983936446127       17.096906176355546    19.198890967149136      -9.48394865555269     15.476650634942638      -2.6903565455523597    22.453831160716266     8282.20334510137       0.0
WMAP5      REVOLVER -144.85752306193407  -139.17360718682946     95.05309145048365    0.07525529054814596  223.8535730973285  25.322677351025497   20.448442883434584  -5.514985849832497   -5.472405131148874       3.7181873885723387    -23.219450751158323    11.039719821578078     -18.191961799279536    -6.797601821211506      21.687651752469613     21.83723690891858     14069.924296592902      0.0
WMAP5      REVOLVER  -53.095208747833674  -35.918028262076305    71.18571043636972    0.03215704023647829  214.0776995660602  47.99680556619297    19.13704576649589   -6.1652853412941315  -4.046476400667237       8.213479861281085     -19.68941287318482     -1.6509165217009052    -15.59281150904202     -6.9596587361553786     23.4107402300098        6.309472568472878    11599.53287155933     892.7414285416979
WMAP5      REVOLVER  -89.39354037273694  -108.90162854445619     29.94517578191392    0.04851134222094028  230.6186237833006  11.999025419380551   16.66137464873357   -4.840687426531921   -5.7131910879264245      1.4567452612588498    -18.39078010092664     13.062974760571437      -9.880071277751766    -4.903486886430991       9.7784577735579       22.055984215442038     8004.3996845137335    12.144391360830125
WMAP5      REVOLVER -107.80068356278883   -98.49405342424338    183.1947026022776     0.07939853388604425  222.4169514337513  51.44236330840654    17.956943253560414  -3.351855178403226   -3.043483224316407       5.6374703134733775    -25.049761310149336     4.99358081893722      -12.197898860618078    -1.2403868060761243     25.173252277409826     12.852710531431608    10610.930347450918      0.0
WMAP5      REVOLVER -178.02482324906742  -201.51648261247595    102.15443468273116    0.09786054320230322  228.54179652757702 20.802379248595127   14.888418383052887  -3.155350150598327   -3.6035296053793644      1.825054180863201     -14.514271477397807    18.000233899764105      10.447233440764466    13.755005260504266      -1.2634123230648528    21.28655391034638      6640.435204247627      0.0
WMAP5      REVOLVER -159.46356038814764   142.4031251083542      45.636729390188925   0.07400877908650196  138.23471332645732 12.049660135450475   17.744055323850347  -5.267718946231226    4.605598016315065       1.565448343843333      13.522615288165012     7.5780207918758125     23.20869888316247    -13.257145053546513     -20.00924645389573      14.257660875428133     9715.054868979198      0.0
WMAP5      REVOLVER -125.56590987400782   191.1703479230796      41.06131343378765    0.0787463309302709   123.29800313483044 10.17769057876302    14.931106814655775  -3.0326456672157502   4.4499363828328224      0.8831296848786307     16.241403248564836    13.59222871530451      -12.716288541810153    12.564187148322395       4.43668381786176      20.789434769982037     8524.9666527255     1440.703754252134
WMAP5      REVOLVER -212.03816204478707    26.88445641439378     47.94934253059109    0.07415967819421873  172.77398773061023 12.644352693041617   18.86044902980627   -7.156847193284491    0.8876909020165097      1.6366626588609354      7.052514557701971    22.661194046451925      18.54849749865328      2.7885177530178815    -19.509830386273304     22.775429124675405    10847.454888101323      0.0
WMAP5      REVOLVER  -66.1316320954922    -97.67959332144628     27.51004651834733    0.04073029021671561  235.90097512466357 13.127533495561334   18.704438844837696  -4.978714551141074   -7.648540728860612       2.123865941445643     -21.358347657634965    10.806259251329037     -11.151834868098414    -6.663648176316457      10.782971974668898     23.21125699381524     12409.07857942143    1064.0185591043291
WMAP5      REVOLVER -164.76285911948128    85.99572076721249     10.21692158843205    0.06287165298663334  152.4383083311896   3.1465283372383626  16.421733502427998  -5.965822204168203    3.1572181074762296      0.3343465065081002     10.866292839935806    21.458741758920205      -8.744092988946354     5.148945615046139       7.184581576885818     24.03016891973445     11471.777472923248   2177.926427972539
WMAP5      REVOLVER -283.844860390146      29.59436693245203    120.2420780973697     0.10552757258824233  174.0477066564287  22.847399968767167   15.5546269277138    -5.3159902617649974   0.5798763090919278      2.2210573895439154      7.831124450111317   -11.003356534725192      21.616175843299278    -6.388003121764606     -22.85843826520188      -9.321459081633838     8333.054420855326    407.5002291951545
WMAP5      REVOLVER -163.51856784504852    -1.848331599530796   270.83652345580424    0.10786215507321781  180.64761507650073 58.87674299013445    15.962573735347533  -2.851141972906906   -0.024312777352144318    4.790829972122204     -23.0242720102888      -3.3354099912165536    -13.719243176467733    -2.926411815240962      26.804927154721575     -1.6055492211892612    9860.342724051196   2141.8804837603006
WMAP5      REVOLVER -288.55186165316235   119.50504454038266     20.74876469119109    0.10668750962812139  157.50288976821966  3.8008235735181635  16.05780534772176   -5.027450153399579    2.1236775623982678      0.4058265186340901     10.86409367738178     24.94524130512227        4.048626940722944     0.2787075425356968     -4.524328757444965     27.12834977277657      9818.872462519652   1328.0121271603073
WMAP5      REVOLVER -163.40009102977348   208.79146685292608    169.32569654569218    0.10723781761196717  128.04671467129992 32.56448427766338    15.436181750015125  -2.6656667297773793   3.3628314031023017      2.6921310487547463     16.850091826865864    -3.270853246775664      20.770183983291062   -15.52704856210471      -19.885329376926077      9.465019668305462     7778.5672122162105   956.0763083343377
WMAP5      REVOLVER -306.026423795745      35.6216007949674      31.38745528580684    0.10553002227505584  173.36062601868906  5.817034597942845   18.17507608115937   -6.844796175777764    0.7176938982903606      0.7779522784882338      4.429461733279797    23.245312932049476      17.527737696229153     0.7943766335263979    -17.812186748297332     23.421801557234847    13510.089982131842   1105.5425592974063
WMAP5      REVOLVER  -41.233786623895746   34.56387070980623     82.90445593749216    0.033183909495771484 140.02886510668637 57.01683956631103    14.624324913545344   2.605123285754498   -2.5161898311965634     -5.575528969106912     -16.857622444640054     7.638065005862288     -11.323590393051337   -10.683573188725733     -18.5612836233721        3.384734959254507     8668.063965422583   1881.701269290529
WMAP5      REVOLVER -114.0307636371294    151.8904640229352     101.95216756909602    0.07296227734741954  126.8971479368919  28.226268024182353   16.30061940968651   -3.425079212254606    4.60607509293547        3.1230150301940025     19.940229005279676    16.157296549204123      -1.9612000876285112    9.108550164844774      -8.505852797532397     22.534666614750726     8018.505109415948      0.0
WMAP5      REVOLVER -190.3604569562778   -170.69888829638242     60.772992196158505   0.0892525201008056   221.8830238770438  13.370319539382036   14.587362871775174  -3.8604412613732286  -3.4058479415631973      1.1734038239485418    -16.519018218001875    16.33508564296021       -6.93357354711734     -0.842352317537094       8.741685558996423     22.601767253853925     5706.441170617583      0.0
WMAP5      REVOLVER -140.8475452016339   -230.24845451658877     80.253637802839      0.09576010980179282  238.5450477005926  16.55894138465547    14.327574257061263  -2.61067388786009    -4.222291569429757       1.4994413442805758    -20.032194454926362    12.824907360055203       1.235774411673171     4.713406054921837       5.168957048626531     22.761817266017697     6139.790332387565      0.0
WMAP5      REVOLVER -194.6718573310083    242.14853354940047     74.15057134951736    0.10892519168371774  128.7970448440193  13.423022943302783   14.598688587746318  -3.1563362162671176   3.9711591103810817      1.2011588170577274     18.135766968454025    15.754728553823995      -4.430684485855943     7.006363040384125      -1.496323706223983     23.35792447118337      8529.392026310103   1896.481996036521
WMAP5      REVOLVER -258.15682255585165   -67.01873497310649     -1.3509765961074782  0.09060532975057692  194.55300144505688 -0.2902155186403608  16.55168072438402   -5.6313630634999114  -1.4164013690124528     -0.08603079176757729    -6.27669966847819     24.196886015994274      12.48241673468345      2.6863463081896697    -12.19878764898479      24.997888621270295     9568.417449047178   1262.5303162962196
WMAP5      REVOLVER -113.92327096305102   -33.13153565022261    251.9258789612438     0.09467604556746885  196.2156588999905  64.78214862544321    16.85161412213793   -2.3423046906853267  -0.6370015517832728      5.176062726776252     -25.984091129806064    -3.6108645452873684    -12.20286310063827     -4.628580955019304      28.52327987866948       1.4157144241307333   11280.783594106115   1579.0667168087446
WMAP5      REVOLVER -200.86619627832772   -56.48529689225923     41.452123543511505   0.07199021880234249  195.70643832984413 11.23616635179261    18.723343786317066  -7.762915123409995   -2.268040461219337       1.6131741499304826     -9.241915728524548    17.103440527299227     -20.42737434001824     -2.2743078202426688     21.05511788805537      18.657998402775185    13833.472575822201      0.0
WMAP5      REVOLVER -269.89454548906184   103.64725450249898     74.30878246088008    0.1016381258125971   158.99177694307113 14.414390584043414   14.510945957896853  -4.672701403594722    1.7997420365298187      1.294738330187092      10.379494321567883    16.49872004263159       14.525589639888809    -0.9241253233837127    -15.717680501425205     18.513091070706068     6890.64630976707       0.0
WMAP5      REVOLVER  -61.943488842003624   -0.9382501279972392   56.40490997814685    0.02810176294352152  180.86778550672088 42.31730202747743    19.190957885879108   8.555832856183562    0.16506149421406432    -7.513327920974124      14.004881130555274    12.616158205541911      16.225281969669748    -8.588028807705852      21.50314100989043      -9.307246960727099    12203.203988914593    231.1875125972015
WMAP5      REVOLVER -230.25877945452513    -3.0103136499764123   40.97195665574536    0.0792693780020624   180.74902004583305 10.08869311823689    18.863317266654523   8.085347304865156    0.047342022452695594   -1.3759677258227856      3.7495515750241157  -18.643546816130254      21.391347309404726     3.001106924252463      21.69398652142305      18.38126614741537     10619.702266589693      0.0
WMAP5      REVOLVER -151.68514293790213   -39.09041852803964    268.1270019969495     0.10582348186744188  194.4511210753937  59.70631486544748    18.377305739722477  -3.359595063232806   -0.7951197802208876      5.921925140411763     -20.962335306345114   -16.357833366458905     -14.088559565015943   -15.764756711483258      25.012693921706713     -5.585195750195828    13437.18968629906    1721.4856570466682
WMAP5      REVOLVER  -98.22707212763122    66.34436259624572     74.71146298255562    0.04717643967727547  145.96418802135074 32.22321485281695    14.86878404998485   -4.679994383770994    3.135539130498568       3.509153010986925      12.902501776448126    18.11309320686287        1.0228460584785648    9.088092504830925      -7.538536195878663     18.856287230418495     6347.587417172297      0.0
WMAP5      REVOLVER -152.93120121457855    64.14231749437201     29.496945486742828   0.05682485856299539  157.24587632490443 10.085508605134688   17.06795981879432   -6.809887944104885    2.852941368397099       1.4245075740304172      9.296337763534854    11.748527668474992      20.91189853963991     -5.703907830730322     -20.68316140958927      14.15568018836329      8549.540493198807      0.0
WMAP5      REVOLVER -171.01662928302406   219.41857899086165     73.12127809836176    0.09786094322975013  127.93314153413571 14.72673875720475    15.171845039411032  -3.1113162842669713   4.018383813393052       1.317465515112434      20.174058972692812    16.02283076581616       -1.228119881720345     4.960511629048725      -4.334456983035494     24.935174403733615     6347.540456786669      0.0
WMAP5      REVOLVER  -51.77585254883592  -117.87991091030473     53.76212306986528    0.046975679217053035 246.28769823350302 22.664038427852898   15.945251680436291  -2.7352153091814615  -6.493683180384252       2.915889444684917     -21.166787911917936     5.757931493521235      -7.032344620256062    -3.7937871213413352     10.63590969178355      20.127444600662567    10109.943558934463   2109.8036005410845
WMAP5      REVOLVER  -34.77458375748493   -55.43496204300552     70.87007755040678    0.032382449950325215 237.89977925262514 47.281530555354635   14.391494597124176  -2.277394350653855   -4.267421486080736       4.679651172854386     -18.007047992927404    -2.1409643116457566    -10.715659057319908    -8.268421280446265      16.117999654302025     10.674266153480717     7325.734719290331   1739.3504058783938
WMAP5      REVOLVER -266.9325716962466    -69.60319753623216     20.252912653218615   0.09402939286878487  194.6145661285973   4.199002570631708   15.91095288801309   -5.488745826917823   -1.4465620489436042      0.4756511708857481     -7.075274371428017    23.425879554873955     -10.40130805114324     -0.6854450888769502     10.615592297198095     24.374751462169737     8620.363428917968      0.0
WMAP5      REVOLVER -128.2660469184598    238.02816163214206    173.44702436015058    0.1095582945601105   118.31886028926279 32.6791546209803     14.276331942977473  -2.07487990997811     3.8228108281673414      2.8190199857016234     20.78823649270483      3.255024198355317      10.886674328961611    -6.260142050661583     -15.667085337791825     16.638144014055943     8218.652716560824   2375.4475904676056
WMAP5      REVOLVER  -40.1942657495383     55.32962802821725     80.65778057749789    0.03552211392391508  125.99656894756086 49.70601911672829    14.965815826213417  -2.546308518533155    3.4694224704667973      5.3724929660013565     19.481493815528612    10.007460077168242       2.770741048225852     6.408752734449541     -16.216240675193042     13.509492134325425     8590.412716402338   2101.804903512806
WMAP5      REVOLVER -223.02163450015246  -187.65594743492835    114.34702342322936    0.10671785844883534  220.0780906262954  21.42080212976641    17.643021382850442  -4.6225742476512774  -3.853247505269897       2.300964901470188     -20.266877675590436    16.698560207539696     -12.751807445404273    -1.6631774584211785     16.390963642137347     24.107398786926765    11798.721301189229   1229.2581304130117
WMAP5      REVOLVER  -85.20561572005302  -233.81633062911456    118.54400139058116    0.09369978322809185  249.97762264529646 25.47092914217529    17.85119880467561   -2.1448698759310445  -5.73017965886846        2.895970836851272     -19.728512814137346    -3.2221665755416318    -20.98732674625298    -19.151135500311835      15.095443859934118     15.684865035685307    10670.530699188088    598.1599042086531
WMAP5      REVOLVER -173.6159422137865     60.609671992639235    19.98427989093547    0.06247426450509626  160.7558034284205   6.20224384864879    15.857474713654444  -6.0804539077694795   2.1708624021450715      0.7428325407061308      7.232956816337813    22.644617578014522      -6.971542156073492     4.915936037839516       5.694637129179553     23.597308805788288     8694.656283327138    596.7098119974729
WMAP5      REVOLVER -210.64873757018142     0.6233688849569629   36.74538586154401    0.07236660675632933  179.83044616198296  9.895020373477408   15.147556002099288  -6.040460223533491    0.05206659148445599     0.8897641442008984      3.165964754056607    -8.657990224521818      21.999848312234057    -1.4498870227762881    -22.23505809948101      -8.541905461727263     7643.543428517374      0.0
WMAP5      REVOLVER -242.50329512758898   -53.02005196675919     20.99019590852837    0.08451996040132528  192.3328765855895   4.833369394964191   17.728176229025085  -7.0208713915661685  -1.43695588287439        0.5328258573711477     -5.80319604882408     22.865031526858765     -14.803057030913939    -1.2642344283809486     14.887500050375209     23.49107738498502      9706.534386734756      0.0
WMAP5      REVOLVER -168.74550321733042   251.4909277323358      46.56442982195353    0.10439049999687779  123.86084003535939  8.74079373133692    15.680093458510273  -2.8308944717235542   4.2754555506035254      0.7863420994529        18.66125421460252      9.106985380028942      17.666013569541047   -13.17702096314269      -12.466932174863652     20.346180852842284     9095.193464504322   1294.72520476438
WMAP5      REVOLVER -132.48213533521266  -119.1836896323082      92.59189261548383    0.0679020714271985   221.9752078167794  27.455799518771528   18.892064171866814  -5.594873919734512   -5.185758998737639       3.9294919377022164    -20.860893793199228    17.47307733682101       -6.642818716693302     3.9927941046343935     13.90423477576007      24.03445323444874     11975.126075794433      0.0
WMAP5      REVOLVER -160.01976524421562   242.32672348208104    125.30974459061726    0.10782738565326344  123.43866462831485 23.34099856132101    14.566666899785812  -2.4297890887012694   3.670771855136767       1.8891137242960752     21.877146833404403    11.015656572411519       6.7337875916396275   -0.8158048406323452    -12.041814092727693     22.34937897760932      6657.32551106127    1046.6605277221513
WMAP5      REVOLVER -164.73519207617306  -100.49991433098434     85.29717356656485    0.07138835342061872  211.3860926393004  23.84638898073601    15.256936637374343  -4.465393943117172   -2.751188960982318       2.3730916966595847    -15.43891095330368     17.191117114634928      -9.120931928984229     2.7269263843328995     13.435453717595477     20.707279277381055     7500.020694395108      0.0
WMAP5      REVOLVER -292.9078236548978     11.169779363837328     0.7700909059203085  0.09976483172079774  177.81613459275695  0.15052793631171965 20.107914378904702  -7.7555470572592435   0.33283416122611376     0.05007244020934474     0.9031946695361268   16.896705160564878      27.579404280637707    -1.0738794620206282    -27.569393042274765     16.925740061200326    16546.4796798433     2195.1217882587853
WMAP5      REVOLVER -261.2496320193916    134.2675079555243      16.181900724159256   0.10013217698686953  152.7994041411531   3.1532651960832667  14.93500078744138   -4.728266645213691    2.4518562782790663      0.25735729011022423    11.332493796436987    21.103963327027433       7.146358449970527    -2.2668777850341844     -6.88212322343576      23.91839924519611      7170.859607164347    613.6705066983009
WMAP5      REVOLVER  -98.19669738619612  -217.49432962160665    130.54688166105691    0.09243797316567938  245.7012599897899  28.6812219957515     15.301281749115653  -2.1613565568821436  -4.557030200124457       2.7629980640730736    -23.063204010100687     7.035730120276756      -6.437128133812862    -1.7208018843748063     13.502183418880136     20.923138500627964     7289.7660258837395     0.0
WMAP5      REVOLVER  -54.510798361321825 -238.11831893207614    153.25970703410653    0.09811562147410048  257.10584770158783 32.10410361493778    15.318861993357844  -0.9777723838737862  -4.054413233836752       2.663520277766733     -19.844139185189324    13.112690216307877      12.67541071453084     17.443654274844395       8.17678985806462      18.850244487990803    11060.01817554271    3222.9656689865587
WMAP5      REVOLVER -208.76393232573943  -216.8580931463997     108.07235532853916    0.10906609406959769  226.08947688507826 19.74950383079589    14.906380970902024  -3.5446560300405956  -3.6388214100919045      1.8205292793628036    -18.169148856204114    16.73913307480357       -1.918490009728803     4.3521024160950885      7.387401221219618     23.239472323173434     8402.752712895131   1787.254904574905
WMAP5      REVOLVER -236.52817316564827  -189.87272091239245     93.93547273851937    0.10826220172298441  218.7557149079456  17.207792356461606   14.652617919691147  -3.541127380818771   -2.879456935033182       1.4120895237640751    -14.933630913410122     9.171765852207054     -18.746817455536153    -8.586668990833756      18.306365327771864     15.796379442980383     7317.547999378448   1379.0449919831701
WMAP5      REVOLVER -170.82093220164674  -135.79329766203574    114.37584024454713    0.08357368396361955  218.48277913124687 27.660510016982798   16.13146180686329   -4.133842616860792   -3.3321103431604455      2.7430480111230104    -16.947070829932144     4.7006747069392825    -19.829531454186267    -8.897238654634554      21.491694195962534     12.698615575903787     7963.680988865172      0.0
WMAP5      REVOLVER -130.89840815202433  -173.1304480639492     129.72766102286795    0.0858123586368115   232.90823688079237 30.866731022397055   16.307649546144248   3.390107577066225    4.5730583424328355     -3.304137322035922      16.42149984793827    -17.99407275831311       -8.055746746039883    14.642015147134726       4.097733095637309     20.694411989437235     8619.426737079186      0.0
WMAP5      REVOLVER  -94.73330228014481  -144.58944152706485    100.53007658899328    0.06760888330099038  236.7676543397613  30.181001127213186   14.977283403118749  -2.922706798135293   -4.277749650221021       3.0019308183515885    -16.896388524386808    15.57754998632543        5.747523992114455    11.914055517886423       5.664618964311612     19.671710116602355     6511.07456848987       0.0
