Sample 1,Sample 2,Sample 3,Sample 4,Sample 5,Sample 6,Sample 7,Sample 8,Sample 9,Sample 10,Sample 11,Sample 12,Sample 13,Sample 14,Sample 15,Sample 16,Sample 17,Sample 18,Sample 19,Sample 20,
2,4,4,2,2,2,6,6,3,2,1,1,4,2,1,4,6,2,2,3,
3,2,1,3,3,1,4,-1,6,-1,-1,3,-1,3,-1,-1,-1,-1,-1,-1,
4,58,10,24,-1,30,16,9,-1,4,-1,-1,-1,-1,-1,-1,-1,-1,75,85,
6,47,43,19,-1,59,39,21,-1,-1,10,13,-1,14,-1,-1,14,38,-1,-1,
7,17,-1,-1,-1,-1,-1,-1,-1,-1,-1,-1,-1,-1,-1,-1,-1,-1,-1,-1,
10,6,8,17,9,39,27,-1,-1,-1,-1,-1,10,4,11,23,9,15,8,-1,
11,-1,-1,189,92,16,197,31,18,36,76,41,-1,56,-1,125,185,-1,219,-1,
13,15,-1,-1,-1,-1,-1,-1,-1,-1,-1,-1,-1,-1,-1,-1,-1,-1,-1,-1,
14,8,27,4,10,7,12,12,14,14,19,9,8,39,18,6,36,10,7,33,
15,25,-1,12,12,12,28,10,9,13,18,7,7,7,38,8,5,22,12,10,
16,19,-1,-1,-1,-1,-1,-1,-1,-1,4,-1,-1,-1,-1,-1,-1,-1,-1,67,
-1,23,7,15,21,6,9,4,23,6,26,38,37,18,21,13,21,-1,22,26,
20,20,-1,-1,-1,-1,-1,7,7,7,12,10,16,10,9,9,37,99,37,13,
21,-1,14,13,17,-1,-1,151,37,16,112,-1,28,21,78,33,38,35,44,60,
22,3,6,18,7,79,46,34,-1,-1,5,-1,13,52,-1,5,16,12,-1,27,
25,-1,-1,-1,-1,9,41,23,71,-1,6,-1,34,23,10,-1,-1,-1,-1,-1,
26,-1,-1,-1,-1,-1,-1,-1,-1,-1,-1,-1,-1,-1,-1,-1,-1,-1,-1,34,
27,80,15,34,54,-1,-1,-1,-1,-1,-1,-1,23,8,2,10,40,4,27,-1,
29,54,37,42,52,-1,-1,8,8,66,111,-1,38,-1,-1,-1,20,31,51,24,
30,28,-1,32,46,3,14,1,5,3,17,29,43,22,8,-1,31,36,-1,-1,
31,49,11,103,27,-1,-1,-1,-1,-1,-1,-1,-1,-1,-1,-1,-1,-1,-1,-1,
32,40,47,-1,81,-1,99,33,33,15,36,17,17,-1,-1,45,48,45,5,15,
33,-1,-1,-1,-1,-1,-1,-1,-1,-1,-1,-1,-1,-1,-1,-1,-1,-1,-1,124,
34,111,-1,-1,-1,-1,-1,-1,-1,-1,-1,-1,-1,-1,-1,-1,-1,-1,-1,-1,
-1,-1,-1,46,111,11,-1,30,21,37,39,51,46,-1,61,51,45,94,23,69,
36,68,105,-1,-1,-1,-1,-1,-1,-1,32,12,29,17,87,-1,15,113,176,-1,
37,10,34,6,34,38,11,18,20,9,21,8,32,-1,-1,-1,10,95,31,38,
38,144,-1,-1,-1,-1,-1,-1,-1,-1,-1,-1,-1,-1,-1,-1,-1,-1,-1,-1,
39,-1,16,-1,-1,-1,-1,-1,-1,-1,-1,-1,-1,-1,-1,-1,-1,-1,-1,49,
40,-1,99,-1,-1,-1,-1,-1,-1,-1,-1,-1,-1,-1,-1,-1,-1,-1,-1,-1,
41,-1,-1,-1,161,10,-1,127,109,-1,-1,19,36,-1,-1,40,41,27,40,82,
43,-1,-1,-1,-1,-1,59,-1,-1,-1,-1,-1,-1,-1,-1,-1,-1,-1,-1,-1,
44,94,196,-1,-1,-1,-1,-1,-1,-1,-1,-1,-1,-1,-1,-1,-1,-1,-1,-1,
45,74,18,-1,-1,-1,-1,-1,-1,-1,-1,-1,-1,-1,-1,-1,-1,-1,-1,-1,
46,31,35,-1,15,21,-1,69,151,30,-1,22,127,223,40,68,164,241,76,16,
47,61,-1,-1,-1,-1,-1,-1,-1,-1,-1,-1,-1,-1,-1,-1,-1,-1,-1,-1,
48,46,60,29,64,28,29,50,28,44,38,43,56,51,96,163,55,78,26,52,
49,242,132,-1,109,293,257,116,73,145,425,251,67,104,202,-1,-1,-1,145,-1,
50,64,45,38,59,362,152,150,-1,120,-1,-1,375,249,-1,-1,-1,-1,229,265,
51,29,66,-1,-1,-1,168,-1,-1,-1,-1,138,172,103,36,-1,-1,-1,24,21,
53,-1,-1,-1,-1,-1,-1,-1,-1,-1,42,74,80,-1,-1,-1,-1,-1,68,186,
54,-1,19,-1,-1,-1,-1,-1,-1,-1,-1,-1,-1,-1,-1,-1,-1,-1,-1,-1,
55,91,113,172,160,182,60,139,110,107,55,109,199,245,152,160,113,126,-1,-1,
58,146,-1,-1,-1,-1,-1,-1,-1,50,-1,-1,-1,-1,-1,-1,-1,-1,-1,-1,
59,56,51,22,22,44,113,66,25,59,122,35,-1,138,92,133,165,18,10,111,
60,76,197,129,-1,207,-1,172,38,323,52,32,93,67,27,89,-1,-1,103,-1,
62,36,46,-1,-1,-1,-1,-1,-1,-1,-1,-1,-1,-1,-1,-1,-1,-1,33,65,
63,-1,-1,165,18,14,18,-1,53,-1,-1,-1,-1,-1,39,-1,-1,50,115,-1,
64,50,137,149,-1,-1,-1,245,182,-1,51,88,177,74,76,98,97,106,63,73,
66,62,28,-1,-1,-1,-1,-1,-1,-1,-1,64,-1,-1,-1,-1,95,-1,17,-1,
67,34,30,-1,42,-1,-1,-1,153,149,-1,40,-1,58,77,-1,-1,-1,-1,-1,
-1,-1,244,-1,207,147,121,74,141,81,81,75,109,117,143,188,150,156,178,286,
70,-1,-1,-1,-1,-1,-1,-1,-1,-1,-1,-1,-1,-1,-1,260,-1,-1,-1,-1,
71,114,-1,-1,-1,-1,-1,62,99,193,89,-1,-1,-1,-1,-1,-1,-1,-1,-1,
73,79,207,-1,-1,-1,-1,-1,-1,-1,162,-1,-1,-1,99,46,53,144,-1,-1,
74,116,118,131,-1,-1,-1,-1,246,-1,179,171,66,-1,-1,-1,-1,-1,-1,-1,
75,-1,58,-1,-1,-1,-1,-1,-1,-1,-1,-1,-1,-1,-1,-1,-1,-1,-1,-1,
-1,-1,432,134,169,-1,-1,-1,-1,-1,178,282,139,79,67,95,-1,116,89,63,
77,137,-1,-1,-1,-1,-1,-1,-1,-1,-1,-1,-1,-1,-1,-1,-1,-1,-1,142,
78,-1,-1,-1,369,161,159,-1,188,268,593,-1,-1,-1,-1,-1,-1,-1,-1,-1,
79,183,242,-1,-1,84,58,-1,56,111,25,68,61,59,90,64,220,165,-1,214,
-1,-1,-1,-1,-1,-1,-1,-1,-1,-1,-1,-1,12,6,-1,18,23,56,38,19,
81,-1,-1,268,-1,-1,-1,-1,-1,-1,-1,-1,-1,-1,-1,-1,-1,-1,-1,-1,
82,53,57,53,73,67,55,145,78,87,88,20,47,45,23,50,46,64,35,29,
83,-1,-1,-1,-1,-1,-1,-1,-1,-1,65,-1,-1,321,-1,139,-1,-1,-1,-1,
85,-1,-1,28,-1,-1,-1,-1,-1,-1,-1,-1,309,-1,-1,-1,-1,-1,-1,-1,
87,127,-1,-1,-1,-1,-1,-1,-1,-1,146,233,307,-1,-1,-1,-1,-1,-1,-1,
88,409,639,628,782,-1,524,318,-1,-1,-1,-1,-1,-1,466,-1,139,-1,-1,262,
89,-1,-1,-1,-1,-1,-1,-1,83,104,-1,-1,-1,-1,-1,-1,-1,-1,-1,-1,
90,52,48,77,96,78,40,77,97,127,114,52,88,82,98,96,44,80,62,61,
91,-1,301,-1,-1,100,-1,-1,129,-1,-1,-1,21,-1,-1,-1,-1,39,116,211,
92,22,-1,-1,-1,-1,-1,-1,-1,-1,-1,-1,-1,-1,-1,-1,-1,-1,-1,-1,
93,-1,-1,-1,-1,-1,-1,-1,-1,-1,-1,-1,-1,-1,-1,165,-1,-1,-1,-1,
94,254,153,79,-1,40,-1,79,106,61,-1,-1,273,-1,184,55,134,-1,-1,-1,
95,-1,-1,-1,-1,-1,-1,290,-1,-1,-1,-1,-1,-1,-1,-1,-1,-1,-1,-1,
97,38,-1,-1,-1,-1,-1,-1,-1,-1,-1,-1,-1,-1,-1,-1,-1,-1,-1,219,
98,-1,-1,-1,-1,-1,-1,-1,-1,-1,-1,-1,-1,312,-1,-1,-1,-1,-1,-1,
99,-1,-1,-1,-1,-1,-1,-1,-1,-1,73,309,-1,54,-1,-1,-1,-1,-1,-1,
100,69,-1,-1,-1,-1,-1,-1,-1,-1,-1,-1,-1,-1,-1,-1,-1,-1,-1,-1,
101,90,116,179,88,115,-1,316,171,154,182,154,138,-1,128,-1,364,394,137,226,
102,-1,505,345,388,-1,-1,-1,-1,-1,-1,-1,-1,-1,248,300,312,-1,-1,-1,
103,314,-1,-1,122,-1,-1,-1,334,-1,-1,-1,-1,-1,-1,-1,-1,141,-1,-1,
104,119,82,58,62,74,215,191,-1,-1,-1,-1,-1,-1,-1,-1,-1,302,128,119,
106,174,-1,-1,-1,-1,-1,-1,-1,-1,-1,-1,-1,-1,-1,-1,-1,-1,-1,-1,
107,-1,160,-1,-1,-1,-1,-1,-1,-1,-1,-1,-1,-1,-1,-1,-1,-1,-1,-1,
109,181,-1,-1,-1,-1,248,-1,-1,-1,-1,-1,-1,-1,-1,-1,-1,-1,-1,-1,
-1,13,2,5,1,4,2,2,1,1,11,5,1,1,-1,2,4,-1,-1,-1,
111,-1,-1,-1,-1,-1,-1,-1,-1,-1,221,-1,-1,-1,-1,-1,-1,-1,-1,-1,
112,-1,-1,-1,-1,-1,-1,-1,-1,-1,-1,-1,274,400,-1,-1,-1,-1,279,163,
113,-1,168,-1,-1,-1,-1,338,-1,-1,-1,357,-1,-1,-1,-1,-1,-1,446,271,
115,86,-1,-1,164,292,-1,-1,-1,-1,-1,-1,-1,-1,-1,-1,-1,-1,-1,-1,
116,44,286,-1,-1,-1,-1,-1,-1,-1,118,-1,-1,-1,-1,-1,-1,-1,-1,-1,
119,-1,-1,-1,-1,158,-1,-1,-1,68,-1,-1,-1,-1,-1,-1,-1,217,50,-1,
120,-1,41,123,43,-1,212,-1,-1,-1,-1,122,238,105,-1,-1,-1,-1,-1,-1,
121,-1,-1,-1,-1,-1,-1,-1,-1,-1,15,16,-1,-1,-1,-1,-1,73,-1,-1,
122,78,178,94,-1,-1,266,43,115,141,49,63,161,241,382,218,144,179,138,154,
123,-1,81,135,-1,-1,-1,-1,-1,-1,-1,-1,-1,-1,-1,-1,-1,-1,-1,-1,
125,-1,-1,549,303,-1,-1,-1,-1,-1,-1,-1,-1,-1,-1,-1,-1,-1,-1,-1,
129,70,229,184,155,345,88,-1,-1,-1,-1,-1,-1,-1,261,-1,-1,-1,-1,-1,
130,-1,-1,-1,-1,303,-1,-1,-1,-1,-1,-1,-1,-1,-1,-1,-1,-1,-1,-1,
132,57,-1,-1,-1,-1,-1,-1,-1,-1,-1,-1,-1,-1,-1,-1,-1,-1,55,77,
134,-1,720,200,301,650,147,358,404,687,220,158,321,215,380,934,673,368,-1,768,
135,200,139,-1,-1,290,595,-1,398,303,-1,-1,-1,-1,-1,102,297,501,486,-1,
136,88,201,336,-1,-1,-1,-1,-1,-1,-1,-1,-1,-1,-1,-1,-1,-1,196,35,
137,102,-1,-1,-1,-1,-1,157,-1,78,145,230,194,-1,341,233,184,196,-1,-1,
138,-1,-1,302,451,-1,-1,-1,-1,-1,-1,-1,-1,-1,-1,-1,-1,503,-1,-1,
139,-1,209,-1,-1,-1,-1,436,465,-1,-1,-1,-1,-1,-1,-1,-1,-1,-1,-1,
-1,93,-1,-1,170,477,176,247,299,-1,189,105,-1,111,148,179,135,172,288,129,
141,-1,-1,-1,-1,-1,-1,463,-1,-1,-1,-1,-1,-1,-1,-1,-1,276,223,252,
143,220,-1,-1,-1,-1,-1,-1,-1,-1,-1,-1,-1,-1,-1,-1,-1,-1,-1,-1,
144,48,-1,-1,-1,-1,-1,404,274,-1,-1,-1,-1,-1,-1,-1,365,67,-1,-1,
145,353,306,765,236,196,194,405,277,182,-1,372,150,-1,752,324,-1,292,451,327,
146,-1,72,-1,-1,-1,36,39,87,119,48,26,96,87,113,44,-1,66,-1,-1,
147,299,-1,-1,247,271,177,282,236,160,-1,-1,-1,-1,-1,-1,145,187,369,161,
148,-1,-1,-1,272,118,-1,-1,365,-1,124,151,112,48,185,29,-1,-1,-1,-1,
151,-1,150,501,271,-1,-1,-1,-1,-1,-1,-1,-1,-1,-1,-1,-1,-1,-1,-1,
152,-1,-1,-1,-1,-1,-1,-1,-1,-1,-1,-1,-1,-1,-1,-1,334,-1,-1,-1,
153,240,256,376,501,417,334,331,814,305,295,194,358,306,723,399,189,287,457,433,
154,534,370,-1,465,-1,439,-1,424,340,-1,-1,-1,-1,-1,-1,-1,-1,-1,-1,
155,98,87,25,63,228,-1,133,241,32,197,211,299,-1,-1,-1,76,-1,-1,-1,
157,55,40,45,185,95,78,104,114,115,71,146,128,358,-1,-1,193,-1,-1,-1,
158,265,-1,-1,-1,-1,-1,-1,-1,-1,-1,-1,-1,-1,-1,-1,-1,-1,-1,-1,
161,177,-1,-1,-1,-1,539,-1,-1,185,418,-1,-1,-1,-1,-1,-1,-1,-1,-1,
162,184,-1,222,-1,-1,-1,123,-1,-1,-1,-1,-1,-1,-1,-1,-1,-1,-1,-1,
163,115,-1,-1,-1,-1,-1,-1,-1,-1,-1,-1,-1,-1,-1,-1,-1,-1,-1,-1,
166,372,-1,-1,-1,-1,-1,-1,-1,-1,-1,-1,-1,-1,-1,-1,-1,-1,-1,-1,
167,221,213,185,126,-1,659,517,-1,297,-1,-1,-1,118,236,-1,457,-1,-1,-1,
168,66,55,55,61,85,31,59,26,22,-1,60,18,28,-1,-1,159,151,273,41,
169,313,-1,412,228,737,-1,660,-1,-1,-1,-1,259,426,290,811,321,462,629,658,
171,37,110,-1,-1,-1,-1,-1,395,-1,-1,-1,125,170,123,141,-1,134,330,-1,
172,159,125,168,162,245,204,143,194,226,225,229,140,132,213,-1,266,266,438,-1,
173,400,379,-1,-1,447,315,285,202,451,166,149,77,299,416,-1,-1,-1,-1,-1,
175,350,222,-1,78,-1,-1,-1,-1,-1,-1,-1,-1,-1,-1,-1,-1,-1,-1,-1,
176,134,202,125,116,-1,-1,-1,-1,-1,406,116,462,-1,-1,-1,-1,59,-1,259,
177,152,-1,-1,226,-1,242,-1,-1,-1,-1,-1,-1,562,-1,-1,-1,-1,-1,-1,
181,107,311,96,137,-1,-1,-1,-1,-1,-1,-1,-1,-1,-1,-1,-1,-1,-1,-1,
182,-1,480,325,-1,-1,-1,-1,-1,-1,-1,-1,-1,300,-1,396,273,-1,102,-1,
184,355,-1,283,-1,-1,-1,-1,-1,-1,-1,-1,-1,-1,-1,-1,-1,-1,-1,-1,
186,743,413,-1,-1,-1,-1,587,-1,179,-1,-1,294,432,1038,-1,-1,-1,-1,-1,
187,249,157,255,239,125,272,135,276,209,314,302,246,373,329,159,154,181,193,179,
188,-1,-1,-1,-1,-1,-1,-1,-1,-1,-1,-1,245,-1,-1,-1,-1,-1,-1,-1,
190,-1,-1,-1,-1,-1,67,-1,-1,315,435,-1,234,-1,-1,-1,-1,-1,-1,377,
192,140,54,-1,-1,451,-1,-1,-1,-1,-1,-1,-1,-1,-1,-1,-1,-1,-1,-1,
193,136,237,-1,-1,-1,-1,-1,-1,-1,183,164,-1,-1,-1,-1,-1,-1,-1,-1,
194,-1,-1,-1,-1,-1,-1,-1,338,-1,617,283,-1,53,72,307,-1,-1,408,266,
195,654,960,262,-1,444,817,220,222,197,196,-1,350,480,669,-1,367,445,234,221,
196,-1,-1,-1,-1,-1,-1,-1,-1,607,381,226,-1,461,-1,-1,-1,227,-1,-1,
197,579,279,-1,-1,-1,-1,-1,-1,-1,-1,-1,-1,-1,-1,-1,-1,-1,-1,-1,
198,-1,647,-1,-1,-1,-1,-1,-1,-1,-1,-1,-1,-1,-1,-1,-1,-1,-1,-1,
199,-1,-1,-1,681,503,479,-1,-1,-1,-1,-1,332,850,-1,-1,313,517,-1,-1,
200,-1,133,-1,-1,-1,-1,-1,333,113,77,61,-1,-1,-1,-1,-1,-1,-1,-1,
202,599,-1,308,-1,-1,-1,-1,-1,-1,-1,-1,-1,593,-1,-1,-1,-1,-1,-1,
204,-1,-1,389,676,-1,-1,-1,-1,-1,-1,-1,-1,352,610,-1,941,506,728,1065,
206,161,-1,-1,378,355,62,-1,48,-1,-1,-1,-1,-1,-1,-1,-1,-1,-1,-1,
207,-1,-1,-1,278,281,-1,-1,314,434,-1,-1,-1,-1,-1,-1,-1,-1,-1,-1,
209,-1,-1,316,383,318,264,-1,-1,-1,-1,-1,-1,-1,-1,-1,-1,-1,-1,530,
210,100,-1,-1,-1,-1,-1,111,-1,-1,-1,-1,-1,-1,-1,-1,-1,-1,-1,-1,
211,110,-1,161,195,-1,-1,137,-1,-1,300,436,361,-1,270,-1,-1,-1,-1,-1,
212,289,166,203,232,332,181,-1,-1,331,219,574,-1,-1,451,242,609,170,-1,181,
214,-1,120,145,-1,-1,-1,-1,-1,-1,-1,-1,-1,-1,-1,-1,-1,-1,-1,-1,
216,-1,-1,-1,-1,-1,-1,-1,-1,-1,-1,-1,-1,-1,-1,183,-1,-1,-1,-1,
218,-1,-1,178,110,141,-1,249,479,-1,-1,-1,-1,-1,-1,441,-1,577,-1,-1,
220,366,225,157,230,210,571,407,-1,320,194,260,244,365,254,195,124,197,134,-1,
221,210,-1,-1,69,66,76,17,36,-1,37,69,75,-1,-1,-1,-1,70,-1,-1,
223,406,-1,-1,-1,-1,-1,-1,-1,-1,-1,-1,-1,-1,-1,-1,-1,-1,-1,-1,
224,333,788,-1,-1,487,-1,-1,-1,-1,-1,-1,-1,-1,-1,-1,-1,-1,-1,-1,
225,87,-1,-1,-1,-1,-1,-1,-1,-1,-1,-1,-1,-1,-1,-1,-1,-1,-1,-1,
227,-1,261,-1,-1,278,355,253,-1,-1,-1,401,418,-1,725,-1,460,-1,-1,-1,
230,795,294,581,-1,-1,-1,-1,-1,-1,-1,-1,1052,-1,489,-1,-1,362,810,-1,
231,-1,-1,-1,-1,-1,30,27,41,-1,-1,287,-1,-1,-1,-1,-1,-1,-1,81,
232,229,436,232,-1,-1,-1,-1,-1,-1,-1,-1,-1,233,-1,-1,110,-1,183,-1,
233,162,554,-1,-1,-1,-1,-1,149,-1,-1,-1,-1,348,75,-1,-1,-1,-1,-1,
234,662,-1,472,509,-1,-1,-1,-1,-1,-1,-1,-1,-1,-1,-1,-1,-1,-1,-1,
235,287,-1,-1,-1,-1,-1,-1,-1,-1,-1,-1,-1,-1,-1,-1,-1,-1,-1,-1,
238,175,236,177,139,139,191,224,219,188,205,210,-1,-1,563,-1,362,344,-1,-1,
239,272,-1,-1,-1,-1,-1,-1,-1,-1,-1,-1,-1,-1,-1,-1,-1,700,557,-1,
240,302,-1,-1,-1,-1,-1,-1,-1,-1,-1,-1,-1,-1,-1,-1,-1,-1,-1,-1,
241,244,670,249,-1,624,241,708,122,314,217,375,167,275,204,168,399,-1,379,-1,
242,-1,-1,-1,-1,330,-1,-1,-1,-1,-1,-1,153,141,-1,-1,-1,125,-1,105,
245,-1,361,-1,-1,-1,-1,-1,-1,-1,-1,-1,-1,-1,-1,-1,-1,-1,-1,-1,
246,-1,-1,-1,-1,566,-1,-1,-1,-1,-1,-1,-1,-1,-1,-1,-1,-1,-1,-1,
247,165,-1,-1,-1,-1,-1,-1,-1,-1,-1,-1,-1,-1,-1,158,-1,-1,-1,-1,
249,-1,-1,-1,-1,379,-1,-1,-1,-1,-1,176,-1,-1,-1,-1,-1,-1,258,232,
250,-1,-1,-1,-1,-1,-1,-1,-1,-1,580,-1,-1,-1,-1,-1,349,285,264,115,
252,-1,990,561,-1,-1,-1,-1,-1,-1,-1,-1,-1,-1,-1,-1,-1,-1,-1,-1,
255,290,-1,-1,-1,-1,-1,-1,-1,-1,-1,-1,-1,-1,-1,-1,-1,-1,-1,-1,
257,615,-1,-1,-1,-1,985,-1,-1,-1,-1,-1,-1,-1,-1,-1,735,-1,-1,-1,
258,806,148,347,-1,-1,-1,-1,-1,-1,454,-1,-1,-1,-1,-1,-1,-1,-1,118,
259,-1,-1,-1,123,-1,96,179,-1,-1,-1,-1,-1,-1,-1,-1,-1,-1,-1,-1,
260,168,254,568,-1,255,-1,-1,-1,-1,-1,-1,-1,-1,-1,-1,-1,-1,-1,-1,
261,324,-1,-1,-1,-1,-1,-1,-1,-1,-1,-1,-1,-1,-1,-1,-1,-1,-1,-1,
262,151,-1,-1,-1,-1,-1,-1,654,-1,-1,-1,-1,-1,-1,-1,-1,-1,-1,-1,
265,779,-1,-1,469,-1,-1,-1,-1,-1,-1,-1,-1,-1,-1,-1,-1,-1,-1,-1,
266,-1,-1,-1,-1,-1,-1,-1,-1,-1,-1,-1,464,-1,-1,-1,-1,-1,-1,-1,
268,-1,-1,278,-1,857,365,751,-1,540,693,-1,-1,316,327,464,-1,-1,-1,880,
270,609,-1,-1,-1,-1,-1,-1,-1,-1,-1,-1,-1,-1,-1,-1,-1,-1,-1,-1,
271,-1,-1,-1,-1,-1,-1,-1,-1,-1,-1,-1,-1,-1,-1,79,-1,-1,-1,-1,
272,-1,-1,-1,-1,-1,-1,-1,-1,-1,-1,-1,-1,-1,60,-1,-1,-1,-1,-1,
274,-1,-1,-1,-1,-1,-1,-1,-1,-1,34,85,-1,368,153,97,-1,-1,-1,-1,
276,292,367,246,633,561,698,468,509,319,-1,350,292,268,311,318,-1,208,278,230,
278,208,177,-1,-1,-1,-1,-1,-1,-1,-1,-1,-1,-1,-1,-1,-1,-1,-1,-1,
280,-1,846,-1,-1,-1,-1,-1,-1,-1,-1,-1,-1,585,1012,1266,-1,-1,-1,-1,
281,417,271,362,555,461,407,304,313,-1,1063,1030,-1,-1,-1,-1,-1,-1,-1,-1,
282,539,-1,243,-1,-1,-1,-1,-1,361,90,161,83,89,105,154,106,-1,326,249,
283,199,-1,-1,-1,-1,-1,-1,-1,-1,-1,-1,-1,-1,-1,-1,-1,-1,-1,-1,
284,228,298,580,-1,-1,69,-1,-1,-1,132,-1,-1,160,56,-1,214,108,307,152,
285,664,-1,-1,965,-1,-1,-1,-1,-1,-1,-1,-1,-1,-1,-1,-1,-1,905,-1,
286,382,1141,-1,-1,704,-1,-1,-1,-1,749,-1,-1,-1,513,457,-1,-1,-1,-1,
287,150,-1,-1,-1,-1,656,-1,-1,-1,799,-1,-1,-1,-1,-1,-1,-1,-1,-1,
288,633,-1,-1,-1,-1,-1,-1,-1,-1,-1,-1,-1,-1,-1,-1,-1,-1,-1,-1,
289,-1,-1,-1,-1,-1,-1,-1,-1,-1,-1,-1,-1,-1,-1,-1,623,-1,-1,-1,
290,407,258,-1,415,-1,946,-1,-1,-1,-1,-1,-1,-1,-1,-1,355,338,282,-1,
291,-1,-1,-1,-1,-1,-1,-1,-1,-1,-1,-1,-1,-1,767,-1,-1,-1,-1,-1,
292,-1,61,146,-1,180,-1,-1,-1,-1,-1,-1,-1,-1,-1,-1,-1,-1,-1,-1,
298,219,500,263,423,688,336,339,390,339,-1,-1,-1,-1,-1,-1,451,-1,367,205,
301,288,190,192,290,365,133,125,190,260,163,168,129,119,209,116,148,155,411,-1,
303,223,-1,-1,-1,-1,-1,-1,-1,-1,-1,-1,-1,-1,-1,-1,-1,-1,-1,-1,
304,441,-1,238,374,813,145,229,-1,-1,180,-1,390,191,-1,-1,-1,-1,-1,-1,
307,-1,-1,-1,-1,-1,-1,-1,-1,-1,-1,-1,-1,-1,-1,-1,255,150,749,-1,
308,-1,-1,-1,-1,-1,-1,-1,-1,-1,-1,-1,-1,-1,573,-1,-1,-1,-1,-1,
310,-1,-1,-1,-1,-1,-1,-1,-1,-1,-1,-1,523,-1,-1,-1,-1,-1,-1,-1,
311,201,69,-1,-1,57,-1,196,-1,-1,-1,235,-1,269,269,-1,393,-1,244,-1,
312,-1,-1,-1,-1,422,79,89,268,204,96,-1,241,179,176,137,-1,178,-1,-1,
313,671,529,-1,-1,-1,-1,-1,-1,-1,-1,-1,-1,-1,-1,-1,-1,-1,-1,-1,
314,-1,-1,-1,-1,-1,-1,-1,-1,-1,475,279,-1,-1,-1,-1,-1,-1,-1,-1,
318,281,-1,171,380,438,-1,-1,-1,165,-1,-1,-1,-1,151,115,186,166,-1,136,
319,-1,325,140,-1,-1,-1,-1,-1,-1,-1,-1,-1,-1,-1,-1,-1,-1,-1,-1,
320,-1,-1,230,-1,-1,94,182,-1,-1,-1,-1,-1,-1,-1,-1,-1,-1,-1,-1,
322,-1,-1,-1,713,-1,-1,-1,-1,-1,-1,-1,-1,-1,-1,345,-1,-1,-1,-1,
-1,83,101,93,171,153,97,97,111,150,67,72,81,70,88,73,107,120,105,157,
324,839,-1,-1,-1,-1,516,-1,-1,-1,-1,-1,-1,-1,-1,-1,-1,-1,-1,-1,
325,590,-1,822,-1,-1,-1,918,1611,1221,-1,-1,-1,-1,-1,-1,-1,-1,-1,-1,
326,-1,-1,-1,-1,-1,-1,-1,-1,-1,-1,-1,-1,-1,-1,-1,757,-1,-1,-1,
328,-1,-1,-1,578,-1,-1,-1,-1,-1,-1,-1,-1,-1,-1,-1,-1,-1,-1,-1,
329,-1,-1,829,381,767,485,335,192,-1,345,-1,457,174,244,334,-1,-1,-1,-1,
331,-1,-1,-1,-1,288,172,-1,243,147,-1,-1,-1,458,-1,-1,-1,-1,292,165,
333,-1,366,-1,-1,-1,-1,-1,-1,-1,-1,-1,-1,-1,-1,-1,409,-1,-1,-1,
334,-1,-1,-1,-1,-1,-1,-1,445,-1,-1,-1,-1,-1,-1,-1,423,-1,-1,-1,
335,789,-1,-1,-1,-1,-1,-1,-1,464,759,-1,-1,-1,-1,-1,-1,-1,-1,-1,
336,-1,-1,596,984,1203,1469,-1,-1,-1,-1,-1,-1,-1,-1,-1,-1,-1,-1,-1,
338,133,-1,-1,-1,-1,-1,-1,-1,-1,-1,-1,108,-1,-1,-1,-1,-1,-1,-1,
339,913,-1,-1,-1,-1,-1,-1,-1,-1,-1,-1,-1,-1,-1,-1,-1,-1,-1,-1,
340,-1,68,-1,103,134,-1,-1,-1,-1,-1,-1,-1,-1,-1,-1,-1,-1,-1,-1,
341,-1,-1,-1,-1,-1,-1,-1,-1,-1,-1,-1,-1,646,448,-1,-1,-1,-1,-1,
345,807,1307,1485,-1,-1,-1,-1,-1,640,1370,628,608,-1,-1,554,-1,-1,1293,-1,
-1,42,39,81,-1,80,-1,-1,-1,46,-1,80,54,26,70,57,27,-1,41,25,
349,231,-1,-1,-1,-1,-1,-1,-1,-1,-1,-1,-1,-1,-1,-1,-1,-1,-1,-1,
350,-1,-1,-1,-1,-1,-1,-1,-1,-1,663,556,351,505,655,-1,1223,649,906,393,
351,259,349,445,317,543,-1,-1,321,525,-1,331,-1,-1,-1,-1,-1,-1,-1,-1,
352,250,704,462,-1,-1,-1,-1,-1,-1,-1,-1,-1,-1,-1,-1,-1,188,335,-1,
353,396,-1,-1,-1,-1,-1,-1,-1,-1,-1,-1,-1,-1,-1,-1,-1,-1,-1,-1,
354,-1,-1,-1,-1,-1,-1,-1,326,-1,285,-1,-1,-1,-1,-1,-1,-1,-1,-1,
355,528,-1,-1,-1,120,87,117,-1,-1,-1,-1,-1,-1,-1,-1,583,-1,-1,-1,
356,-1,-1,-1,-1,-1,-1,-1,-1,-1,-1,-1,-1,-1,-1,143,489,411,-1,-1,
361,-1,946,-1,-1,760,590,817,820,-1,-1,-1,-1,-1,-1,-1,545,-1,-1,-1,
364,476,510,-1,-1,-1,-1,-1,-1,-1,-1,-1,-1,598,745,994,-1,426,461,274,
365,311,513,653,352,-1,-1,-1,-1,-1,-1,-1,-1,-1,-1,-1,-1,-1,-1,-1,
367,-1,425,341,304,409,376,425,351,407,599,-1,-1,-1,-1,-1,-1,-1,777,589,
368,866,815,-1,485,-1,-1,-1,-1,-1,-1,-1,-1,-1,-1,-1,-1,-1,-1,-1,
370,-1,-1,207,-1,418,-1,-1,-1,-1,-1,701,-1,349,970,624,-1,-1,-1,-1,
373,-1,-1,-1,-1,-1,-1,-1,662,596,150,-1,170,752,698,708,-1,-1,-1,-1,
374,933,-1,-1,-1,-1,-1,-1,-1,-1,-1,-1,-1,-1,-1,-1,-1,-1,-1,-1,
375,-1,-1,-1,-1,-1,-1,-1,429,-1,-1,-1,-1,-1,-1,-1,-1,-1,-1,-1,
376,-1,-1,357,421,640,-1,-1,-1,-1,142,183,250,-1,607,-1,174,-1,-1,-1,
377,586,592,888,-1,-1,-1,-1,501,-1,-1,135,202,-1,-1,-1,-1,-1,-1,-1,
378,855,616,-1,961,-1,-1,-1,-1,-1,-1,-1,-1,-1,-1,-1,-1,-1,-1,-1,
-1,616,849,-1,-1,842,679,1162,553,595,1564,1427,843,-1,-1,-1,1850,-1,-1,-1,
380,-1,-1,-1,648,-1,-1,-1,-1,-1,-1,311,-1,-1,-1,-1,-1,-1,-1,-1,
381,540,862,507,542,-1,778,455,-1,1107,716,-1,-1,809,1189,-1,777,-1,-1,-1,
382,-1,-1,-1,-1,-1,-1,-1,-1,-1,487,-1,-1,-1,-1,600,257,706,-1,317,
384,-1,891,679,346,529,-1,600,152,155,-1,143,175,-1,-1,-1,-1,159,514,371,
385,1073,210,-1,-1,-1,335,-1,-1,521,807,798,-1,933,-1,-1,1316,-1,-1,733,
386,-1,-1,-1,-1,-1,-1,667,-1,-1,-1,-1,-1,-1,-1,-1,-1,-1,-1,-1,
387,-1,-1,-1,-1,-1,-1,-1,199,272,-1,188,69,121,147,109,199,162,199,64,
389,171,-1,-1,575,195,332,301,216,-1,-1,-1,-1,-1,776,178,340,-1,-1,559,
390,-1,-1,-1,-1,-1,-1,-1,-1,-1,-1,-1,-1,-1,-1,-1,-1,421,-1,-1,
391,-1,-1,340,72,-1,-1,-1,-1,-1,-1,191,135,-1,-1,386,-1,225,-1,72,
394,467,-1,-1,-1,-1,-1,-1,-1,-1,-1,-1,-1,-1,-1,-1,-1,-1,-1,-1,
-1,-1,-1,446,258,331,-1,200,143,176,-1,81,405,-1,-1,-1,-1,-1,-1,-1,
397,238,332,260,289,262,253,299,406,-1,320,325,-1,-1,484,605,282,252,298,333,
-1,-1,-1,73,188,94,124,152,354,284,635,262,-1,-1,-1,-1,-1,-1,-1,-1,
399,-1,-1,271,-1,-1,-1,-1,-1,-1,-1,-1,-1,-1,-1,-1,-1,-1,-1,-1,
400,-1,-1,-1,-1,-1,-1,-1,-1,-1,-1,-1,-1,-1,-1,-1,660,-1,-1,-1,
401,647,449,-1,-1,-1,-1,679,947,-1,974,-1,1253,1058,420,-1,729,-1,-1,-1,
402,291,-1,-1,707,1162,1318,-1,-1,-1,-1,-1,-1,-1,-1,928,1452,617,699,-1,
404,411,-1,-1,-1,-1,-1,-1,-1,-1,-1,-1,-1,-1,-1,-1,-1,-1,-1,-1,
405,-1,-1,-1,-1,-1,-1,-1,-1,-1,-1,185,-1,877,-1,-1,-1,-1,-1,-1,
407,262,984,-1,-1,-1,-1,-1,-1,-1,-1,-1,-1,-1,-1,-1,-1,-1,-1,-1,
408,485,435,194,-1,-1,-1,-1,655,-1,548,-1,-1,-1,-1,-1,-1,-1,255,-1,
409,-1,255,-1,-1,-1,559,-1,-1,-1,-1,-1,-1,-1,-1,-1,-1,576,-1,705,
410,203,103,-1,-1,-1,-1,-1,-1,-1,-1,-1,-1,-1,-1,-1,-1,-1,-1,-1,
411,879,779,1021,-1,-1,364,438,306,375,502,391,282,267,320,267,332,311,417,362,
412,-1,798,-1,-1,-1,423,547,-1,-1,-1,-1,-1,-1,-1,-1,-1,-1,-1,-1,
413,-1,-1,-1,-1,-1,-1,-1,-1,697,-1,-1,-1,-1,-1,-1,-1,-1,-1,-1,
414,398,532,317,480,887,-1,99,174,-1,-1,409,-1,-1,-1,-1,-1,-1,-1,-1,
416,331,-1,-1,-1,-1,-1,-1,-1,-1,-1,-1,-1,-1,-1,-1,-1,-1,-1,-1,
417,1023,-1,-1,-1,-1,-1,-1,-1,-1,-1,-1,-1,-1,-1,-1,-1,-1,-1,-1,
418,-1,-1,-1,-1,-1,-1,-1,-1,-1,-1,-1,-1,375,-1,-1,-1,-1,-1,-1,
420,-1,-1,-1,-1,-1,-1,-1,-1,885,-1,1206,-1,-1,-1,-1,-1,-1,-1,-1,
424,-1,386,642,505,-1,-1,-1,-1,-1,653,-1,-1,-1,553,486,-1,-1,-1,284,
425,668,-1,-1,-1,-1,-1,-1,-1,-1,-1,-1,-1,-1,-1,-1,-1,-1,-1,-1,
426,-1,533,-1,-1,-1,-1,-1,-1,-1,-1,-1,-1,-1,-1,-1,-1,-1,-1,-1,
427,-1,-1,-1,-1,-1,-1,-1,-1,-1,-1,-1,711,-1,1156,-1,-1,-1,-1,-1,
-1,997,1198,857,856,2156,-1,2374,-1,-1,-1,1596,1109,1222,1459,-1,-1,-1,2173,2433,
429,-1,-1,-1,-1,-1,-1,-1,-1,-1,-1,-1,-1,-1,383,532,-1,-1,-1,-1,
432,-1,-1,-1,-1,-1,599,-1,-1,-1,-1,-1,-1,-1,-1,-1,-1,-1,-1,-1,
433,-1,-1,78,-1,-1,269,-1,-1,-1,-1,-1,-1,-1,-1,-1,-1,-1,-1,-1,
434,-1,903,293,265,334,536,-1,370,720,-1,-1,-1,-1,-1,-1,-1,-1,-1,537,
435,363,-1,-1,-1,-1,-1,-1,-1,560,-1,-1,-1,-1,-1,-1,440,-1,-1,707,
436,547,-1,-1,-1,-1,-1,-1,-1,-1,-1,-1,-1,-1,-1,-1,-1,-1,-1,-1,
437,594,-1,-1,-1,-1,-1,-1,-1,-1,-1,-1,-1,-1,-1,-1,-1,-1,-1,-1,
440,-1,149,89,77,166,24,114,-1,312,92,113,124,142,222,205,-1,60,-1,-1,
441,276,272,143,223,151,116,208,209,242,147,170,188,126,180,162,138,139,140,-1,
443,125,92,121,-1,-1,-1,67,-1,-1,-1,-1,-1,-1,-1,-1,-1,-1,-1,-1,
445,377,360,518,520,-1,927,437,850,568,647,404,323,413,-1,-1,-1,-1,-1,509,
446,-1,-1,-1,787,-1,-1,398,-1,-1,-1,-1,-1,-1,-1,-1,-1,-1,-1,-1,
447,506,-1,-1,186,-1,-1,227,291,379,830,860,544,289,-1,-1,-1,-1,965,-1,
449,-1,861,710,983,995,-1,-1,-1,-1,-1,-1,-1,-1,-1,-1,-1,-1,-1,-1,
450,268,249,162,256,370,353,365,308,244,-1,238,218,-1,-1,311,664,524,-1,-1,
451,778,-1,900,-1,-1,-1,-1,-1,-1,-1,-1,-1,-1,-1,-1,-1,-1,-1,-1,
-1,-1,-1,-1,-1,854,796,891,757,-1,-1,-1,-1,-1,-1,-1,1505,695,-1,-1,
454,194,230,-1,-1,732,-1,-1,-1,-1,-1,216,-1,-1,-1,-1,-1,-1,-1,-1,
-1,1979,2137,-1,-1,-1,-1,-1,-1,1519,1033,-1,-1,-1,-1,-1,-1,-1,-1,-1,
456,909,-1,-1,-1,-1,-1,-1,-1,-1,-1,-1,-1,-1,1473,-1,-1,-1,-1,-1,
457,470,496,545,-1,236,-1,-1,-1,-1,-1,892,-1,-1,-1,-1,715,300,1072,767,
458,248,-1,555,87,-1,208,795,-1,-1,-1,-1,-1,-1,-1,-1,-1,-1,191,-1,
459,-1,979,845,910,1586,-1,-1,-1,-1,-1,-1,-1,-1,-1,-1,-1,-1,-1,309,
460,101,-1,117,-1,-1,32,-1,-1,-1,-1,-1,-1,-1,-1,-1,-1,-1,-1,-1,
462,-1,233,-1,-1,-1,-1,-1,-1,-1,-1,-1,-1,-1,-1,-1,-1,-1,-1,-1,
463,342,-1,-1,-1,-1,-1,-1,-1,-1,-1,-1,-1,-1,-1,-1,-1,-1,-1,-1,
466,627,-1,467,842,672,550,606,1126,660,1474,-1,-1,360,-1,777,-1,364,-1,-1,
467,-1,-1,-1,-1,-1,-1,-1,-1,-1,-1,-1,-1,176,-1,-1,-1,-1,-1,-1,
468,-1,-1,122,99,101,73,170,108,99,-1,-1,-1,-1,-1,-1,-1,175,-1,218,
470,965,-1,1297,-1,-1,602,869,-1,826,420,-1,-1,-1,675,376,-1,-1,-1,-1,
471,850,-1,-1,-1,-1,-1,-1,-1,-1,-1,-1,-1,-1,-1,-1,-1,-1,-1,-1,
476,1137,-1,-1,-1,1694,-1,-1,-1,-1,-1,-1,-1,-1,-1,-1,-1,-1,-1,-1,
480,-1,600,-1,-1,-1,-1,-1,-1,890,-1,-1,-1,664,206,-1,-1,-1,-1,-1,
481,-1,-1,514,537,714,220,-1,191,-1,387,643,-1,-1,-1,-1,672,121,314,138,
482,724,-1,-1,214,-1,-1,486,-1,383,322,505,723,-1,-1,-1,-1,-1,-1,-1,
484,915,-1,-1,-1,-1,560,333,-1,-1,903,911,-1,-1,-1,-1,-1,-1,-1,-1,
487,434,-1,-1,-1,-1,-1,-1,-1,-1,-1,-1,-1,-1,-1,-1,-1,-1,-1,-1,
490,727,-1,627,792,495,-1,-1,571,259,-1,-1,-1,-1,-1,-1,-1,-1,582,-1,
491,742,-1,-1,-1,-1,183,332,1006,-1,-1,-1,-1,-1,297,653,-1,-1,-1,-1,
496,-1,-1,-1,-1,-1,-1,-1,-1,-1,-1,-1,-1,-1,-1,-1,676,-1,-1,-1,
497,-1,-1,-1,-1,-1,100,-1,469,-1,-1,-1,111,-1,280,101,576,-1,-1,-1,
499,704,-1,-1,-1,-1,-1,-1,-1,-1,-1,-1,-1,-1,-1,-1,-1,-1,-1,-1,
500,263,-1,-1,-1,-1,-1,-1,-1,-1,-1,-1,-1,-1,-1,-1,-1,-1,180,-1,
502,-1,-1,-1,-1,-1,-1,-1,-1,-1,-1,-1,-1,-1,378,249,187,559,-1,-1,
504,707,-1,-1,-1,-1,-1,-1,-1,-1,-1,-1,-1,-1,-1,-1,-1,-1,-1,-1,
507,-1,555,-1,-1,-1,-1,-1,-1,-1,-1,490,-1,860,-1,-1,-1,490,-1,-1,
510,718,-1,-1,-1,-1,-1,-1,-1,-1,-1,-1,-1,-1,-1,-1,-1,-1,-1,-1,
513,-1,-1,-1,217,-1,-1,-1,-1,-1,-1,-1,-1,-1,-1,-1,-1,-1,-1,-1,
517,-1,-1,-1,-1,-1,-1,-1,-1,-1,-1,-1,-1,-1,-1,-1,-1,214,207,-1,
518,-1,-1,-1,-1,1125,901,-1,651,183,613,-1,483,-1,-1,-1,-1,-1,-1,-1,
519,1306,-1,-1,-1,-1,-1,-1,-1,-1,-1,-1,-1,-1,-1,-1,-1,-1,-1,-1,
520,300,756,504,-1,657,246,268,461,-1,594,621,342,292,242,156,404,262,430,209,
522,-1,653,-1,-1,-1,-1,-1,-1,466,-1,-1,-1,-1,-1,-1,-1,-1,-1,-1,
523,-1,-1,-1,639,-1,-1,-1,-1,-1,-1,-1,208,-1,-1,-1,-1,-1,-1,-1,
528,-1,688,-1,-1,-1,-1,-1,-1,-1,-1,-1,-1,-1,-1,-1,-1,-1,-1,-1,
531,990,-1,-1,1280,-1,1018,981,-1,-1,614,-1,-1,-1,-1,-1,-1,-1,-1,1573,
532,-1,1692,1063,-1,-1,-1,-1,-1,-1,854,582,633,392,1115,-1,-1,-1,-1,-1,
533,-1,-1,-1,567,-1,-1,-1,-1,-1,-1,-1,-1,-1,-1,-1,-1,-1,-1,-1,
537,-1,-1,-1,-1,-1,-1,-1,444,461,-1,-1,-1,-1,-1,-1,-1,-1,-1,-1,
539,761,478,1360,-1,-1,-1,-1,-1,-1,-1,-1,-1,-1,-1,-1,-1,-1,-1,-1,
542,588,-1,-1,-1,-1,-1,-1,-1,-1,-1,-1,-1,-1,-1,-1,-1,-1,-1,-1,
543,364,-1,-1,-1,-1,-1,-1,-1,-1,97,-1,-1,-1,-1,-1,379,679,286,-1,
544,-1,-1,-1,-1,-1,-1,-1,-1,-1,-1,-1,-1,-1,-1,-1,712,1293,802,1167,
546,425,204,-1,151,247,273,-1,-1,74,368,65,401,-1,229,-1,-1,628,474,258,
547,-1,-1,-1,-1,-1,-1,-1,-1,-1,-1,-1,-1,-1,-1,-1,-1,326,-1,-1,
550,246,1007,-1,-1,-1,-1,-1,-1,234,-1,-1,-1,468,-1,-1,-1,-1,-1,664,
551,-1,-1,-1,855,-1,-1,-1,-1,-1,-1,-1,-1,-1,-1,-1,-1,-1,-1,-1,
552,295,-1,-1,-1,163,-1,-1,-1,-1,-1,-1,-1,-1,-1,460,-1,-1,-1,-1,
555,-1,307,-1,-1,-1,-1,-1,-1,203,592,640,435,239,-1,-1,-1,-1,-1,-1,
556,775,951,1496,-1,-1,-1,-1,1655,646,394,652,-1,-1,-1,-1,-1,-1,-1,-1,
561,894,-1,-1,-1,-1,-1,-1,-1,-1,-1,-1,-1,-1,-1,-1,1588,-1,-1,-1,
563,-1,-1,-1,-1,-1,-1,-1,-1,-1,-1,-1,-1,-1,-1,-1,429,-1,-1,-1,
564,685,1384,-1,-1,-1,-1,-1,-1,740,-1,-1,944,1207,-1,-1,-1,-1,-1,-1,
566,304,947,484,351,406,532,419,521,545,-1,-1,-1,328,-1,-1,278,586,-1,-1,
567,-1,-1,-1,-1,-1,-1,-1,-1,-1,-1,559,1078,-1,-1,-1,-1,-1,-1,-1,
568,326,382,-1,-1,-1,-1,-1,788,-1,-1,774,-1,565,-1,-1,-1,-1,-1,-1,
571,-1,-1,-1,982,-1,-1,-1,-1,-1,-1,-1,-1,-1,-1,-1,318,-1,-1,-1,
572,565,433,-1,-1,-1,-1,-1,-1,-1,-1,-1,-1,-1,-1,-1,-1,-1,-1,-1,
574,-1,926,-1,-1,-1,-1,-1,-1,-1,-1,-1,-1,-1,-1,-1,-1,-1,-1,-1,
575,468,-1,210,-1,-1,-1,-1,-1,-1,-1,-1,885,-1,988,-1,-1,-1,-1,-1,
576,777,-1,-1,-1,-1,-1,-1,-1,-1,-1,-1,-1,-1,-1,-1,-1,-1,1467,-1,
580,-1,-1,-1,-1,-1,428,678,1016,-1,-1,668,-1,781,611,-1,-1,259,434,307,
581,568,276,142,242,174,245,322,211,377,392,341,237,540,324,361,225,329,-1,652,
582,234,-1,-1,-1,-1,-1,545,-1,-1,-1,-1,-1,-1,-1,-1,-1,-1,-1,-1,
583,-1,842,-1,-1,616,291,617,989,-1,-1,-1,-1,288,-1,-1,-1,-1,-1,-1,
584,-1,-1,-1,-1,-1,-1,-1,-1,-1,-1,-1,660,-1,-1,-1,-1,-1,-1,184,
586,-1,-1,-1,-1,-1,-1,-1,-1,-1,-1,298,691,243,-1,-1,-1,-1,-1,-1,
590,418,-1,-1,-1,-1,-1,-1,-1,-1,-1,217,-1,-1,-1,-1,-1,-1,-1,-1,
591,-1,601,878,1339,-1,-1,-1,-1,-1,-1,-1,-1,-1,-1,-1,-1,-1,-1,-1,
592,218,174,-1,-1,747,323,186,341,838,-1,192,345,-1,274,144,146,189,-1,-1,
593,212,-1,-1,-1,-1,-1,-1,121,444,-1,-1,-1,-1,-1,-1,-1,-1,-1,-1,
-1,-1,-1,613,483,-1,-1,-1,-1,1477,501,1120,731,1148,-1,-1,-1,-1,-1,-1,
600,1123,-1,252,431,-1,-1,-1,317,-1,-1,-1,-1,-1,-1,-1,-1,-1,-1,-1,
601,-1,-1,753,854,467,287,396,327,393,873,-1,-1,575,537,-1,343,895,475,412,
604,-1,-1,-1,1260,-1,-1,473,819,-1,-1,-1,870,-1,-1,-1,-1,-1,-1,-1,
606,814,-1,-1,-1,-1,-1,-1,-1,156,-1,199,591,-1,505,-1,-1,-1,725,727,
607,-1,-1,560,756,441,-1,-1,633,840,-1,-1,430,872,-1,471,572,290,-1,-1,
609,1283,1379,1566,1878,1332,1459,-1,-1,-1,-1,1008,-1,1895,1903,-1,1856,772,-1,838,
610,392,-1,848,-1,-1,-1,-1,-1,-1,-1,-1,-1,-1,-1,-1,-1,-1,-1,-1,
614,623,-1,-1,-1,-1,-1,-1,-1,-1,-1,-1,-1,-1,-1,-1,-1,-1,553,-1,
615,1191,-1,-1,-1,-1,-1,-1,-1,-1,-1,-1,-1,-1,-1,-1,-1,-1,-1,-1,
616,541,-1,-1,-1,-1,338,-1,554,483,-1,587,1351,-1,1014,861,952,581,-1,280,
617,-1,-1,327,1299,1083,636,-1,-1,-1,585,445,-1,-1,-1,-1,-1,-1,-1,-1,
619,-1,-1,-1,-1,-1,-1,-1,-1,-1,-1,-1,-1,-1,-1,-1,1380,-1,-1,-1,
622,-1,-1,-1,-1,-1,-1,581,-1,-1,896,555,732,-1,-1,-1,-1,-1,737,-1,
623,-1,-1,-1,-1,-1,-1,-1,-1,-1,-1,467,347,-1,-1,1394,1104,908,1064,1376,
624,661,719,1517,-1,-1,-1,-1,-1,-1,-1,-1,-1,526,-1,-1,-1,-1,-1,-1,
627,-1,1163,-1,-1,634,601,384,1301,-1,-1,-1,-1,-1,-1,-1,1259,-1,-1,486,
629,-1,-1,730,649,628,-1,423,-1,-1,-1,-1,-1,-1,-1,-1,-1,-1,-1,-1,
636,-1,-1,-1,1023,1564,1887,-1,-1,-1,-1,-1,-1,-1,1084,871,773,2063,-1,-1,
642,1474,-1,-1,-1,1506,-1,-1,2208,-1,-1,-1,-1,-1,-1,-1,-1,-1,-1,-1,
645,-1,-1,-1,-1,-1,-1,-1,-1,-1,-1,-1,-1,-1,1555,-1,-1,1933,1154,1393,
646,189,-1,-1,-1,-1,-1,-1,-1,-1,-1,-1,-1,313,399,348,78,205,-1,170,
647,414,-1,-1,-1,-1,-1,-1,-1,-1,-1,-1,-1,-1,-1,-1,-1,-1,-1,-1,
648,563,-1,-1,-1,613,831,1015,-1,243,537,-1,-1,-1,-1,-1,-1,-1,-1,-1,
-1,-1,-1,-1,-1,-1,-1,-1,-1,-1,-1,-1,-1,-1,527,1082,726,402,657,933,
650,716,-1,392,759,601,824,-1,-1,-1,-1,-1,-1,-1,-1,-1,-1,-1,-1,-1,
653,-1,-1,-1,-1,-1,1127,-1,-1,-1,-1,-1,-1,-1,-1,-1,-1,-1,-1,-1,
656,-1,-1,-1,-1,-1,-1,-1,-1,271,198,377,-1,-1,-1,-1,155,-1,-1,-1,
657,-1,-1,-1,-1,-1,-1,-1,-1,-1,980,-1,-1,-1,-1,-1,-1,-1,-1,-1,
-1,-1,-1,-1,296,496,278,103,284,241,115,382,205,-1,197,114,-1,-1,-1,256,
659,550,-1,-1,-1,186,240,389,304,221,297,586,-1,-1,-1,-1,-1,-1,-1,-1,
661,403,-1,-1,-1,-1,-1,-1,-1,-1,-1,-1,-1,-1,-1,-1,-1,-1,-1,-1,
662,-1,-1,441,205,344,-1,-1,-1,-1,-1,-1,-1,-1,-1,-1,-1,-1,-1,-1,
663,-1,-1,-1,-1,-1,1743,-1,-1,-1,2176,1012,-1,710,1770,-1,-1,-1,-1,-1,
664,368,397,306,-1,-1,-1,-1,-1,-1,-1,716,845,-1,734,657,-1,-1,638,-1,
666,675,562,-1,-1,-1,-1,-1,-1,-1,-1,-1,-1,-1,-1,-1,-1,-1,-1,-1,
668,-1,-1,-1,502,-1,-1,-1,-1,1288,371,-1,-1,-1,-1,-1,-1,-1,-1,-1,
669,-1,381,884,-1,-1,-1,-1,-1,-1,-1,-1,-1,-1,-1,-1,-1,-1,-1,-1,
670,-1,-1,-1,-1,-1,-1,-1,-1,715,-1,-1,-1,-1,-1,-1,-1,935,811,349,
671,764,-1,-1,-1,911,-1,-1,498,-1,1597,-1,-1,-1,-1,-1,-1,-1,-1,-1,
673,923,-1,-1,-1,-1,-1,-1,-1,-1,-1,-1,-1,-1,603,814,-1,-1,-1,-1,
675,-1,-1,-1,-1,-1,-1,-1,-1,-1,-1,-1,-1,-1,-1,-1,-1,-1,1311,-1,
676,-1,-1,-1,-1,-1,-1,-1,-1,786,-1,148,-1,180,463,-1,-1,-1,-1,-1,
677,924,-1,-1,-1,-1,-1,-1,-1,-1,1314,-1,-1,-1,-1,-1,-1,-1,-1,-1,
678,-1,-1,-1,-1,-1,-1,-1,-1,467,-1,-1,-1,203,-1,-1,-1,-1,-1,-1,
681,310,708,-1,283,164,-1,-1,-1,-1,-1,-1,-1,-1,-1,-1,-1,-1,-1,-1,
683,-1,-1,-1,-1,-1,-1,-1,-1,380,248,-1,-1,-1,-1,-1,-1,-1,-1,-1,
686,457,-1,-1,-1,807,-1,-1,-1,1684,-1,-1,1174,-1,-1,-1,-1,-1,1495,-1,
688,-1,617,458,-1,-1,583,308,-1,-1,-1,532,-1,396,904,419,-1,-1,-1,1382,
691,1397,396,375,1398,679,888,-1,-1,-1,-1,-1,-1,-1,-1,-1,-1,-1,-1,-1,
692,-1,-1,-1,-1,-1,-1,-1,-1,-1,-1,-1,-1,438,294,360,-1,-1,-1,-1,
694,378,534,-1,880,-1,-1,270,606,487,-1,-1,688,-1,238,985,204,-1,865,-1,
697,1604,-1,-1,952,1684,884,1000,-1,-1,-1,-1,-1,-1,-1,-1,-1,1508,-1,1809,
701,477,-1,-1,-1,1675,-1,2210,1410,1748,780,988,671,1521,834,-1,1276,2017,754,-1,
702,-1,-1,-1,-1,-1,-1,-1,-1,-1,-1,253,293,-1,-1,-1,103,229,111,135,
703,442,567,1114,-1,-1,-1,-1,-1,-1,-1,-1,-1,-1,-1,-1,-1,-1,-1,-1,
704,-1,-1,-1,-1,-1,-1,-1,-1,-1,-1,-1,-1,-1,-1,-1,-1,-1,-1,1628,
705,-1,1436,298,309,905,-1,-1,-1,-1,-1,-1,-1,-1,-1,-1,-1,-1,673,-1,
709,-1,-1,-1,-1,-1,1600,-1,-1,-1,-1,-1,-1,-1,-1,-1,-1,-1,-1,-1,
710,-1,489,-1,966,471,509,-1,-1,-1,-1,-1,-1,-1,-1,-1,-1,-1,-1,-1,
712,428,-1,1319,-1,792,459,400,-1,-1,-1,-1,-1,-1,-1,-1,-1,-1,-1,-1,
713,622,281,414,277,-1,522,-1,-1,-1,-1,-1,-1,678,-1,-1,-1,-1,-1,-1,
714,-1,-1,-1,-1,-1,1229,692,600,620,266,-1,441,533,-1,-1,-1,-1,-1,-1,
718,998,-1,-1,-1,-1,-1,-1,-1,-1,-1,-1,-1,-1,-1,-1,-1,-1,-1,-1,
720,247,-1,-1,-1,-1,-1,-1,-1,-1,-1,-1,-1,-1,-1,-1,-1,-1,-1,-1,
723,-1,-1,-1,-1,-1,-1,-1,-1,-1,1148,909,974,-1,-1,-1,-1,-1,-1,-1,
725,-1,-1,-1,-1,-1,-1,-1,-1,-1,-1,-1,-1,-1,-1,-1,-1,820,-1,-1,
726,-1,-1,-1,-1,-1,-1,-1,248,261,465,482,449,-1,661,1113,-1,-1,-1,-1,
727,-1,289,-1,-1,-1,-1,-1,-1,-1,-1,-1,-1,-1,-1,-1,-1,-1,-1,-1,
729,-1,-1,-1,1996,-1,-1,-1,-1,-1,-1,-1,-1,-1,-1,1231,-1,-1,-1,-1,
733,559,330,361,243,-1,-1,300,394,-1,-1,-1,-1,-1,894,431,-1,-1,-1,-1,
-1,875,-1,-1,1082,1051,411,278,170,546,233,-1,-1,686,982,370,699,-1,751,410,
737,-1,-1,-1,785,574,-1,-1,-1,-1,-1,-1,-1,-1,-1,599,-1,-1,-1,-1,
738,1276,424,-1,-1,-1,-1,-1,-1,-1,-1,-1,-1,-1,-1,-1,-1,-1,-1,-1,
742,871,437,353,332,-1,451,267,427,309,216,250,-1,-1,-1,472,537,829,-1,-1,
743,-1,-1,-1,427,1062,-1,-1,350,-1,-1,-1,-1,-1,-1,-1,-1,-1,-1,-1,
745,1720,-1,-1,-1,-1,-1,-1,1190,-1,369,-1,-1,-1,-1,-1,-1,-1,-1,-1,
746,-1,-1,-1,857,-1,-1,-1,-1,-1,-1,-1,-1,-1,-1,-1,-1,-1,-1,-1,
748,-1,-1,-1,-1,-1,-1,-1,-1,1302,-1,-1,-1,-1,-1,-1,-1,1017,-1,1140,
749,283,711,634,599,301,-1,-1,-1,-1,-1,-1,-1,-1,-1,-1,-1,-1,-1,-1,
750,944,-1,-1,693,-1,-1,-1,-1,-1,1289,773,-1,-1,-1,-1,-1,-1,-1,-1,
751,401,363,-1,1432,-1,-1,966,-1,1867,1450,1352,-1,-1,-1,-1,-1,-1,-1,-1,
752,-1,-1,-1,-1,-1,-1,-1,-1,-1,-1,-1,-1,-1,-1,-1,-1,803,1394,750,
753,858,-1,-1,-1,-1,1343,1199,1102,-1,-1,-1,-1,-1,-1,-1,-1,-1,-1,-1,
754,607,-1,-1,-1,-1,-1,-1,-1,-1,-1,-1,-1,-1,-1,-1,-1,-1,-1,-1,
757,986,520,329,1055,-1,-1,-1,-1,-1,-1,-1,-1,-1,-1,-1,-1,-1,-1,-1,
759,865,-1,-1,-1,1196,-1,1772,-1,-1,-1,-1,-1,-1,-1,-1,-1,1131,-1,-1,
760,-1,-1,-1,-1,-1,-1,-1,-1,-1,-1,-1,-1,-1,-1,-1,1444,-1,-1,-1,
766,733,-1,-1,-1,1370,964,902,-1,-1,938,1948,-1,-1,-1,-1,-1,-1,-1,-1,
769,389,-1,-1,441,788,158,-1,-1,-1,-1,-1,-1,-1,-1,-1,-1,1008,220,213,
770,-1,409,-1,-1,-1,-1,-1,-1,-1,-1,-1,473,-1,-1,-1,-1,-1,-1,-1,
772,880,-1,1102,927,-1,-1,-1,-1,-1,-1,-1,-1,-1,-1,-1,-1,-1,995,1295,
773,-1,923,-1,-1,-1,-1,-1,-1,-1,-1,-1,-1,-1,-1,-1,-1,-1,-1,-1,
774,736,877,563,1418,-1,-1,989,583,661,904,846,-1,-1,-1,-1,-1,-1,-1,-1,
776,-1,-1,-1,-1,1633,1910,-1,-1,-1,-1,-1,-1,-1,-1,-1,-1,-1,-1,-1,
777,-1,-1,-1,-1,-1,-1,-1,-1,-1,-1,766,1803,-1,-1,-1,-1,-1,2213,-1,
778,-1,1171,651,1156,706,1083,924,-1,-1,-1,452,-1,1664,-1,1381,-1,-1,645,627,
779,1259,1963,2699,-1,-1,-1,-1,-1,-1,-1,-1,-1,-1,-1,-1,-1,-1,1819,1622,
781,2280,-1,-1,-1,1537,-1,-1,-1,-1,1255,-1,1440,-1,-1,-1,-1,-1,-1,997,
783,-1,-1,-1,-1,-1,-1,-1,-1,-1,-1,-1,-1,-1,-1,-1,-1,-1,1110,-1,
784,-1,-1,745,-1,-1,-1,-1,-1,1758,591,-1,-1,1517,-1,-1,-1,475,1429,-1,
785,1642,-1,-1,-1,484,-1,-1,-1,-1,-1,-1,-1,-1,-1,-1,-1,-1,-1,-1,
787,-1,1910,2395,-1,-1,-1,1811,-1,1707,-1,-1,-1,982,-1,-1,-1,-1,-1,-1,
788,-1,-1,1643,-1,-1,742,-1,-1,-1,-1,2235,-1,-1,-1,-1,-1,-1,-1,-1,
789,-1,-1,-1,-1,-1,-1,-1,-1,-1,-1,-1,-1,-1,-1,-1,-1,1539,-1,-1,
790,-1,-1,-1,-1,-1,-1,446,1061,-1,-1,-1,-1,-1,-1,-1,-1,-1,-1,-1,
791,-1,-1,-1,-1,-1,770,-1,-1,-1,-1,-1,-1,-1,-1,838,-1,660,-1,-1,
792,-1,-1,-1,-1,-1,-1,-1,1336,437,649,-1,-1,-1,-1,-1,1017,1004,782,637,
793,612,-1,-1,-1,-1,-1,-1,-1,-1,-1,-1,-1,-1,-1,-1,-1,-1,-1,-1,
794,-1,-1,-1,-1,-1,-1,-1,-1,-1,821,-1,-1,-1,-1,-1,-1,-1,-1,-1,
798,916,2067,-1,-1,-1,-1,-1,1228,724,-1,-1,-1,822,455,407,-1,-1,1449,-1,
-1,759,1781,978,1718,925,712,787,-1,-1,-1,-1,-1,-1,-1,-1,-1,-1,-1,-1,
800,2001,-1,-1,-1,1612,1824,1852,1412,1824,2528,-1,-1,-1,-1,601,-1,-1,-1,-1,
802,1417,-1,-1,-1,-1,2059,2547,-1,-1,-1,-1,-1,-1,-1,-1,-1,-1,-1,-1,
805,-1,-1,-1,-1,-1,-1,-1,-1,-1,-1,-1,-1,-1,-1,1128,-1,-1,-1,-1,
806,-1,-1,519,725,-1,-1,-1,-1,-1,-1,-1,-1,-1,-1,-1,-1,-1,-1,-1,
807,-1,-1,-1,-1,725,-1,-1,-1,-1,-1,-1,-1,-1,-1,-1,-1,-1,-1,-1,
809,904,341,433,-1,-1,-1,1052,1147,-1,-1,-1,-1,-1,462,-1,-1,-1,-1,-1,
812,533,-1,-1,-1,-1,-1,-1,-1,-1,-1,-1,-1,-1,-1,-1,-1,-1,-1,-1,
814,1167,2079,-1,-1,-1,2057,1144,1071,1409,1338,1102,1235,974,1125,-1,-1,937,800,1162,
816,922,-1,-1,-1,-1,848,-1,-1,-1,-1,247,-1,-1,-1,-1,445,-1,347,-1,
817,960,1124,916,752,1157,1450,-1,-1,1861,-1,801,1239,605,1070,-1,853,898,-1,-1,
821,-1,-1,-1,-1,-1,-1,-1,-1,-1,-1,-1,-1,-1,-1,-1,-1,1223,-1,-1,
822,1147,-1,-1,-1,-1,-1,-1,-1,-1,-1,-1,1737,-1,-1,-1,-1,-1,-1,-1,
823,760,-1,1022,903,1173,1077,-1,2106,2195,1064,-1,-1,-1,-1,-1,-1,-1,-1,-1,
825,-1,2170,1791,-1,-1,673,-1,-1,-1,1468,-1,-1,-1,-1,-1,906,584,894,1016,
827,-1,-1,-1,-1,-1,-1,-1,-1,-1,1729,-1,-1,-1,-1,-1,-1,-1,-1,-1,
829,-1,1128,-1,-1,-1,-1,1096,1119,725,1009,811,1211,-1,1008,-1,1536,-1,-1,-1,
830,-1,-1,-1,-1,-1,-1,785,643,-1,-1,353,-1,-1,-1,-1,-1,-1,-1,-1,
832,261,141,674,-1,179,259,279,254,-1,-1,-1,-1,-1,-1,-1,-1,-1,-1,-1,
839,1172,-1,-1,-1,-1,-1,1223,-1,-1,-1,-1,1863,-1,1599,1730,-1,2654,1202,-1,
841,-1,-1,-1,-1,-1,-1,-1,-1,-1,547,-1,-1,-1,-1,-1,-1,-1,-1,-1,
842,-1,1353,-1,-1,-1,-1,-1,-1,-1,-1,-1,-1,-1,-1,-1,-1,-1,-1,-1,
843,344,-1,532,323,455,-1,-1,162,137,-1,-1,444,-1,-1,-1,-1,-1,-1,-1,
845,-1,-1,681,1099,-1,776,794,-1,-1,936,-1,-1,-1,-1,-1,-1,-1,-1,-1,
847,-1,-1,-1,1939,1331,-1,-1,-1,-1,-1,-1,-1,-1,-1,-1,-1,-1,-1,-1,
848,-1,1068,1137,975,-1,-1,1077,-1,-1,-1,-1,-1,-1,485,1035,-1,1878,1509,1027,
849,1062,-1,-1,-1,-1,-1,-1,-1,-1,-1,-1,-1,-1,-1,-1,-1,-1,-1,-1,
853,-1,-1,-1,754,328,288,305,459,549,846,209,-1,-1,-1,478,456,235,170,-1,
856,962,-1,-1,-1,-1,-1,-1,-1,-1,-1,-1,-1,-1,-1,-1,-1,-1,-1,-1,
859,-1,913,-1,-1,-1,-1,-1,-1,-1,-1,-1,-1,-1,-1,-1,-1,-1,-1,-1,
860,-1,1672,-1,-1,-1,-1,-1,-1,-1,2347,-1,-1,-1,-1,-1,-1,-1,-1,-1,
863,1743,1722,1955,1221,600,1291,-1,-1,-1,-1,681,899,-1,-1,-1,-1,-1,844,1015,
866,-1,442,-1,892,1379,-1,-1,-1,-1,1621,1833,-1,1563,-1,2010,-1,-1,804,683,
868,1623,-1,-1,-1,731,-1,-1,-1,626,-1,-1,-1,-1,-1,-1,711,-1,-1,-1,
869,1196,-1,-1,-1,-1,-1,-1,-1,-1,-1,-1,-1,-1,-1,-1,-1,-1,-1,-1,
870,-1,-1,1851,2261,1491,2077,-1,-1,-1,-1,-1,-1,-1,-1,-1,-1,-1,1703,-1,
872,-1,-1,1575,2044,-1,-1,-1,-1,-1,-1,1700,-1,-1,-1,-1,-1,-1,-1,-1,
874,1003,-1,-1,-1,-1,-1,-1,-1,-1,-1,-1,-1,-1,-1,-1,-1,-1,-1,-1,
875,473,-1,-1,-1,-1,-1,-1,-1,958,1418,-1,-1,-1,-1,-1,-1,-1,-1,-1,
882,555,669,-1,-1,-1,-1,-1,-1,583,-1,-1,-1,-1,-1,-1,-1,-1,-1,-1,
883,-1,-1,-1,573,2659,1721,2055,-1,1424,1586,-1,1413,-1,-1,-1,-1,-1,-1,-1,
884,1288,-1,-1,532,569,578,-1,-1,-1,-1,-1,1169,-1,-1,-1,-1,-1,-1,-1,
889,1561,398,422,835,-1,1278,554,886,-1,-1,-1,1106,-1,2088,872,-1,-1,739,-1,
892,851,1806,-1,436,1181,-1,-1,-1,-1,-1,-1,-1,-1,-1,-1,-1,-1,-1,-1,
893,-1,571,-1,484,1128,-1,-1,-1,-1,-1,-1,-1,-1,-1,700,748,553,-1,-1,
894,-1,-1,-1,-1,-1,-1,-1,-1,-1,-1,-1,-1,-1,-1,-1,-1,913,-1,-1,
895,2192,2011,2264,2131,-1,-1,-1,-1,-1,-1,-1,-1,-1,-1,-1,-1,-1,-1,-1,
899,-1,-1,-1,-1,-1,-1,-1,1512,1551,-1,-1,-1,-1,-1,-1,-1,-1,-1,-1,
900,-1,1957,-1,-1,-1,-1,-1,-1,-1,-1,-1,1381,-1,-1,-1,-1,433,-1,684,
902,-1,-1,-1,-1,-1,-1,-1,-1,-1,-1,1022,-1,305,557,-1,-1,-1,-1,-1,
904,-1,-1,-1,-1,-1,-1,-1,-1,-1,-1,-1,-1,-1,-1,-1,-1,1872,-1,-1,
906,1407,-1,349,467,-1,-1,1510,-1,-1,-1,-1,-1,-1,-1,-1,-1,-1,-1,-1,
907,1106,-1,2358,-1,-1,-1,-1,-1,-1,-1,-1,-1,-1,-1,-1,-1,1187,1907,1737,
909,-1,1993,-1,-1,-1,-1,-1,-1,-1,-1,-1,-1,-1,-1,-1,-1,1757,-1,-1,
910,-1,565,-1,-1,-1,-1,-1,-1,-1,-1,-1,-1,-1,-1,-1,-1,-1,-1,-1,
912,1577,-1,-1,-1,-1,-1,-1,-1,-1,-1,-1,-1,-1,-1,-1,-1,-1,-1,-1,
915,1198,1003,-1,-1,-1,-1,-1,-1,-1,-1,-1,-1,-1,-1,-1,-1,-1,-1,-1,
917,-1,-1,-1,-1,-1,-1,1530,-1,-1,-1,-1,-1,-1,-1,-1,-1,-1,-1,-1,
918,726,282,-1,-1,-1,-1,-1,652,-1,1258,534,-1,-1,-1,1000,643,425,-1,-1,
919,1428,-1,-1,-1,-1,-1,-1,-1,1372,-1,-1,-1,-1,-1,1188,-1,-1,-1,-1,
920,-1,-1,-1,-1,606,-1,820,-1,-1,-1,-1,-1,-1,-1,-1,-1,-1,-1,1135,
-1,-1,-1,-1,-1,-1,-1,-1,-1,181,207,433,171,293,-1,-1,-1,-1,-1,-1,
924,286,-1,256,363,524,-1,445,-1,198,192,166,-1,-1,267,302,264,218,516,586,
926,-1,-1,-1,-1,-1,-1,1376,-1,-1,-1,-1,-1,-1,-1,-1,-1,-1,-1,2411,
927,-1,353,-1,-1,-1,-1,-1,-1,-1,-1,-1,-1,-1,-1,-1,-1,-1,-1,-1,
929,-1,-1,-1,1229,-1,-1,-1,-1,-1,-1,-1,-1,-1,-1,-1,1613,-1,-1,-1,
934,384,660,-1,-1,-1,-1,-1,-1,-1,-1,-1,-1,-1,685,-1,-1,-1,-1,-1,
937,719,664,-1,-1,-1,-1,-1,-1,-1,-1,-1,766,1286,-1,-1,-1,-1,1027,649,
939,2290,-1,-1,-1,-1,-1,-1,-1,-1,-1,1903,1166,1140,1183,2376,2019,1881,-1,-1,
940,1648,-1,-1,-1,-1,-1,-1,-1,-1,-1,-1,-1,-1,-1,-1,-1,-1,-1,-1,
941,-1,-1,-1,-1,-1,-1,-1,-1,-1,-1,-1,-1,1924,-1,-1,-1,-1,-1,-1,
942,-1,-1,-1,-1,-1,-1,-1,1325,2047,-1,-1,846,-1,-1,-1,-1,-1,-1,-1,
944,-1,-1,-1,-1,-1,-1,-1,-1,-1,-1,-1,-1,-1,449,-1,-1,-1,-1,-1,
945,504,-1,-1,-1,1472,974,-1,-1,2164,-1,-1,1450,576,-1,-1,-1,-1,-1,-1,
946,1199,-1,-1,-1,-1,-1,-1,-1,1465,701,-1,1763,-1,-1,-1,-1,-1,-1,-1,
948,1748,-1,-1,-1,-1,-1,-1,-1,-1,-1,-1,-1,-1,-1,-1,-1,-1,-1,-1,
950,-1,-1,-1,-1,-1,-1,-1,-1,-1,-1,-1,-1,-1,-1,339,-1,-1,-1,-1,
951,-1,-1,-1,-1,-1,-1,-1,-1,-1,-1,517,630,546,1076,537,-1,-1,-1,-1,
955,-1,1850,-1,-1,-1,-1,-1,-1,-1,-1,-1,-1,-1,-1,-1,-1,-1,-1,-1,
956,1093,-1,1487,950,2349,2003,-1,-1,-1,-1,-1,-1,-1,-1,-1,-1,-1,-1,-1,
957,1912,-1,526,-1,1285,1124,-1,-1,-1,-1,1462,1151,1919,-1,-1,862,817,1282,-1,
960,1088,-1,-1,1583,1499,1589,-1,-1,-1,-1,-1,-1,-1,-1,-1,-1,-1,-1,-1,
961,-1,-1,-1,1675,-1,-1,-1,-1,-1,-1,-1,1529,-1,-1,-1,-1,-1,-1,-1,
962,1631,2176,1056,-1,-1,2133,-1,439,1135,1373,-1,-1,885,-1,-1,899,-1,-1,-1,
-1,180,194,237,-1,220,316,-1,628,798,578,285,262,238,306,-1,-1,350,106,-1,
965,1135,-1,-1,-1,2232,-1,-1,-1,-1,-1,-1,-1,-1,-1,-1,-1,-1,-1,-1,
967,-1,-1,-1,-1,-1,-1,-1,-1,-1,1950,1279,-1,393,-1,-1,-1,-1,-1,-1,
968,-1,850,702,-1,-1,1070,1012,896,-1,-1,-1,-1,-1,-1,-1,-1,-1,-1,-1,
969,-1,-1,-1,-1,-1,-1,-1,-1,-1,596,-1,-1,-1,-1,-1,-1,-1,-1,-1,
972,-1,1718,2202,-1,-1,-1,-1,-1,-1,2894,2178,1693,-1,-1,-1,-1,-1,-1,-1,
974,1207,777,-1,-1,-1,1796,-1,1123,750,638,812,493,-1,-1,-1,-1,1435,1055,533,
975,1051,1579,930,850,469,777,-1,639,1103,456,1308,-1,-1,-1,-1,-1,-1,-1,1847,
977,-1,284,-1,720,534,526,-1,-1,-1,-1,-1,-1,-1,-1,-1,-1,-1,-1,-1,
979,-1,-1,-1,-1,-1,-1,-1,-1,-1,-1,-1,-1,-1,-1,-1,-1,858,512,-1,
980,-1,-1,-1,-1,-1,-1,-1,-1,-1,1013,-1,-1,-1,-1,-1,-1,-1,-1,-1,
-1,-1,-1,-1,-1,-1,916,1380,-1,-1,1372,1163,1479,1428,956,-1,-1,-1,1130,716,
982,388,1314,-1,-1,-1,-1,-1,-1,-1,-1,-1,-1,-1,-1,-1,-1,-1,-1,-1,
984,-1,-1,-1,-1,-1,-1,-1,-1,-1,-1,-1,-1,-1,-1,-1,-1,-1,2750,2081,
987,1492,-1,-1,-1,-1,295,347,961,1318,-1,-1,-1,-1,-1,-1,-1,313,-1,-1,
990,-1,-1,-1,-1,-1,-1,-1,-1,-1,-1,-1,-1,-1,996,-1,-1,-1,-1,-1,
991,-1,-1,1181,833,-1,-1,-1,-1,-1,-1,-1,-1,-1,-1,-1,-1,751,-1,-1,
992,1534,1622,-1,-1,-1,-1,-1,-1,-1,-1,-1,-1,-1,-1,-1,-1,-1,-1,-1,
993,-1,1169,676,568,680,925,550,594,-1,-1,1297,-1,-1,-1,-1,-1,-1,-1,-1,
994,1420,1721,1260,-1,1416,-1,-1,-1,-1,2486,1869,2448,-1,2291,-1,-1,-1,-1,-1,
996,1607,-1,-1,-1,-1,-1,-1,-1,-1,-1,-1,-1,-1,-1,-1,-1,-1,-1,-1,
1003,-1,-1,-1,-1,1243,-1,-1,-1,-1,-1,-1,1790,-1,-1,847,-1,-1,-1,-1,
1008,-1,-1,-1,-1,686,-1,415,305,-1,360,-1,-1,-1,-1,-1,-1,-1,-1,-1,
1009,-1,-1,-1,-1,434,-1,-1,-1,-1,-1,-1,-1,-1,713,-1,-1,-1,-1,-1,
1011,-1,-1,-1,-1,-1,-1,1005,-1,-1,-1,-1,-1,-1,801,-1,-1,-1,-1,-1,
1012,-1,-1,-1,-1,-1,-1,-1,-1,-1,-1,-1,-1,-1,-1,-1,-1,1161,-1,-1,
1017,-1,651,-1,-1,-1,-1,-1,-1,-1,-1,-1,-1,-1,-1,-1,-1,-1,-1,-1,
1018,-1,-1,-1,-1,-1,-1,927,-1,-1,-1,-1,-1,-1,-1,-1,-1,-1,-1,-1,
1023,-1,-1,-1,1573,916,1913,1506,-1,-1,-1,-1,-1,-1,-1,-1,-1,-1,-1,-1,
1024,502,-1,-1,-1,-1,-1,-1,-1,-1,-1,-1,-1,-1,-1,-1,869,-1,-1,-1,
1026,1119,-1,2298,1036,1375,1103,-1,-1,-1,-1,893,677,1665,-1,1159,-1,-1,-1,1950,
1028,794,-1,-1,813,736,-1,-1,-1,-1,-1,-1,-1,-1,-1,-1,-1,-1,-1,-1,
1032,538,-1,-1,-1,-1,-1,-1,-1,-1,-1,-1,-1,-1,-1,-1,-1,-1,-1,-1,
1033,943,-1,-1,-1,-1,-1,-1,1058,-1,-1,-1,-1,-1,-1,-1,-1,-1,-1,-1,
1034,-1,1639,2307,-1,-1,-1,-1,698,-1,-1,-1,-1,-1,-1,1522,-1,-1,-1,-1,
1036,-1,-1,-1,-1,-1,-1,1721,-1,1328,1026,728,1346,1115,1494,-1,2135,-1,-1,-1,
1037,-1,-1,-1,-1,-1,506,-1,-1,-1,-1,-1,-1,-1,-1,-1,-1,-1,-1,-1,
1038,-1,-1,-1,598,-1,-1,-1,-1,-1,648,-1,-1,-1,-1,-1,-1,-1,-1,-1,
1040,-1,-1,-1,-1,-1,-1,975,738,567,-1,1431,871,745,-1,-1,-1,314,566,272,
1041,-1,-1,-1,-1,-1,-1,-1,-1,828,-1,-1,942,564,-1,-1,-1,-1,-1,-1,
1042,-1,-1,-1,-1,-1,-1,-1,-1,-1,-1,-1,-1,1025,-1,-1,1083,-1,1368,-1,
-1,149,80,-1,166,297,361,156,412,93,94,67,90,-1,-1,-1,-1,-1,-1,-1,
1044,2189,-1,-1,-1,-1,-1,-1,-1,-1,-1,-1,-1,-1,-1,1436,-1,-1,-1,-1,
1046,1328,2335,-1,-1,-1,-1,-1,678,-1,-1,1237,1128,1668,933,-1,822,-1,-1,-1,
1047,974,1505,-1,-1,-1,691,-1,-1,-1,-1,-1,-1,-1,-1,-1,-1,-1,-1,-1,
1048,-1,-1,-1,-1,-1,-1,523,-1,-1,-1,-1,533,-1,-1,-1,-1,-1,-1,-1,
1051,374,561,1019,-1,589,-1,1360,-1,-1,-1,-1,-1,-1,-1,-1,-1,-1,-1,-1,
1052,-1,-1,-1,-1,-1,929,-1,-1,-1,-1,-1,-1,-1,-1,-1,-1,-1,-1,-1,
1053,1747,2803,1307,1520,1659,2981,-1,1406,-1,1637,-1,-1,-1,-1,-1,-1,1843,-1,-1,
1054,-1,1129,-1,-1,-1,-1,-1,-1,-1,-1,-1,-1,-1,-1,-1,-1,-1,505,-1,
1055,-1,-1,-1,1302,-1,-1,-1,-1,-1,-1,-1,-1,-1,-1,-1,-1,-1,-1,-1,
1057,564,427,-1,1614,-1,-1,-1,-1,-1,-1,-1,-1,-1,-1,-1,-1,-1,976,-1,
1059,819,1562,1274,971,1418,-1,-1,-1,-1,-1,-1,-1,1231,512,-1,-1,-1,-1,-1,
1061,-1,-1,-1,2108,-1,-1,-1,-1,-1,-1,-1,-1,-1,-1,-1,-1,-1,-1,-1,
1063,-1,-1,-1,-1,350,401,642,1002,606,-1,-1,-1,-1,-1,-1,-1,-1,-1,366,
1065,-1,-1,-1,-1,-1,-1,-1,1109,-1,-1,-1,-1,-1,-1,-1,-1,-1,-1,-1,
1067,-1,2344,1877,1744,-1,-1,-1,-1,-1,-1,-1,-1,-1,-1,-1,-1,-1,-1,-1,
1070,-1,1705,-1,-1,-1,-1,-1,-1,-1,-1,-1,-1,-1,-1,-1,-1,-1,-1,-1,
1074,1457,-1,-1,-1,-1,-1,-1,-1,-1,-1,-1,-1,-1,-1,-1,598,-1,-1,-1,
1075,-1,1212,-1,-1,-1,-1,-1,-1,-1,-1,-1,-1,-1,-1,-1,-1,-1,-1,-1,
1076,1822,-1,-1,-1,-1,-1,-1,-1,-1,-1,-1,-1,-1,-1,-1,-1,-1,-1,-1,
1078,-1,-1,-1,-1,-1,-1,-1,-1,-1,-1,-1,-1,-1,534,-1,500,574,-1,-1,
1080,-1,-1,-1,-1,-1,-1,-1,-1,-1,-1,-1,-1,-1,1434,-1,-1,-1,-1,-1,
1082,-1,-1,-1,-1,-1,-1,-1,-1,-1,-1,-1,494,-1,-1,-1,-1,-1,-1,-1,
1083,-1,-1,-1,1672,-1,-1,-1,-1,-1,-1,-1,-1,-1,-1,-1,-1,-1,-1,-1,
-1,1151,-1,-1,-1,-1,-1,-1,-1,-1,674,388,799,-1,827,627,-1,-1,-1,-1,
1087,1447,921,1315,1621,493,991,1011,885,1893,1522,-1,-1,-1,-1,-1,-1,1240,-1,-1,
1088,-1,-1,-1,-1,-1,-1,-1,-1,-1,-1,-1,-1,-1,-1,-1,-1,792,-1,-1,
1089,-1,-1,-1,-1,-1,-1,-1,-1,-1,-1,-1,-1,-1,2021,-1,-1,-1,-1,-1,
1096,-1,-1,-1,-1,-1,-1,-1,-1,-1,-1,-1,-1,-1,-1,-1,1214,1068,519,-1,
1097,-1,-1,-1,-1,-1,-1,-1,-1,-1,-1,-1,-1,-1,-1,-1,640,-1,-1,-1,
1099,-1,-1,-1,-1,-1,-1,-1,-1,-1,-1,-1,-1,-1,1615,822,-1,-1,-1,-1,
1101,1666,-1,-1,-1,-1,-1,-1,-1,-1,-1,-1,-1,-1,-1,-1,-1,-1,-1,-1,
1102,-1,-1,-1,1655,-1,-1,-1,-1,1963,844,1929,-1,-1,-1,-1,-1,-1,1604,-1,
1103,-1,-1,-1,1318,-1,-1,-1,-1,-1,-1,-1,-1,-1,-1,-1,-1,-1,-1,-1,
1104,-1,-1,-1,-1,-1,-1,-1,1419,-1,-1,-1,-1,-1,-1,-1,-1,-1,-1,-1,
1105,1964,2326,1676,969,1548,1614,840,741,1588,-1,-1,1053,-1,1059,-1,1075,491,-1,-1,
1106,-1,-1,2238,709,1713,-1,-1,-1,-1,-1,-1,-1,-1,-1,-1,-1,-1,-1,-1,
1107,-1,-1,826,-1,-1,-1,-1,-1,1807,-1,1759,601,-1,-1,-1,-1,-1,-1,-1,
1108,-1,-1,-1,-1,-1,-1,-1,-1,2333,-1,-1,-1,-1,-1,-1,-1,-1,-1,-1,
1109,1683,514,-1,-1,-1,-1,-1,1590,-1,-1,-1,528,409,-1,-1,-1,-1,-1,-1,
1110,1572,-1,-1,-1,-1,-1,-1,-1,-1,-1,-1,-1,-1,-1,-1,-1,-1,-1,-1,
1111,224,354,-1,-1,449,-1,797,-1,-1,-1,-1,685,402,-1,1009,329,-1,-1,-1,
1113,-1,-1,-1,-1,-1,2679,-1,-1,-1,-1,2092,-1,-1,-1,-1,-1,-1,-1,-1,
1116,-1,-1,-1,-1,-1,-1,-1,2002,-1,-1,-1,-1,-1,-1,-1,-1,-1,-1,-1,
1117,955,671,402,-1,-1,1258,773,490,478,532,1289,-1,763,-1,-1,-1,-1,733,-1,
1121,-1,-1,-1,-1,-1,-1,-1,-1,-1,-1,-1,-1,-1,-1,-1,607,-1,-1,-1,
1122,732,1463,1199,-1,2181,-1,-1,-1,-1,-1,-1,1727,1106,-1,479,-1,-1,-1,-1,
1127,-1,-1,1238,327,-1,-1,-1,-1,570,-1,-1,-1,-1,-1,571,295,-1,-1,-1,
1128,1454,-1,-1,-1,1297,1370,1869,1320,1119,978,843,-1,-1,1440,1931,1251,-1,-1,-1,
1133,896,1380,-1,-1,-1,-1,-1,589,947,-1,-1,-1,-1,-1,-1,-1,-1,-1,-1,
1135,1095,-1,-1,-1,-1,-1,-1,-1,-1,-1,1650,-1,-1,-1,-1,-1,-1,-1,-1,
1136,-1,-1,-1,-1,-1,-1,-1,-1,-1,-1,2389,2156,-1,-1,-1,-1,2707,-1,-1,
1138,-1,-1,-1,1538,-1,1944,-1,-1,-1,-1,-1,-1,-1,-1,-1,-1,-1,-1,-1,
-1,-1,-1,-1,-1,-1,-1,-1,-1,-1,474,1344,290,-1,1301,325,611,746,-1,413,
1140,-1,-1,-1,320,-1,-1,-1,-1,-1,-1,-1,-1,-1,-1,263,590,-1,-1,-1,
1141,-1,-1,-1,-1,-1,-1,-1,-1,-1,882,963,-1,-1,-1,-1,-1,-1,-1,-1,
1142,-1,1570,-1,-1,-1,-1,-1,-1,-1,-1,-1,-1,-1,-1,-1,-1,-1,-1,-1,
1147,478,-1,-1,-1,-1,-1,-1,-1,-1,-1,-1,-1,-1,-1,-1,-1,-1,950,403,
1148,1881,-1,-1,-1,-1,-1,-1,-1,-1,-1,1856,-1,991,-1,1309,2603,-1,-1,-1,
1149,-1,-1,-1,-1,-1,-1,684,-1,1446,1166,-1,-1,-1,-1,-1,-1,-1,-1,-1,
-1,499,1072,1082,673,649,1031,-1,-1,1277,1432,1461,606,350,-1,1928,-1,587,-1,557,
1154,-1,-1,-1,-1,-1,-1,-1,-1,-1,-1,-1,-1,-1,-1,-1,-1,1319,-1,-1,
1156,-1,-1,-1,-1,-1,-1,1717,-1,-1,-1,-1,-1,-1,-1,-1,-1,-1,-1,-1,
-1,-1,710,-1,-1,-1,-1,576,795,391,-1,734,537,-1,510,256,333,301,310,191,
1160,-1,-1,-1,-1,-1,-1,-1,-1,-1,-1,-1,-1,-1,1364,-1,-1,-1,1279,-1,
1163,-1,-1,708,-1,1860,-1,-1,-1,-1,-1,-1,-1,-1,-1,-1,-1,-1,-1,-1,
1165,2154,-1,-1,-1,-1,-1,-1,-1,-1,-1,-1,-1,-1,-1,-1,-1,-1,-1,-1,
1166,-1,-1,-1,-1,-1,-1,-1,-1,-1,1574,-1,-1,-1,-1,-1,-1,-1,-1,-1,
1167,-1,-1,-1,-1,-1,-1,-1,-1,-1,-1,625,-1,-1,-1,-1,-1,-1,-1,2179,
1168,-1,1350,889,-1,1438,-1,2286,-1,-1,-1,-1,-1,-1,-1,-1,-1,-1,-1,-1,
1171,-1,-1,-1,-1,-1,-1,-1,-1,-1,-1,-1,-1,928,-1,-1,-1,-1,-1,-1,
1173,-1,-1,-1,-1,-1,-1,-1,-1,-1,1839,-1,1005,-1,-1,-1,-1,-1,-1,-1,
1176,-1,2602,-1,-1,-1,-1,-1,-1,-1,-1,-1,-1,-1,-1,-1,-1,-1,-1,-1,
1179,-1,-1,-1,-1,1104,-1,-1,-1,-1,-1,-1,-1,-1,-1,-1,-1,-1,-1,-1,
1181,-1,-1,-1,-1,-1,-1,-1,-1,-1,-1,-1,-1,-1,-1,-1,-1,-1,-1,1589,
1182,2467,-1,-1,1285,-1,1333,-1,-1,-1,-1,-1,-1,-1,-1,-1,-1,-1,-1,-1,
1183,-1,-1,1450,2751,-1,-1,-1,-1,-1,-1,-1,-1,-1,-1,-1,-1,-1,-1,-1,
1185,-1,1542,-1,-1,-1,668,500,826,2006,-1,1591,-1,-1,-1,-1,-1,-1,-1,-1,
1186,1891,-1,1821,1841,-1,-1,-1,-1,-1,-1,-1,-1,-1,-1,-1,-1,-1,-1,-1,
1187,1456,-1,-1,-1,-1,-1,-1,-1,-1,-1,-1,-1,-1,-1,-1,-1,-1,-1,-1,
1188,-1,-1,-1,-1,-1,1465,-1,-1,-1,-1,-1,-1,-1,-1,-1,-1,-1,-1,-1,
1189,989,1256,980,-1,-1,-1,-1,-1,-1,-1,778,-1,520,-1,-1,366,-1,-1,-1,
1192,-1,-1,-1,-1,-1,-1,-1,-1,-1,-1,-1,-1,-1,-1,-1,-1,-1,-1,1358,
1193,-1,-1,-1,1479,1951,1256,1242,-1,1118,1619,809,-1,936,1256,-1,-1,-1,794,-1,
-1,-1,-1,305,-1,-1,-1,-1,-1,-1,250,141,157,166,102,172,130,-1,496,-1,
1196,1983,-1,1906,1543,-1,-1,-1,-1,-1,-1,-1,-1,-1,-1,-1,-1,-1,-1,-1,
1197,2115,-1,-1,-1,-1,-1,-1,-1,-1,-1,-1,-1,-1,-1,-1,-1,-1,-1,-1,
1200,1736,-1,-1,-1,-1,-1,1591,-1,-1,-1,-1,-1,-1,-1,-1,-1,-1,-1,-1,
1202,-1,-1,-1,-1,-1,-1,-1,-1,-1,888,527,-1,-1,-1,-1,-1,-1,-1,-1,
1203,2123,-1,-1,-1,-1,-1,-1,-1,-1,-1,-1,-1,-1,-1,-1,-1,-1,-1,-1,
1209,1732,-1,-1,-1,-1,-1,-1,-1,2504,-1,-1,-1,-1,-1,-1,-1,-1,945,-1,
1211,-1,-1,-1,-1,-1,-1,-1,-1,-1,-1,-1,-1,-1,-1,-1,561,-1,-1,-1,
1212,-1,-1,-1,1136,860,-1,-1,-1,-1,-1,-1,-1,-1,-1,-1,-1,-1,-1,-1,
1213,-1,-1,-1,-1,-1,-1,-1,-1,-1,-1,-1,-1,-1,-1,-1,-1,-1,1914,1404,
1214,-1,-1,-1,2946,1749,-1,1438,2321,-1,-1,-1,-1,-1,-1,2410,-1,-1,-1,1600,
1218,1268,-1,2380,-1,-1,-1,-1,-1,-1,-1,-1,-1,-1,-1,-1,-1,-1,-1,-1,
1227,1358,-1,-1,-1,-1,-1,-1,-1,-1,-1,-1,-1,-1,-1,-1,-1,-1,-1,-1,
1228,-1,1184,909,1200,1199,870,-1,-1,-1,-1,-1,-1,-1,2270,2262,2259,850,1176,812,
1229,-1,1739,-1,-1,708,1175,920,1021,406,-1,-1,-1,376,1110,-1,-1,-1,-1,-1,
1230,-1,731,259,-1,-1,-1,-1,-1,-1,-1,-1,-1,845,-1,-1,-1,-1,-1,344,
1231,1829,-1,-1,-1,-1,-1,-1,-1,-1,-1,-1,-1,-1,-1,-1,-1,-1,-1,-1,
1232,-1,1038,-1,-1,-1,-1,-1,-1,-1,-1,-1,-1,-1,-1,-1,-1,-1,-1,-1,
1236,-1,-1,-1,-1,-1,-1,-1,-1,-1,-1,-1,794,1077,2447,-1,-1,-1,1075,959,
1238,1854,-1,-1,-1,-1,2029,1378,2170,-1,-1,-1,-1,1659,-1,-1,1954,-1,-1,-1,
1240,1166,1046,-1,-1,1265,1575,1106,1546,1251,1178,821,559,353,616,1397,-1,-1,-1,-1,
1252,658,-1,1438,-1,-1,-1,-1,-1,-1,-1,-1,-1,-1,-1,-1,-1,-1,1275,1245,
1253,-1,-1,-1,-1,-1,-1,1483,2013,2235,-1,-1,-1,-1,-1,-1,-1,-1,-1,1948,
1254,-1,-1,-1,-1,-1,-1,-1,995,-1,-1,-1,-1,-1,-1,-1,-1,-1,-1,938,
1255,-1,3006,-1,2171,-1,-1,-1,-1,-1,-1,-1,-1,-1,-1,-1,-1,-1,-1,-1,
1256,1032,-1,-1,-1,-1,-1,-1,-1,-1,-1,-1,-1,-1,-1,-1,-1,-1,-1,-1,
1258,1296,-1,-1,-1,2145,-1,-1,-1,-1,-1,-1,-1,-1,-1,-1,-1,-1,-1,-1,
1261,-1,998,1370,1557,-1,-1,-1,-1,-1,-1,-1,-1,-1,-1,-1,-1,-1,-1,-1,
-1,-1,-1,180,259,384,611,-1,-1,-1,-1,239,145,380,276,264,619,358,677,-1,
1265,-1,-1,-1,-1,-1,-1,-1,867,664,-1,-1,-1,-1,-1,-1,-1,-1,-1,-1,
1268,-1,-1,-1,-1,-1,-1,-1,2788,-1,-1,-1,-1,2611,-1,2872,-1,-1,2853,-1,
1270,769,455,1178,999,-1,-1,-1,-1,-1,-1,-1,1823,-1,-1,1399,1683,-1,-1,-1,
1274,1187,-1,-1,-1,-1,-1,-1,-1,-1,-1,-1,-1,-1,-1,-1,-1,-1,-1,-1,
1275,-1,-1,2276,-1,-1,-1,-1,-1,-1,-1,1245,-1,-1,-1,-1,-1,844,697,-1,
1276,-1,-1,2301,-1,-1,2030,-1,-1,-1,-1,-1,-1,-1,-1,-1,-1,-1,-1,-1,
1277,1285,-1,-1,-1,-1,1159,-1,-1,-1,-1,-1,-1,-1,-1,-1,-1,-1,-1,630,
1280,-1,-1,-1,-1,-1,-1,-1,-1,-1,-1,-1,-1,-1,-1,-1,-1,-1,1993,-1,
1282,918,-1,-1,-1,-1,-1,-1,-1,-1,-1,-1,-1,-1,-1,-1,-1,-1,-1,-1,
1283,1751,1470,2393,-1,-1,-1,-1,-1,-1,-1,-1,-1,2585,-1,-1,-1,-1,1049,-1,
1288,513,-1,-1,-1,-1,-1,-1,-1,-1,-1,-1,-1,-1,-1,-1,-1,-1,-1,-1,
1290,-1,-1,1100,-1,2542,1679,1618,-1,-1,-1,-1,-1,-1,-1,-1,-1,-1,-1,-1,
1291,-1,-1,-1,-1,-1,-1,881,1028,2495,-1,-1,-1,-1,-1,-1,-1,-1,-1,-1,
-1,-1,-1,-1,-1,643,-1,778,630,-1,972,-1,726,-1,-1,-1,-1,-1,-1,1193,
1296,1155,874,603,1338,-1,757,1525,-1,1721,-1,1518,-1,681,-1,-1,-1,1493,-1,-1,
1303,1896,-1,690,1433,-1,-1,-1,-1,-1,-1,-1,-1,-1,-1,-1,1193,854,-1,-1,
1304,-1,-1,-1,-1,-1,-1,-1,-1,-1,-1,-1,1081,1357,1177,-1,-1,-1,-1,-1,
1306,-1,-1,-1,-1,-1,-1,-1,-1,-1,-1,-1,-1,-1,-1,-1,-1,-1,-1,1529,
1307,1202,1134,-1,-1,-1,-1,-1,-1,-1,-1,-1,758,-1,-1,536,-1,-1,-1,-1,
1309,-1,-1,-1,-1,-1,-1,-1,-1,2061,-1,-1,-1,-1,-1,-1,-1,-1,-1,-1,
1313,-1,-1,2210,-1,-1,-1,-1,-1,-1,-1,-1,-1,-1,-1,-1,-1,-1,-1,-1,
1314,-1,2701,-1,-1,-1,-1,-1,-1,-1,-1,-1,-1,-1,-1,-1,-1,-1,-1,-1,
1318,-1,-1,-1,2191,-1,-1,-1,-1,-1,-1,-1,-1,-1,-1,-1,-1,-1,-1,-1,
1319,-1,-1,-1,-1,-1,-1,-1,-1,-1,-1,770,722,-1,-1,-1,-1,505,-1,-1,
1320,-1,1795,717,-1,-1,932,697,-1,-1,-1,-1,-1,2251,-1,-1,-1,-1,-1,-1,
1321,376,858,-1,1311,873,463,-1,505,202,255,484,-1,-1,-1,-1,-1,-1,-1,-1,
1322,2027,-1,-1,-1,1266,-1,-1,-1,1106,868,2446,-1,-1,-1,-1,1109,-1,-1,-1,
1323,2345,-1,-1,-1,-1,-1,-1,-1,-1,-1,-1,-1,1107,1338,-1,-1,-1,-1,1372,
1325,1491,-1,-1,-1,-1,-1,-1,-1,-1,-1,-1,-1,-1,-1,-1,-1,518,-1,-1,
1327,-1,-1,-1,580,-1,-1,-1,-1,-1,-1,-1,1045,-1,-1,-1,-1,-1,-1,-1,
1328,-1,-1,-1,-1,-1,-1,-1,-1,-1,-1,-1,-1,-1,-1,920,1281,-1,-1,-1,
1330,-1,-1,-1,-1,-1,2017,-1,-1,-1,-1,-1,-1,-1,-1,-1,-1,-1,-1,-1,
1333,-1,1494,-1,-1,-1,-1,-1,-1,1157,-1,-1,-1,617,-1,518,-1,1314,717,1195,
1334,-1,2338,665,1357,-1,-1,-1,-1,-1,-1,-1,-1,-1,-1,-1,-1,-1,-1,-1,
1335,1075,-1,917,-1,-1,-1,-1,-1,-1,-1,-1,-1,-1,-1,1392,-1,-1,-1,443,
1336,-1,-1,-1,-1,-1,-1,-1,-1,-1,-1,-1,-1,1215,-1,-1,-1,1640,-1,-1,
1340,-1,-1,-1,-1,-1,-1,1311,2198,-1,-1,-1,-1,-1,-1,-1,1239,-1,-1,2363,
1342,-1,-1,-1,-1,-1,-1,-1,882,2436,-1,-1,1027,1486,1898,-1,-1,-1,-1,-1,
1343,890,460,764,761,2302,835,-1,-1,-1,2343,2012,-1,-1,-1,-1,-1,1663,-1,-1,
1344,2246,-1,-1,-1,-1,-1,-1,-1,-1,-1,-1,-1,-1,-1,-1,-1,-1,-1,-1,
1347,-1,-1,-1,2193,2789,-1,-1,-1,-1,-1,-1,-1,-1,-1,-1,-1,-1,-1,-1,
1348,2614,-1,-1,-1,-1,-1,-1,-1,-1,-1,-1,-1,-1,-1,-1,-1,-1,-1,-1,
1351,-1,-1,-1,-1,-1,-1,-1,-1,2269,-1,-1,-1,-1,-1,-1,-1,-1,-1,-1,
1354,-1,-1,-1,-1,-1,-1,-1,-1,-1,-1,-1,2154,2134,-1,-1,-1,-1,-1,2347,
1355,954,1803,-1,-1,-1,-1,-1,-1,-1,-1,-1,-1,-1,-1,-1,-1,-1,-1,-1,
1356,-1,-1,-1,-1,-1,-1,-1,-1,-1,-1,-1,-1,-1,2046,-1,-1,-1,-1,-1,
1359,-1,-1,-1,-1,-1,-1,1230,-1,-1,-1,-1,-1,-1,-1,-1,-1,-1,-1,-1,
1361,-1,-1,-1,-1,-1,-1,813,387,-1,-1,-1,-1,-1,-1,-1,-1,-1,-1,-1,
1364,602,-1,-1,-1,-1,-1,-1,-1,-1,-1,-1,-1,-1,-1,-1,-1,-1,-1,-1,
1365,1625,-1,-1,-1,-1,-1,-1,-1,-1,-1,-1,-1,-1,-1,-1,1167,807,-1,-1,
1366,1027,-1,-1,-1,-1,-1,-1,-1,-1,-1,-1,-1,-1,-1,-1,-1,-1,-1,-1,
1367,520,-1,-1,1960,-1,726,694,979,677,-1,-1,985,821,-1,533,809,-1,-1,491,
1376,-1,1086,-1,-1,-1,-1,-1,-1,-1,-1,1831,1060,-1,-1,-1,-1,-1,-1,-1,
1377,454,-1,-1,-1,-1,-1,537,-1,-1,-1,-1,-1,-1,-1,-1,-1,-1,-1,-1,
1378,1614,-1,-1,-1,-1,-1,-1,728,824,1917,-1,-1,-1,-1,651,-1,565,462,-1,
1382,649,-1,-1,-1,-1,-1,-1,-1,-1,-1,-1,1182,-1,-1,-1,-1,1579,1443,2274,
1383,-1,-1,-1,-1,-1,-1,-1,-1,1210,-1,-1,-1,-1,-1,-1,-1,-1,-1,-1,
1384,-1,-1,-1,-1,-1,-1,-1,1864,-1,-1,-1,-1,-1,-1,-1,-1,-1,-1,-1,
1387,2047,2658,-1,-1,-1,-1,-1,-1,-1,-1,-1,-1,-1,-1,-1,-1,-1,2628,-1,
1391,980,2127,-1,-1,-1,2513,-1,-1,1433,-1,-1,1122,1111,-1,-1,-1,871,977,-1,
1393,-1,698,635,-1,-1,-1,-1,-1,-1,-1,-1,-1,-1,-1,-1,-1,-1,-1,-1,
-1,437,-1,288,569,353,519,659,201,-1,-1,-1,-1,-1,-1,-1,-1,-1,-1,-1,
1399,-1,-1,-1,-1,-1,-1,-1,-1,-1,1286,1852,-1,-1,-1,-1,-1,-1,-1,-1,
1401,-1,2092,2819,-1,2804,2054,1465,2502,-1,-1,-1,-1,-1,-1,-1,-1,-1,-1,-1,
1402,-1,920,-1,-1,-1,-1,-1,-1,-1,-1,-1,-1,-1,-1,-1,-1,557,-1,-1,
1403,1305,1479,781,399,976,703,636,580,686,810,895,1173,-1,-1,1213,-1,-1,-1,-1,
1404,1274,-1,-1,-1,-1,-1,-1,-1,-1,-1,-1,-1,-1,-1,-1,-1,-1,-1,516,
1405,1976,-1,2445,1040,-1,2552,-1,-1,-1,-1,-1,-1,-1,-1,-1,-1,-1,-1,-1,
1406,-1,2905,-1,-1,-1,-1,-1,-1,-1,-1,-1,-1,-1,-1,-1,-1,-1,-1,-1,
1408,1991,-1,-1,-1,-1,-1,-1,-1,-1,-1,-1,-1,-1,-1,-1,-1,-1,-1,-1,
1410,2063,-1,1466,-1,-1,-1,-1,-1,-1,-1,-1,-1,1199,-1,1889,-1,-1,-1,-1,
1411,705,-1,-1,-1,-1,-1,-1,1642,-1,964,-1,-1,-1,-1,1512,642,-1,-1,-1,
1412,940,-1,-1,-1,-1,1717,-1,-1,-1,-1,-1,-1,-1,-1,-1,-1,-1,-1,-1,
1414,1978,-1,1139,-1,-1,-1,-1,-1,-1,-1,-1,-1,-1,-1,-1,-1,-1,-1,-1,
-1,2206,1519,-1,1127,2504,1300,1192,-1,-1,-1,-1,-1,-1,-1,-1,-1,-1,-1,-1,
1418,-1,-1,-1,-1,-1,-1,-1,-1,-1,1732,-1,-1,-1,-1,-1,-1,-1,-1,-1,
1421,-1,-1,-1,-1,-1,-1,1504,1647,-1,-1,-1,-1,-1,530,859,-1,-1,-1,-1,
1427,1033,1186,-1,-1,-1,-1,-1,-1,-1,-1,-1,-1,-1,-1,-1,-1,-1,-1,-1,
1428,1455,-1,-1,-1,-1,-1,-1,-1,-1,-1,-1,-1,-1,-1,-1,-1,-1,-1,-1,
1429,-1,-1,-1,-1,-1,533,-1,-1,922,-1,-1,-1,-1,-1,-1,-1,-1,-1,-1,
1430,-1,-1,-1,-1,700,1524,-1,-1,-1,-1,-1,-1,-1,-1,-1,-1,-1,-1,-1,
1433,996,852,-1,-1,-1,2692,2358,-1,-1,1858,1839,1557,2002,-1,-1,-1,-1,-1,-1,
1434,-1,-1,1623,1281,-1,-1,-1,-1,-1,-1,-1,-1,-1,-1,-1,-1,-1,-1,-1,
1435,-1,-1,-1,-1,-1,-1,-1,-1,-1,-1,-1,-1,-1,-1,-1,-1,1391,1011,-1,
1437,1250,-1,-1,-1,-1,-1,-1,-1,-1,-1,-1,-1,-1,-1,-1,-1,-1,-1,-1,
1438,765,-1,-1,-1,-1,-1,-1,-1,-1,-1,-1,-1,-1,-1,-1,-1,-1,-1,-1,
1439,2545,2156,-1,-1,-1,-1,-1,-1,-1,-1,-1,-1,-1,-1,-1,-1,-1,-1,-1,
1440,-1,-1,-1,-1,-1,-1,-1,-1,1813,-1,-1,-1,-1,-1,1784,-1,-1,-1,-1,
1441,2225,2618,-1,-1,-1,-1,-1,-1,-1,-1,-1,-1,-1,-1,1691,1103,-1,-1,-1,
1445,-1,1596,1653,1094,-1,1071,1809,-1,-1,2199,1563,-1,-1,1255,-1,2205,-1,-1,870,
1446,1644,2022,-1,-1,-1,-1,-1,-1,-1,-1,-1,-1,-1,-1,-1,-1,-1,-1,-1,
1447,1969,1159,-1,-1,-1,-1,-1,-1,-1,-1,2299,-1,2514,-1,-1,-1,-1,-1,-1,
1448,1108,832,-1,-1,-1,-1,1470,-1,1281,-1,-1,-1,-1,-1,-1,-1,-1,-1,-1,
1449,614,-1,-1,-1,-1,-1,-1,-1,1853,-1,-1,-1,-1,-1,-1,-1,-1,-1,-1,
1450,-1,977,-1,-1,-1,-1,-1,-1,-1,-1,-1,-1,-1,-1,-1,-1,-1,-1,-1,
1452,-1,-1,-1,-1,-1,1406,-1,-1,-1,-1,-1,-1,-1,-1,-1,-1,-1,-1,-1,
1454,-1,-1,-1,-1,-1,-1,-1,-1,-1,-1,-1,-1,-1,-1,-1,1565,-1,-1,-1,
1456,1774,2782,-1,-1,1480,-1,-1,-1,-1,-1,-1,-1,-1,-1,-1,-1,-1,-1,-1,
1457,-1,-1,-1,-1,-1,-1,-1,-1,-1,-1,-1,-1,-1,-1,-1,564,-1,-1,-1,
1460,582,-1,1279,-1,-1,-1,-1,-1,-1,-1,-1,-1,-1,-1,-1,-1,-1,-1,-1,
1461,-1,-1,-1,-1,-1,1399,-1,-1,-1,-1,-1,-1,-1,-1,-1,-1,-1,-1,-1,
1463,-1,-1,-1,-1,-1,1503,1736,-1,-1,-1,-1,-1,-1,-1,-1,-1,-1,2848,2255,
1465,-1,-1,-1,-1,-1,-1,-1,-1,-1,-1,-1,-1,-1,1719,-1,-1,-1,-1,-1,
1466,-1,-1,-1,1287,-1,-1,-1,518,-1,-1,-1,-1,-1,-1,2083,-1,-1,-1,1038,
1473,-1,-1,-1,-1,-1,1112,880,-1,1531,-1,-1,-1,-1,2442,1367,-1,-1,-1,-1,
1475,2572,-1,-1,-1,-1,-1,-1,-1,-1,-1,-1,-1,-1,-1,-1,-1,-1,-1,-1,
1476,-1,-1,-1,-1,-1,-1,-1,-1,-1,-1,-1,-1,-1,-1,-1,1243,-1,-1,-1,
1479,-1,1981,-1,-1,-1,-1,-1,-1,-1,-1,-1,-1,-1,-1,-1,-1,-1,-1,-1,
1480,2036,-1,-1,-1,-1,-1,-1,-1,-1,-1,-1,2514,-1,-1,-1,-1,-1,-1,-1,
1481,2541,-1,-1,-1,-1,-1,-1,-1,-1,-1,-1,-1,-1,-1,-1,-1,-1,-1,-1,
1482,-1,1331,-1,-1,-1,-1,2163,-1,1775,-1,1846,-1,-1,2283,1027,-1,-1,-1,1084,
1484,-1,-1,-1,-1,-1,-1,-1,-1,-1,-1,-1,-1,-1,-1,-1,-1,1911,-1,-1,
1486,1252,-1,-1,-1,-1,-1,-1,2193,-1,-1,-1,-1,-1,-1,-1,-1,-1,-1,-1,
1488,-1,749,496,285,-1,-1,-1,-1,-1,-1,-1,-1,-1,-1,-1,-1,-1,-1,-1,
1491,-1,-1,-1,-1,1587,981,-1,-1,-1,-1,-1,-1,-1,-1,-1,-1,-1,-1,-1,
1493,1121,1106,925,-1,-1,-1,-1,-1,-1,-1,-1,-1,2153,743,545,1548,1457,1258,1086,
1498,1423,-1,-1,-1,-1,-1,-1,-1,-1,-1,-1,-1,-1,-1,-1,-1,-1,-1,-1,
1500,2530,-1,-1,-1,-1,-1,-1,2720,-1,-1,-1,-1,-1,-1,1346,-1,-1,2224,2636,
1502,-1,-1,-1,-1,-1,-1,-1,2371,-1,-1,-1,-1,-1,-1,-1,-1,-1,-1,-1,
1503,2475,-1,-1,-1,-1,-1,-1,-1,-1,-1,-1,-1,-1,-1,-1,-1,-1,-1,-1,
1504,-1,2061,769,-1,1215,-1,-1,857,-1,-1,-1,-1,-1,-1,-1,-1,-1,-1,-1,
1505,-1,-1,-1,-1,-1,-1,-1,-1,-1,-1,-1,-1,-1,-1,2512,-1,-1,-1,-1,
1506,2524,-1,-1,-1,-1,-1,-1,-1,-1,-1,-1,-1,-1,-1,-1,-1,-1,-1,-1,
1510,-1,-1,-1,-1,-1,-1,-1,-1,-1,-1,-1,-1,-1,-1,-1,1493,1708,-1,-1,
1512,-1,-1,633,-1,1511,-1,-1,-1,-1,-1,-1,-1,-1,-1,-1,-1,-1,-1,-1,
1513,-1,-1,-1,1350,-1,-1,-1,-1,-1,-1,-1,-1,-1,-1,-1,-1,-1,-1,-1,
1514,1368,-1,-1,-1,-1,-1,-1,-1,-1,-1,-1,-1,-1,-1,-1,-1,-1,-1,-1,
1516,-1,-1,-1,-1,-1,-1,-1,-1,-1,-1,-1,-1,-1,-1,2599,2159,-1,1124,-1,
1518,-1,2761,-1,-1,-1,-1,-1,-1,-1,-1,-1,-1,-1,-1,-1,-1,-1,-1,-1,
1519,1624,-1,-1,-1,-1,-1,-1,-1,-1,-1,-1,-1,-1,-1,-1,-1,-1,-1,-1,
1523,1210,-1,-1,-1,-1,-1,-1,-1,-1,-1,-1,-1,-1,-1,-1,-1,-1,-1,-1,
1528,-1,-1,-1,-1,-1,-1,-1,-1,-1,-1,-1,-1,-1,824,-1,-1,-1,-1,-1,
1529,-1,1515,-1,1794,-1,-1,-1,-1,2872,-1,-1,-1,-1,-1,1108,-1,-1,-1,-1,
1531,-1,-1,-1,2228,-1,-1,-1,-1,-1,-1,-1,-1,-1,-1,-1,-1,-1,-1,-1,
1532,-1,-1,-1,-1,-1,-1,-1,1521,-1,-1,-1,-1,-1,-1,-1,-1,-1,-1,-1,
1533,-1,-1,-1,-1,-1,-1,-1,-1,-1,-1,2846,1229,-1,-1,-1,-1,-1,-1,-1,
1535,488,-1,-1,-1,-1,1685,937,-1,-1,-1,-1,-1,-1,-1,-1,-1,-1,-1,-1,
1536,-1,-1,-1,-1,2300,1022,945,-1,-1,-1,-1,-1,-1,-1,-1,-1,-1,-1,-1,
1539,-1,-1,1015,2587,-1,-1,-1,-1,-1,-1,-1,-1,-1,-1,-1,-1,-1,-1,-1,
1540,-1,2469,-1,-1,-1,2299,2498,-1,-1,-1,1263,-1,-1,-1,-1,-1,-1,2665,1068,
1542,628,-1,-1,-1,-1,-1,-1,-1,-1,-1,-1,-1,1147,-1,-1,-1,-1,-1,-1,
1544,-1,-1,-1,2634,1164,-1,-1,-1,-1,-1,-1,-1,-1,-1,-1,-1,-1,-1,-1,
1546,1951,-1,-1,-1,-1,-1,-1,-1,-1,-1,-1,-1,-1,-1,-1,-1,-1,-1,-1,
1552,-1,-1,-1,-1,-1,-1,-1,1560,-1,-1,-1,-1,-1,-1,-1,-1,-1,-1,-1,
-1,-1,642,-1,-1,-1,1049,-1,931,-1,449,1086,-1,213,369,408,234,637,458,273,
1557,2096,-1,-1,-1,-1,-1,-1,-1,-1,-1,-1,-1,-1,-1,-1,-1,-1,-1,-1,
1559,-1,-1,1454,-1,-1,-1,-1,-1,603,-1,-1,-1,-1,-1,-1,-1,-1,-1,-1,
1563,-1,-1,-1,-1,-1,1787,-1,-1,-1,-1,-1,-1,-1,-1,-1,-1,-1,-1,-1,
1564,1014,-1,-1,-1,-1,-1,-1,-1,-1,-1,-1,-1,-1,-1,-1,-1,-1,-1,2886,
1565,-1,-1,-1,-1,-1,-1,682,1922,-1,-1,-1,-1,-1,-1,-1,-1,-1,-1,1172,
1566,1812,2482,-1,-1,-1,-1,-1,-1,-1,-1,-1,-1,-1,-1,-1,-1,-1,-1,-1,
1572,-1,2183,1671,-1,-1,2856,-1,-1,-1,-1,-1,-1,-1,1533,1483,1535,1263,997,1282,
1574,-1,-1,-1,-1,-1,-1,-1,-1,-1,-1,-1,-1,1740,-1,-1,-1,-1,-1,-1,
1576,-1,-1,-1,-1,-1,-1,-1,-1,-1,-1,-1,-1,1527,2140,-1,-1,-1,-1,-1,
1577,-1,-1,-1,-1,-1,-1,2457,-1,-1,-1,-1,-1,-1,-1,-1,-1,-1,-1,-1,
1578,-1,-1,-1,-1,-1,-1,1344,1122,2868,-1,-1,-1,-1,-1,-1,-1,-1,-1,-1,
1579,1617,-1,-1,1798,-1,-1,-1,-1,-1,-1,-1,-1,-1,2301,-1,2215,-1,-1,-1,
1580,-1,-1,1735,-1,2353,2160,-1,-1,-1,-1,-1,-1,2095,-1,-1,-1,-1,-1,-1,
1582,1970,2311,1472,1255,1414,1859,1880,970,-1,2099,1968,-1,2578,-1,-1,2596,-1,2849,-1,
1583,-1,-1,-1,-1,1992,1822,-1,-1,2310,1374,-1,-1,-1,-1,-1,-1,-1,-1,-1,
1590,-1,-1,1328,1386,-1,-1,-1,-1,-1,-1,-1,-1,-1,-1,-1,-1,-1,-1,-1,
1591,2065,-1,-1,-1,-1,-1,-1,-1,-1,-1,-1,-1,-1,-1,-1,-1,-1,-1,-1,
1595,-1,619,839,-1,-1,-1,1599,-1,-1,2059,-1,-1,-1,-1,-1,-1,-1,-1,-1,
1596,-1,1844,-1,-1,-1,-1,-1,-1,-1,-1,-1,-1,-1,-1,2298,-1,-1,-1,-1,
1598,-1,-1,-1,-1,-1,-1,-1,1079,-1,-1,-1,-1,-1,-1,-1,-1,-1,-1,-1,
1601,2700,-1,-1,-1,-1,-1,-1,-1,-1,-1,-1,-1,-1,-1,-1,-1,-1,-1,-1,
1602,1545,-1,-1,-1,-1,2784,-1,-1,-1,-1,-1,-1,-1,-1,-1,-1,-1,-1,-1,
1603,949,-1,-1,-1,-1,-1,-1,-1,-1,-1,-1,-1,-1,-1,-1,-1,-1,-1,-1,
1604,-1,2277,2553,2408,-1,2728,-1,-1,-1,-1,-1,-1,-1,-1,-1,-1,-1,-1,-1,
1606,2309,2765,-1,-1,-1,-1,-1,-1,-1,-1,-1,2687,-1,-1,-1,-1,-1,-1,-1,
1608,-1,1202,-1,-1,-1,-1,-1,-1,-1,-1,-1,-1,-1,-1,-1,-1,1847,-1,-1,
1611,-1,-1,-1,-1,-1,-1,-1,2226,-1,-1,-1,-1,-1,1451,-1,-1,-1,-1,-1,
1614,-1,-1,1666,1631,1539,1960,-1,-1,-1,-1,-1,-1,-1,-1,-1,-1,-1,-1,-1,
1615,-1,-1,-1,-1,-1,-1,-1,-1,-1,-1,-1,-1,-1,-1,-1,-1,-1,1211,-1,
1616,-1,-1,-1,-1,-1,-1,-1,-1,-1,-1,-1,-1,-1,-1,-1,-1,-1,-1,772,
1618,-1,-1,-1,-1,-1,-1,2867,-1,-1,-1,-1,-1,-1,-1,-1,-1,-1,-1,-1,
1619,-1,-1,-1,-1,-1,-1,-1,-1,2512,-1,1931,-1,-1,-1,-1,-1,-1,-1,-1,
1621,-1,-1,-1,-1,-1,-1,-1,-1,-1,-1,-1,-1,1330,-1,659,620,-1,-1,1843,
1622,-1,2788,-1,-1,-1,-1,-1,-1,-1,-1,-1,-1,-1,-1,-1,-1,-1,-1,-1,
1623,1482,746,1223,-1,1885,-1,-1,-1,-1,-1,-1,-1,758,-1,-1,-1,852,-1,2316,
1624,-1,-1,-1,-1,-1,-1,-1,-1,-1,-1,-1,-1,-1,-1,-1,-1,-1,1274,-1,
1625,-1,-1,-1,-1,-1,-1,-1,-1,-1,-1,-1,-1,-1,-1,-1,2266,-1,1204,998,
1627,1256,-1,-1,-1,-1,-1,-1,-1,-1,-1,-1,-1,-1,-1,-1,-1,-1,-1,-1,
1628,1603,-1,-1,-1,-1,-1,-1,-1,-1,-1,-1,-1,-1,-1,-1,-1,-1,-1,-1,
1629,-1,2349,991,-1,-1,-1,-1,-1,-1,-1,-1,-1,-1,-1,-1,-1,-1,-1,-1,
1630,-1,1899,1332,1321,1021,2455,1515,-1,-1,-1,-1,-1,2199,2491,-1,-1,-1,1502,1227,
1632,1245,479,-1,-1,827,1965,-1,1783,-1,1502,657,1315,-1,-1,-1,-1,874,490,515,
1634,-1,-1,-1,-1,-1,-1,-1,-1,-1,-1,-1,-1,-1,1391,-1,-1,-1,-1,-1,
1635,-1,-1,-1,-1,-1,-1,-1,-1,-1,-1,-1,-1,-1,-1,-1,-1,2520,-1,-1,
1639,1742,-1,-1,-1,-1,-1,-1,-1,1973,2027,-1,-1,-1,-1,-1,-1,-1,-1,-1,
1642,1413,1237,996,-1,-1,905,2659,-1,-1,-1,-1,-1,1599,-1,-1,1383,-1,-1,-1,
1645,-1,-1,-1,-1,-1,-1,-1,-1,-1,-1,-1,-1,-1,-1,-1,-1,1735,2595,1232,
1646,1568,-1,-1,-1,-1,-1,-1,-1,-1,-1,-1,-1,-1,-1,-1,-1,2068,-1,-1,
1648,-1,-1,-1,-1,-1,-1,1389,-1,-1,-1,-1,-1,-1,-1,-1,-1,-1,-1,-1,
1654,2408,-1,-1,-1,-1,-1,-1,-1,-1,-1,-1,-1,-1,-1,-1,-1,-1,-1,-1,
1655,-1,-1,-1,1901,-1,2878,-1,-1,-1,-1,-1,-1,-1,-1,-1,-1,-1,-1,-1,
1656,-1,-1,-1,-1,-1,-1,-1,-1,-1,-1,-1,-1,-1,-1,-1,-1,-1,-1,1668,
1657,419,2294,718,-1,2139,689,868,1263,-1,1274,-1,-1,-1,1128,-1,-1,-1,-1,-1,
1660,1029,-1,-1,-1,2399,-1,-1,-1,-1,-1,-1,-1,-1,-1,-1,-1,-1,-1,-1,
1661,-1,-1,-1,-1,674,1063,-1,-1,-1,-1,-1,-1,-1,-1,-1,-1,-1,-1,-1,
1662,-1,-1,1814,-1,-1,-1,-1,-1,-1,-1,-1,-1,-1,-1,-1,-1,-1,-1,-1,
1663,844,-1,-1,-1,-1,-1,-1,-1,-1,-1,-1,-1,-1,-1,-1,-1,1782,1780,619,
1664,-1,-1,-1,-1,-1,-1,-1,-1,-1,-1,-1,-1,-1,-1,-1,-1,2271,-1,-1,
1665,1180,-1,1123,1615,-1,-1,1089,1381,1483,-1,2666,1325,-1,-1,1258,1068,-1,-1,-1,
1667,1899,-1,-1,-1,-1,-1,-1,-1,-1,-1,-1,-1,-1,-1,-1,-1,-1,-1,-1,
1669,2222,-1,-1,-1,2149,-1,-1,-1,-1,-1,-1,-1,-1,-1,-1,-1,-1,-1,-1,
1673,-1,-1,-1,-1,-1,-1,-1,-1,-1,-1,-1,923,1424,-1,-1,-1,-1,-1,-1,
1676,-1,-1,-1,-1,-1,-1,-1,-1,-1,-1,-1,1350,1401,2454,-1,-1,-1,-1,-1,
1679,-1,-1,-1,1074,-1,-1,2888,-1,-1,-1,-1,-1,-1,-1,-1,-1,-1,-1,-1,
1683,-1,-1,-1,-1,-1,-1,-1,-1,-1,-1,-1,1294,-1,-1,-1,-1,1054,-1,-1,
1684,-1,-1,1403,-1,-1,-1,-1,-1,-1,-1,-1,-1,-1,-1,-1,-1,-1,-1,-1,
1688,-1,1109,-1,-1,-1,-1,-1,-1,-1,-1,-1,1846,-1,2169,-1,-1,-1,-1,-1,
1693,-1,-1,-1,-1,-1,-1,2875,-1,-1,-1,-1,-1,2146,-1,2871,-1,1858,-1,-1,
1694,2127,-1,-1,-1,-1,-1,-1,-1,-1,-1,-1,-1,-1,-1,-1,-1,-1,-1,-1,
1698,-1,-1,-1,-1,1597,2615,-1,-1,-1,-1,-1,-1,-1,-1,-1,-1,-1,-1,-1,
1699,1767,-1,2698,-1,-1,-1,-1,-1,-1,-1,-1,-1,-1,2936,-1,-1,-1,1901,1791,
1702,-1,-1,-1,-1,-1,-1,-1,-1,-1,-1,-1,-1,-1,746,-1,-1,-1,-1,-1,
1703,-1,-1,-1,-1,506,728,-1,-1,-1,-1,-1,-1,-1,-1,-1,-1,-1,-1,-1,
1704,1470,-1,-1,-1,-1,-1,-1,-1,-1,-1,-1,-1,-1,-1,-1,-1,-1,-1,-1,
1705,-1,974,791,757,-1,954,-1,-1,-1,-1,1918,-1,-1,-1,-1,1275,1128,970,1020,
1710,1354,-1,-1,-1,-1,-1,-1,-1,-1,-1,-1,-1,-1,-1,-1,1921,-1,-1,-1,
1713,577,835,1806,-1,-1,-1,-1,-1,-1,-1,-1,-1,-1,-1,-1,-1,-1,1728,-1,
1715,-1,-1,-1,-1,-1,-1,-1,-1,-1,-1,-1,1807,-1,2064,-1,-1,1524,-1,723,
1716,2648,-1,-1,-1,-1,-1,-1,1287,1744,-1,-1,-1,-1,-1,-1,-1,-1,-1,-1,
1717,2369,-1,-1,-1,-1,-1,-1,-1,-1,-1,-1,-1,-1,-1,-1,-1,-1,-1,-1,
1723,1224,-1,-1,-1,-1,-1,-1,-1,-1,-1,-1,-1,-1,-1,-1,983,-1,-1,-1,
1726,-1,-1,-1,-1,-1,-1,-1,-1,-1,-1,-1,-1,647,-1,-1,1210,765,731,469,
1728,-1,-1,-1,-1,-1,-1,-1,-1,-1,-1,2179,1162,1886,-1,-1,-1,-1,-1,1007,
1729,901,-1,-1,-1,-1,-1,-1,-1,-1,-1,-1,-1,-1,-1,-1,-1,-1,-1,-1,
1735,1755,-1,1465,2310,-1,-1,-1,-1,-1,-1,-1,-1,-1,-1,-1,-1,-1,-1,-1,
1736,-1,-1,-1,-1,-1,2457,-1,-1,-1,-1,-1,-1,-1,-1,-1,-1,-1,-1,1940,
1737,-1,-1,-1,-1,-1,-1,-1,-1,-1,-1,-1,-1,-1,-1,2359,-1,-1,-1,-1,
1738,-1,2904,-1,-1,-1,2253,-1,-1,-1,-1,-1,-1,-1,-1,-1,-1,-1,-1,-1,
1739,-1,-1,-1,-1,-1,-1,-1,-1,-1,-1,-1,-1,-1,878,1181,-1,-1,-1,-1,
1740,676,1317,1452,-1,-1,1548,-1,-1,-1,-1,-1,-1,591,1235,1427,1086,1913,2795,2172,
1744,2416,1710,-1,-1,-1,-1,-1,-1,-1,-1,-1,-1,-1,-1,-1,-1,-1,-1,-1,
1747,-1,1071,-1,-1,-1,-1,-1,-1,-1,-1,-1,-1,-1,-1,-1,-1,-1,2697,-1,
1748,-1,-1,-1,-1,-1,1230,-1,-1,-1,-1,-1,-1,-1,-1,-1,-1,-1,-1,-1,
1749,-1,1848,-1,-1,-1,-1,-1,834,-1,-1,-1,-1,-1,-1,-1,-1,-1,-1,-1,
1752,1067,-1,-1,-1,-1,2921,-1,-1,-1,-1,-1,-1,-1,-1,-1,-1,-1,-1,-1,
1753,-1,2391,-1,-1,-1,-1,-1,-1,-1,-1,-1,-1,-1,-1,-1,-1,-1,-1,-1,
1754,2478,-1,-1,-1,-1,-1,-1,-1,-1,-1,-1,988,-1,1341,-1,-1,-1,-1,-1,
1755,1400,1208,-1,1613,-1,1675,506,-1,-1,-1,-1,741,-1,-1,610,-1,-1,-1,-1,
1758,-1,-1,-1,-1,-1,-1,-1,-1,-1,-1,-1,-1,-1,-1,-1,-1,-1,-1,2652,
1760,2826,-1,-1,-1,-1,-1,-1,-1,-1,-1,-1,-1,-1,-1,-1,-1,-1,-1,-1,
1761,-1,-1,-1,-1,-1,1570,-1,-1,1515,-1,-1,-1,-1,-1,-1,-1,-1,-1,-1,
1763,1016,-1,-1,-1,-1,-1,-1,-1,-1,-1,-1,-1,-1,-1,-1,-1,638,-1,-1,
1764,-1,-1,2026,-1,1171,-1,-1,1175,864,1152,1252,2608,-1,-1,1943,981,1699,1013,709,
1765,-1,-1,-1,-1,-1,-1,-1,-1,-1,-1,-1,-1,1044,-1,-1,1518,-1,-1,-1,
1766,1770,918,-1,1671,-1,2350,-1,-1,1608,2492,-1,-1,-1,2082,1578,-1,2160,966,2202,
1767,-1,1839,-1,-1,-1,-1,-1,1516,-1,2078,-1,-1,1272,-1,-1,-1,-1,-1,-1,
-1,385,770,-1,-1,-1,-1,488,-1,-1,-1,-1,-1,287,266,597,534,757,-1,-1,
1770,-1,2878,-1,-1,-1,-1,-1,-1,-1,-1,-1,-1,-1,-1,-1,-1,-1,-1,-1,
1772,2608,-1,-1,-1,-1,-1,-1,-1,-1,-1,-1,-1,-1,-1,-1,-1,-1,-1,-1,
1773,1046,-1,-1,-1,-1,-1,-1,-1,-1,1044,-1,-1,-1,-1,1041,-1,-1,-1,-1,
1775,-1,-1,-1,-1,-1,1778,-1,-1,-1,-1,-1,-1,-1,-1,-1,-1,-1,-1,-1,
1777,-1,-1,-1,-1,-1,-1,-1,-1,-1,-1,-1,-1,-1,731,1461,-1,-1,-1,-1,
1779,-1,-1,-1,-1,-1,-1,-1,-1,-1,-1,-1,-1,-1,-1,-1,1135,-1,-1,-1,
1783,-1,999,-1,-1,-1,-1,-1,-1,-1,-1,-1,-1,-1,-1,1393,-1,-1,-1,-1,
1785,-1,-1,-1,-1,1821,862,-1,2252,-1,-1,-1,-1,-1,-1,-1,-1,-1,-1,-1,
1789,2132,-1,-1,-1,-1,-1,-1,-1,2839,-1,-1,-1,-1,-1,-1,-1,-1,-1,-1,
1790,2364,2178,-1,-1,-1,-1,-1,-1,-1,-1,-1,-1,-1,-1,-1,-1,-1,-1,-1,
1793,2220,-1,-1,-1,-1,-1,-1,-1,-1,-1,-1,-1,-1,-1,-1,-1,-1,-1,-1,
1795,-1,-1,-1,-1,-1,-1,-1,-1,1392,-1,-1,-1,-1,-1,-1,-1,-1,-1,-1,
1800,-1,-1,-1,-1,-1,1586,1858,1957,1894,-1,1173,1662,-1,-1,2589,2310,-1,-1,-1,
1807,-1,-1,-1,-1,-1,-1,-1,-1,-1,-1,-1,-1,-1,-1,-1,1130,-1,-1,-1,
1808,-1,-1,-1,-1,812,649,-1,-1,-1,-1,-1,-1,-1,-1,-1,-1,-1,-1,-1,
1809,-1,-1,-1,-1,-1,-1,-1,2131,-1,-1,-1,-1,-1,-1,-1,-1,-1,-1,-1,
1810,597,-1,-1,1140,-1,-1,-1,-1,-1,-1,-1,-1,-1,-1,-1,-1,-1,-1,-1,
1811,-1,-1,2199,2241,-1,-1,-1,-1,-1,-1,-1,-1,-1,-1,-1,2322,-1,-1,-1,
1813,-1,-1,-1,-1,2536,-1,-1,-1,-1,-1,-1,-1,-1,-1,-1,-1,-1,-1,-1,
1814,859,-1,-1,-1,-1,-1,-1,-1,-1,-1,-1,-1,-1,-1,-1,-1,-1,-1,-1,
1820,1911,-1,-1,-1,-1,-1,-1,-1,-1,-1,2296,-1,-1,-1,-1,-1,-1,-1,-1,
1821,1356,2223,-1,-1,-1,-1,2813,-1,-1,-1,-1,-1,-1,-1,-1,-1,-1,-1,-1,
1828,2386,-1,-1,-1,-1,-1,-1,-1,-1,-1,-1,-1,-1,-1,-1,-1,-1,-1,-1,
1830,1272,1670,-1,-1,-1,-1,-1,-1,-1,-1,-1,-1,-1,-1,-1,-1,-1,-1,1155,
1831,-1,-1,-1,-1,-1,-1,-1,-1,1234,1592,-1,2318,1229,-1,753,1179,-1,-1,-1,
1834,1737,-1,-1,-1,-1,-1,-1,-1,-1,-1,-1,-1,-1,-1,-1,-1,-1,-1,-1,
1835,-1,-1,-1,1742,1300,-1,-1,-1,-1,-1,-1,-1,-1,-1,1006,-1,-1,-1,-1,
1840,-1,-1,-1,-1,-1,-1,-1,796,-1,-1,-1,-1,-1,-1,-1,-1,-1,-1,-1,
1844,-1,-1,-1,-1,-1,-1,-1,-1,-1,-1,-1,-1,-1,-1,-1,-1,-1,1165,-1,
1847,-1,-1,-1,-1,2671,-1,-1,1012,-1,-1,-1,-1,-1,-1,-1,-1,-1,-1,-1,
1851,1531,1829,-1,-1,-1,-1,-1,-1,2438,-1,-1,-1,-1,-1,-1,-1,-1,-1,-1,
1853,-1,-1,2502,-1,-1,-1,-1,-1,-1,-1,-1,-1,-1,-1,-1,-1,-1,-1,-1,
1854,-1,-1,-1,-1,-1,-1,-1,-1,-1,2596,-1,-1,-1,2342,946,-1,-1,2400,-1,
1860,861,-1,-1,-1,-1,-1,-1,-1,-1,1061,-1,-1,-1,-1,-1,-1,-1,-1,-1,
1861,-1,1440,-1,970,-1,-1,2311,-1,1979,-1,-1,-1,-1,-1,-1,-1,-1,-1,-1,
1864,-1,1536,1999,-1,-1,-1,-1,-1,-1,-1,-1,-1,-1,-1,-1,-1,-1,-1,-1,
1865,1551,-1,-1,-1,-1,-1,-1,-1,-1,-1,-1,-1,-1,-1,-1,-1,-1,-1,-1,
1866,1776,2488,-1,-1,-1,-1,-1,-1,-1,-1,-1,-1,-1,-1,-1,-1,-1,-1,-1,
1867,1336,1962,-1,-1,-1,-1,1215,-1,771,769,590,1647,2109,1134,683,1498,734,1122,1416,
1868,-1,785,1898,-1,2235,-1,-1,-1,-1,-1,-1,-1,-1,-1,-1,-1,-1,-1,-1,
1870,-1,-1,-1,-1,-1,-1,-1,2172,-1,-1,-1,-1,-1,-1,-1,-1,-1,-1,-1,
1871,-1,-1,-1,-1,1174,-1,-1,-1,-1,-1,-1,-1,1348,-1,-1,-1,-1,-1,-1,
1872,1414,-1,-1,-1,-1,-1,-1,-1,-1,-1,-1,-1,-1,-1,-1,-1,-1,-1,-1,
1873,-1,-1,1758,895,951,-1,-1,-1,-1,-1,-1,-1,-1,-1,-1,-1,-1,-1,-1,
1880,1384,-1,-1,-1,-1,-1,-1,-1,-1,-1,-1,-1,-1,-1,-1,-1,-1,-1,-1,
1882,2438,-1,-1,-1,-1,842,-1,-1,-1,-1,-1,-1,-1,-1,-1,-1,-1,-1,-1,
1883,2453,-1,-1,-1,-1,-1,-1,-1,-1,-1,-1,-1,-1,-1,-1,-1,-1,-1,-1,
1887,-1,-1,-1,-1,-1,-1,2667,-1,-1,-1,-1,-1,-1,-1,-1,-1,-1,-1,-1,
1894,-1,-1,-1,-1,-1,-1,2084,-1,-1,-1,-1,-1,-1,-1,-1,-1,-1,-1,-1,
1907,-1,-1,-1,-1,-1,-1,-1,-1,-1,-1,-1,-1,-1,-1,-1,1440,710,1182,-1,
1908,-1,1370,680,-1,-1,-1,-1,-1,-1,-1,-1,-1,-1,-1,-1,-1,-1,-1,-1,
1910,-1,-1,-1,-1,-1,-1,-1,-1,-1,-1,-1,-1,-1,872,-1,-1,-1,-1,-1,
1911,-1,1940,-1,-1,-1,-1,-1,-1,-1,-1,-1,-1,-1,-1,-1,-1,-1,-1,-1,
1914,1182,-1,-1,-1,-1,-1,-1,-1,-1,-1,-1,-1,-1,-1,-1,-1,-1,-1,-1,
1916,1295,-1,-1,-1,-1,-1,-1,-1,-1,-1,-1,-1,-1,-1,-1,-1,-1,-1,-1,
1918,-1,-1,-1,-1,-1,-1,1408,-1,-1,-1,-1,-1,-1,-1,-1,-1,-1,-1,-1,
1920,-1,-1,-1,-1,-1,-1,-1,-1,1160,-1,-1,-1,-1,-1,-1,-1,-1,-1,-1,
1925,1730,-1,-1,-1,1978,-1,-1,-1,-1,-1,2148,-1,2644,2871,-1,-1,2340,1725,-1,
-1,1739,2524,-1,-1,1891,-1,2705,1710,2944,-1,-1,-1,-1,-1,1509,-1,-1,948,1488,
1931,1876,1459,584,780,1064,856,-1,-1,-1,-1,-1,-1,-1,-1,-1,436,547,-1,-1,
1933,-1,-1,-1,-1,-1,-1,-1,1078,-1,-1,-1,-1,-1,-1,-1,767,1452,1791,-1,
1934,-1,-1,-1,-1,-1,-1,-1,1177,-1,-1,-1,-1,-1,-1,2170,-1,-1,-1,-1,
1935,-1,-1,-1,-1,-1,-1,2035,2059,-1,-1,-1,-1,-1,-1,-1,-1,-1,-1,-1,
1936,-1,-1,-1,-1,-1,-1,-1,-1,-1,-1,-1,-1,-1,2414,-1,-1,-1,-1,-1,
1938,-1,2923,1254,1658,-1,-1,-1,-1,2852,-1,-1,-1,-1,-1,-1,-1,-1,-1,-1,
1939,2762,-1,-1,-1,-1,-1,-1,-1,-1,-1,-1,-1,-1,-1,-1,-1,-1,-1,-1,
1941,-1,-1,-1,2156,-1,-1,-1,-1,-1,-1,-1,-1,-1,-1,-1,-1,-1,-1,-1,
1946,-1,-1,-1,-1,-1,-1,-1,-1,-1,-1,-1,-1,1187,-1,-1,-1,-1,-1,-1,
1947,-1,-1,2551,-1,-1,-1,-1,-1,-1,-1,-1,-1,-1,-1,-1,-1,-1,-1,-1,
1948,1390,-1,1170,-1,-1,-1,-1,-1,-1,-1,-1,2825,2328,-1,1766,-1,-1,1483,1021,
1953,1056,-1,-1,-1,-1,-1,-1,-1,-1,-1,-1,-1,-1,-1,-1,-1,-1,-1,-1,
1954,1772,1604,-1,-1,-1,-1,-1,-1,-1,-1,-1,-1,-1,-1,-1,-1,-1,-1,-1,
1956,-1,-1,-1,-1,-1,-1,-1,-1,-1,1978,-1,-1,-1,-1,-1,-1,-1,-1,-1,
1958,-1,-1,1383,-1,-1,-1,-1,-1,-1,-1,-1,-1,-1,-1,-1,-1,-1,-1,-1,
1961,-1,-1,960,-1,-1,-1,-1,-1,-1,-1,-1,-1,-1,-1,-1,-1,-1,-1,-1,
1967,1028,-1,-1,-1,-1,-1,-1,-1,-1,-1,-1,-1,-1,-1,-1,-1,-1,-1,-1,
1971,1682,-1,-1,-1,-1,-1,-1,-1,-1,2254,-1,-1,-1,2636,-1,-1,-1,-1,-1,
1972,-1,-1,2701,2588,2809,1634,-1,-1,-1,-1,-1,-1,-1,-1,-1,-1,-1,-1,-1,
1973,-1,1340,-1,-1,-1,-1,-1,-1,-1,-1,-1,-1,-1,-1,-1,-1,-1,-1,-1,
1976,-1,-1,-1,1216,-1,-1,-1,-1,-1,-1,-1,2184,-1,-1,2513,-1,-1,1615,1357,
1977,1185,-1,672,-1,-1,672,-1,-1,-1,785,-1,-1,-1,-1,-1,-1,-1,-1,-1,
1980,-1,2255,1196,2862,1487,-1,-1,-1,-1,-1,-1,1888,2262,1973,-1,-1,2563,-1,-1,
1981,1128,488,944,1163,-1,-1,1526,-1,-1,-1,-1,-1,-1,-1,-1,1414,648,-1,-1,
1986,-1,-1,-1,-1,-1,-1,-1,-1,-1,-1,-1,2843,-1,-1,-1,-1,-1,-1,-1,
1991,-1,2031,-1,1438,-1,-1,-1,-1,-1,-1,-1,-1,-1,-1,-1,-1,-1,-1,-1,
1992,-1,-1,-1,-1,-1,-1,-1,-1,-1,-1,-1,-1,-1,-1,-1,-1,-1,-1,964,
1993,-1,-1,-1,-1,-1,-1,-1,-1,-1,-1,-1,-1,-1,-1,1541,-1,-1,-1,-1,
1996,1689,1658,1142,1015,-1,1152,1766,1166,-1,-1,-1,-1,-1,807,-1,-1,-1,-1,-1,
1997,-1,-1,-1,-1,-1,-1,-1,-1,-1,-1,-1,-1,-1,1948,-1,-1,-1,-1,-1,
1999,1777,-1,-1,-1,-1,1820,1407,-1,-1,2538,2924,2392,2489,2164,-1,-1,2084,2280,-1,
2002,-1,-1,-1,2103,-1,-1,-1,-1,-1,-1,-1,-1,-1,-1,-1,-1,-1,-1,-1,
2004,1054,-1,-1,-1,-1,-1,-1,-1,-1,-1,-1,-1,2847,916,-1,1347,-1,-1,-1,
2005,1864,-1,-1,-1,-1,-1,-1,-1,-1,-1,-1,-1,-1,-1,-1,-1,-1,-1,-1,
2006,-1,-1,-1,-1,-1,-1,-1,-1,-1,-1,-1,-1,-1,-1,-1,-1,1308,-1,-1,
2008,-1,-1,-1,-1,-1,-1,-1,-1,-1,-1,-1,-1,1468,1280,-1,-1,-1,-1,-1,
2011,2794,-1,-1,-1,-1,-1,-1,-1,-1,1552,1802,1105,-1,-1,-1,-1,-1,-1,-1,
2012,1974,-1,1528,-1,-1,-1,1541,1306,-1,-1,-1,-1,-1,-1,-1,-1,1178,-1,-1,
2023,-1,-1,-1,-1,-1,-1,-1,-1,-1,-1,-1,-1,-1,-1,-1,-1,-1,-1,1395,
2030,-1,-1,-1,2557,2028,-1,-1,2151,-1,-1,2350,-1,-1,-1,-1,-1,-1,-1,-1,
2031,-1,-1,-1,-1,-1,-1,-1,-1,-1,-1,-1,-1,-1,-1,2821,-1,-1,-1,-1,
2032,1528,-1,-1,-1,-1,2264,2177,-1,-1,-1,-1,-1,-1,-1,-1,-1,-1,-1,2334,
2033,1877,-1,-1,-1,-1,-1,-1,-1,-1,-1,-1,-1,-1,-1,-1,2426,-1,-1,-1,
2034,-1,-1,-1,1294,-1,-1,-1,-1,-1,-1,-1,-1,-1,-1,-1,-1,-1,-1,-1,
2037,-1,-1,-1,-1,-1,-1,-1,-1,-1,-1,-1,-1,-1,-1,-1,-1,-1,-1,1261,
2039,1064,-1,-1,-1,918,1002,760,-1,-1,-1,-1,-1,-1,-1,-1,-1,-1,-1,-1,
2040,-1,2305,-1,-1,-1,-1,-1,-1,-1,-1,-1,2817,1530,-1,-1,-1,-1,-1,-1,
2043,935,-1,-1,-1,-1,-1,-1,-1,-1,-1,-1,-1,-1,-1,-1,-1,-1,-1,-1,
2044,-1,-1,-1,-1,-1,-1,-1,-1,-1,-1,-1,-1,1011,1388,-1,-1,-1,-1,-1,
2046,-1,866,-1,-1,-1,-1,1545,1030,1333,-1,-1,2568,-1,-1,-1,-1,-1,-1,-1,
2052,684,-1,1135,-1,-1,-1,-1,559,-1,1131,1734,1339,1649,854,874,1522,1238,1519,1946,
2053,2717,-1,-1,-1,-1,-1,-1,-1,-1,-1,2818,-1,-1,-1,-1,-1,-1,-1,-1,
2057,-1,-1,-1,-1,-1,-1,-1,-1,-1,2464,-1,-1,-1,-1,-1,-1,-1,-1,-1,
2058,-1,-1,-1,-1,-1,1528,1914,-1,-1,-1,-1,-1,-1,-1,-1,-1,-1,-1,-1,
2059,-1,-1,-1,-1,604,-1,-1,-1,-1,-1,-1,-1,-1,-1,-1,-1,-1,1040,994,
2060,-1,-1,-1,-1,-1,-1,-1,-1,1492,-1,-1,-1,-1,-1,-1,-1,-1,-1,-1,
2062,-1,-1,-1,-1,2176,-1,-1,2750,1493,2668,-1,-1,-1,-1,-1,-1,-1,-1,-1,
2063,-1,-1,-1,-1,-1,-1,-1,794,1555,-1,-1,-1,-1,-1,-1,-1,-1,-1,-1,
2064,-1,-1,2120,2922,-1,-1,-1,-1,-1,-1,-1,-1,-1,-1,-1,-1,-1,-1,-1,
2065,-1,-1,-1,2686,-1,-1,-1,-1,-1,-1,-1,-1,-1,-1,-1,-1,-1,-1,-1,
2066,-1,-1,-1,-1,2835,-1,-1,-1,-1,-1,-1,-1,-1,-1,-1,-1,-1,-1,-1,
2067,-1,-1,-1,-1,-1,-1,-1,-1,1051,-1,-1,-1,-1,-1,-1,-1,-1,-1,-1,
2069,-1,-1,1158,-1,-1,-1,-1,-1,-1,-1,-1,-1,-1,-1,-1,-1,-1,-1,-1,
2075,-1,-1,-1,-1,-1,-1,-1,-1,-1,-1,-1,-1,-1,-1,2812,2771,-1,2282,-1,
2081,-1,-1,-1,2627,-1,-1,-1,-1,-1,-1,-1,-1,-1,-1,-1,-1,-1,-1,-1,
2085,2830,-1,-1,-1,-1,-1,-1,-1,-1,-1,-1,-1,-1,-1,-1,-1,-1,-1,-1,
2094,-1,-1,-1,-1,-1,-1,-1,-1,-1,-1,-1,977,-1,-1,1835,1029,-1,-1,1123,
2095,-1,-1,-1,-1,-1,-1,-1,-1,-1,-1,-1,-1,-1,-1,-1,-1,-1,958,-1,
2096,-1,-1,1534,-1,-1,-1,-1,-1,-1,-1,-1,-1,-1,-1,-1,-1,-1,-1,-1,
2098,-1,-1,-1,-1,2333,-1,-1,-1,2953,-1,-1,-1,-1,-1,-1,-1,-1,-1,-1,
2100,-1,-1,-1,-1,-1,-1,-1,-1,-1,-1,-1,1797,1257,-1,-1,-1,-1,2062,1348,
2101,-1,1394,2407,-1,-1,-1,-1,-1,-1,-1,-1,-1,-1,-1,-1,-1,-1,-1,-1,
2105,-1,-1,-1,1179,-1,1172,1168,-1,1018,2314,-1,-1,1046,-1,-1,-1,-1,-1,-1,
2106,-1,-1,-1,-1,2875,-1,-1,-1,-1,-1,-1,-1,-1,-1,-1,-1,-1,-1,-1,
2109,-1,-1,-1,-1,-1,-1,-1,-1,-1,-1,-1,2744,-1,-1,-1,-1,-1,-1,1173,
2112,-1,-1,-1,-1,-1,-1,-1,-1,-1,1930,2443,-1,-1,-1,-1,2432,-1,-1,-1,
2113,-1,-1,1077,-1,-1,-1,-1,-1,-1,-1,-1,-1,-1,-1,-1,-1,-1,-1,-1,
2115,-1,-1,-1,-1,-1,-1,-1,-1,-1,-1,-1,-1,-1,-1,-1,2010,-1,-1,-1,
2125,-1,-1,-1,-1,-1,-1,-1,-1,-1,-1,-1,-1,-1,-1,-1,-1,-1,-1,1533,
2126,-1,1149,2425,-1,-1,2008,-1,-1,-1,-1,-1,-1,-1,-1,2732,-1,-1,-1,-1,
2132,-1,2055,1283,1890,2093,-1,-1,-1,-1,-1,-1,-1,-1,-1,-1,-1,-1,-1,-1,
2134,-1,-1,-1,-1,-1,-1,-1,-1,-1,-1,-1,-1,1306,-1,-1,-1,-1,-1,-1,
2137,1660,2836,2501,-1,-1,-1,-1,-1,-1,-1,-1,-1,-1,-1,-1,-1,-1,-1,-1,
2138,-1,2094,2585,-1,-1,-1,-1,2702,-1,-1,-1,-1,-1,-1,-1,-1,-1,-1,-1,
2148,-1,-1,-1,-1,-1,-1,-1,-1,1460,1540,2124,-1,-1,-1,-1,-1,-1,-1,-1,
2151,2136,2405,-1,-1,-1,-1,-1,-1,-1,-1,-1,-1,-1,-1,-1,-1,-1,-1,-1,
2152,1848,-1,-1,-1,-1,-1,-1,-1,-1,-1,-1,-1,-1,-1,-1,-1,-1,-1,-1,
2154,1990,-1,-1,-1,-1,-1,-1,-1,-1,-1,-1,2844,-1,-1,-1,-1,-1,-1,-1,
2165,-1,-1,-1,-1,-1,-1,1983,-1,-1,-1,-1,-1,-1,-1,-1,-1,-1,-1,-1,
2172,2667,-1,-1,-1,-1,-1,-1,-1,-1,-1,-1,-1,-1,-1,-1,-1,-1,-1,-1,
2173,-1,-1,-1,-1,-1,2038,-1,-1,-1,-1,-1,-1,-1,-1,-1,-1,-1,-1,-1,
2174,1006,1240,-1,2594,-1,2684,-1,-1,-1,-1,-1,-1,-1,-1,-1,-1,-1,-1,-1,
2176,-1,-1,-1,-1,-1,-1,-1,1862,1632,-1,-1,2164,-1,-1,-1,-1,-1,-1,-1,
2177,2559,-1,-1,-1,-1,-1,-1,-1,1956,-1,-1,-1,-1,-1,-1,-1,-1,-1,-1,
2186,-1,-1,-1,1481,-1,-1,-1,-1,-1,-1,-1,-1,-1,-1,-1,-1,-1,-1,-1,
2188,-1,-1,-1,-1,-1,-1,-1,-1,-1,-1,-1,-1,878,-1,1252,1765,1726,-1,662,
2194,-1,-1,1651,-1,-1,-1,-1,-1,-1,-1,-1,-1,-1,-1,-1,-1,-1,-1,-1,
2196,-1,-1,-1,-1,-1,-1,-1,-1,-1,-1,-1,-1,-1,2914,-1,2461,1483,1886,-1,
2203,-1,1164,-1,-1,-1,-1,2297,2717,1110,-1,1238,945,947,-1,1014,-1,-1,-1,-1,
2204,-1,-1,-1,-1,-1,-1,-1,-1,-1,2000,-1,-1,-1,-1,-1,-1,-1,-1,-1,
2205,-1,-1,-1,-1,-1,-1,-1,-1,-1,-1,-1,585,895,1193,-1,-1,-1,-1,-1,
2206,-1,2408,-1,-1,-1,-1,-1,-1,-1,-1,-1,-1,-1,-1,-1,-1,-1,-1,-1,
2212,-1,-1,-1,-1,-1,-1,-1,-1,-1,-1,-1,1500,-1,-1,-1,-1,-1,-1,-1,
2218,-1,2303,-1,1486,2205,-1,-1,-1,-1,-1,-1,2529,-1,-1,-1,-1,-1,-1,-1,
2221,-1,-1,-1,1848,-1,-1,-1,-1,-1,-1,-1,-1,-1,-1,-1,-1,-1,-1,-1,
2224,-1,-1,-1,-1,2912,-1,-1,-1,1282,-1,-1,-1,-1,-1,1898,-1,-1,-1,-1,
2228,-1,-1,-1,-1,-1,-1,-1,1261,-1,-1,-1,-1,-1,-1,-1,-1,-1,-1,-1,
2230,-1,1887,-1,-1,-1,-1,-1,-1,-1,-1,-1,-1,-1,-1,1782,2073,2623,-1,-1,
2234,1107,-1,-1,-1,-1,-1,-1,-1,-1,-1,-1,-1,-1,-1,-1,-1,-1,-1,-1,
-1,-1,-1,-1,2804,-1,-1,-1,-1,-1,1296,903,2175,-1,-1,2350,1299,-1,1572,1692,
2239,1853,-1,-1,-1,-1,-1,-1,-1,-1,-1,-1,-1,-1,-1,-1,-1,-1,-1,-1,
2241,1080,1117,-1,-1,-1,-1,-1,-1,-1,-1,-1,-1,-1,-1,1474,-1,-1,-1,-1,
2242,-1,-1,-1,-1,-1,-1,-1,-1,-1,-1,-1,-1,2092,-1,-1,-1,-1,-1,-1,
2245,-1,-1,-1,-1,-1,-1,-1,-1,-1,-1,-1,-1,-1,-1,-1,-1,1398,-1,-1,
2248,-1,-1,-1,-1,-1,-1,2882,-1,-1,-1,-1,-1,-1,-1,-1,-1,-1,-1,-1,
2250,1099,-1,872,-1,-1,-1,-1,-1,-1,-1,-1,-1,-1,-1,-1,-1,-1,-1,-1,
2251,2073,2297,-1,-1,-1,-1,-1,-1,-1,-1,-1,-1,-1,-1,-1,-1,-1,-1,-1,
2255,2505,-1,-1,-1,-1,-1,-1,-1,-1,-1,-1,-1,-1,2752,2725,-1,-1,-1,-1,
2256,-1,-1,-1,-1,-1,-1,-1,1496,-1,-1,-1,-1,-1,-1,-1,-1,-1,-1,-1,
2258,-1,-1,-1,-1,-1,-1,-1,-1,-1,-1,2897,-1,-1,-1,-1,-1,-1,-1,-1,
2259,1183,-1,-1,-1,-1,-1,-1,-1,-1,-1,2442,-1,-1,-1,-1,-1,-1,-1,-1,
2268,-1,2006,-1,-1,-1,-1,-1,-1,-1,-1,-1,-1,-1,-1,-1,-1,-1,-1,-1,
2270,1654,-1,-1,-1,-1,-1,-1,-1,-1,-1,-1,-1,-1,-1,-1,-1,-1,-1,-1,
2271,2217,-1,-1,-1,-1,-1,-1,-1,-1,-1,-1,-1,-1,-1,-1,-1,-1,-1,-1,
2272,-1,-1,-1,-1,-1,-1,-1,-1,2296,2916,2346,-1,-1,-1,-1,-1,-1,2592,-1,
2274,-1,1872,-1,-1,922,1544,-1,1722,1881,1356,1169,1050,1883,2002,1130,1795,2236,-1,-1,
2277,-1,-1,-1,-1,-1,-1,-1,-1,-1,-1,-1,2449,-1,-1,-1,2113,-1,-1,2439,
2279,-1,-1,-1,-1,1608,-1,-1,-1,-1,-1,-1,-1,-1,-1,-1,-1,-1,-1,-1,
2288,1098,-1,-1,-1,-1,-1,-1,-1,-1,-1,-1,-1,-1,-1,-1,-1,-1,-1,-1,
2292,-1,2167,1976,-1,-1,2643,-1,-1,-1,-1,-1,-1,-1,-1,-1,-1,-1,-1,-1,
2294,-1,-1,-1,-1,-1,-1,-1,-1,-1,-1,1645,-1,-1,-1,-1,-1,-1,-1,-1,
2297,-1,-1,-1,-1,1314,1446,1520,806,1358,1850,-1,-1,986,1974,-1,-1,1486,1549,-1,
2298,1424,-1,-1,-1,-1,-1,-1,-1,-1,-1,1176,-1,-1,-1,-1,-1,1752,2381,-1,
2299,-1,-1,-1,-1,-1,-1,-1,2811,-1,-1,-1,-1,-1,-1,-1,-1,-1,-1,-1,
2300,-1,-1,-1,-1,-1,-1,-1,-1,-1,1924,-1,-1,-1,-1,-1,-1,-1,-1,-1,
2302,-1,-1,-1,1562,2245,-1,-1,-1,-1,-1,-1,-1,-1,-1,-1,-1,-1,2222,2269,
2303,-1,-1,-1,-1,-1,2760,-1,-1,-1,-1,-1,-1,-1,-1,-1,-1,-1,-1,2758,
2304,-1,-1,-1,-1,-1,-1,-1,1115,-1,-1,2533,-1,-1,-1,-1,-1,-1,-1,-1,
2307,-1,-1,-1,-1,-1,-1,-1,-1,1860,2298,2588,1771,-1,-1,-1,-1,-1,-1,-1,
2308,1957,-1,-1,-1,-1,-1,-1,2831,2032,-1,-1,-1,-1,-1,-1,-1,-1,2773,-1,
-1,926,490,675,986,1572,-1,-1,-1,-1,-1,-1,-1,-1,-1,-1,-1,-1,-1,-1,
2312,-1,1484,738,1546,-1,1209,2514,-1,-1,-1,-1,-1,-1,-1,-1,-1,828,2331,-1,
2313,-1,-1,-1,-1,-1,-1,-1,-1,-1,-1,-1,-1,-1,-1,-1,-1,-1,-1,2856,
2314,-1,-1,1198,-1,-1,-1,-1,-1,-1,-1,-1,-1,-1,-1,-1,-1,-1,-1,-1,
2315,-1,-1,-1,-1,-1,-1,-1,-1,-1,-1,-1,1806,-1,-1,-1,-1,-1,-1,-1,
2316,-1,2211,2047,2571,-1,-1,1680,993,1753,-1,-1,2198,871,913,1333,964,2262,-1,-1,
2320,1504,-1,-1,-1,-1,-1,-1,-1,-1,-1,-1,-1,-1,-1,-1,-1,-1,-1,-1,
2321,1326,-1,763,-1,1829,1959,-1,-1,1690,-1,-1,-1,-1,-1,-1,-1,-1,-1,-1,
2327,-1,-1,-1,-1,-1,2940,2339,-1,2256,-1,-1,-1,-1,-1,-1,-1,-1,-1,-1,
2328,-1,-1,1902,-1,-1,-1,-1,-1,-1,-1,-1,-1,-1,-1,-1,-1,-1,-1,-1,
2331,-1,1961,-1,-1,-1,-1,-1,-1,-1,-1,-1,-1,-1,-1,-1,-1,-1,-1,-1,
2334,1975,-1,-1,-1,-1,-1,-1,-1,-1,2396,-1,-1,-1,-1,-1,-1,-1,-1,-1,
2337,1611,-1,-1,-1,-1,-1,-1,-1,-1,-1,-1,-1,-1,-1,-1,-1,-1,-1,-1,
2338,-1,-1,-1,-1,-1,2197,-1,-1,-1,-1,-1,-1,-1,-1,-1,-1,-1,-1,-1,
2339,1275,-1,-1,-1,-1,-1,-1,-1,-1,-1,1682,-1,-1,-1,-1,-1,-1,-1,-1,
2341,-1,-1,-1,-1,-1,-1,-1,-1,-1,-1,-1,-1,2785,1824,-1,-1,1842,-1,-1,
2342,-1,-1,1236,-1,1034,-1,-1,-1,-1,-1,-1,-1,-1,-1,-1,-1,-1,-1,-1,
2344,1179,-1,2160,-1,-1,-1,-1,-1,-1,-1,-1,1867,-1,2039,-1,-1,-1,1026,-1,
2350,-1,-1,-1,-1,-1,-1,-1,2743,2382,-1,2192,2059,-1,-1,-1,-1,-1,-1,-1,
2352,-1,-1,2306,-1,-1,-1,-1,-1,-1,-1,-1,-1,-1,2579,-1,-1,1611,1272,1113,
2355,1792,-1,-1,-1,-1,-1,-1,-1,-1,-1,-1,-1,-1,-1,-1,-1,-1,-1,-1,
2357,-1,-1,-1,-1,-1,-1,2349,-1,-1,-1,-1,-1,-1,-1,-1,-1,-1,-1,-1,
2361,-1,-1,-1,-1,-1,-1,-1,2893,-1,-1,-1,-1,-1,-1,-1,-1,-1,-1,-1,
2369,2649,-1,-1,-1,-1,-1,-1,-1,-1,-1,2625,-1,-1,-1,-1,-1,-1,-1,-1,
2370,2651,-1,-1,-1,1853,-1,-1,-1,-1,-1,-1,-1,-1,-1,-1,-1,-1,-1,-1,
2375,-1,2307,2250,1811,-1,-1,-1,-1,-1,-1,-1,-1,-1,-1,-1,-1,-1,-1,-1,
2377,-1,-1,-1,-1,-1,1352,-1,-1,-1,-1,-1,-1,-1,-1,-1,-1,-1,-1,-1,
2378,-1,-1,-1,-1,-1,-1,1294,-1,-1,-1,-1,-1,-1,-1,-1,-1,-1,-1,-1,
2379,-1,-1,-1,-1,-1,-1,2041,-1,-1,-1,-1,-1,-1,-1,-1,-1,-1,-1,-1,
2380,-1,-1,-1,-1,-1,2449,-1,-1,-1,-1,-1,-1,-1,-1,-1,-1,-1,-1,-1,
2383,-1,-1,-1,-1,-1,-1,-1,-1,-1,-1,-1,-1,-1,-1,-1,-1,2204,-1,-1,
2385,-1,-1,-1,-1,-1,2836,-1,-1,-1,-1,-1,2413,-1,-1,-1,-1,-1,-1,-1,
2387,-1,1954,-1,-1,-1,-1,-1,-1,-1,-1,-1,-1,-1,-1,-1,-1,-1,-1,-1,
2389,-1,-1,-1,1659,1644,1264,991,-1,1203,-1,-1,-1,-1,-1,-1,-1,-1,-1,-1,
2391,-1,-1,-1,-1,-1,-1,-1,-1,-1,-1,-1,-1,-1,2912,2429,-1,-1,-1,-1,
2392,-1,-1,-1,-1,-1,-1,-1,2290,2313,-1,-1,-1,-1,-1,-1,-1,-1,-1,-1,
2394,1887,2128,-1,-1,-1,-1,-1,950,-1,-1,1789,-1,-1,-1,-1,-1,-1,-1,-1,
2395,-1,-1,-1,-1,-1,2676,-1,2862,-1,-1,-1,-1,-1,-1,2875,2526,2493,-1,-1,
2396,2030,1482,1968,-1,-1,-1,-1,-1,1147,-1,-1,-1,-1,-1,-1,-1,-1,-1,-1,
2399,-1,-1,1304,-1,-1,-1,-1,-1,-1,-1,-1,-1,-1,-1,-1,-1,-1,-1,-1,
2400,2186,-1,-1,-1,-1,-1,-1,-1,-1,-1,-1,-1,-1,-1,-1,2254,-1,-1,-1,
2401,-1,-1,-1,-1,-1,-1,-1,-1,-1,-1,-1,-1,-1,-1,-1,-1,-1,-1,1656,
2404,897,1362,1075,667,1433,-1,-1,1052,1613,-1,2489,938,2515,-1,463,-1,-1,-1,-1,
2406,-1,1434,-1,-1,-1,-1,-1,-1,-1,-1,-1,-1,-1,-1,-1,-1,-1,-1,-1,
2423,1813,2846,-1,1409,1739,-1,-1,-1,-1,2166,-1,1220,-1,-1,-1,2102,1104,1123,-1,
2427,-1,-1,-1,-1,1815,2195,-1,-1,-1,-1,-1,-1,-1,-1,-1,-1,-1,-1,-1,
2430,-1,-1,2631,-1,-1,-1,-1,-1,-1,-1,-1,-1,-1,-1,-1,-1,-1,-1,-1,
2433,-1,-1,-1,-1,-1,-1,-1,-1,-1,-1,1883,-1,-1,-1,-1,-1,-1,-1,-1,
2435,1159,-1,-1,-1,-1,-1,-1,-1,-1,-1,-1,-1,-1,-1,-1,-1,-1,-1,-1,
2444,-1,-1,-1,-1,-1,1928,-1,-1,-1,-1,-1,-1,-1,-1,-1,-1,-1,-1,-1,
2446,-1,-1,-1,-1,-1,-1,-1,-1,-1,1874,-1,-1,2035,-1,-1,-1,-1,-1,-1,
2455,-1,-1,-1,-1,-1,-1,-1,1891,2379,1210,1754,-1,-1,-1,-1,-1,-1,-1,-1,
2457,-1,-1,-1,-1,-1,-1,-1,-1,-1,-1,-1,-1,-1,-1,-1,-1,-1,-1,1651,
2469,2628,-1,-1,-1,-1,-1,-1,-1,-1,-1,-1,-1,-1,-1,-1,-1,-1,-1,-1,
2476,-1,-1,-1,-1,-1,-1,-1,-1,-1,1940,-1,2391,-1,-1,-1,-1,-1,-1,-1,
2478,-1,-1,-1,-1,-1,-1,-1,-1,-1,-1,-1,-1,-1,2894,-1,-1,-1,2890,-1,
2479,1512,-1,-1,-1,-1,-1,-1,-1,-1,-1,-1,-1,-1,-1,-1,-1,-1,-1,-1,
2483,-1,2430,1258,-1,-1,-1,-1,-1,-1,-1,-1,-1,-1,-1,-1,-1,2421,-1,-1,
2491,-1,-1,-1,-1,-1,-1,1225,-1,-1,-1,-1,-1,-1,-1,1929,-1,-1,-1,-1,
2492,-1,-1,-1,-1,-1,-1,-1,2419,2453,2401,-1,-1,-1,-1,-1,-1,-1,-1,-1,
2493,1427,741,-1,-1,1804,-1,-1,-1,1233,-1,-1,-1,-1,-1,-1,-1,-1,-1,-1,
2494,-1,-1,-1,-1,-1,-1,-1,-1,-1,-1,-1,-1,2857,-1,-1,-1,-1,-1,-1,
2495,-1,-1,-1,-1,-1,-1,-1,-1,-1,-1,-1,-1,2381,-1,-1,-1,-1,1627,-1,
2501,-1,-1,-1,-1,-1,-1,-1,-1,1856,-1,1607,-1,1800,1102,1206,1932,-1,2203,-1,
2505,2510,-1,-1,-1,-1,-1,-1,-1,-1,-1,-1,-1,-1,-1,-1,-1,-1,-1,-1,
2513,-1,-1,-1,-1,1901,-1,-1,-1,-1,-1,-1,-1,-1,2276,-1,-1,-1,-1,-1,
2517,-1,-1,1863,-1,-1,-1,-1,-1,-1,-1,-1,-1,-1,-1,-1,-1,-1,-1,-1,
2520,-1,-1,-1,-1,2673,-1,-1,-1,-1,-1,-1,-1,-1,-1,-1,-1,-1,-1,-1,
2522,-1,-1,-1,-1,-1,-1,-1,-1,-1,-1,-1,-1,-1,-1,1958,1241,-1,-1,-1,
2526,-1,-1,-1,-1,-1,-1,-1,-1,-1,-1,-1,-1,-1,-1,-1,-1,-1,-1,2221,
2527,-1,2574,-1,-1,-1,-1,-1,-1,-1,-1,-1,-1,-1,-1,-1,-1,-1,-1,-1,
2529,2349,-1,-1,-1,-1,-1,-1,-1,-1,-1,-1,-1,-1,-1,-1,-1,-1,-1,-1,
2530,1583,943,-1,-1,2236,1057,-1,-1,-1,-1,-1,-1,-1,-1,2205,-1,1570,999,726,
2532,-1,2903,-1,-1,-1,-1,-1,-1,-1,-1,-1,-1,-1,-1,-1,-1,-1,-1,-1,
2533,2270,-1,-1,2221,-1,-1,-1,-1,-1,-1,-1,-1,-1,-1,-1,-1,-1,-1,-1,
2536,-1,-1,-1,-1,-1,2158,-1,-1,-1,-1,-1,-1,-1,-1,-1,-1,-1,-1,-1,
2538,-1,-1,-1,-1,-1,-1,-1,-1,-1,-1,2459,2763,2523,-1,1905,-1,-1,2832,1828,
2539,2462,-1,-1,-1,-1,-1,-1,-1,-1,-1,-1,-1,-1,-1,-1,-1,-1,-1,-1,
2543,-1,-1,-1,-1,-1,-1,-1,-1,-1,-1,-1,-1,-1,-1,1868,-1,-1,-1,-1,
2544,1714,-1,-1,-1,-1,-1,-1,-1,-1,-1,-1,-1,-1,-1,-1,-1,-1,-1,-1,
-1,-1,897,686,1215,1743,917,1497,793,-1,-1,1778,-1,-1,1617,1978,-1,-1,-1,1370,
2556,-1,-1,-1,-1,-1,-1,-1,-1,-1,-1,-1,-1,-1,1799,-1,2395,1282,-1,-1,
2557,1647,-1,-1,-1,-1,-1,-1,-1,-1,-1,-1,-1,-1,-1,-1,-1,-1,-1,-1,
2561,1869,-1,-1,-1,-1,-1,-1,-1,-1,-1,-1,-1,-1,-1,-1,-1,-1,-1,-1,
2567,-1,-1,-1,-1,2154,-1,-1,-1,-1,1677,-1,-1,-1,-1,-1,1592,-1,-1,-1,
2568,-1,-1,-1,-1,-1,-1,-1,-1,-1,-1,-1,-1,-1,2550,-1,-1,-1,-1,-1,
2570,-1,2133,-1,-1,-1,-1,-1,-1,-1,-1,-1,-1,-1,-1,-1,-1,-1,2088,-1,
2573,-1,-1,-1,-1,-1,-1,-1,1739,-1,-1,-1,-1,-1,-1,-1,2521,2663,-1,-1,
2575,2400,-1,-1,-1,-1,-1,-1,1796,-1,-1,-1,-1,-1,-1,-1,-1,-1,-1,-1,
2577,-1,-1,-1,-1,1798,-1,-1,-1,1284,-1,-1,-1,-1,-1,-1,-1,-1,-1,-1,
2582,-1,-1,-1,2190,-1,-1,-1,-1,-1,-1,-1,-1,-1,-1,-1,-1,-1,1404,2904,
2586,-1,-1,-1,-1,-1,-1,-1,-1,-1,-1,-1,2573,-1,-1,-1,-1,-1,-1,-1,
2588,-1,-1,-1,-1,-1,-1,-1,-1,-1,-1,-1,1282,-1,-1,-1,-1,-1,2087,-1,
2597,1996,-1,-1,-1,-1,-1,-1,-1,-1,-1,-1,-1,-1,-1,1862,-1,-1,-1,-1,
-1,1600,-1,2013,2471,-1,-1,-1,-1,-1,-1,-1,-1,2319,-1,975,1466,1661,1997,-1,
2603,-1,-1,-1,-1,-1,-1,-1,-1,1812,-1,-1,-1,-1,-1,-1,-1,-1,-1,-1,
2604,-1,-1,-1,-1,-1,-1,-1,-1,-1,-1,-1,-1,-1,-1,1571,-1,-1,-1,-1,
2605,-1,2682,2483,2166,-1,2191,1827,-1,-1,-1,-1,-1,-1,-1,-1,1415,1311,1939,-1,
-1,1507,-1,-1,-1,-1,-1,-1,-1,-1,-1,-1,553,652,533,909,-1,-1,-1,621,
2609,2465,-1,-1,-1,-1,-1,-1,-1,-1,-1,-1,-1,-1,-1,-1,-1,-1,-1,-1,
2617,2236,1344,1431,1499,1060,952,1133,2704,-1,-1,-1,-1,-1,-1,-1,-1,1521,1360,1422,
2622,-1,1404,-1,-1,-1,-1,-1,-1,-1,-1,-1,-1,-1,-1,-1,-1,-1,-1,-1,
2626,-1,-1,-1,-1,-1,2923,-1,-1,-1,-1,-1,-1,-1,-1,1789,2278,-1,-1,-1,
2636,-1,-1,-1,-1,-1,1284,-1,-1,-1,-1,-1,-1,2597,-1,-1,-1,-1,-1,-1,
2643,-1,-1,-1,-1,-1,-1,-1,-1,-1,1842,-1,-1,-1,-1,-1,-1,-1,-1,-1,
2645,-1,-1,-1,-1,-1,-1,-1,1593,-1,2063,-1,-1,-1,-1,-1,-1,-1,-1,-1,
2650,-1,-1,-1,-1,-1,-1,-1,-1,-1,-1,-1,-1,2074,2230,-1,-1,-1,-1,-1,
2653,-1,-1,-1,-1,-1,-1,-1,-1,-1,-1,-1,-1,-1,-1,-1,-1,1816,-1,-1,
2654,-1,-1,2854,-1,-1,-1,-1,-1,-1,-1,-1,-1,-1,-1,-1,-1,-1,-1,-1,
2657,-1,-1,-1,-1,-1,-1,-1,2074,-1,-1,-1,-1,-1,-1,-1,-1,-1,-1,-1,
2665,1810,-1,-1,-1,-1,-1,-1,-1,-1,-1,-1,-1,-1,-1,-1,-1,-1,-1,-1,
2667,-1,-1,1920,2463,2157,1836,2070,-1,-1,-1,-1,-1,-1,-1,-1,-1,-1,-1,-1,
2668,2216,-1,2006,-1,-1,-1,-1,-1,-1,-1,-1,2683,-1,-1,2281,-1,-1,-1,-1,
2670,-1,-1,-1,-1,-1,-1,-1,-1,-1,-1,-1,-1,-1,-1,-1,-1,-1,1574,-1,
2672,-1,-1,-1,-1,-1,-1,-1,2010,-1,-1,1041,1719,-1,-1,-1,-1,1824,-1,-1,
2673,-1,-1,-1,-1,-1,-1,-1,-1,-1,-1,1727,2577,-1,1567,-1,-1,-1,-1,-1,
2676,-1,-1,-1,-1,-1,-1,-1,-1,-1,-1,-1,-1,2849,-1,-1,-1,-1,-1,-1,
2678,-1,922,1373,1343,2476,-1,-1,-1,1607,-1,1659,-1,-1,-1,-1,-1,-1,1601,-1,
2682,1550,-1,-1,-1,-1,-1,-1,-1,-1,-1,-1,-1,-1,-1,-1,-1,-1,-1,-1,
2692,-1,-1,-1,-1,-1,-1,-1,-1,-1,-1,-1,-1,-1,1858,-1,-1,-1,-1,-1,
2709,2211,-1,-1,-1,-1,-1,-1,-1,-1,-1,-1,-1,-1,-1,-1,-1,-1,-1,-1,
2710,-1,-1,-1,-1,-1,-1,-1,-1,-1,1644,1871,2827,-1,1483,-1,-1,-1,-1,-1,
2713,2157,-1,-1,-1,-1,-1,-1,-1,-1,-1,-1,-1,-1,-1,-1,-1,-1,-1,-1,
2716,1429,-1,-1,1991,-1,-1,-1,-1,-1,-1,-1,-1,-1,-1,-1,-1,-1,-1,-1,
2717,-1,-1,2138,1699,-1,-1,-1,-1,-1,-1,-1,-1,-1,-1,-1,-1,-1,-1,-1,
2719,-1,-1,-1,-1,-1,-1,-1,-1,-1,2707,-1,-1,-1,-1,-1,-1,-1,-1,1732,
2723,-1,2613,-1,-1,-1,-1,-1,-1,-1,-1,-1,-1,-1,-1,-1,-1,-1,-1,-1,
2724,-1,-1,-1,-1,-1,-1,-1,-1,-1,-1,-1,-1,-1,-1,-1,-1,-1,2125,-1,
2726,2526,-1,-1,-1,-1,-1,-1,-1,-1,-1,-1,-1,-1,-1,-1,-1,-1,-1,-1,
2727,-1,-1,1796,-1,-1,-1,-1,-1,-1,-1,-1,-1,-1,-1,-1,-1,-1,-1,-1,
2729,-1,-1,-1,1641,-1,-1,-1,-1,-1,-1,-1,-1,-1,-1,-1,-1,-1,-1,-1,
-1,1948,-1,-1,-1,-1,-1,-1,-1,-1,562,-1,863,858,1485,778,-1,497,-1,-1,
2737,-1,1443,-1,-1,-1,-1,-1,-1,-1,-1,-1,-1,-1,-1,-1,-1,-1,-1,-1,
2738,-1,-1,-1,-1,-1,-1,1676,1367,2445,-1,-1,2346,-1,-1,-1,-1,-1,-1,-1,
2739,1396,-1,-1,-1,-1,-1,-1,-1,-1,-1,-1,-1,-1,-1,1787,2420,2427,-1,-1,
2742,-1,-1,-1,-1,-1,-1,-1,-1,-1,-1,-1,-1,-1,-1,-1,-1,-1,1752,-1,
2753,2227,-1,-1,-1,-1,-1,-1,-1,-1,-1,-1,-1,-1,-1,-1,-1,-1,-1,-1,
2762,1676,-1,-1,-1,-1,-1,-1,-1,2196,-1,-1,-1,-1,-1,-1,-1,-1,-1,-1,
2764,-1,-1,-1,-1,-1,-1,-1,-1,-1,-1,-1,-1,-1,-1,-1,-1,1758,-1,-1,
2766,-1,-1,-1,1852,-1,2075,1595,-1,-1,-1,-1,1960,-1,-1,1938,-1,-1,-1,-1,
2772,1941,-1,-1,-1,-1,-1,-1,-1,-1,-1,-1,-1,-1,-1,-1,-1,-1,-1,-1,
2779,-1,-1,-1,-1,-1,-1,2002,2011,-1,-1,-1,-1,-1,-1,-1,-1,-1,-1,-1,
2784,-1,-1,-1,-1,2138,-1,-1,-1,-1,-1,-1,-1,-1,-1,-1,-1,-1,-1,-1,
2788,-1,-1,-1,-1,-1,-1,-1,-1,-1,-1,-1,-1,-1,-1,1581,1791,-1,-1,-1,
2793,-1,1728,-1,-1,-1,-1,-1,-1,-1,-1,-1,-1,-1,-1,-1,-1,-1,-1,-1,
2795,-1,2933,-1,-1,-1,-1,-1,-1,-1,-1,-1,-1,-1,-1,-1,-1,-1,-1,-1,
2798,-1,-1,-1,-1,-1,-1,2618,-1,-1,-1,-1,-1,-1,-1,-1,-1,-1,-1,-1,
2802,2672,-1,-1,-1,-1,-1,-1,-1,-1,-1,-1,-1,-1,-1,-1,-1,-1,-1,-1,
2803,1592,-1,-1,-1,-1,-1,-1,-1,-1,-1,-1,-1,-1,-1,-1,-1,-1,-1,-1,
2804,-1,-1,-1,-1,1769,1691,-1,-1,-1,-1,-1,-1,-1,-1,-1,-1,-1,-1,-1,
2808,-1,2175,-1,1355,2196,2635,2258,-1,-1,1653,-1,-1,-1,-1,-1,-1,-1,-1,-1,
2814,-1,-1,-1,-1,-1,-1,-1,-1,-1,-1,-1,-1,-1,-1,-1,-1,-1,1710,1231,
2831,-1,-1,987,-1,-1,-1,-1,-1,-1,-1,-1,-1,-1,-1,-1,1701,-1,-1,-1,
2833,2199,-1,-1,-1,-1,-1,-1,-1,-1,-1,-1,-1,-1,-1,-1,-1,-1,-1,-1,
2835,-1,-1,-1,-1,-1,-1,-1,-1,-1,-1,-1,-1,-1,-1,-1,-1,-1,-1,2519,
2836,-1,-1,-1,-1,-1,-1,-1,-1,-1,-1,-1,-1,-1,-1,-1,2761,-1,-1,-1,
2837,-1,-1,-1,-1,-1,-1,-1,-1,-1,-1,-1,1984,2094,-1,-1,-1,-1,-1,-1,
-1,7,-1,-1,-1,-1,-1,46,-1,-1,-1,-1,-1,-1,44,-1,-1,-1,-1,-1,
-1,11,-1,27,-1,-1,-1,-1,-1,-1,-1,-1,-1,-1,-1,-1,-1,-1,-1,-1,
-1,14,-1,-1,33,-1,-1,-1,-1,-1,-1,-1,-1,-1,-1,-1,22,-1,-1,-1,
-1,27,71,158,-1,-1,-1,-1,-1,-1,-1,-1,-1,171,221,-1,342,-1,-1,-1,
68,30,-1,-1,-1,-1,-1,-1,-1,-1,-1,-1,-1,-1,-1,-1,-1,254,93,173,
-1,32,107,39,26,-1,132,-1,-1,-1,-1,-1,-1,-1,-1,-1,-1,98,-1,-1,
-1,33,42,-1,-1,-1,-1,-1,-1,-1,175,-1,-1,327,101,189,-1,-1,-1,57,
-1,35,-1,-1,60,156,-1,-1,-1,-1,-1,-1,-1,-1,-1,-1,-1,-1,-1,-1,
-1,41,108,21,51,-1,-1,-1,-1,233,-1,-1,-1,-1,-1,-1,-1,-1,19,116,
-1,43,-1,-1,-1,42,-1,132,-1,-1,80,245,-1,-1,241,-1,-1,-1,-1,-1,
-1,51,63,49,270,181,202,-1,75,-1,-1,-1,-1,-1,-1,-1,-1,-1,-1,373,
295,59,-1,85,-1,-1,-1,-1,-1,-1,-1,-1,-1,-1,-1,-1,-1,-1,-1,-1,
-1,63,36,10,37,-1,15,-1,-1,57,27,-1,19,25,-1,-1,-1,-1,-1,-1,
-1,67,-1,-1,-1,-1,-1,-1,-1,-1,-1,-1,-1,113,186,-1,-1,-1,-1,-1,
-1,72,-1,-1,-1,-1,-1,-1,-1,-1,-1,-1,-1,30,31,-1,-1,-1,-1,-1,
-1,73,214,144,-1,218,518,-1,-1,-1,-1,-1,-1,-1,-1,-1,-1,-1,-1,-1,
-1,75,-1,-1,-1,-1,3,22,13,10,87,30,-1,-1,-1,-1,-1,-1,-1,-1,
-1,77,224,87,-1,-1,-1,-1,-1,97,157,79,-1,101,347,-1,-1,-1,-1,-1,
-1,82,-1,-1,312,-1,-1,-1,-1,-1,-1,-1,-1,42,100,126,62,29,-1,-1,
17,84,181,-1,-1,-1,-1,-1,-1,-1,-1,-1,-1,-1,-1,-1,-1,-1,-1,-1,
-1,92,538,-1,798,658,593,-1,213,200,-1,-1,-1,-1,-1,-1,-1,157,584,346,
-1,95,340,-1,-1,-1,-1,-1,-1,52,354,-1,-1,-1,-1,271,-1,-1,-1,335,
-1,97,117,61,-1,-1,-1,-1,-1,-1,-1,-1,-1,-1,-1,-1,222,185,224,80,
-1,99,12,16,-1,-1,-1,-1,-1,-1,-1,-1,-1,-1,-1,-1,-1,-1,-1,-1,
-1,104,-1,-1,165,144,-1,129,-1,72,276,-1,-1,-1,-1,211,-1,-1,-1,-1,
-1,105,32,-1,38,54,-1,-1,-1,-1,-1,-1,-1,-1,-1,-1,-1,-1,-1,-1,
-1,108,187,-1,-1,-1,-1,-1,-1,75,59,-1,-1,-1,-1,-1,-1,-1,-1,-1,
-1,112,-1,-1,-1,-1,-1,-1,-1,-1,-1,-1,396,317,-1,-1,-1,-1,-1,-1,
-1,117,-1,-1,-1,-1,-1,-1,-1,326,-1,-1,-1,-1,-1,-1,-1,-1,-1,-1,
-1,121,228,-1,-1,-1,-1,-1,-1,-1,-1,-1,-1,-1,-1,-1,-1,-1,-1,-1,
-1,123,-1,-1,-1,-1,-1,-1,-1,-1,-1,371,365,-1,-1,-1,-1,-1,-1,-1,
-1,128,169,44,-1,311,-1,193,-1,91,494,249,-1,252,208,204,248,219,-1,-1,
-1,130,320,-1,-1,-1,-1,-1,-1,-1,-1,-1,-1,-1,-1,-1,-1,-1,-1,-1,
-1,131,-1,-1,-1,-1,-1,-1,-1,-1,-1,-1,-1,-1,-1,-1,-1,-1,381,296,
-1,132,62,-1,-1,-1,-1,-1,-1,-1,-1,-1,-1,-1,-1,-1,-1,-1,-1,-1,
-1,135,296,-1,-1,-1,-1,-1,31,-1,-1,-1,-1,62,55,70,-1,-1,-1,-1,
-1,138,-1,132,24,35,104,53,-1,-1,-1,-1,-1,-1,-1,-1,-1,-1,-1,-1,
-1,139,-1,35,-1,-1,-1,-1,-1,-1,-1,-1,-1,-1,-1,-1,-1,-1,-1,-1,
398,141,-1,-1,-1,-1,-1,-1,-1,-1,-1,-1,-1,-1,-1,-1,-1,-1,-1,-1,
-1,143,347,-1,370,-1,-1,-1,-1,-1,-1,-1,-1,-1,-1,-1,-1,-1,-1,-1,
-1,147,56,-1,-1,-1,-1,-1,-1,-1,-1,-1,-1,-1,-1,-1,-1,-1,-1,-1,
-1,154,250,-1,-1,-1,-1,471,574,-1,-1,-1,-1,-1,-1,-1,-1,892,435,427,
-1,155,280,-1,-1,-1,-1,-1,-1,-1,-1,-1,-1,-1,-1,-1,-1,-1,-1,-1,
-1,157,-1,-1,-1,-1,-1,-1,-1,-1,-1,-1,-1,-1,-1,-1,-1,346,197,323,
-1,158,96,-1,194,-1,290,-1,-1,-1,-1,133,-1,-1,-1,-1,-1,148,214,437,
-1,163,88,169,119,111,370,-1,101,-1,-1,-1,-1,-1,-1,-1,-1,-1,-1,-1,
-1,-1,-1,-1,-1,-1,-1,-1,233,239,274,31,51,66,127,-1,-1,-1,-1,-1,
-1,167,299,309,331,-1,-1,-1,-1,-1,-1,-1,-1,-1,-1,-1,-1,-1,-1,-1,
-1,169,308,219,-1,-1,210,-1,-1,-1,-1,275,-1,-1,-1,-1,-1,-1,-1,-1,
-1,178,-1,75,-1,-1,-1,-1,-1,-1,-1,-1,-1,-1,-1,-1,-1,-1,-1,-1,
-1,179,238,-1,-1,-1,165,-1,-1,-1,-1,102,98,-1,-1,-1,116,261,-1,-1,
-1,187,421,-1,-1,-1,347,-1,-1,-1,-1,-1,-1,-1,-1,-1,-1,-1,-1,-1,
-1,188,-1,-1,-1,-1,545,-1,-1,-1,-1,-1,-1,-1,-1,-1,-1,510,-1,-1,
-1,190,-1,-1,-1,-1,-1,-1,-1,-1,-1,-1,-1,-1,-1,-1,-1,242,-1,133,
-1,191,-1,-1,-1,-1,-1,-1,-1,-1,-1,-1,-1,-1,-1,422,626,-1,-1,-1,
-1,192,-1,-1,269,-1,-1,350,245,158,292,201,-1,-1,-1,-1,-1,-1,-1,-1,
-1,-1,-1,-1,-1,371,49,112,155,63,-1,439,-1,-1,-1,-1,-1,-1,-1,-1,
-1,205,93,-1,404,-1,-1,-1,-1,-1,-1,-1,-1,-1,-1,-1,-1,-1,-1,-1,
-1,207,268,-1,192,263,-1,-1,-1,-1,-1,-1,-1,-1,-1,-1,-1,-1,-1,-1,
-1,209,-1,221,163,-1,137,-1,-1,-1,-1,-1,-1,-1,-1,-1,-1,-1,342,-1,
-1,216,-1,-1,-1,-1,-1,-1,-1,-1,-1,-1,-1,-1,-1,-1,-1,-1,173,-1,
-1,217,-1,-1,-1,-1,-1,-1,-1,-1,-1,469,308,-1,-1,-1,-1,-1,-1,-1,
-1,225,-1,-1,-1,-1,-1,-1,-1,-1,-1,-1,-1,-1,-1,-1,-1,-1,-1,653,
-1,232,304,52,30,-1,-1,-1,-1,-1,-1,-1,-1,-1,-1,-1,-1,-1,-1,-1,
-1,233,218,488,-1,-1,-1,142,-1,-1,214,-1,-1,-1,-1,-1,-1,-1,-1,-1,
-1,237,171,-1,-1,-1,312,-1,-1,-1,-1,-1,541,276,129,-1,-1,-1,-1,-1,
-1,239,-1,-1,-1,-1,-1,-1,-1,-1,-1,-1,728,-1,845,-1,-1,-1,160,-1,
-1,241,-1,-1,174,-1,-1,-1,-1,-1,577,-1,272,-1,-1,-1,-1,-1,-1,-1,
-1,253,404,395,-1,-1,-1,-1,-1,-1,-1,-1,-1,-1,-1,-1,-1,-1,-1,-1,
-1,256,-1,-1,-1,-1,-1,-1,-1,-1,-1,-1,-1,-1,-1,-1,-1,355,-1,-1,
-1,258,549,-1,-1,-1,-1,-1,-1,-1,-1,-1,-1,-1,-1,-1,-1,-1,-1,-1,
-1,264,-1,-1,319,-1,-1,-1,935,637,482,-1,801,271,947,-1,233,448,378,141,
-1,267,-1,-1,426,-1,-1,-1,-1,-1,-1,-1,-1,-1,-1,-1,-1,-1,-1,-1,
-1,269,-1,-1,-1,-1,-1,-1,-1,252,-1,-1,-1,-1,-1,-1,-1,-1,-1,-1,
-1,270,182,452,182,254,192,-1,-1,-1,-1,-1,-1,-1,-1,-1,-1,-1,101,-1,
-1,271,-1,-1,-1,-1,155,211,-1,-1,-1,-1,-1,-1,-1,-1,471,538,100,-1,
-1,274,429,-1,-1,-1,-1,-1,-1,-1,-1,-1,-1,-1,-1,-1,-1,-1,-1,-1,
-1,279,154,-1,-1,-1,-1,-1,-1,-1,-1,-1,-1,-1,-1,-1,-1,-1,-1,247,
-1,284,-1,-1,-1,-1,-1,539,-1,-1,-1,781,382,303,618,-1,-1,-1,-1,-1,
-1,285,-1,-1,-1,29,-1,-1,197,295,333,186,151,246,73,80,337,-1,56,-1,
-1,293,-1,-1,-1,-1,-1,655,-1,-1,-1,-1,-1,-1,-1,-1,914,-1,-1,-1,
-1,294,278,-1,299,-1,-1,-1,-1,-1,-1,-1,-1,-1,-1,-1,-1,-1,-1,-1,
-1,298,345,-1,-1,154,234,222,69,210,309,112,110,-1,122,240,-1,-1,-1,-1,
-1,301,595,1074,-1,1112,-1,-1,1478,1473,-1,-1,-1,-1,-1,-1,-1,-1,-1,-1,
-1,305,336,-1,-1,-1,-1,-1,-1,-1,-1,-1,-1,-1,-1,-1,-1,-1,-1,-1,
-1,308,247,-1,-1,-1,-1,-1,-1,-1,-1,-1,-1,-1,-1,-1,-1,-1,-1,-1,
-1,309,215,100,-1,-1,-1,189,-1,-1,-1,-1,-1,-1,-1,-1,-1,-1,-1,-1,
-1,317,252,150,136,-1,61,-1,-1,-1,-1,-1,-1,-1,-1,-1,152,345,58,-1,
-1,319,-1,1001,-1,-1,-1,737,-1,-1,-1,-1,534,-1,-1,-1,-1,-1,-1,-1,
-1,320,-1,-1,-1,932,543,689,519,-1,-1,-1,-1,-1,1430,1056,1339,-1,-1,999,
-1,321,176,-1,-1,145,84,84,-1,-1,-1,-1,-1,-1,-1,-1,-1,-1,391,175,
-1,322,-1,-1,-1,-1,709,-1,-1,-1,-1,-1,-1,-1,-1,-1,-1,-1,-1,-1,
-1,327,566,-1,-1,-1,-1,-1,-1,-1,-1,-1,-1,-1,-1,-1,-1,-1,-1,-1,
-1,328,675,671,-1,-1,-1,-1,-1,-1,-1,-1,-1,-1,-1,-1,-1,-1,-1,-1,
-1,332,309,-1,481,724,-1,-1,-1,-1,-1,-1,-1,-1,-1,-1,-1,-1,-1,-1,
-1,335,755,1042,-1,-1,-1,-1,-1,469,405,-1,-1,-1,-1,-1,-1,-1,-1,-1,
-1,336,-1,-1,-1,-1,-1,-1,-1,-1,-1,697,-1,-1,-1,-1,-1,-1,281,-1,
-1,337,-1,258,-1,-1,885,1317,-1,848,-1,-1,-1,-1,-1,-1,-1,-1,-1,-1,
-1,339,472,104,315,-1,-1,154,208,255,352,-1,-1,-1,257,110,-1,96,218,201,
-1,340,586,-1,-1,1141,-1,-1,-1,-1,-1,-1,-1,-1,-1,-1,-1,-1,-1,-1,
-1,346,-1,-1,-1,-1,-1,-1,-1,-1,633,-1,-1,-1,-1,-1,-1,-1,-1,-1,
-1,348,953,716,-1,-1,-1,-1,-1,-1,-1,-1,-1,-1,-1,-1,-1,-1,-1,-1,
-1,354,-1,-1,-1,-1,-1,-1,-1,-1,-1,-1,-1,-1,693,-1,-1,988,-1,-1,
-1,357,-1,-1,-1,-1,-1,-1,330,-1,-1,-1,-1,-1,-1,-1,-1,-1,-1,-1,
-1,358,-1,355,-1,-1,-1,-1,-1,-1,534,327,445,407,345,347,414,-1,-1,-1,
-1,359,509,-1,-1,-1,-1,-1,-1,-1,-1,-1,-1,-1,-1,-1,344,912,-1,-1,
-1,361,679,-1,-1,-1,638,-1,-1,-1,-1,-1,-1,-1,-1,-1,-1,-1,-1,-1,
-1,362,-1,1006,389,596,-1,-1,-1,-1,-1,-1,-1,-1,-1,-1,-1,-1,-1,-1,
-1,365,-1,-1,-1,-1,-1,-1,-1,324,-1,-1,-1,-1,-1,-1,-1,-1,-1,636,
-1,370,-1,-1,-1,-1,-1,-1,-1,-1,-1,-1,-1,-1,461,-1,-1,-1,-1,-1,
-1,371,-1,-1,-1,-1,-1,-1,-1,-1,-1,120,-1,385,-1,-1,-1,-1,-1,-1,
-1,375,232,110,-1,-1,-1,-1,-1,-1,-1,-1,159,95,340,-1,-1,-1,-1,-1,
442,383,49,56,-1,-1,-1,-1,81,140,58,87,-1,64,-1,166,-1,97,-1,-1,
-1,387,-1,-1,-1,-1,-1,-1,-1,-1,754,-1,-1,-1,-1,-1,-1,-1,-1,-1,
-1,391,-1,-1,-1,-1,-1,-1,-1,-1,343,-1,107,-1,-1,-1,-1,-1,319,549,
-1,393,-1,-1,-1,-1,126,-1,-1,-1,-1,-1,-1,-1,-1,-1,-1,-1,-1,-1,
-1,394,-1,-1,-1,-1,-1,-1,-1,-1,-1,-1,940,-1,-1,-1,-1,-1,-1,-1,
-1,395,878,-1,866,560,947,-1,-1,-1,-1,-1,-1,-1,-1,-1,-1,-1,161,277,
-1,399,-1,-1,-1,-1,-1,-1,-1,-1,-1,-1,-1,-1,-1,-1,-1,-1,956,-1,
-1,404,-1,983,-1,-1,-1,-1,-1,-1,305,-1,-1,-1,-1,-1,-1,-1,-1,-1,
-1,412,-1,-1,-1,-1,-1,-1,-1,-1,-1,-1,-1,-1,-1,-1,129,-1,-1,-1,
-1,420,-1,768,706,599,-1,-1,-1,-1,-1,-1,-1,-1,-1,-1,-1,-1,-1,134,
-1,421,1437,-1,-1,-1,-1,1896,-1,-1,-1,-1,-1,886,1666,-1,-1,-1,-1,-1,
-1,422,303,-1,-1,-1,-1,-1,-1,-1,-1,-1,-1,-1,-1,-1,-1,-1,-1,-1,
-1,423,-1,798,-1,-1,-1,-1,-1,-1,-1,123,-1,-1,-1,-1,-1,-1,-1,-1,
-1,424,2243,1131,-1,-1,-1,-1,-1,-1,-1,-1,-1,1622,1254,-1,-1,-1,-1,-1,
-1,427,-1,393,926,963,-1,-1,1616,1149,1714,-1,1456,687,624,840,474,-1,598,528,
-1,429,-1,-1,-1,-1,-1,-1,-1,-1,-1,-1,-1,-1,842,-1,-1,-1,-1,-1,
-1,436,-1,-1,-1,380,199,-1,-1,-1,-1,-1,-1,-1,-1,-1,-1,-1,-1,-1,
-1,444,833,254,191,-1,-1,-1,-1,-1,-1,-1,-1,-1,-1,-1,-1,-1,-1,-1,
-1,447,438,772,-1,1028,-1,-1,-1,-1,-1,-1,-1,-1,-1,-1,-1,-1,-1,-1,
-1,449,-1,-1,-1,-1,908,-1,-1,968,-1,-1,-1,-1,-1,-1,305,835,-1,-1,
-1,450,-1,-1,-1,-1,-1,-1,-1,-1,235,-1,-1,-1,-1,-1,-1,-1,-1,-1,
-1,451,-1,-1,-1,-1,110,138,-1,-1,-1,-1,-1,-1,-1,-1,-1,899,497,-1,
-1,452,-1,-1,-1,-1,-1,-1,-1,-1,743,-1,-1,-1,-1,-1,-1,-1,-1,-1,
-1,455,-1,-1,293,-1,-1,-1,-1,-1,-1,-1,-1,193,317,-1,-1,-1,-1,-1,
-1,458,-1,-1,-1,-1,-1,-1,-1,-1,-1,-1,-1,-1,-1,-1,-1,-1,-1,390,
-1,462,-1,211,-1,-1,-1,-1,-1,-1,458,-1,-1,-1,-1,-1,-1,-1,-1,-1,
-1,465,-1,-1,-1,-1,-1,-1,-1,-1,-1,-1,-1,-1,-1,-1,-1,-1,-1,511,
-1,472,205,-1,-1,-1,-1,-1,-1,-1,-1,-1,-1,-1,430,-1,-1,-1,-1,-1,
1561,475,-1,-1,-1,-1,-1,-1,-1,-1,-1,-1,-1,783,-1,-1,-1,-1,-1,-1,
-1,-1,-1,-1,-1,-1,-1,-1,-1,92,45,212,364,205,48,47,-1,-1,-1,83,
-1,481,-1,-1,-1,-1,-1,-1,-1,-1,-1,-1,-1,-1,-1,-1,-1,-1,880,-1,
-1,482,814,-1,-1,-1,-1,-1,-1,-1,-1,-1,-1,-1,-1,-1,-1,-1,-1,-1,
-1,484,691,-1,-1,-1,-1,-1,-1,-1,-1,-1,-1,-1,-1,1386,-1,-1,-1,-1,
-1,491,-1,869,-1,-1,-1,-1,-1,616,-1,-1,-1,-1,1173,-1,-1,-1,-1,-1,
-1,496,-1,-1,-1,-1,-1,-1,-1,-1,-1,-1,1148,-1,-1,-1,-1,-1,-1,-1,
-1,500,935,-1,-1,-1,-1,-1,-1,-1,-1,-1,-1,-1,521,1225,-1,-1,-1,-1,
-1,503,216,225,384,-1,-1,-1,719,-1,-1,246,413,-1,-1,-1,-1,-1,-1,-1,
-1,505,-1,1052,-1,360,959,513,-1,294,-1,-1,-1,-1,259,253,-1,-1,-1,-1,
-1,507,-1,-1,141,-1,-1,-1,140,-1,-1,177,346,-1,-1,-1,360,-1,-1,553,
-1,508,452,-1,-1,216,369,-1,898,688,-1,-1,-1,-1,-1,582,476,566,-1,953,
-1,510,-1,-1,-1,-1,-1,-1,1035,-1,-1,-1,502,-1,-1,-1,-1,-1,-1,-1,
-1,511,158,-1,-1,-1,-1,-1,-1,-1,-1,-1,-1,-1,-1,-1,-1,-1,-1,-1,
-1,514,560,-1,-1,-1,-1,-1,-1,317,177,-1,-1,-1,-1,-1,-1,-1,-1,-1,
-1,522,-1,1509,586,1382,-1,408,1049,-1,-1,-1,-1,-1,450,-1,-1,-1,-1,-1,
-1,523,-1,-1,-1,-1,-1,-1,-1,-1,-1,-1,-1,-1,893,-1,-1,-1,-1,-1,
-1,524,988,-1,-1,-1,-1,602,921,-1,-1,616,-1,-1,-1,-1,-1,-1,-1,432,
-1,525,949,-1,-1,-1,-1,373,-1,-1,-1,-1,-1,-1,-1,526,1030,721,-1,-1,
-1,530,-1,-1,-1,-1,-1,-1,-1,-1,-1,-1,764,-1,-1,-1,-1,-1,-1,-1,
-1,535,632,-1,-1,-1,-1,1219,731,793,806,486,844,-1,-1,1166,-1,-1,-1,-1,
-1,543,376,-1,-1,-1,-1,-1,-1,-1,261,-1,-1,-1,542,-1,328,-1,-1,-1,
-1,544,-1,-1,-1,862,-1,-1,-1,-1,-1,-1,-1,-1,-1,-1,-1,-1,-1,-1,
-1,545,-1,-1,-1,-1,-1,-1,-1,-1,-1,-1,-1,-1,-1,-1,-1,1235,-1,-1,
-1,548,1035,-1,-1,276,-1,-1,-1,-1,-1,-1,-1,-1,-1,-1,-1,-1,-1,-1,
1741,549,-1,-1,-1,-1,1082,-1,-1,-1,-1,-1,-1,-1,-1,-1,-1,-1,-1,-1,
-1,551,-1,508,348,-1,-1,-1,1184,-1,-1,-1,-1,-1,-1,-1,-1,-1,-1,-1,
-1,552,-1,-1,-1,553,458,806,-1,458,-1,-1,-1,-1,-1,-1,-1,-1,-1,-1,
-1,554,1832,-1,-1,-1,-1,-1,-1,-1,-1,-1,-1,-1,-1,1254,-1,-1,-1,965,
-1,557,145,216,372,162,-1,-1,-1,-1,-1,-1,-1,-1,-1,-1,-1,-1,-1,-1,
-1,558,362,-1,1389,-1,-1,-1,-1,-1,-1,-1,-1,-1,-1,-1,-1,-1,-1,-1,
-1,562,587,-1,-1,-1,-1,-1,-1,-1,-1,-1,-1,-1,-1,-1,-1,-1,-1,-1,
-1,570,-1,-1,-1,-1,-1,-1,397,-1,-1,-1,-1,-1,-1,-1,-1,-1,-1,-1,
-1,571,530,-1,-1,-1,-1,-1,-1,-1,-1,-1,-1,-1,-1,-1,-1,-1,-1,-1,
-1,574,838,683,184,184,-1,-1,-1,-1,-1,-1,-1,-1,-1,-1,-1,-1,-1,-1,
-1,581,-1,-1,-1,-1,-1,-1,-1,-1,-1,-1,-1,-1,-1,279,-1,281,-1,-1,
-1,585,564,-1,-1,-1,-1,-1,-1,-1,-1,-1,-1,-1,-1,-1,-1,688,-1,-1,
-1,587,373,-1,-1,-1,-1,-1,-1,-1,-1,-1,-1,-1,-1,-1,-1,-1,-1,-1,
-1,589,531,755,-1,-1,-1,-1,-1,-1,-1,-1,-1,-1,-1,-1,1303,-1,1129,-1,
-1,592,-1,-1,-1,-1,1605,872,604,438,983,-1,-1,-1,-1,-1,-1,-1,-1,-1,
-1,595,551,436,-1,445,-1,-1,-1,-1,-1,-1,-1,-1,-1,-1,-1,-1,-1,-1,
-1,596,-1,725,-1,-1,-1,-1,-1,-1,-1,-1,-1,-1,-1,-1,-1,-1,-1,-1,
-1,598,-1,-1,-1,-1,-1,-1,-1,-1,-1,-1,-1,161,252,-1,461,-1,-1,-1,
-1,600,390,-1,944,430,-1,-1,-1,489,-1,-1,-1,-1,-1,1211,-1,-1,-1,-1,
-1,611,-1,-1,-1,-1,-1,-1,-1,-1,-1,-1,-1,-1,-1,-1,-1,-1,-1,1371,
1647,618,1430,-1,-1,-1,-1,-1,-1,-1,-1,-1,-1,-1,-1,-1,-1,-1,-1,-1,
-1,621,-1,-1,-1,-1,-1,-1,272,457,-1,-1,673,-1,-1,-1,-1,-1,-1,-1,
-1,624,-1,-1,-1,-1,-1,-1,-1,381,-1,-1,360,-1,-1,-1,-1,-1,-1,-1,
-1,632,-1,-1,-1,-1,-1,-1,-1,-1,-1,-1,472,-1,-1,595,-1,-1,-1,-1,
-1,634,-1,-1,1014,-1,-1,1540,-1,-1,-1,-1,-1,-1,-1,-1,-1,-1,1612,-1,
-1,636,-1,426,1480,1044,373,532,-1,762,-1,-1,-1,-1,1088,-1,-1,-1,-1,-1,
-1,637,400,-1,-1,-1,-1,-1,-1,-1,-1,-1,-1,-1,-1,-1,-1,-1,-1,-1,
-1,638,-1,-1,-1,1600,-1,-1,-1,1575,-1,-1,908,984,-1,1537,1411,-1,-1,-1,
-1,639,-1,-1,-1,-1,-1,-1,-1,-1,657,-1,-1,-1,-1,-1,-1,-1,-1,-1,
-1,641,-1,657,-1,472,715,1276,-1,-1,-1,-1,-1,-1,-1,-1,-1,-1,-1,-1,
-1,645,-1,-1,-1,1143,-1,-1,-1,-1,-1,-1,-1,-1,-1,265,-1,268,-1,-1,
-1,648,-1,-1,-1,-1,-1,-1,-1,-1,-1,-1,-1,-1,-1,-1,-1,-1,-1,932,
-1,651,-1,-1,-1,1340,-1,-1,-1,-1,-1,-1,-1,-1,-1,-1,-1,-1,-1,-1,
-1,652,-1,-1,-1,-1,-1,-1,-1,283,-1,-1,-1,-1,-1,-1,-1,416,-1,-1,
-1,655,-1,-1,-1,-1,-1,993,-1,-1,-1,-1,305,-1,-1,-1,-1,-1,550,239,
-1,657,1513,-1,-1,-1,-1,-1,1924,-1,-1,-1,-1,-1,-1,-1,-1,-1,-1,-1,
-1,665,-1,-1,-1,-1,-1,-1,-1,-1,-1,-1,-1,-1,-1,-1,-1,601,-1,-1,
-1,670,-1,-1,1514,-1,-1,-1,-1,676,-1,-1,-1,-1,-1,-1,-1,-1,-1,-1,
-1,673,-1,1569,1933,2642,-1,-1,-1,-1,-1,-1,-1,-1,-1,-1,-1,-1,-1,-1,
-1,677,-1,-1,-1,1048,-1,-1,-1,1294,-1,-1,-1,-1,-1,-1,-1,-1,-1,-1,
-1,678,-1,-1,-1,799,352,-1,-1,-1,-1,-1,-1,-1,-1,-1,-1,-1,-1,-1,
-1,679,-1,-1,-1,-1,-1,-1,-1,-1,-1,-1,1583,556,625,-1,-1,-1,719,-1,
-1,680,1255,-1,-1,-1,-1,-1,-1,-1,-1,-1,-1,-1,-1,-1,-1,-1,-1,-1,
-1,681,-1,567,-1,-1,-1,-1,-1,-1,1379,-1,-1,-1,-1,-1,-1,-1,-1,-1,
-1,683,-1,-1,-1,-1,-1,-1,529,970,-1,-1,-1,-1,-1,-1,-1,-1,-1,-1,
-1,686,-1,-1,-1,-1,-1,-1,-1,-1,-1,708,-1,283,-1,-1,-1,-1,-1,-1,
-1,687,-1,-1,-1,775,-1,-1,-1,-1,-1,-1,-1,-1,-1,-1,-1,-1,-1,-1,
-1,-1,-1,1349,-1,482,343,-1,-1,-1,937,817,1284,-1,-1,-1,1012,430,618,-1,
-1,692,-1,-1,-1,-1,-1,-1,-1,-1,-1,-1,-1,-1,-1,-1,-1,317,-1,-1,
-1,693,-1,-1,-1,-1,-1,-1,-1,-1,-1,-1,-1,610,-1,515,-1,-1,-1,-1,
-1,696,-1,286,-1,-1,-1,-1,-1,-1,-1,-1,-1,-1,-1,-1,-1,-1,-1,-1,
-1,699,1691,-1,-1,-1,-1,-1,-1,-1,-1,-1,-1,-1,-1,-1,-1,-1,-1,-1,
-1,700,394,-1,-1,-1,-1,-1,770,404,-1,-1,-1,-1,-1,-1,-1,-1,-1,-1,
-1,703,-1,-1,-1,-1,-1,-1,-1,-1,642,-1,-1,-1,-1,-1,-1,-1,1007,-1,
-1,708,-1,-1,-1,-1,498,-1,-1,-1,-1,-1,1163,-1,-1,-1,-1,-1,-1,-1,
-1,712,-1,-1,235,-1,-1,-1,-1,-1,-1,-1,-1,-1,-1,-1,-1,-1,-1,-1,
-1,713,-1,-1,-1,-1,-1,-1,-1,-1,-1,-1,-1,-1,-1,-1,-1,-1,-1,1163,
-1,714,517,-1,-1,-1,-1,-1,-1,-1,-1,-1,-1,-1,-1,-1,-1,-1,-1,-1,
-1,715,-1,-1,565,-1,-1,-1,-1,-1,-1,-1,-1,-1,-1,-1,-1,-1,-1,-1,
-1,721,1966,-1,-1,-1,-1,-1,-1,-1,1624,-1,-1,-1,-1,-1,-1,-1,-1,-1,
-1,722,-1,-1,-1,-1,544,166,382,-1,-1,-1,-1,-1,-1,-1,-1,-1,-1,-1,
-1,728,483,413,-1,-1,-1,-1,-1,-1,-1,-1,-1,-1,-1,299,-1,304,-1,-1,
-1,729,1630,1163,691,-1,627,-1,-1,-1,-1,-1,836,-1,-1,-1,-1,-1,-1,-1,
-1,730,1076,-1,-1,-1,-1,-1,-1,-1,-1,-1,-1,-1,-1,-1,-1,-1,-1,1749,
-1,734,678,-1,-1,-1,1151,1825,-1,-1,-1,-1,-1,-1,-1,-1,-1,-1,-1,-1,
-1,738,-1,-1,-1,-1,-1,-1,-1,-1,-1,-1,-1,1012,-1,1199,-1,-1,-1,-1,
-1,740,-1,-1,-1,-1,-1,-1,-1,-1,263,1061,-1,1070,-1,-1,-1,-1,-1,-1,
-1,746,1142,-1,-1,-1,-1,-1,-1,-1,-1,-1,-1,-1,-1,-1,-1,-1,-1,-1,
-1,747,1138,-1,-1,-1,-1,-1,-1,-1,-1,-1,-1,-1,-1,-1,-1,-1,-1,-1,
-1,748,638,523,-1,-1,494,324,880,-1,451,264,-1,-1,708,743,539,667,331,-1,
-1,749,634,578,939,936,1062,821,-1,485,-1,-1,-1,-1,-1,-1,-1,-1,-1,-1,
-1,751,-1,-1,-1,-1,1444,-1,-1,-1,-1,-1,-1,-1,-1,-1,-1,-1,1151,-1,
-1,752,750,365,-1,866,789,-1,-1,-1,-1,-1,-1,-1,-1,1092,-1,-1,652,355,
-1,754,581,-1,-1,-1,-1,-1,-1,-1,-1,-1,-1,-1,-1,-1,-1,-1,-1,-1,
-1,755,879,-1,-1,-1,-1,-1,-1,-1,-1,828,-1,-1,-1,-1,-1,-1,-1,-1,
-1,756,-1,-1,-1,-1,-1,-1,-1,-1,-1,-1,-1,-1,-1,-1,-1,-1,955,-1,
-1,758,503,606,494,410,510,910,-1,737,546,-1,-1,304,218,-1,904,-1,392,722,
-1,762,-1,2024,1006,2295,1101,-1,2402,1729,771,-1,-1,-1,-1,-1,-1,-1,-1,-1,
-1,768,-1,1763,1169,1430,-1,-1,-1,-1,985,1175,-1,665,-1,-1,-1,-1,1367,-1,
-1,771,405,-1,-1,-1,-1,-1,-1,-1,-1,-1,-1,-1,-1,-1,-1,-1,245,773,
-1,773,-1,-1,921,-1,1168,-1,-1,629,-1,-1,-1,-1,967,-1,-1,-1,-1,-1,
-1,776,-1,-1,-1,-1,444,-1,-1,-1,1126,-1,-1,-1,-1,-1,-1,-1,-1,-1,
-1,780,888,-1,1098,734,-1,1453,-1,-1,1117,511,818,464,658,672,507,1062,1103,-1,
-1,782,1549,-1,1840,-1,-1,-1,-1,-1,-1,-1,-1,-1,-1,-1,-1,-1,-1,-1,
-1,785,487,-1,-1,-1,-1,-1,-1,-1,-1,-1,-1,-1,-1,-1,-1,-1,-1,-1,
-1,786,-1,-1,-1,-1,564,-1,-1,-1,-1,-1,-1,-1,-1,-1,-1,-1,518,-1,
-1,788,-1,-1,-1,-1,-1,-1,-1,-1,-1,-1,-1,-1,-1,1635,-1,-1,-1,-1,
-1,790,1059,950,1526,-1,1702,-1,-1,971,1294,1560,1411,832,965,982,951,943,-1,993,
-1,793,-1,-1,-1,-1,-1,-1,-1,879,2154,1643,-1,-1,-1,-1,-1,-1,-1,-1,
-1,796,-1,-1,-1,-1,-1,-1,-1,-1,-1,-1,-1,1301,-1,-1,-1,-1,1647,-1,
-1,799,1233,-1,-1,-1,-1,-1,-1,-1,-1,-1,-1,-1,-1,-1,-1,1177,1517,-1,
-1,800,439,-1,-1,-1,-1,-1,-1,-1,-1,-1,-1,-1,-1,-1,-1,1010,916,-1,
-1,802,-1,967,-1,-1,-1,-1,-1,-1,-1,-1,-1,-1,-1,-1,-1,-1,-1,-1,
-1,805,-1,-1,-1,1254,-1,-1,-1,-1,1130,-1,-1,-1,-1,-1,-1,-1,-1,1189,
-1,808,-1,303,-1,-1,923,-1,-1,-1,-1,-1,-1,-1,-1,461,-1,632,1203,-1,
-1,809,-1,779,345,-1,-1,-1,-1,-1,-1,-1,-1,1014,-1,-1,-1,-1,-1,-1,
-1,812,839,-1,-1,501,-1,-1,-1,-1,-1,-1,-1,-1,-1,-1,-1,-1,-1,-1,
-1,818,-1,-1,-1,-1,1916,-1,-1,-1,-1,-1,-1,-1,-1,-1,-1,-1,-1,-1,
-1,821,-1,-1,-1,326,-1,-1,-1,-1,-1,-1,-1,-1,-1,-1,-1,-1,-1,-1,
-1,822,-1,-1,-1,-1,-1,-1,-1,-1,-1,-1,-1,-1,-1,1134,-1,-1,-1,-1,
-1,823,-1,-1,-1,-1,-1,-1,833,635,516,-1,748,571,368,675,-1,-1,-1,-1,
-1,827,-1,-1,-1,-1,-1,-1,-1,345,-1,-1,-1,-1,-1,-1,-1,-1,-1,-1,
-1,832,-1,-1,-1,-1,-1,-1,-1,-1,-1,-1,-1,-1,-1,-1,-1,-1,1192,-1,
-1,833,599,-1,-1,-1,-1,-1,-1,-1,-1,-1,-1,-1,-1,-1,-1,-1,-1,-1,
-1,834,1827,-1,-1,-1,-1,-1,-1,-1,-1,-1,-1,-1,-1,-1,-1,-1,-1,-1,
-1,835,1002,411,224,-1,300,233,302,-1,-1,381,496,-1,-1,438,-1,-1,312,238,
-1,836,-1,-1,-1,-1,-1,-1,-1,-1,376,-1,-1,-1,-1,-1,-1,-1,-1,-1,
-1,840,668,804,564,1237,-1,-1,-1,-1,-1,-1,-1,-1,-1,-1,-1,-1,-1,-1,
-1,841,1197,-1,2343,988,1393,1985,-1,2169,988,-1,507,-1,-1,-1,-1,-1,-1,-1,
-1,845,-1,-1,-1,-1,-1,-1,-1,1205,-1,635,993,-1,1172,1020,-1,-1,466,-1,
-1,846,243,276,530,-1,-1,-1,-1,-1,-1,-1,-1,374,-1,-1,-1,-1,-1,-1,
-1,847,-1,940,1552,1856,1539,925,1050,1657,929,1347,2463,-1,1299,-1,-1,1201,-1,1499,
2099,849,744,-1,-1,-1,-1,-1,-1,-1,-1,1724,-1,-1,-1,-1,-1,-1,-1,-1,
-1,852,-1,-1,-1,-1,-1,-1,-1,1269,-1,-1,-1,-1,-1,-1,-1,-1,-1,-1,
-1,853,763,-1,-1,-1,-1,-1,-1,-1,-1,-1,-1,-1,-1,-1,-1,-1,-1,-1,
-1,856,-1,-1,-1,-1,-1,-1,-1,-1,-1,-1,-1,-1,-1,-1,568,-1,-1,-1,
-1,860,-1,-1,-1,-1,-1,-1,-1,453,589,390,851,1444,754,-1,-1,-1,455,-1,
-1,862,687,-1,-1,-1,-1,-1,-1,-1,-1,-1,-1,-1,-1,-1,-1,-1,-1,-1,
-1,863,-1,-1,495,-1,-1,-1,-1,-1,-1,417,-1,-1,-1,-1,-1,1422,1454,-1,
-1,864,217,257,328,959,-1,-1,-1,-1,-1,-1,-1,-1,-1,-1,-1,-1,-1,-1,
-1,868,-1,-1,-1,-1,-1,-1,-1,-1,-1,303,-1,-1,-1,-1,-1,-1,-1,-1,
-1,870,1329,-1,-1,-1,-1,-1,-1,-1,-1,-1,-1,-1,-1,-1,-1,-1,-1,-1,
-1,872,-1,-1,-1,-1,-1,826,-1,-1,-1,-1,-1,-1,-1,-1,-1,-1,-1,-1,
-1,873,-1,-1,-1,-1,-1,-1,1203,1353,2155,-1,-1,-1,-1,-1,-1,-1,-1,-1,
-1,874,-1,-1,-1,1900,-1,-1,-1,-1,-1,-1,-1,-1,-1,-1,-1,-1,-1,-1,
-1,878,-1,-1,-1,-1,-1,-1,-1,-1,915,-1,-1,-1,-1,-1,-1,-1,-1,-1,
-1,882,-1,-1,-1,-1,-1,-1,-1,-1,-1,-1,-1,-1,-1,-1,-1,-1,465,-1,
-1,887,739,1302,-1,390,-1,-1,-1,-1,-1,-1,-1,-1,-1,-1,-1,-1,-1,-1,
-1,888,-1,-1,-1,-1,-1,639,-1,-1,-1,-1,-1,-1,-1,-1,-1,-1,-1,-1,
-1,893,-1,-1,-1,-1,-1,-1,-1,-1,2087,-1,-1,-1,-1,-1,-1,-1,-1,-1,
-1,895,-1,-1,-1,-1,924,-1,-1,-1,-1,-1,-1,-1,-1,-1,-1,-1,-1,-1,
-1,899,-1,-1,222,528,475,-1,614,511,819,940,491,-1,-1,-1,-1,-1,-1,-1,
-1,900,-1,1174,-1,-1,-1,-1,-1,-1,-1,-1,-1,-1,-1,-1,-1,-1,-1,-1,
-1,902,2144,2375,-1,-1,-1,-1,-1,-1,-1,-1,-1,-1,-1,-1,-1,-1,-1,-1,
-1,903,965,-1,-1,-1,-1,-1,-1,-1,-1,-1,-1,-1,-1,-1,-1,-1,-1,-1,
-1,907,-1,1333,-1,-1,-1,-1,-1,-1,-1,-1,-1,-1,-1,-1,-1,-1,-1,-1,
-1,911,-1,495,-1,-1,-1,-1,-1,-1,-1,-1,-1,-1,-1,-1,-1,-1,-1,-1,
594,914,-1,-1,-1,-1,-1,-1,-1,-1,-1,-1,-1,-1,-1,-1,-1,-1,-1,-1,
-1,925,2242,-1,-1,-1,-1,-1,-1,-1,-1,2082,-1,-1,-1,-1,-1,-1,-1,-1,
-1,930,-1,720,-1,-1,-1,-1,-1,919,-1,-1,-1,-1,-1,-1,-1,-1,-1,894,
-1,936,337,-1,696,-1,-1,-1,-1,-1,-1,-1,-1,1247,-1,-1,-1,-1,-1,-1,
-1,937,-1,666,1064,881,-1,-1,-1,-1,-1,-1,-1,-1,-1,-1,-1,-1,-1,-1,
-1,942,-1,-1,-1,-1,-1,-1,-1,-1,-1,-1,-1,-1,1124,852,-1,-1,-1,-1,
-1,945,1474,2031,-1,-1,-1,-1,-1,-1,-1,-1,-1,-1,-1,-1,-1,-1,-1,-1,
-1,-1,686,-1,1083,1194,-1,-1,560,1521,484,324,-1,833,-1,-1,-1,1353,-1,-1,
-1,951,-1,-1,1605,-1,-1,-1,-1,-1,-1,-1,-1,-1,-1,-1,-1,-1,-1,-1,
-1,952,-1,-1,-1,-1,-1,-1,481,-1,-1,-1,-1,363,592,289,615,1089,828,1089,
-1,958,724,667,-1,1669,-1,-1,-1,-1,1493,-1,-1,-1,959,359,-1,644,1464,-1,
-1,963,2096,-1,-1,-1,748,-1,-1,-1,-1,874,757,960,612,565,-1,-1,1542,1473,
-1,964,-1,-1,1931,-1,-1,-1,-1,-1,-1,-1,-1,-1,-1,-1,-1,-1,-1,-1,
-1,966,-1,-1,-1,-1,-1,-1,-1,-1,-1,-1,-1,-1,-1,391,-1,-1,-1,-1,
-1,968,757,933,770,459,-1,-1,-1,-1,-1,-1,-1,-1,-1,-1,-1,-1,-1,-1,
-1,969,-1,-1,-1,-1,-1,-1,-1,-1,366,-1,-1,-1,-1,-1,-1,-1,1256,732,
-1,-1,-1,454,1047,378,652,433,1072,-1,-1,-1,-1,788,-1,-1,-1,-1,-1,-1,
-1,972,491,-1,-1,-1,-1,-1,744,-1,-1,-1,-1,-1,-1,-1,-1,-1,-1,-1,
-1,975,1049,-1,-1,-1,-1,-1,-1,-1,-1,-1,-1,-1,-1,-1,-1,-1,-1,-1,
-1,976,-1,1136,-1,-1,-1,-1,-1,-1,-1,-1,-1,-1,-1,-1,-1,-1,-1,-1,
-1,977,-1,-1,779,-1,-1,-1,-1,939,-1,-1,-1,-1,-1,-1,1803,-1,-1,-1,
-1,978,-1,-1,-1,-1,-1,1490,727,931,-1,-1,-1,-1,-1,-1,-1,-1,-1,-1,
-1,982,-1,439,1001,-1,-1,-1,-1,-1,-1,-1,-1,-1,-1,-1,-1,-1,-1,-1,
-1,983,-1,-1,1785,-1,-1,-1,-1,-1,-1,-1,-1,-1,-1,-1,-1,-1,-1,-1,
-1,985,423,1567,-1,-1,-1,-1,-1,-1,-1,-1,-1,-1,-1,-1,-1,-1,-1,-1,
-1,992,-1,696,-1,-1,-1,-1,-1,-1,-1,-1,-1,-1,-1,-1,1056,-1,-1,-1,
-1,995,-1,-1,-1,-1,-1,-1,-1,1154,-1,-1,1502,-1,-1,-1,-1,-1,-1,-1,
-1,999,1369,2330,-1,-1,-1,-1,-1,-1,-1,-1,-1,-1,-1,-1,-1,-1,-1,-1,
-1,1002,550,-1,-1,-1,-1,-1,-1,-1,-1,-1,-1,-1,-1,-1,-1,-1,-1,-1,
-1,1004,-1,396,-1,-1,-1,-1,-1,-1,-1,-1,-1,-1,-1,-1,-1,-1,-1,-1,
-1,1005,-1,-1,2227,-1,-1,-1,-1,-1,-1,-1,-1,-1,-1,-1,-1,1612,-1,-1,
-1,1007,-1,-1,-1,-1,-1,-1,-1,-1,1229,-1,-1,-1,-1,-1,-1,-1,-1,-1,
-1,1009,1221,-1,-1,-1,-1,-1,-1,-1,-1,-1,-1,-1,-1,-1,929,-1,-1,-1,
-1,1010,1558,-1,-1,-1,-1,-1,-1,-1,-1,-1,-1,-1,-1,-1,-1,-1,-1,-1,
-1,1013,-1,-1,-1,2068,950,-1,-1,-1,-1,-1,1147,1062,828,-1,-1,-1,-1,-1,
-1,1015,-1,-1,-1,-1,-1,-1,-1,-1,-1,-1,-1,-1,-1,-1,-1,-1,-1,1314,
-1,1020,-1,-1,-1,-1,-1,-1,-1,2145,-1,-1,-1,-1,-1,-1,-1,-1,-1,-1,
-1,1022,-1,-1,-1,-1,-1,-1,-1,-1,-1,-1,-1,1635,-1,-1,-1,-1,-1,-1,
-1,1024,453,236,-1,-1,412,-1,-1,-1,-1,-1,-1,-1,-1,-1,-1,-1,-1,-1,
-1,1025,2268,-1,-1,-1,-1,-1,-1,-1,-1,-1,-1,-1,-1,-1,-1,-1,-1,-1,
-1,1030,411,-1,-1,-1,-1,-1,-1,-1,-1,-1,-1,-1,-1,-1,-1,-1,-1,-1,
-1,1034,1151,-1,-1,-1,-1,-1,-1,-1,-1,735,1842,-1,-1,-1,-1,-1,-1,-1,
-1,1039,1269,2069,1466,1065,2130,-1,-1,1448,-1,-1,-1,-1,-1,-1,-1,-1,-1,-1,
-1,1042,2916,2793,-1,-1,-1,2708,1755,1610,-1,-1,-1,-1,-1,-1,-1,-1,-1,2571,
-1,1045,1051,-1,-1,-1,-1,-1,-1,-1,-1,-1,880,654,1561,-1,506,-1,-1,-1,
-1,1048,431,-1,-1,-1,-1,-1,572,901,-1,-1,-1,-1,-1,-1,-1,-1,-1,-1,
-1,1050,-1,-1,-1,-1,-1,-1,-1,-1,-1,-1,-1,-1,491,-1,1160,615,-1,-1,
-1,1052,-1,-1,-1,-1,-1,-1,-1,530,-1,-1,-1,-1,-1,443,-1,-1,-1,-1,
-1,1055,2437,-1,-1,-1,-1,-1,-1,-1,-1,-1,-1,-1,-1,-1,-1,-1,-1,-1,
-1,1058,-1,1146,917,586,-1,-1,-1,-1,-1,-1,-1,-1,-1,-1,-1,-1,-1,-1,
-1,1059,518,588,519,1312,1225,487,-1,488,560,-1,-1,-1,-1,-1,1188,-1,-1,451,
-1,1060,-1,-1,-1,-1,-1,1665,-1,-1,-1,-1,-1,-1,-1,-1,-1,-1,-1,-1,
-1,1063,-1,576,1303,-1,-1,-1,-1,-1,-1,-1,-1,-1,-1,-1,-1,-1,-1,-1,
-1,1065,1351,1414,-1,-1,-1,-1,-1,-1,-1,-1,-1,-1,-1,-1,-1,2188,-1,-1,
-1,1068,-1,1996,-1,-1,613,691,-1,-1,-1,-1,-1,-1,-1,-1,-1,-1,-1,-1,
-1,1069,-1,-1,-1,-1,-1,-1,-1,-1,-1,-1,-1,-1,-1,-1,-1,724,-1,803,
-1,1070,1587,-1,-1,-1,-1,-1,-1,-1,-1,-1,-1,-1,-1,-1,-1,-1,-1,-1,
-1,1071,-1,622,356,-1,1678,632,-1,-1,-1,-1,-1,-1,-1,-1,-1,-1,-1,-1,
-1,1074,-1,-1,-1,-1,1473,-1,-1,-1,-1,-1,-1,-1,-1,-1,-1,-1,1451,-1,
-1,1077,-1,-1,2372,-1,-1,-1,-1,-1,-1,-1,-1,-1,-1,1330,1207,-1,-1,-1,
-1,1078,1170,-1,-1,-1,-1,-1,2089,-1,-1,-1,-1,-1,-1,1312,-1,-1,-1,-1,
-1,1081,585,1361,-1,-1,-1,-1,-1,-1,-1,-1,-1,-1,-1,-1,-1,2046,-1,-1,
-1,1083,-1,-1,-1,-1,-1,-1,-1,-1,-1,-1,-1,-1,-1,-1,-1,1949,-1,-1,
-1,1084,717,539,-1,-1,-1,-1,-1,-1,-1,-1,-1,-1,-1,-1,-1,-1,-1,-1,
-1,1090,-1,-1,666,-1,-1,-1,-1,-1,-1,-1,-1,-1,-1,-1,-1,-1,-1,-1,
-1,1094,1204,1152,-1,2605,-1,-1,-1,-1,2069,-1,1676,-1,-1,-1,-1,-1,789,-1,
-1,1097,-1,-1,-1,-1,-1,-1,-1,-1,-1,-1,772,-1,811,-1,247,339,-1,-1,
-1,1100,-1,-1,-1,-1,-1,1697,-1,-1,-1,-1,-1,-1,-1,-1,-1,-1,-1,-1,
-1,-1,-1,-1,113,185,-1,-1,-1,-1,-1,-1,-1,-1,-1,469,-1,-1,299,-1,
-1,1102,-1,-1,-1,-1,-1,-1,-1,-1,2213,-1,1757,1224,1931,-1,-1,-1,-1,-1,
-1,1104,-1,-1,-1,-1,-1,-1,-1,-1,-1,-1,2383,-1,-1,-1,-1,-1,-1,-1,
-1,-1,-1,386,255,-1,-1,-1,-1,-1,-1,-1,173,-1,-1,-1,-1,160,-1,-1,
-1,1111,-1,-1,-1,-1,-1,-1,-1,-1,-1,-1,-1,270,-1,589,-1,-1,-1,-1,
-1,1115,-1,912,-1,-1,-1,1155,1172,1000,-1,-1,-1,-1,-1,813,-1,-1,-1,-1,
-1,1120,-1,926,-1,1224,955,-1,-1,-1,294,274,643,439,495,-1,-1,359,785,496,
-1,1122,-1,1060,-1,702,-1,-1,830,-1,573,614,1804,-1,-1,1648,-1,-1,-1,-1,
-1,1125,981,795,1664,-1,825,1289,821,2036,2022,-1,-1,-1,1129,-1,-1,-1,-1,-1,
-1,1126,-1,-1,-1,-1,-1,-1,-1,-1,-1,-1,-1,-1,580,-1,-1,-1,-1,-1,
-1,1130,-1,-1,-1,-1,-1,-1,-1,-1,-1,-1,-1,-1,-1,-1,-1,-1,523,264,
-1,1133,475,2130,-1,-1,-1,-1,680,-1,-1,-1,-1,-1,-1,-1,-1,-1,-1,-1,
-1,1134,-1,-1,-1,-1,-1,761,-1,852,479,649,1123,-1,-1,-1,-1,-1,-1,-1,
-1,1136,1921,760,-1,-1,-1,-1,-1,-1,-1,609,-1,-1,-1,-1,-1,-1,878,-1,
-1,1140,-1,482,515,910,644,-1,1180,927,590,424,376,628,966,-1,1295,-1,712,536,
-1,1141,-1,-1,-1,1922,-1,-1,-1,-1,-1,-1,-1,-1,-1,-1,-1,-1,-1,-1,
-1,1143,2518,-1,-1,-1,-1,-1,-1,-1,-1,-1,-1,-1,-1,-1,-1,-1,-1,-1,
-1,1144,-1,-1,-1,-1,-1,-1,-1,-1,-1,-1,-1,-1,-1,1084,1185,-1,-1,-1,
-1,1148,447,792,-1,-1,-1,-1,-1,-1,-1,-1,-1,-1,1303,-1,-1,-1,-1,-1,
-1,1149,-1,-1,-1,-1,-1,2390,-1,-1,-1,-1,-1,-1,-1,-1,-1,-1,-1,-1,
-1,1153,-1,-1,-1,-1,-1,-1,-1,-1,-1,-1,-1,-1,-1,-1,-1,-1,-1,741,
-1,1156,-1,1642,-1,-1,-1,-1,-1,-1,-1,-1,-1,-1,-1,-1,-1,-1,-1,-1,
-1,1158,-1,575,845,-1,-1,-1,-1,-1,-1,-1,-1,-1,-1,-1,-1,-1,-1,-1,
-1,1160,-1,-1,-1,-1,-1,-1,1246,2267,-1,-1,-1,1383,-1,-1,-1,-1,-1,-1,
-1,1163,378,-1,-1,-1,-1,-1,-1,-1,455,-1,239,417,445,-1,-1,-1,-1,-1,
-1,1164,-1,825,-1,-1,-1,-1,-1,-1,-1,-1,-1,-1,-1,-1,-1,-1,-1,-1,
-1,1168,663,858,-1,-1,-1,-1,-1,1035,331,-1,393,496,-1,490,-1,-1,-1,-1,
-1,1173,-1,-1,-1,-1,-1,-1,-1,-1,2324,-1,-1,-1,-1,-1,-1,-1,-1,-1,
-1,1176,-1,-1,-1,-1,-1,-1,-1,-1,1051,429,-1,-1,-1,-1,-1,-1,-1,-1,
-1,1188,-1,-1,-1,-1,-1,-1,-1,-1,1903,-1,-1,-1,873,-1,-1,-1,-1,-1,
-1,1189,1155,-1,-1,1746,1698,1557,1635,-1,-1,-1,-1,-1,1416,-1,-1,-1,-1,-1,
-1,1195,1146,-1,-1,-1,-1,-1,-1,-1,-1,-1,-1,-1,-1,-1,-1,-1,-1,-1,
-1,1204,-1,-1,-1,-1,-1,-1,-1,-1,-1,-1,-1,-1,1700,-1,-1,-1,-1,-1,
-1,1205,628,-1,-1,1033,1039,-1,-1,-1,-1,-1,-1,-1,-1,-1,-1,-1,-1,-1,
-1,1215,927,-1,-1,-1,-1,-1,-1,-1,-1,-1,-1,-1,-1,-1,-1,-1,-1,-1,
-1,1216,492,-1,-1,-1,-1,-1,-1,-1,-1,-1,-1,-1,-1,243,-1,-1,-1,-1,
-1,1218,654,-1,-1,-1,-1,-1,-1,-1,-1,-1,-1,-1,-1,-1,-1,-1,-1,-1,
-1,1220,-1,977,-1,-1,-1,-1,-1,-1,-1,-1,-1,-1,-1,-1,-1,2318,-1,-1,
-1,1230,-1,-1,-1,-1,-1,-1,-1,-1,-1,-1,-1,-1,-1,1703,-1,-1,-1,-1,
-1,1231,899,-1,-1,-1,-1,-1,-1,-1,-1,-1,-1,-1,-1,517,-1,-1,-1,1216,
-1,1238,-1,-1,-1,-1,-1,-1,-1,-1,-1,-1,-1,-1,-1,2360,-1,-1,-1,-1,
-1,1239,-1,-1,2842,1233,1923,1888,2440,-1,-1,-1,-1,-1,-1,-1,-1,-1,-1,1952,
-1,-1,-1,364,-1,687,650,668,-1,422,419,661,359,-1,636,530,348,539,-1,1136,
-1,1242,-1,-1,-1,2335,-1,-1,-1,-1,-1,-1,-1,-1,-1,-1,-1,-1,-1,-1,
-1,1248,393,-1,582,398,546,-1,-1,-1,-1,-1,-1,-1,-1,-1,-1,-1,339,-1,
-1,1251,-1,-1,-1,-1,-1,-1,-1,1156,-1,-1,838,-1,-1,-1,-1,-1,-1,-1,
-1,1253,-1,-1,-1,-1,-1,-1,301,721,-1,-1,-1,-1,-1,-1,-1,-1,-1,-1,
-1,1262,1360,-1,-1,-1,-1,-1,-1,-1,-1,-1,-1,-1,-1,-1,-1,-1,-1,-1,
-1,1264,674,938,905,-1,-1,-1,-1,449,1049,767,-1,-1,-1,-1,-1,-1,-1,-1,
-1,1265,2038,1000,422,-1,-1,763,530,-1,-1,-1,-1,-1,-1,-1,-1,1343,-1,1069,
-1,1277,1582,1241,1211,1391,1234,1209,-1,2238,1357,1083,1328,927,1270,1243,2557,1819,-1,792,
-1,1281,-1,-1,-1,-1,-1,-1,-1,-1,-1,-1,-1,-1,1369,-1,-1,-1,-1,-1,
-1,1287,2713,1420,-1,1035,624,-1,-1,-1,-1,-1,-1,-1,-1,-1,-1,-1,-1,-1,
-1,1289,-1,-1,-1,-1,-1,-1,-1,-1,-1,-1,-1,-1,-1,395,-1,-1,-1,737,
-1,1290,1346,-1,-1,-1,-1,-1,-1,-1,-1,-1,-1,-1,-1,-1,-1,-1,-1,-1,
-1,1291,1765,-1,-1,-1,-1,-1,-1,-1,-1,-1,-1,-1,-1,-1,-1,-1,-1,-1,
-1,1292,-1,-1,-1,-1,-1,-1,-1,993,600,-1,-1,-1,-1,-1,-1,-1,-1,-1,
-1,1299,-1,774,-1,1220,-1,-1,-1,-1,-1,-1,-1,-1,-1,1378,-1,-1,2130,1199,
-1,1301,1770,1177,-1,-1,-1,1267,-1,-1,-1,-1,-1,-1,-1,-1,1611,-1,-1,-1,
-1,1302,2722,-1,-1,-1,-1,-1,-1,-1,-1,-1,-1,-1,-1,-1,-1,-1,-1,-1,
-1,-1,1191,1147,-1,-1,1000,-1,-1,1458,1159,1037,1132,868,1467,-1,-1,-1,-1,-1,
-1,1308,-1,-1,1224,1956,1191,-1,-1,-1,-1,-1,-1,-1,-1,-1,-1,-1,-1,-1,
-1,1314,-1,-1,1241,1483,-1,-1,-1,-1,-1,-1,-1,-1,-1,-1,-1,-1,-1,-1,
-1,1320,593,-1,-1,-1,-1,-1,-1,-1,-1,-1,-1,-1,-1,-1,-1,-1,-1,-1,
-1,1321,1162,-1,-1,-1,-1,-1,-1,-1,-1,1514,-1,-1,-1,-1,-1,-1,-1,521,
-1,1323,1557,-1,-1,1152,-1,-1,-1,-1,-1,663,-1,-1,2561,2806,1714,2373,-1,-1,
-1,1324,-1,-1,-1,-1,-1,-1,-1,-1,-1,-1,-1,-1,-1,-1,2140,1339,-1,1616,
-1,1330,-1,-1,574,-1,-1,-1,-1,-1,-1,-1,-1,-1,-1,-1,-1,-1,-1,-1,
-1,1331,-1,1730,-1,-1,-1,-1,-1,-1,-1,-1,-1,-1,-1,-1,-1,-1,-1,-1,
-1,1334,-1,-1,-1,-1,-1,-1,-1,-1,1796,-1,-1,-1,-1,-1,-1,-1,-1,-1,
-1,1339,-1,591,1666,-1,-1,-1,-1,-1,-1,-1,-1,-1,-1,-1,-1,-1,-1,-1,
-1,1341,-1,-1,-1,-1,-1,-1,-1,-1,1385,-1,-1,-1,-1,-1,-1,-1,-1,-1,
-1,1344,740,-1,-1,-1,-1,-1,-1,2627,1569,-1,-1,2302,-1,-1,-1,-1,-1,-1,
-1,1349,2095,1710,-1,956,1504,-1,-1,-1,-1,-1,-1,1642,-1,-1,-1,2647,-1,-1,
-1,1353,-1,-1,-1,-1,-1,-1,-1,-1,-1,-1,-1,-1,-1,-1,-1,-1,1188,-1,
-1,1355,-1,-1,-1,-1,-1,-1,-1,-1,-1,-1,-1,-1,-1,-1,-1,-1,-1,2241,
-1,1357,2205,1657,-1,1241,1615,1951,-1,1207,-1,1054,1192,-1,-1,1203,-1,-1,-1,-1,
-1,1359,-1,-1,-1,-1,-1,538,-1,-1,-1,-1,-1,-1,-1,-1,-1,-1,-1,-1,
-1,1360,1057,1984,-1,-1,-1,-1,-1,-1,-1,-1,-1,-1,-1,-1,-1,-1,-1,1921,
-1,1363,-1,-1,-1,-1,2478,-1,-1,-1,-1,-1,-1,-1,-1,-1,-1,-1,-1,-1,
-1,1366,-1,-1,-1,-1,-1,514,-1,854,709,851,1111,-1,-1,-1,-1,-1,-1,-1,
-1,1369,789,1053,1237,-1,-1,-1,-1,-1,2083,784,-1,945,-1,-1,1993,-1,-1,2294,
-1,1375,-1,816,-1,-1,-1,-1,-1,-1,-1,-1,-1,-1,-1,-1,-1,-1,-1,-1,
-1,-1,277,599,643,442,523,479,434,445,636,352,607,939,555,764,-1,-1,-1,654,
-1,1377,-1,-1,-1,-1,2036,-1,-1,-1,-1,-1,-1,-1,-1,-1,-1,-1,-1,-1,
-1,1378,1648,1767,2646,2006,2712,2706,2093,2210,2910,2168,1927,2550,2037,2471,2566,2057,-1,-1,
-1,1379,796,-1,-1,-1,-1,-1,-1,-1,-1,-1,-1,-1,-1,-1,-1,-1,-1,-1,
-1,1380,2646,-1,1102,-1,-1,-1,-1,-1,-1,-1,-1,-1,-1,-1,-1,-1,-1,-1,
-1,1383,-1,-1,-1,-1,-1,-1,-1,2007,-1,-1,-1,-1,-1,-1,-1,-1,-1,-1,
-1,1385,-1,-1,-1,-1,-1,-1,-1,-1,-1,1262,-1,-1,1723,1927,-1,-1,1163,-1,
-1,1388,-1,-1,-1,-1,-1,-1,2607,-1,-1,-1,-1,-1,-1,-1,-1,-1,-1,-1,
-1,1389,2857,-1,-1,-1,-1,-1,-1,-1,-1,-1,-1,-1,-1,-1,-1,-1,-1,-1,
-1,1392,1489,-1,-1,-1,2120,-1,-1,1998,-1,-1,-1,2749,-1,-1,-1,-1,-1,2655,
-1,1393,1464,1244,-1,1941,-1,-1,1615,-1,-1,2013,1748,-1,-1,-1,-1,1856,-1,-1,
-1,1401,2086,-1,-1,-1,-1,-1,-1,-1,-1,-1,2767,-1,1610,707,1729,-1,-1,-1,
-1,1402,-1,-1,-1,-1,-1,-1,-1,-1,-1,-1,-1,-1,-1,958,1189,-1,-1,-1,
-1,1403,-1,-1,-1,1118,-1,-1,-1,-1,-1,-1,-1,2163,-1,-1,-1,-1,-1,-1,
-1,1409,-1,704,-1,993,600,534,-1,-1,-1,-1,622,1037,609,780,484,-1,-1,417,
-1,1411,1099,562,488,-1,-1,-1,-1,-1,-1,983,879,478,-1,-1,1946,609,2260,-1,
-1,1416,-1,-1,-1,-1,-1,-1,-1,-1,-1,-1,-1,-1,-1,-1,1817,-1,-1,-1,
-1,1421,-1,-1,-1,-1,-1,-1,-1,-1,-1,-1,-1,-1,-1,1053,-1,-1,-1,-1,
-1,1422,1310,-1,-1,-1,-1,-1,-1,-1,-1,-1,-1,-1,-1,-1,-1,-1,-1,-1,
-1,1435,-1,-1,-1,-1,-1,2651,1825,-1,2226,-1,-1,-1,-1,-1,-1,-1,-1,-1,
-1,1436,1089,-1,-1,-1,-1,-1,-1,-1,-1,-1,-1,-1,-1,-1,2260,-1,-1,-1,
-1,1444,2173,-1,-1,-1,-1,-1,-1,-1,-1,-1,-1,-1,-1,-1,-1,-1,-1,-1,
-1,1445,-1,-1,-1,-1,-1,-1,-1,-1,-1,-1,-1,-1,-1,-1,-1,-1,2454,-1,
-1,1446,971,-1,-1,-1,-1,-1,-1,-1,-1,-1,-1,-1,-1,-1,-1,-1,-1,-1,
-1,1448,1088,2333,-1,-1,-1,-1,-1,-1,-1,-1,-1,-1,-1,-1,-1,-1,-1,-1,
-1,1449,2289,-1,-1,-1,-1,-1,-1,-1,-1,-1,-1,-1,-1,-1,-1,-1,-1,-1,
-1,1450,-1,-1,-1,-1,-1,-1,-1,-1,-1,-1,-1,-1,-1,-1,-1,-1,2232,-1,
-1,1451,-1,-1,1374,-1,-1,-1,-1,-1,1986,-1,-1,-1,-1,-1,-1,-1,-1,-1,
-1,1459,-1,-1,-1,-1,2403,-1,-1,-1,-1,-1,-1,-1,-1,-1,-1,-1,-1,-1,
-1,1464,-1,2270,-1,1121,-1,1182,1837,1148,1638,-1,-1,-1,-1,-1,-1,-1,-1,-1,
-1,1465,-1,-1,-1,-1,-1,-1,-1,-1,-1,-1,-1,-1,-1,1104,-1,-1,661,-1,
-1,-1,-1,-1,-1,-1,-1,-1,-1,-1,293,745,1659,-1,-1,-1,994,473,-1,724,
-1,1472,-1,-1,-1,-1,-1,-1,-1,-1,-1,-1,-1,1104,-1,-1,-1,-1,-1,-1,
-1,1473,1620,951,-1,765,-1,-1,-1,-1,-1,-1,-1,-1,-1,977,-1,-1,-1,-1,
-1,1476,-1,-1,-1,-1,-1,-1,-1,-1,-1,-1,-1,2082,-1,-1,-1,-1,-1,-1,
-1,1479,-1,-1,-1,-1,-1,-1,-1,-1,-1,-1,-1,-1,2544,-1,-1,-1,-1,-1,
-1,1483,-1,-1,-1,-1,-1,-1,-1,-1,-1,-1,-1,-1,-1,-1,-1,-1,1659,2716,
-1,1484,1853,-1,2016,2159,-1,-1,-1,634,-1,-1,-1,-1,-1,-1,-1,-1,-1,-1,
-1,1486,916,-1,-1,-1,1409,-1,-1,-1,-1,-1,-1,-1,-1,-1,-1,-1,-1,-1,
-1,1487,-1,-1,-1,-1,-1,-1,-1,-1,-1,1662,-1,-1,-1,-1,-1,-1,1003,-1,
-1,1495,-1,-1,-1,-1,-1,-1,-1,-1,2706,-1,-1,550,-1,-1,1186,-1,1823,-1,
-1,1497,-1,-1,-1,-1,-1,-1,-1,-1,-1,-1,-1,-1,-1,-1,1344,1400,-1,-1,
-1,1499,-1,-1,-1,-1,-1,-1,-1,-1,-1,-1,2592,-1,-1,-1,2052,-1,-1,-1,
-1,1502,-1,-1,2293,-1,-1,-1,-1,-1,-1,-1,-1,-1,-1,-1,-1,-1,-1,2398,
-1,1505,-1,-1,-1,-1,-1,-1,-1,-1,-1,-1,-1,-1,-1,-1,-1,-1,-1,1011,
-1,1506,1530,-1,-1,-1,-1,-1,-1,-1,-1,-1,-1,-1,-1,-1,-1,-1,-1,-1,
-1,1514,-1,2646,2514,-1,-1,756,-1,-1,-1,-1,-1,-1,-1,-1,-1,-1,1371,-1,
-1,1517,-1,-1,-1,-1,-1,-1,-1,-1,-1,-1,-1,1241,-1,-1,-1,-1,-1,-1,
-1,1518,-1,-1,-1,-1,-1,-1,-1,889,2036,-1,-1,-1,-1,-1,-1,-1,-1,-1,
-1,1519,1857,1379,1149,-1,-1,-1,2534,-1,-1,-1,-1,-1,-1,-1,-1,-1,-1,-1,
-1,1520,-1,-1,-1,-1,-1,1806,-1,-1,-1,-1,-1,-1,-1,-1,-1,-1,-1,-1,
-1,1522,-1,-1,-1,-1,-1,-1,-1,-1,-1,-1,-1,-1,-1,-1,-1,768,353,478,
-1,1523,-1,1516,-1,-1,-1,-1,-1,-1,-1,-1,-1,-1,-1,-1,-1,-1,-1,-1,
-1,1526,-1,-1,1071,-1,-1,-1,-1,-1,-1,-1,-1,-1,-1,-1,-1,-1,-1,-1,
-1,1532,-1,-1,-1,-1,-1,-1,-1,-1,-1,-1,-1,-1,-1,-1,-1,-1,-1,1730,
-1,1535,-1,1259,-1,795,-1,394,-1,576,-1,-1,-1,-1,2003,1460,-1,-1,741,886,
-1,1537,1539,-1,-1,-1,-1,-1,-1,-1,-1,-1,1649,-1,-1,-1,-1,-1,-1,-1,
-1,1539,-1,-1,-1,931,-1,-1,-1,-1,-1,-1,-1,-1,-1,-1,-1,-1,-1,-1,
-1,1540,-1,-1,-1,-1,1641,-1,-1,-1,1964,-1,1611,-1,-1,-1,911,-1,-1,-1,
-1,1544,-1,-1,-1,-1,-1,-1,-1,-1,-1,-1,-1,-1,-1,-1,-1,2577,-1,-1,
-1,1546,-1,1986,-1,1532,-1,-1,-1,-1,-1,-1,-1,-1,-1,-1,-1,-1,-1,-1,
-1,1548,1717,-1,-1,-1,-1,-1,-1,-1,-1,-1,-1,-1,1853,-1,-1,-1,-1,-1,
-1,1549,-1,-1,1300,-1,2815,-1,-1,-1,1613,-1,1636,-1,-1,-1,-1,-1,-1,-1,
-1,1553,1653,1335,-1,-1,-1,-1,-1,-1,-1,-1,-1,-1,-1,-1,-1,-1,-1,-1,
-1,1556,-1,-1,-1,-1,-1,-1,-1,-1,-1,1441,-1,-1,-1,-1,-1,778,-1,-1,
-1,1558,-1,-1,-1,-1,-1,-1,-1,-1,-1,-1,-1,1346,-1,-1,-1,-1,-1,-1,
-1,1566,-1,2208,-1,-1,-1,-1,-1,-1,-1,-1,-1,-1,-1,-1,-1,-1,-1,-1,
-1,1570,2749,-1,-1,-1,-1,-1,-1,-1,-1,-1,-1,-1,-1,-1,-1,-1,-1,-1,
-1,1573,794,-1,-1,-1,-1,-1,-1,-1,-1,-1,-1,-1,-1,-1,-1,-1,-1,-1,
-1,1574,2753,2385,-1,2751,-1,2151,-1,-1,-1,-1,-1,-1,-1,-1,-1,2723,-1,1343,
-1,1575,2447,-1,-1,-1,-1,-1,-1,-1,-1,-1,-1,-1,-1,-1,-1,-1,-1,-1,
-1,1576,1021,-1,737,-1,-1,-1,-1,-1,-1,-1,-1,-1,-1,947,-1,-1,-1,-1,
-1,1579,2187,2677,-1,-1,-1,-1,-1,-1,-1,-1,-1,-1,-1,-1,-1,-1,-1,-1,
-1,1580,2293,-1,-1,-1,-1,-1,-1,-1,-1,-1,-1,-1,-1,-1,-1,-1,-1,-1,
-1,1584,1345,-1,-1,-1,-1,-1,-1,2392,-1,-1,-1,-1,-1,-1,-1,-1,-1,-1,
-1,1585,-1,-1,-1,-1,-1,-1,-1,-1,-1,-1,-1,-1,1362,-1,-1,-1,-1,-1,
-1,1587,2213,2796,-1,-1,-1,-1,-1,-1,-1,2424,-1,-1,1227,1239,-1,-1,-1,-1,
-1,1591,-1,-1,-1,1149,-1,-1,-1,-1,-1,-1,-1,-1,-1,-1,-1,-1,-1,-1,
-1,1597,809,-1,2619,-1,-1,-1,-1,-1,-1,-1,-1,-1,-1,-1,-1,-1,-1,-1,
-1,1606,2327,-1,-1,-1,-1,-1,-1,-1,-1,-1,-1,-1,-1,-1,-1,-1,-1,-1,
-1,1610,1279,805,-1,-1,-1,-1,-1,-1,-1,-1,-1,-1,-1,-1,-1,-1,-1,-1,
-1,1613,-1,-1,-1,-1,-1,-1,-1,-1,-1,-1,1688,-1,-1,-1,-1,-1,-1,-1,
-1,1619,-1,-1,-1,1415,-1,-1,-1,-1,-1,-1,-1,-1,-1,-1,-1,-1,-1,-1,
-1,1620,-1,-1,1262,1676,-1,-1,-1,-1,-1,-1,-1,-1,-1,-1,-1,-1,-1,-1,
-1,1621,948,-1,-1,-1,-1,-1,-1,-1,-1,-1,-1,-1,-1,-1,-1,-1,-1,-1,
-1,1622,2028,2399,2854,-1,-1,-1,2295,-1,-1,-1,-1,-1,-1,-1,-1,-1,-1,-1,
-1,1627,-1,-1,-1,-1,-1,-1,-1,-1,-1,-1,-1,-1,-1,-1,-1,-1,-1,1041,
-1,1630,738,-1,-1,-1,-1,-1,-1,-1,-1,-1,-1,-1,-1,-1,-1,2149,-1,-1,
-1,1633,-1,1604,-1,-1,-1,-1,-1,-1,-1,-1,-1,-1,-1,-1,-1,-1,-1,-1,
-1,1636,-1,1652,1231,1705,-1,-1,-1,-1,-1,-1,-1,-1,-1,520,-1,-1,-1,920,
-1,1637,-1,-1,-1,-1,-1,1564,-1,-1,1686,1995,-1,-1,-1,-1,-1,-1,-1,-1,
-1,1639,2477,-1,1853,-1,-1,-1,-1,-1,-1,-1,1398,1736,2174,1579,-1,2240,-1,-1,
-1,1640,-1,-1,-1,-1,-1,-1,-1,-1,-1,-1,1884,-1,-1,-1,-1,-1,-1,-1,
-1,1641,1135,1537,826,938,1085,-1,-1,-1,-1,-1,-1,-1,-1,-1,-1,-1,-1,-1,
-1,1650,-1,-1,-1,-1,-1,831,1473,-1,-1,751,-1,-1,-1,-1,-1,-1,-1,-1,
-1,1651,-1,-1,-1,-1,-1,-1,-1,-1,-1,-1,2386,-1,-1,-1,-1,-1,-1,-1,
-1,1658,-1,-1,-1,-1,-1,-1,-1,-1,-1,-1,-1,-1,-1,1216,-1,-1,-1,-1,
-1,1659,-1,2041,-1,-1,2667,-1,-1,-1,-1,-1,-1,-1,-1,-1,-1,-1,-1,-1,
-1,1661,-1,-1,-1,-1,-1,-1,-1,-1,1278,-1,2167,-1,-1,2756,-1,-1,-1,-1,
-1,1663,-1,-1,-1,-1,-1,-1,-1,-1,2351,2161,-1,-1,-1,-1,-1,-1,-1,-1,
-1,1668,1023,1129,-1,-1,1808,-1,-1,-1,-1,-1,-1,-1,-1,-1,-1,-1,-1,-1,
-1,1670,-1,1207,-1,-1,-1,2770,-1,-1,-1,-1,-1,-1,-1,-1,-1,-1,-1,-1,
-1,1671,-1,-1,-1,-1,-1,-1,1018,-1,-1,-1,-1,-1,-1,-1,-1,-1,-1,-1,
-1,1672,-1,1732,-1,-1,-1,-1,-1,-1,-1,-1,-1,-1,-1,-1,883,-1,1504,-1,
-1,1674,-1,-1,1144,1232,1299,-1,-1,-1,959,-1,-1,-1,2011,-1,-1,-1,-1,-1,
-1,1678,-1,-1,-1,-1,-1,-1,-1,-1,-1,-1,-1,-1,-1,-1,610,1185,-1,-1,
-1,1680,-1,2557,-1,2615,1994,1739,-1,-1,-1,1910,-1,-1,-1,-1,-1,-1,-1,-1,
-1,1684,-1,-1,-1,-1,-1,-1,-1,-1,-1,-1,-1,-1,2078,917,-1,-1,-1,-1,
-1,1693,-1,-1,-1,2393,1639,-1,-1,-1,-1,-1,-1,-1,-1,-1,-1,-1,-1,-1,
-1,1695,-1,-1,-1,-1,2696,-1,-1,-1,-1,-1,-1,-1,-1,-1,-1,-1,-1,1927,
-1,1696,-1,-1,-1,-1,-1,-1,-1,-1,1041,970,-1,-1,-1,801,-1,-1,-1,-1,
-1,1697,-1,-1,-1,-1,-1,-1,-1,-1,-1,2762,2498,-1,-1,-1,-1,-1,-1,-1,
-1,1699,-1,-1,-1,-1,-1,-1,-1,-1,-1,2681,-1,-1,1716,-1,-1,-1,-1,-1,
-1,1700,-1,-1,-1,-1,2563,-1,-1,-1,-1,-1,-1,-1,-1,-1,-1,-1,-1,-1,
-1,1703,-1,2478,-1,-1,-1,-1,-1,-1,-1,-1,-1,-1,-1,-1,-1,-1,-1,-1,
-1,1706,-1,-1,-1,-1,-1,-1,-1,-1,1962,2467,-1,-1,1862,-1,-1,-1,-1,-1,
-1,1707,-1,-1,-1,-1,-1,-1,-1,-1,-1,-1,-1,-1,-1,-1,2312,942,-1,-1,
-1,1710,-1,-1,-1,-1,-1,-1,-1,-1,-1,-1,-1,-1,-1,-1,-1,-1,1185,-1,
-1,1712,-1,-1,1660,-1,-1,-1,-1,-1,-1,-1,-1,-1,-1,-1,-1,-1,-1,-1,
-1,1718,-1,-1,2857,-1,-1,-1,-1,-1,-1,-1,-1,-1,-1,-1,-1,-1,-1,-1,
-1,1724,-1,-1,-1,-1,-1,-1,-1,-1,-1,2044,-1,-1,-1,-1,-1,-1,-1,-1,
-1,1727,1053,-1,1637,2047,-1,-1,-1,2398,1646,1513,874,1471,1839,1552,-1,-1,-1,-1,
-1,1734,-1,-1,-1,-1,-1,-1,-1,-1,-1,-1,-1,-1,-1,-1,-1,-1,-1,1103,
-1,1735,-1,-1,-1,-1,-1,-1,-1,-1,-1,-1,-1,1836,-1,-1,-1,-1,-1,-1,
-1,1740,-1,-1,-1,-1,-1,-1,-1,-1,-1,777,746,795,-1,-1,-1,-1,-1,-1,
-1,1741,-1,-1,-1,-1,-1,-1,-1,-1,-1,-1,-1,-1,-1,-1,-1,1929,-1,-1,
-1,1745,-1,-1,-1,-1,-1,-1,-1,-1,-1,-1,-1,2460,-1,-1,-1,-1,2999,-1,
-1,1749,-1,-1,-1,-1,-1,-1,-1,-1,-1,-1,-1,-1,-1,-1,-1,766,-1,-1,
-1,1750,1815,-1,-1,-1,-1,-1,-1,-1,-1,-1,-1,1996,1755,1598,-1,-1,-1,-1,
-1,1752,1555,-1,-1,-1,-1,-1,-1,-1,-1,-1,-1,-1,-1,-1,-1,-1,-1,-1,
-1,1753,2421,-1,-1,-1,-1,-1,-1,-1,-1,-1,-1,-1,-1,-1,-1,-1,-1,-1,
-1,1757,-1,1479,-1,-1,-1,-1,-1,-1,-1,-1,-1,-1,-1,-1,-1,-1,-1,-1,
-1,1760,-1,1816,-1,1500,890,-1,2001,-1,967,980,579,853,1906,1135,1008,-1,-1,986,
-1,1762,1987,-1,-1,-1,-1,-1,-1,-1,-1,-1,-1,-1,-1,-1,-1,-1,-1,-1,
-1,1763,1810,-1,-1,-1,-1,-1,-1,-1,-1,-1,-1,-1,-1,-1,-1,-1,-1,-1,
-1,1768,-1,-1,1472,651,-1,-1,-1,1386,-1,730,-1,-1,-1,-1,-1,-1,-1,-1,
-1,1773,1904,-1,1483,2344,2047,2064,-1,2232,-1,-1,-1,-1,2383,1573,1780,-1,-1,-1,
-1,1775,-1,-1,-1,-1,-1,-1,-1,-1,-1,-1,-1,730,-1,-1,-1,-1,-1,-1,
-1,1781,1999,-1,-1,920,-1,-1,-1,-1,1544,2399,1484,-1,-1,-1,-1,-1,-1,2739,
-1,1784,2259,-1,-1,-1,-1,-1,-1,-1,-1,-1,-1,-1,-1,-1,-1,-1,-1,-1,
-1,1786,-1,2081,-1,2586,-1,2685,-1,2866,-1,-1,-1,-1,-1,-1,-1,-1,-1,-1,
-1,1787,-1,-1,849,-1,-1,-1,-1,-1,-1,-1,2382,-1,-1,-1,1009,-1,-1,-1,
-1,1788,-1,788,615,-1,-1,-1,-1,-1,-1,-1,-1,-1,-1,-1,-1,-1,-1,-1,
-1,1791,-1,-1,-1,-1,-1,-1,-1,2421,-1,-1,-1,-1,-1,-1,-1,-1,-1,-1,
-1,1793,-1,-1,-1,-1,-1,-1,-1,-1,-1,-1,-1,-1,-1,-1,-1,-1,2868,-1,
-1,1797,1790,-1,-1,1563,-1,-1,-1,-1,-1,-1,-1,-1,-1,-1,-1,-1,-1,-1,
-1,1799,-1,-1,-1,-1,-1,-1,-1,2408,-1,-1,-1,-1,-1,-1,-1,-1,-1,-1,
-1,1801,-1,-1,-1,-1,-1,-1,-1,-1,-1,-1,-1,-1,1923,-1,-1,-1,-1,-1,
-1,1803,-1,-1,-1,-1,-1,-1,-1,2018,-1,-1,-1,-1,-1,-1,1049,-1,-1,-1,
-1,1808,2085,-1,-1,-1,-1,-1,-1,-1,-1,-1,-1,-1,-1,-1,-1,-1,-1,-1,
-1,1809,-1,-1,-1,-1,-1,-1,-1,-1,-1,-1,-1,-1,-1,-1,2826,-1,-1,-1,
-1,1815,1748,1359,1688,1361,1165,-1,-1,-1,-1,-1,2082,-1,-1,-1,-1,-1,1534,-1,
-1,1820,995,-1,-1,-1,-1,-1,-1,-1,-1,-1,-1,-1,-1,-1,-1,-1,-1,2468,
-1,1821,-1,-1,-1,-1,-1,-1,-1,-1,-1,2561,-1,-1,2684,2036,-1,-1,-1,-1,
-1,1828,-1,-1,1935,1377,2200,-1,-1,-1,-1,-1,-1,-1,-1,-1,-1,-1,-1,-1,
-1,1833,-1,-1,-1,-1,-1,-1,-1,-1,-1,-1,1685,1738,-1,-1,-1,-1,-1,-1,
-1,1837,-1,-1,-1,-1,-1,-1,-1,-1,-1,-1,-1,-1,-1,-1,1996,-1,-1,-1,
-1,1839,-1,-1,-1,-1,-1,-1,2611,-1,-1,-1,-1,-1,-1,-1,-1,-1,-1,-1,
-1,1843,-1,-1,-1,-1,-1,-1,-1,-1,-1,-1,-1,-1,2013,-1,-1,-1,-1,-1,
-1,1844,-1,-1,-1,1334,-1,995,1619,-1,-1,-1,-1,-1,2076,-1,2480,1835,-1,-1,
-1,1845,-1,2600,-1,-1,-1,-1,1904,-1,748,-1,914,1673,-1,-1,-1,-1,-1,-1,
-1,1861,-1,-1,-1,-1,-1,1989,-1,-1,-1,-1,-1,-1,-1,-1,-1,-1,-1,-1,
-1,1862,-1,-1,-1,-1,-1,-1,-1,-1,-1,2708,2486,-1,-1,-1,-1,-1,-1,-1,
-1,1868,-1,-1,-1,-1,-1,-1,-1,-1,-1,-1,-1,-1,-1,-1,2498,2081,-1,-1,
-1,1871,-1,-1,-1,-1,1727,-1,-1,-1,-1,-1,-1,-1,-1,-1,-1,-1,-1,-1,
-1,1872,-1,-1,-1,-1,2916,-1,-1,-1,-1,-1,-1,-1,-1,-1,-1,-1,-1,-1,
-1,1885,-1,-1,-1,-1,-1,-1,2851,-1,-1,-1,-1,-1,-1,-1,-1,-1,-1,-1,
-1,1893,-1,-1,-1,-1,-1,-1,-1,-1,990,775,-1,-1,-1,-1,-1,-1,2020,-1,
-1,1894,-1,-1,-1,-1,-1,-1,-1,-1,2523,-1,-1,-1,-1,-1,-1,-1,-1,-1,
-1,1897,-1,2156,-1,1368,-1,-1,-1,-1,1759,2228,1407,2444,1812,1176,2361,1677,-1,-1,
-1,1898,1223,2496,1324,2891,-1,-1,-1,-1,-1,-1,-1,-1,-1,-1,-1,-1,-1,-1,
-1,1903,-1,-1,-1,-1,-1,1320,976,-1,-1,-1,-1,-1,-1,-1,-1,-1,-1,-1,
-1,1904,-1,2408,-1,1613,-1,-1,2706,-1,-1,-1,-1,-1,-1,-1,-1,-1,-1,-1,
-1,1905,-1,-1,-1,-1,-1,-1,-1,-1,-1,-1,-1,-1,-1,-1,-1,-1,-1,1918,
-1,1908,1752,-1,-1,-1,-1,-1,-1,-1,-1,-1,-1,-1,-1,-1,-1,-1,-1,-1,
-1,1913,-1,-1,-1,-1,-1,-1,-1,-1,-1,-1,-1,-1,-1,-1,1997,-1,-1,-1,
-1,1914,1284,-1,-1,-1,-1,-1,-1,-1,906,-1,-1,-1,-1,-1,-1,-1,-1,-1,
-1,1915,-1,-1,-1,-1,-1,-1,-1,-1,-1,-1,-1,1556,-1,-1,-1,-1,-1,-1,
-1,1922,-1,-1,1948,-1,-1,-1,1511,1241,1612,1738,-1,1131,1880,1429,-1,-1,2644,2473,
-1,1924,1740,-1,-1,-1,-1,-1,-1,-1,-1,-1,-1,-1,-1,-1,-1,-1,-1,-1,
-1,1929,-1,-1,-1,-1,-1,2037,909,-1,-1,-1,-1,-1,-1,-1,-1,-1,-1,-1,
-1,1932,2367,643,1863,865,1734,-1,-1,-1,-1,-1,-1,-1,-1,-1,-1,-1,-1,-1,
-1,1933,-1,-1,-1,-1,-1,-1,-1,-1,-1,-1,-1,2491,-1,-1,-1,-1,-1,-1,
-1,1939,2100,-1,-1,-1,-1,-1,-1,-1,-1,-1,-1,-1,-1,-1,-1,-1,-1,-1,
-1,1942,2229,-1,-1,-1,-1,-1,-1,-1,-1,-1,-1,-1,-1,-1,-1,-1,-1,-1,
-1,1949,-1,-1,-1,-1,-1,-1,-1,-1,-1,-1,-1,-1,-1,-1,-1,1576,-1,-1,
-1,1952,-1,-1,-1,-1,-1,-1,-1,-1,-1,-1,-1,-1,-1,-1,-1,1916,-1,-1,
-1,1958,1024,2457,-1,-1,-1,-1,-1,-1,-1,-1,-1,-1,-1,-1,-1,-1,-1,-1,
-1,1959,-1,-1,1000,-1,-1,1074,-1,1398,-1,759,-1,1623,-1,951,-1,-1,-1,-1,
-1,1960,-1,-1,-1,-1,-1,-1,1504,-1,-1,-1,-1,-1,-1,-1,-1,-1,-1,-1,
-1,1961,-1,-1,-1,-1,-1,-1,-1,-1,-1,-1,-1,-1,-1,-1,-1,-1,2132,2099,
-1,1965,-1,-1,1278,-1,-1,-1,-1,-1,-1,-1,-1,-1,-1,-1,-1,-1,-1,2191,
-1,1981,-1,-1,-1,-1,1553,-1,-1,-1,-1,1353,-1,-1,-1,-1,-1,-1,-1,-1,
-1,1982,-1,-1,613,-1,-1,-1,-1,-1,-1,-1,-1,-1,-1,-1,-1,1188,640,836,
-1,1989,-1,2522,2401,1250,-1,-1,-1,-1,-1,-1,1251,-1,1248,-1,-1,-1,-1,-1,
-1,1994,-1,-1,-1,-1,-1,-1,2586,-1,1795,-1,-1,-1,1123,-1,-1,-1,-1,-1,
-1,2005,-1,-1,-1,-1,-1,-1,-1,-1,-1,-1,-1,-1,-1,-1,-1,2925,-1,-1,
-1,2007,-1,-1,-1,-1,-1,-1,-1,-1,-1,-1,-1,1793,-1,-1,-1,-1,-1,-1,
-1,2011,2860,-1,-1,-1,-1,-1,-1,-1,-1,-1,-1,-1,-1,-1,-1,-1,-1,-1,
-1,2014,-1,-1,-1,-1,-1,-1,-1,-1,2231,-1,-1,-1,-1,-1,-1,-1,-1,-1,
-1,2017,1852,-1,-1,-1,-1,-1,-1,-1,-1,-1,-1,-1,-1,-1,-1,-1,-1,-1,
-1,2018,1597,-1,-1,-1,-1,-1,-1,-1,-1,-1,-1,-1,-1,-1,-1,-1,-1,-1,
-1,2019,-1,-1,-1,-1,-1,-1,-1,-1,-1,-1,1558,-1,-1,-1,-1,-1,-1,-1,
-1,2023,-1,-1,-1,-1,-1,-1,-1,-1,-1,-1,-1,-1,-1,-1,-1,-1,2833,-1,
-1,2029,-1,-1,-1,-1,-1,-1,-1,-1,-1,-1,-1,-1,-1,2901,-1,-1,-1,-1,
-1,2038,-1,-1,-1,-1,-1,-1,-1,-1,-1,-1,-1,-1,-1,-1,-1,2324,-1,-1,
-1,2041,-1,-1,-1,-1,-1,-1,-1,-1,-1,1736,-1,-1,-1,-1,-1,2471,-1,-1,
-1,2043,-1,-1,2787,-1,-1,-1,-1,-1,-1,-1,-1,-1,-1,-1,-1,-1,-1,-1,
-1,2052,-1,-1,-1,-1,-1,-1,-1,-1,-1,-1,-1,-1,2778,-1,-1,-1,-1,-1,
-1,2053,-1,-1,-1,-1,-1,-1,-1,-1,-1,1137,-1,-1,-1,-1,-1,-1,-1,-1,
-1,2057,1870,1067,1032,1018,1791,877,1606,-1,-1,-1,-1,-1,-1,-1,-1,-1,-1,-1,
-1,2058,-1,1306,-1,-1,-1,-1,-1,-1,-1,-1,-1,-1,1322,-1,-1,-1,-1,-1,
-1,2061,-1,-1,-1,-1,-1,-1,-1,-1,-1,867,-1,-1,-1,-1,-1,-1,-1,-1,
-1,2064,-1,-1,2497,-1,-1,-1,-1,-1,-1,-1,-1,-1,-1,-1,-1,-1,-1,-1,
-1,2066,-1,-1,-1,-1,-1,-1,-1,-1,-1,-1,1277,-1,2819,-1,-1,-1,-1,-1,
-1,2067,-1,-1,-1,-1,-1,-1,-1,-1,-1,-1,-1,-1,1627,1606,1922,1624,-1,-1,
-1,2070,2412,-1,2720,2453,-1,-1,-1,-1,-1,-1,-1,-1,-1,-1,-1,-1,-1,-1,
-1,2071,-1,-1,-1,-1,-1,-1,-1,-1,-1,-1,1103,-1,-1,-1,-1,-1,2458,-1,
-1,2072,-1,-1,-1,-1,-1,-1,-1,1975,-1,-1,-1,-1,-1,-1,-1,-1,-1,-1,
-1,2074,1462,-1,-1,-1,-1,-1,-1,-1,-1,-1,-1,-1,-1,-1,-1,-1,-1,-1,
-1,2075,-1,891,-1,-1,-1,1593,1709,-1,-1,-1,2319,2801,-1,-1,-1,-1,-1,-1,
-1,2077,-1,-1,-1,-1,-1,-1,-1,-1,-1,-1,-1,-1,-1,-1,1859,-1,-1,-1,
-1,2080,-1,-1,937,-1,-1,-1,-1,-1,-1,-1,-1,-1,-1,-1,-1,-1,-1,-1,
-1,2082,2302,-1,-1,-1,-1,-1,-1,-1,-1,-1,-1,-1,-1,-1,-1,-1,-1,-1,
-1,2083,-1,-1,-1,-1,-1,-1,-1,-1,-1,-1,-1,-1,1075,-1,-1,-1,-1,-1,
-1,2090,-1,-1,-1,-1,-1,-1,-1,-1,-1,-1,-1,-1,-1,-1,-1,-1,2507,1973,
-1,2091,-1,-1,987,-1,-1,-1,-1,-1,-1,-1,-1,-1,-1,-1,-1,1368,-1,-1,
-1,2094,2959,-1,-1,-1,-1,-1,-1,-1,-1,-1,-1,-1,-1,-1,-1,-1,-1,-1,
-1,2095,1165,-1,-1,-1,-1,-1,-1,-1,-1,-1,-1,-1,-1,-1,-1,-1,-1,-1,
-1,2098,1367,-1,-1,-1,-1,-1,-1,-1,-1,-1,-1,-1,-1,-1,-1,-1,-1,-1,
-1,-1,458,344,-1,540,1467,409,928,1954,766,1015,1556,1322,1694,1174,-1,-1,-1,-1,
-1,2105,-1,1988,-1,-1,-1,-1,-1,-1,-1,-1,-1,-1,-1,-1,-1,2622,1355,-1,
-1,2106,1861,-1,-1,-1,-1,-1,-1,-1,-1,-1,-1,-1,-1,-1,-1,-1,-1,-1,
-1,2114,-1,-1,-1,-1,-1,978,-1,-1,-1,-1,-1,-1,-1,-1,-1,-1,-1,-1,
-1,2116,1039,-1,-1,-1,993,-1,-1,-1,-1,-1,-1,-1,-1,-1,-1,-1,-1,-1,
-1,2122,-1,2254,-1,-1,-1,-1,-1,-1,-1,-1,-1,-1,-1,-1,-1,-1,-1,-1,
-1,2124,2082,-1,-1,-1,-1,-1,-1,-1,-1,-1,-1,-1,-1,2500,-1,-1,-1,-1,
-1,2137,2712,-1,-1,-1,-1,-1,-1,-1,-1,-1,-1,-1,-1,2773,-1,2415,-1,-1,
-1,2143,-1,-1,-1,1129,-1,-1,-1,-1,-1,-1,-1,-1,-1,-1,-1,-1,-1,-1,
-1,2145,-1,-1,1426,-1,-1,-1,-1,-1,-1,-1,-1,-1,-1,-1,-1,-1,-1,2612,
-1,2146,-1,-1,-1,-1,-1,-1,-1,-1,-1,-1,-1,-1,-1,-1,1816,-1,-1,-1,
-1,2147,1520,-1,-1,-1,-1,-1,-1,-1,-1,-1,-1,-1,-1,-1,-1,-1,-1,-1,
-1,2153,-1,1586,-1,-1,-1,-1,-1,-1,-1,-1,-1,-1,-1,-1,-1,-1,-1,-1,
-1,2155,-1,2009,1950,2829,2617,2322,-1,-1,-1,-1,-1,-1,-1,-1,-1,-1,-1,1124,
-1,2156,-1,-1,-1,2198,-1,-1,-1,-1,-1,-1,-1,-1,-1,-1,-1,-1,-1,-1,
-1,2160,-1,-1,-1,-1,-1,-1,-1,-1,-1,1541,-1,-1,-1,-1,-1,-1,-1,-1,
-1,2161,-1,-1,-1,-1,-1,-1,-1,-1,-1,-1,-1,-1,-1,-1,-1,-1,-1,2556,
-1,2162,1724,-1,-1,-1,-1,-1,-1,-1,-1,-1,2531,-1,-1,-1,-1,-1,-1,-1,
-1,2164,-1,-1,-1,-1,-1,-1,-1,-1,-1,2556,-1,-1,-1,-1,-1,-1,-1,-1,
-1,2167,-1,-1,-1,-1,-1,-1,1801,-1,-1,-1,-1,-1,-1,-1,-1,-1,-1,-1,
-1,2172,-1,-1,-1,-1,-1,-1,-1,-1,-1,-1,2180,-1,-1,-1,-1,-1,-1,-1,
-1,2176,-1,-1,-1,-1,-1,-1,-1,-1,1163,1477,-1,1051,989,-1,1625,1583,-1,-1,
-1,2177,2889,-1,-1,-1,-1,-1,-1,-1,-1,-1,-1,-1,-1,-1,-1,-1,-1,-1,
-1,2178,1247,-1,-1,-1,-1,-1,-1,-1,-1,-1,-1,-1,-1,-1,-1,-1,-1,-1,
-1,2179,-1,-1,-1,2193,-1,1406,-1,-1,-1,-1,-1,-1,-1,2747,1679,-1,-1,-1,
-1,2183,2199,1705,-1,-1,-1,-1,-1,2812,2081,1721,-1,-1,-1,-1,1578,1850,-1,-1,
-1,2185,-1,-1,-1,-1,-1,-1,-1,-1,1103,2643,-1,-1,2320,1493,-1,-1,-1,-1,
-1,2191,-1,1227,1619,1289,-1,-1,-1,-1,2499,-1,-1,-1,2069,-1,-1,-1,-1,-1,
-1,2194,-1,-1,-1,-1,2757,-1,-1,-1,-1,-1,-1,-1,-1,-1,-1,-1,-1,-1,
-1,2195,-1,-1,-1,-1,-1,-1,-1,-1,-1,-1,-1,-1,-1,-1,-1,-1,1397,-1,
-1,2202,2296,-1,-1,-1,-1,-1,-1,-1,-1,-1,-1,-1,-1,-1,-1,-1,-1,-1,
-1,-1,1890,1070,2267,1474,738,-1,-1,-1,-1,-1,2348,-1,-1,-1,-1,-1,1626,1888,
-1,2209,-1,-1,-1,-1,2166,-1,-1,-1,-1,-1,-1,-1,-1,-1,-1,-1,-1,-1,
-1,2218,2203,-1,-1,-1,-1,2816,-1,1366,-1,-1,1599,2039,-1,1988,-1,-1,-1,-1,
-1,2223,1156,-1,1845,2324,-1,-1,-1,-1,-1,-1,-1,-1,-1,-1,-1,-1,-1,-1,
-1,2226,-1,-1,-1,-1,-1,-1,-1,-1,-1,-1,-1,-1,-1,-1,-1,-1,-1,2340,
-1,2228,-1,2750,820,1165,1242,1333,1660,-1,-1,-1,-1,-1,-1,-1,-1,-1,-1,-1,
-1,2234,-1,2832,-1,-1,-1,-1,-1,-1,1749,2318,-1,-1,-1,-1,2453,1526,2650,-1,
-1,2257,-1,-1,-1,-1,-1,-1,-1,2647,-1,1788,-1,-1,-1,2504,-1,-1,-1,-1,
-1,-1,1334,-1,-1,580,-1,-1,-1,-1,-1,-1,-1,-1,-1,-1,678,1292,507,-1,
-1,2260,-1,-1,-1,1061,811,-1,-1,-1,-1,-1,-1,-1,-1,-1,-1,-1,-1,-1,
-1,2261,-1,-1,-1,-1,-1,-1,-1,-1,-1,-1,-1,-1,-1,-1,-1,-1,-1,2391,
-1,2264,-1,-1,2675,-1,-1,-1,-1,-1,-1,-1,1617,-1,-1,-1,-1,-1,2875,-1,
-1,2265,1609,2474,-1,-1,-1,-1,-1,-1,1859,-1,-1,-1,-1,1304,2514,-1,-1,-1,
-1,2267,-1,-1,-1,-1,-1,-1,-1,-1,-1,-1,-1,-1,-1,-1,1395,-1,-1,-1,
-1,2272,-1,1390,-1,-1,-1,-1,-1,-1,-1,-1,-1,-1,-1,-1,-1,-1,-1,-1,
-1,2275,-1,-1,-1,-1,-1,-1,-1,-1,2863,-1,-1,-1,-1,-1,-1,-1,-1,-1,
-1,2277,-1,2607,-1,-1,-1,-1,-1,-1,-1,-1,1629,-1,-1,-1,-1,-1,-1,-1,
-1,2278,-1,-1,-1,-1,-1,2487,1743,2103,2221,1697,1032,-1,-1,1536,1222,-1,-1,-1,
-1,2281,-1,-1,-1,-1,-1,1872,-1,-1,-1,-1,-1,-1,-1,-1,-1,-1,-1,-1,
-1,2283,2461,-1,-1,-1,-1,-1,-1,-1,-1,-1,-1,-1,-1,-1,-1,-1,-1,-1,
-1,2293,-1,-1,-1,-1,-1,-1,-1,-1,-1,-1,-1,-1,-1,1576,-1,-1,-1,-1,
-1,2294,2436,-1,-1,-1,-1,-1,-1,-1,-1,-1,-1,-1,-1,-1,-1,-1,-1,-1,
-1,2295,-1,-1,-1,-1,1260,-1,-1,-1,-1,-1,-1,-1,-1,-1,-1,-1,-1,-1,
-1,2302,-1,-1,-1,-1,-1,1606,-1,-1,1537,1465,-1,-1,-1,-1,-1,-1,-1,-1,
-1,2305,-1,-1,-1,-1,-1,-1,-1,2963,1824,1529,-1,-1,-1,-1,-1,-1,-1,-1,
-1,2306,-1,-1,-1,-1,-1,-1,-1,2045,-1,-1,-1,-1,-1,-1,-1,-1,-1,-1,
-1,2308,-1,-1,-1,-1,-1,-1,-1,2255,-1,-1,-1,-1,-1,-1,-1,-1,-1,-1,
-1,2310,1211,-1,-1,-1,-1,2465,-1,1425,-1,-1,-1,-1,-1,-1,-1,-1,-1,-1,
-1,2317,-1,-1,-1,-1,-1,1770,-1,1257,-1,-1,-1,-1,-1,-1,-1,-1,-1,-1,
-1,2319,1970,-1,2838,-1,-1,-1,-1,-1,-1,-1,-1,-1,-1,-1,-1,-1,-1,-1,
-1,2323,-1,-1,-1,2419,2418,-1,-1,-1,-1,-1,-1,-1,-1,-1,-1,-1,-1,-1,
-1,2327,-1,-1,-1,-1,-1,-1,-1,-1,-1,-1,2585,-1,-1,-1,-1,-1,-1,-1,
-1,2332,1375,-1,-1,-1,-1,-1,-1,-1,-1,-1,-1,-1,-1,-1,-1,-1,-1,-1,
-1,2336,2174,-1,-1,-1,-1,-1,-1,-1,-1,-1,-1,-1,-1,-1,-1,-1,-1,-1,
-1,2337,2017,2262,2031,-1,-1,-1,-1,-1,-1,-1,-1,-1,-1,-1,-1,-1,-1,-1,
-1,2341,2978,2302,-1,-1,-1,-1,-1,-1,-1,-1,-1,-1,-1,-1,-1,-1,-1,-1,
-1,2353,-1,-1,-1,-1,-1,-1,-1,-1,-1,-1,2001,-1,-1,-1,-1,-1,-1,-1,
-1,2356,-1,-1,-1,-1,-1,-1,-1,-1,-1,2091,-1,-1,-1,-1,-1,-1,-1,-1,
-1,2366,1814,-1,-1,-1,-1,-1,-1,-1,-1,-1,-1,-1,-1,-1,-1,-1,-1,-1,
-1,2378,1647,-1,1646,2270,-1,1411,1778,-1,-1,-1,-1,-1,-1,-1,-1,-1,-1,-1,
-1,2379,2542,-1,1630,-1,-1,-1,-1,-1,-1,-1,-1,-1,-1,-1,-1,-1,-1,2268,
-1,2383,-1,-1,-1,-1,-1,-1,-1,-1,-1,-1,-1,-1,-1,1323,-1,-1,-1,-1,
-1,2384,-1,-1,-1,-1,-1,1241,-1,-1,-1,-1,-1,-1,-1,-1,-1,-1,-1,-1,
-1,2387,-1,-1,-1,-1,-1,-1,-1,-1,-1,-1,-1,-1,-1,-1,-1,1206,-1,-1,
-1,2388,-1,-1,-1,-1,-1,-1,-1,-1,-1,-1,-1,-1,-1,-1,-1,-1,-1,1609,
-1,2395,-1,2396,-1,-1,-1,-1,-1,-1,-1,-1,-1,-1,-1,-1,-1,-1,-1,-1,
-1,2396,-1,-1,-1,1902,-1,-1,-1,-1,-1,-1,-1,-1,-1,-1,-1,-1,-1,-1,
-1,2406,-1,-1,2676,-1,-1,-1,-1,-1,-1,-1,-1,-1,-1,-1,-1,-1,-1,-1,
-1,2407,2576,-1,-1,-1,-1,-1,-1,-1,-1,-1,-1,-1,-1,-1,-1,-1,1427,-1,
-1,2413,-1,-1,-1,-1,1506,-1,-1,-1,-1,-1,-1,-1,-1,-1,-1,-1,-1,-1,
-1,2419,-1,-1,-1,-1,-1,-1,-1,-1,-1,-1,-1,-1,-1,2564,2552,-1,-1,-1,
-1,2424,2928,-1,-1,-1,-1,-1,-1,-1,-1,-1,-1,-1,-1,-1,-1,-1,-1,-1,
-1,2426,-1,-1,-1,-1,-1,-1,-1,-1,-1,2367,-1,-1,-1,-1,-1,-1,-1,-1,
-1,2428,-1,-1,-1,1614,-1,-1,-1,1254,-1,-1,-1,-1,-1,-1,1059,1118,-1,-1,
-1,2431,2498,-1,-1,-1,-1,2207,-1,-1,-1,-1,-1,-1,-1,-1,-1,-1,-1,-1,
-1,2433,-1,-1,-1,-1,-1,-1,-1,1725,-1,-1,905,-1,-1,-1,-1,-1,-1,-1,
-1,2450,-1,2421,-1,-1,-1,-1,1895,-1,-1,-1,-1,-1,-1,-1,-1,-1,-1,-1,
-1,2451,1550,-1,-1,-1,-1,-1,-1,-1,-1,-1,-1,-1,-1,-1,-1,-1,-1,-1,
-1,2452,-1,-1,-1,-1,-1,-1,-1,-1,2680,-1,-1,-1,-1,-1,2275,2132,-1,-1,
-1,2459,-1,2534,-1,-1,-1,-1,-1,-1,-1,-1,-1,-1,-1,-1,-1,-1,-1,-1,
-1,2469,-1,-1,-1,-1,-1,-1,-1,-1,-1,-1,-1,-1,-1,-1,1198,-1,-1,-1,
-1,2474,-1,-1,-1,-1,-1,-1,-1,-1,-1,-1,1200,880,-1,-1,-1,-1,-1,2329,
-1,2477,-1,-1,-1,-1,-1,-1,-1,-1,1805,-1,-1,-1,-1,-1,-1,-1,-1,-1,
-1,2479,-1,-1,-1,-1,-1,-1,-1,-1,1923,-1,-1,-1,-1,-1,-1,-1,-1,-1,
-1,2480,-1,-1,1319,-1,-1,-1,-1,-1,-1,-1,-1,-1,-1,-1,-1,-1,-1,-1,
-1,2481,-1,1310,-1,-1,-1,-1,-1,-1,-1,-1,-1,-1,-1,-1,-1,-1,-1,-1,
-1,-1,1168,-1,-1,-1,-1,1627,-1,-1,595,604,729,419,774,-1,-1,-1,-1,-1,
-1,2487,1172,-1,-1,-1,-1,-1,-1,-1,-1,-1,-1,-1,-1,-1,-1,-1,-1,-1,
-1,2489,1376,-1,-1,-1,-1,-1,-1,-1,-1,-1,-1,-1,-1,-1,-1,-1,-1,-1,
-1,2499,-1,-1,-1,-1,-1,-1,-1,-1,-1,-1,-1,-1,-1,-1,-1,1374,-1,-1,
-1,2500,-1,-1,-1,-1,-1,-1,2871,-1,-1,-1,-1,-1,-1,-1,-1,-1,-1,-1,
-1,2512,-1,-1,-1,-1,-1,-1,-1,-1,2626,2471,-1,-1,-1,-1,-1,-1,2392,-1,
-1,2516,-1,-1,-1,-1,2168,2042,-1,-1,-1,-1,-1,-1,-1,-1,-1,-1,-1,-1,
-1,2517,-1,-1,-1,-1,-1,-1,2859,-1,-1,-1,1986,-1,-1,-1,-1,-1,-1,-1,
-1,2519,-1,-1,-1,-1,-1,-1,-1,1689,-1,-1,-1,-1,-1,-1,-1,-1,2533,-1,
-1,2521,-1,2482,2302,-1,-1,-1,2019,-1,-1,2607,-1,-1,2682,-1,-1,-1,-1,-1,
-1,2522,-1,-1,-1,-1,-1,1460,1594,-1,-1,-1,-1,-1,-1,-1,-1,-1,-1,-1,
-1,2523,-1,-1,-1,-1,1555,-1,-1,-1,-1,1811,-1,-1,-1,-1,-1,-1,-1,-1,
-1,2525,-1,2167,-1,-1,-1,-1,-1,-1,-1,-1,-1,-1,-1,-1,-1,-1,-1,-1,
-1,2533,-1,-1,-1,-1,-1,2791,-1,-1,-1,-1,-1,-1,-1,-1,-1,-1,-1,-1,
-1,2539,-1,-1,-1,1772,-1,2810,1731,-1,-1,2102,1503,1979,-1,-1,-1,-1,-1,-1,
-1,2553,-1,2466,2608,-1,-1,-1,-1,-1,-1,-1,-1,-1,-1,-1,-1,-1,-1,1966,
-1,2555,-1,-1,-1,-1,-1,-1,2738,-1,-1,-1,-1,-1,-1,-1,-1,-1,-1,-1,
-1,2558,-1,2535,-1,-1,-1,-1,-1,-1,-1,-1,-1,-1,-1,-1,-1,-1,-1,-1,
-1,2564,2424,-1,-1,-1,-1,-1,-1,-1,-1,-1,-1,-1,-1,-1,-1,-1,-1,-1,
-1,2568,-1,-1,-1,-1,-1,-1,-1,-1,-1,-1,-1,2047,-1,-1,-1,-1,-1,-1,
-1,2570,-1,-1,-1,-1,-1,-1,-1,-1,-1,-1,-1,-1,-1,-1,-1,1840,-1,-1,
-1,2571,-1,-1,-1,-1,982,1343,-1,-1,-1,-1,-1,-1,-1,-1,-1,-1,-1,-1,
-1,2574,1390,-1,1581,-1,-1,-1,-1,-1,-1,-1,-1,-1,-1,-1,-1,-1,-1,-1,
-1,2581,3016,-1,-1,-1,-1,-1,-1,-1,-1,-1,-1,-1,-1,-1,-1,-1,-1,-1,
-1,2582,-1,-1,-1,-1,-1,-1,-1,-1,-1,-1,-1,-1,-1,-1,-1,-1,-1,2211,
-1,2589,-1,-1,-1,-1,-1,-1,-1,-1,1822,-1,-1,-1,-1,-1,-1,-1,-1,-1,
-1,2590,2074,-1,-1,-1,-1,-1,-1,-1,-1,1453,1597,-1,-1,-1,-1,-1,-1,-1,
-1,2591,-1,-1,-1,2775,2765,-1,2781,-1,-1,-1,-1,-1,-1,-1,-1,-1,-1,-1,
-1,2592,-1,-1,-1,-1,-1,-1,-1,-1,-1,-1,-1,-1,1307,1843,-1,-1,-1,-1,
-1,2598,-1,1483,2039,-1,-1,-1,-1,-1,-1,-1,-1,-1,-1,-1,-1,-1,-1,-1,
-1,2602,-1,1725,-1,-1,-1,-1,-1,-1,-1,-1,-1,-1,-1,-1,-1,-1,-1,-1,
-1,2604,-1,-1,-1,-1,1250,-1,-1,-1,-1,-1,-1,-1,-1,-1,-1,-1,-1,-1,
-1,2605,-1,-1,-1,-1,-1,-1,-1,-1,-1,1414,-1,-1,-1,-1,-1,-1,-1,-1,
-1,2626,-1,-1,-1,-1,-1,-1,-1,-1,-1,-1,-1,2211,-1,-1,-1,-1,-1,-1,
-1,2629,-1,-1,-1,-1,-1,1928,-1,-1,-1,1566,-1,-1,-1,1788,2486,-1,-1,-1,
-1,2630,-1,-1,-1,-1,-1,1650,-1,-1,-1,-1,-1,-1,-1,-1,-1,-1,-1,-1,
-1,2643,-1,-1,-1,-1,-1,-1,-1,2683,-1,-1,-1,-1,-1,-1,2416,-1,-1,-1,
-1,2650,2854,-1,-1,-1,-1,-1,-1,-1,-1,-1,-1,-1,-1,-1,-1,-1,-1,-1,
-1,2655,1720,-1,-1,-1,-1,-1,-1,-1,-1,-1,-1,-1,-1,-1,-1,-1,-1,-1,
-1,2657,-1,-1,-1,-1,-1,-1,2160,-1,-1,-1,-1,-1,-1,-1,-1,1405,-1,1368,
-1,2660,-1,-1,-1,-1,-1,-1,-1,-1,-1,-1,-1,-1,-1,-1,2711,-1,-1,-1,
-1,2665,-1,-1,-1,-1,-1,-1,-1,-1,-1,-1,-1,-1,-1,-1,2728,-1,-1,2537,
-1,2668,-1,-1,-1,-1,2524,-1,2158,1244,-1,-1,-1,-1,-1,-1,-1,-1,-1,-1,
-1,2673,-1,-1,-1,-1,-1,-1,-1,-1,-1,-1,1993,-1,-1,-1,-1,-1,-1,-1,
-1,2677,-1,-1,-1,1835,1535,-1,-1,-1,-1,-1,-1,-1,-1,-1,-1,-1,-1,-1,
-1,2681,-1,-1,-1,-1,-1,-1,-1,-1,-1,-1,-1,-1,-1,-1,-1,-1,2718,-1,
-1,2688,-1,-1,-1,-1,-1,-1,-1,-1,-1,-1,-1,1522,-1,-1,-1,-1,-1,-1,
-1,2692,-1,-1,-1,-1,-1,-1,-1,-1,-1,-1,2300,-1,-1,-1,-1,2694,-1,-1,
-1,2698,-1,1773,1251,-1,-1,-1,-1,-1,1966,-1,1480,-1,-1,-1,-1,-1,-1,-1,
-1,2703,-1,-1,-1,-1,-1,-1,-1,-1,-1,-1,2691,-1,-1,-1,-1,-1,-1,-1,
-1,2706,-1,-1,-1,-1,-1,-1,2594,-1,-1,-1,-1,-1,-1,-1,-1,-1,-1,-1,
-1,2707,1776,-1,2296,-1,-1,-1,2113,-1,-1,-1,-1,-1,-1,-1,-1,-1,-1,-1,
-1,2708,-1,-1,-1,-1,-1,1754,-1,-1,-1,-1,-1,-1,-1,-1,-1,-1,-1,-1,
-1,2713,-1,-1,-1,-1,-1,-1,-1,-1,1367,-1,-1,-1,-1,-1,-1,-1,-1,-1,
-1,2716,-1,-1,-1,-1,-1,-1,-1,-1,-1,-1,-1,-1,-1,2766,-1,-1,-1,-1,
-1,2718,-1,1558,-1,-1,-1,-1,-1,-1,-1,-1,-1,-1,-1,-1,-1,-1,-1,-1,
-1,2720,2720,-1,-1,-1,-1,-1,-1,-1,-1,-1,-1,-1,-1,-1,-1,-1,-1,2553,
-1,2721,-1,-1,-1,-1,-1,-1,-1,2071,-1,-1,-1,-1,-1,-1,-1,-1,-1,-1,
-1,2726,-1,-1,-1,2442,1413,-1,2514,-1,-1,-1,-1,-1,-1,-1,-1,-1,-1,-1,
-1,2731,-1,726,-1,-1,699,-1,-1,1781,-1,-1,1316,-1,1870,1308,1538,2030,1535,1407,
-1,2739,2087,-1,1790,-1,-1,-1,-1,-1,-1,-1,-1,-1,-1,-1,-1,-1,-1,-1,
-1,2741,-1,2475,-1,-1,-1,-1,-1,-1,-1,-1,-1,-1,-1,-1,-1,-1,-1,-1,
-1,2751,-1,1739,-1,-1,-1,-1,-1,-1,-1,-1,-1,-1,-1,-1,-1,-1,-1,-1,
-1,2769,-1,2216,2653,-1,-1,-1,-1,-1,-1,-1,-1,-1,2729,-1,-1,-1,-1,-1,
-1,2773,2632,1795,-1,-1,-1,-1,-1,-1,-1,-1,-1,-1,-1,-1,-1,-1,-1,-1,
-1,2779,-1,-1,-1,-1,-1,2607,-1,-1,-1,-1,-1,-1,-1,-1,-1,-1,-1,-1,
-1,2783,-1,1546,-1,2907,1464,-1,-1,-1,-1,-1,-1,-1,-1,-1,-1,-1,-1,-1,
-1,2790,-1,-1,-1,-1,-1,-1,-1,-1,-1,-1,-1,-1,-1,-1,1450,-1,2261,1844,
-1,2803,-1,-1,-1,1417,-1,-1,-1,-1,-1,-1,-1,-1,-1,-1,-1,-1,-1,-1,
-1,2811,2419,1555,-1,-1,-1,-1,-1,-1,-1,-1,-1,-1,-1,-1,-1,-1,-1,-1,
-1,2813,-1,-1,-1,-1,1628,-1,1820,-1,-1,-1,1948,-1,-1,2378,-1,-1,-1,1291,
-1,2827,-1,-1,-1,-1,-1,-1,-1,-1,-1,1681,2352,-1,-1,-1,-1,-1,-1,-1,
-1,2831,1938,-1,-1,1593,-1,-1,-1,2889,-1,-1,1904,1775,2302,2349,-1,-1,-1,-1,
-1,2838,2625,-1,-1,-1,-1,-1,-1,-1,-1,-1,-1,-1,-1,-1,-1,-1,-1,-1,
-1,2840,-1,-1,-1,-1,2285,-1,-1,-1,-1,-1,-1,-1,-1,-1,2934,-1,-1,-1,
-1,-1,3,-1,6,5,-1,-1,-1,-1,-1,-1,-1,31,-1,-1,-1,-1,-1,6,
-1,-1,13,31,-1,-1,-1,-1,-1,-1,-1,-1,-1,-1,-1,-1,-1,-1,-1,-1,
-1,-1,17,9,-1,-1,-1,-1,-1,-1,-1,-1,-1,-1,-1,-1,-1,-1,-1,-1,
-1,-1,22,-1,-1,-1,-1,-1,-1,38,-1,-1,-1,-1,120,-1,68,8,48,9,
-1,-1,23,-1,23,50,-1,118,-1,121,-1,173,191,147,33,75,80,-1,61,101,
-1,-1,25,-1,-1,-1,-1,-1,-1,-1,-1,-1,-1,-1,-1,-1,-1,-1,-1,4,
-1,-1,33,-1,-1,-1,-1,-1,-1,-1,-1,147,-1,-1,-1,-1,-1,-1,-1,-1,
-1,-1,38,-1,-1,-1,-1,-1,60,17,50,50,-1,-1,-1,-1,-1,-1,-1,-1,
-1,-1,44,-1,-1,-1,-1,-1,-1,-1,-1,-1,-1,-1,-1,-1,-1,-1,13,-1,
-1,-1,50,-1,-1,244,-1,-1,-1,-1,-1,-1,-1,-1,-1,-1,19,-1,-1,-1,
-1,-1,59,-1,-1,-1,-1,-1,-1,-1,218,55,-1,-1,-1,-1,-1,-1,-1,-1,
-1,-1,64,-1,-1,-1,-1,-1,-1,-1,-1,-1,-1,-1,-1,-1,-1,-1,149,-1,
-1,-1,65,285,-1,-1,-1,-1,-1,-1,-1,-1,103,-1,-1,-1,-1,-1,340,-1,
-1,-1,67,68,-1,-1,-1,-1,-1,-1,-1,-1,-1,-1,-1,-1,-1,-1,-1,-1,
-1,-1,74,36,67,-1,-1,-1,-1,-1,-1,-1,-1,-1,-1,-1,-1,-1,-1,-1,
-1,-1,77,-1,-1,-1,-1,52,-1,-1,-1,78,86,236,-1,-1,-1,-1,-1,-1,
-1,-1,78,-1,107,23,238,-1,-1,-1,-1,-1,-1,-1,-1,-1,-1,-1,-1,-1,
-1,-1,79,112,-1,-1,35,38,-1,41,47,-1,-1,96,59,-1,-1,-1,-1,-1,
-1,-1,84,-1,-1,-1,-1,-1,-1,-1,-1,-1,-1,-1,-1,-1,-1,124,77,-1,
-1,-1,86,65,-1,-1,-1,-1,-1,-1,-1,-1,-1,-1,-1,-1,-1,-1,-1,-1,
-1,-1,91,147,281,109,26,-1,-1,-1,-1,-1,-1,-1,-1,-1,-1,-1,-1,-1,
-1,-1,95,109,-1,357,86,-1,356,-1,-1,136,123,47,64,31,-1,-1,-1,-1,
-1,-1,97,-1,-1,-1,-1,-1,-1,-1,-1,-1,-1,-1,-1,-1,-1,-1,90,88,
-1,-1,102,-1,154,46,144,-1,-1,-1,-1,-1,-1,-1,-1,-1,-1,-1,-1,-1,
-1,-1,109,182,202,-1,-1,-1,-1,-1,-1,-1,-1,-1,-1,-1,-1,-1,-1,-1,
-1,-1,119,-1,-1,-1,-1,-1,-1,-1,-1,-1,-1,-1,-1,19,120,104,-1,-1,
-1,-1,122,-1,337,-1,-1,-1,-1,-1,-1,-1,-1,-1,-1,-1,-1,-1,-1,-1,
-1,-1,-1,-1,-1,-1,-1,-1,-1,-1,160,134,-1,200,117,-1,32,41,64,48,
-1,-1,124,76,48,126,77,86,104,178,323,430,-1,122,179,91,73,127,251,-1,
-1,-1,129,-1,-1,-1,-1,-1,-1,-1,-1,-1,-1,-1,-1,-1,-1,-1,158,-1,
-1,-1,135,-1,-1,135,139,402,-1,-1,-1,-1,-1,-1,-1,-1,-1,-1,-1,-1,
-1,-1,138,148,150,106,230,-1,-1,-1,-1,-1,-1,-1,-1,-1,-1,-1,-1,-1,
-1,-1,140,-1,-1,-1,-1,-1,-1,-1,-1,18,73,-1,-1,-1,-1,-1,-1,-1,
-1,-1,142,-1,-1,-1,-1,-1,-1,-1,153,132,-1,-1,-1,-1,-1,-1,-1,-1,
-1,-1,143,115,56,107,-1,258,-1,-1,-1,-1,-1,-1,-1,-1,-1,-1,-1,-1,
-1,-1,144,558,-1,-1,-1,-1,-1,-1,-1,-1,398,107,-1,527,-1,-1,-1,-1,
-1,-1,152,451,-1,-1,-1,-1,-1,-1,-1,-1,-1,-1,-1,-1,-1,-1,-1,-1,
-1,-1,159,231,-1,-1,-1,-1,-1,-1,-1,-1,-1,-1,-1,-1,-1,-1,-1,-1,
-1,-1,161,97,-1,-1,-1,-1,-1,-1,-1,-1,-1,-1,-1,-1,-1,-1,-1,-1,
-1,-1,162,-1,-1,-1,-1,-1,-1,-1,-1,-1,149,-1,-1,-1,-1,-1,-1,-1,
-1,243,164,-1,-1,-1,-1,-1,-1,-1,-1,-1,-1,307,-1,-1,-1,-1,-1,-1,
-1,-1,165,-1,-1,-1,-1,-1,-1,-1,-1,351,-1,-1,-1,-1,-1,-1,-1,-1,
-1,-1,167,-1,58,-1,-1,-1,-1,-1,-1,294,-1,-1,-1,-1,-1,-1,-1,-1,
-1,-1,172,-1,-1,-1,-1,91,258,-1,-1,-1,-1,-1,-1,-1,-1,-1,-1,441,
-1,-1,173,152,-1,-1,-1,-1,507,-1,-1,-1,-1,-1,-1,-1,-1,-1,-1,-1,
-1,-1,175,70,101,-1,-1,-1,-1,-1,-1,-1,-1,-1,-1,-1,-1,-1,-1,-1,
-1,-1,192,475,-1,-1,-1,-1,-1,-1,-1,-1,-1,-1,-1,-1,-1,-1,-1,-1,
-1,-1,195,-1,-1,-1,-1,68,54,-1,-1,-1,-1,-1,-1,62,-1,-1,-1,44,
-1,-1,199,159,-1,-1,-1,-1,-1,-1,-1,-1,-1,-1,-1,-1,-1,-1,-1,-1,
-1,-1,200,240,-1,-1,-1,562,-1,-1,-1,-1,-1,-1,-1,-1,-1,-1,-1,-1,
-1,-1,208,116,-1,-1,43,41,-1,-1,-1,-1,-1,-1,-1,-1,-1,-1,-1,-1,
-1,-1,211,-1,392,-1,-1,-1,-1,-1,-1,-1,-1,-1,-1,-1,-1,-1,-1,-1,
-1,-1,212,217,-1,368,-1,-1,-1,-1,-1,-1,-1,-1,-1,-1,-1,-1,-1,-1,
-1,-1,219,234,-1,-1,-1,-1,-1,-1,-1,-1,-1,-1,-1,-1,-1,-1,-1,-1,
-1,-1,223,59,95,-1,-1,-1,-1,-1,-1,-1,-1,-1,-1,170,-1,-1,-1,-1,
-1,-1,226,639,368,273,551,-1,-1,-1,357,-1,624,404,379,290,503,177,662,1032,
-1,-1,-1,-1,-1,268,-1,460,238,-1,-1,-1,-1,-1,74,54,434,309,162,-1,
-1,-1,-1,228,-1,-1,-1,-1,-1,808,-1,-1,-1,-1,391,213,418,831,-1,-1,
-1,-1,240,301,-1,-1,-1,-1,-1,-1,-1,-1,-1,-1,-1,-1,-1,-1,-1,-1,
-1,-1,241,170,-1,-1,-1,-1,-1,-1,-1,-1,-1,-1,-1,-1,-1,-1,-1,-1,
-1,-1,253,-1,-1,507,119,-1,-1,-1,-1,-1,-1,-1,-1,-1,-1,-1,-1,-1,
-1,-1,260,359,-1,-1,-1,-1,-1,-1,-1,-1,-1,-1,-1,-1,-1,-1,-1,-1,
-1,-1,263,-1,104,-1,-1,-1,-1,-1,409,-1,-1,-1,-1,-1,-1,-1,-1,-1,
-1,-1,265,434,390,-1,-1,-1,-1,-1,-1,-1,-1,-1,-1,-1,-1,306,386,-1,
-1,-1,266,-1,-1,-1,178,-1,-1,565,-1,-1,-1,-1,-1,-1,-1,-1,-1,-1,
-1,-1,267,137,-1,-1,-1,-1,-1,-1,-1,-1,-1,-1,-1,-1,-1,-1,-1,-1,
-1,-1,269,99,-1,-1,-1,-1,-1,-1,-1,-1,-1,-1,278,-1,-1,-1,-1,-1,
-1,-1,273,-1,-1,756,-1,-1,-1,-1,-1,-1,-1,-1,-1,-1,-1,-1,-1,-1,
-1,-1,274,299,489,-1,-1,-1,-1,287,282,276,-1,645,-1,227,-1,-1,-1,769,
-1,-1,285,-1,-1,-1,-1,746,-1,-1,-1,-1,-1,-1,-1,-1,-1,-1,-1,-1,
-1,-1,287,-1,-1,-1,-1,-1,-1,-1,84,-1,-1,-1,-1,-1,-1,-1,-1,-1,
-1,-1,288,212,646,965,461,-1,-1,571,-1,-1,-1,-1,-1,-1,-1,-1,-1,-1,
-1,-1,-1,314,-1,258,-1,101,210,577,-1,-1,192,367,443,-1,-1,-1,-1,-1,
-1,-1,291,-1,-1,-1,-1,219,70,-1,-1,-1,-1,-1,-1,-1,422,-1,-1,-1,
-1,-1,293,409,-1,-1,-1,-1,-1,-1,-1,-1,-1,-1,-1,-1,-1,-1,-1,-1,
-1,-1,295,529,240,251,265,569,485,382,-1,152,-1,-1,295,487,-1,437,-1,415,
-1,-1,297,-1,602,-1,-1,-1,-1,-1,-1,-1,-1,-1,-1,-1,-1,-1,-1,-1,
-1,-1,300,-1,91,-1,-1,-1,-1,-1,-1,-1,-1,-1,-1,-1,-1,-1,-1,-1,
-1,-1,310,83,131,209,-1,71,-1,-1,-1,-1,-1,-1,-1,-1,-1,-1,-1,-1,
-1,-1,316,-1,-1,-1,-1,-1,-1,-1,-1,-1,-1,-1,-1,410,-1,-1,-1,-1,
-1,-1,317,-1,694,809,-1,-1,-1,-1,-1,-1,-1,-1,-1,-1,-1,-1,910,434,
-1,-1,322,371,-1,-1,-1,-1,-1,-1,-1,-1,-1,-1,-1,-1,-1,-1,-1,-1,
-1,-1,324,-1,-1,-1,71,-1,-1,-1,-1,-1,-1,-1,-1,-1,-1,-1,-1,-1,
-1,-1,327,883,1005,-1,-1,-1,-1,876,-1,-1,-1,-1,-1,-1,-1,-1,-1,-1,
-1,-1,328,-1,-1,-1,-1,-1,-1,-1,356,-1,-1,-1,-1,-1,-1,-1,-1,-1,
-1,-1,331,289,-1,-1,-1,-1,-1,-1,-1,-1,-1,-1,-1,-1,-1,-1,-1,-1,
-1,-1,335,-1,339,-1,236,-1,417,-1,-1,-1,-1,-1,-1,-1,265,305,203,-1,
-1,-1,338,191,-1,-1,-1,-1,-1,-1,-1,-1,-1,-1,272,135,-1,133,-1,-1,
1120,-1,339,-1,654,-1,-1,-1,-1,-1,-1,-1,-1,-1,-1,-1,-1,-1,-1,-1,
-1,-1,-1,-1,-1,69,-1,-1,46,82,28,42,-1,-1,-1,-1,-1,-1,-1,-1,
-1,-1,344,-1,-1,-1,-1,-1,-1,-1,-1,-1,-1,-1,619,-1,-1,-1,-1,-1,
-1,-1,346,969,-1,200,425,379,421,405,698,598,1154,1018,-1,-1,-1,767,-1,-1,
-1,-1,348,126,510,142,-1,-1,-1,-1,-1,-1,-1,-1,144,-1,-1,-1,-1,-1,
-1,-1,350,-1,-1,991,-1,-1,-1,-1,-1,-1,-1,-1,-1,-1,-1,-1,-1,-1,
-1,-1,351,715,631,-1,-1,-1,-1,-1,-1,-1,-1,790,1607,-1,-1,-1,-1,-1,
-1,-1,355,421,463,-1,-1,-1,419,-1,-1,-1,-1,-1,-1,-1,-1,-1,-1,-1,
-1,-1,356,370,-1,-1,-1,-1,-1,533,723,-1,734,-1,474,483,465,-1,477,-1,
-1,-1,358,-1,-1,-1,-1,-1,-1,-1,-1,-1,-1,-1,-1,-1,161,-1,-1,-1,
-1,-1,364,-1,-1,-1,-1,457,-1,-1,-1,-1,-1,-1,-1,-1,-1,-1,-1,-1,
-1,-1,369,-1,-1,-1,-1,646,533,748,-1,280,343,-1,-1,-1,-1,-1,-1,-1,
-1,-1,375,913,1197,555,-1,-1,-1,-1,-1,-1,-1,-1,-1,-1,-1,-1,-1,-1,
-1,-1,383,-1,-1,-1,-1,-1,-1,-1,-1,-1,-1,-1,-1,-1,197,-1,-1,635,
-1,-1,384,-1,-1,-1,185,601,-1,-1,-1,-1,-1,-1,-1,-1,-1,-1,-1,-1,
-1,-1,389,-1,-1,-1,-1,-1,-1,-1,-1,-1,-1,-1,331,-1,-1,-1,-1,-1,
-1,-1,391,-1,-1,-1,-1,-1,567,-1,-1,-1,-1,-1,-1,-1,-1,-1,-1,-1,
-1,-1,395,-1,-1,-1,-1,-1,-1,105,126,117,-1,-1,-1,-1,-1,-1,-1,-1,
-1,-1,403,522,-1,-1,-1,-1,-1,-1,-1,-1,-1,-1,-1,-1,-1,-1,-1,-1,
-1,-1,406,1343,1080,-1,-1,-1,-1,-1,-1,-1,-1,-1,-1,-1,-1,-1,-1,-1,
-1,-1,408,-1,-1,610,1280,559,405,734,1095,502,1243,-1,-1,-1,-1,-1,569,-1,
-1,-1,-1,226,89,476,354,-1,157,-1,390,-1,-1,-1,-1,-1,-1,-1,-1,-1,
-1,-1,414,481,-1,-1,-1,-1,-1,-1,-1,-1,-1,-1,-1,-1,-1,-1,-1,-1,
-1,-1,418,-1,433,-1,-1,-1,-1,-1,-1,-1,-1,-1,-1,-1,-1,-1,-1,-1,
-1,-1,420,291,518,-1,-1,947,-1,946,-1,-1,-1,-1,-1,-1,-1,-1,-1,-1,
-1,-1,428,1552,1013,-1,-1,-1,620,-1,-1,-1,1559,1133,596,476,-1,1362,1972,889,
-1,-1,430,330,229,-1,-1,-1,-1,-1,-1,-1,-1,-1,-1,-1,-1,-1,-1,-1,
-1,-1,440,-1,-1,-1,-1,-1,-1,-1,-1,-1,-1,-1,-1,805,235,-1,-1,-1,
-1,-1,441,-1,-1,-1,-1,-1,-1,541,364,-1,-1,-1,307,210,-1,-1,-1,-1,
-1,-1,444,139,85,-1,-1,-1,-1,-1,-1,-1,-1,-1,-1,-1,-1,-1,-1,-1,
-1,-1,456,-1,-1,-1,-1,-1,-1,-1,-1,-1,-1,-1,-1,-1,-1,-1,483,1036,
-1,-1,459,-1,-1,-1,-1,-1,-1,372,683,422,-1,-1,-1,-1,-1,-1,-1,-1,
-1,-1,462,737,276,-1,-1,-1,-1,-1,-1,-1,-1,-1,-1,-1,-1,-1,-1,-1,
-1,-1,467,-1,-1,329,160,698,-1,-1,-1,-1,-1,1210,-1,815,614,733,-1,-1,
-1,-1,469,-1,-1,-1,-1,-1,-1,1164,-1,-1,-1,-1,-1,-1,-1,-1,-1,-1,
-1,-1,471,-1,600,682,-1,-1,-1,-1,-1,423,207,-1,-1,-1,455,-1,-1,-1,
-1,-1,473,-1,482,-1,-1,-1,-1,-1,-1,-1,-1,-1,-1,-1,-1,-1,-1,-1,
-1,-1,474,-1,-1,595,-1,-1,413,-1,-1,-1,-1,-1,-1,-1,912,-1,-1,-1,
-1,-1,477,-1,-1,420,108,108,-1,429,-1,-1,-1,-1,-1,-1,-1,-1,-1,-1,
-1,-1,481,1034,-1,433,450,-1,-1,-1,-1,-1,-1,-1,-1,-1,-1,-1,-1,-1,
-1,-1,485,1157,-1,-1,-1,-1,-1,-1,-1,-1,-1,-1,-1,-1,-1,-1,-1,-1,
-1,-1,494,942,-1,-1,-1,-1,-1,-1,-1,-1,-1,-1,-1,-1,-1,-1,-1,-1,
-1,-1,495,758,-1,-1,-1,-1,165,460,-1,-1,-1,-1,268,-1,205,164,238,113,
-1,-1,499,-1,-1,137,-1,-1,-1,-1,-1,-1,-1,-1,-1,-1,-1,-1,233,94,
-1,-1,504,-1,-1,-1,1320,452,1162,-1,-1,-1,-1,-1,-1,-1,-1,-1,-1,-1,
-1,-1,515,-1,-1,-1,-1,-1,758,-1,195,181,260,-1,-1,-1,-1,-1,-1,-1,
-1,-1,516,-1,1016,-1,-1,-1,-1,-1,-1,-1,-1,-1,-1,-1,-1,-1,-1,-1,
-1,-1,519,538,-1,-1,-1,-1,-1,1168,-1,-1,-1,-1,-1,-1,-1,-1,-1,-1,
-1,-1,523,-1,-1,-1,-1,-1,-1,490,287,-1,-1,-1,-1,-1,-1,-1,-1,-1,
-1,-1,524,401,-1,1268,406,-1,-1,-1,-1,-1,-1,-1,-1,-1,-1,789,-1,1125,
-1,-1,526,-1,-1,1316,-1,-1,1270,-1,-1,-1,-1,-1,-1,-1,-1,-1,-1,-1,
-1,-1,528,548,1029,-1,-1,-1,-1,733,273,397,280,-1,-1,330,-1,-1,-1,-1,
-1,-1,536,958,-1,-1,-1,-1,-1,-1,-1,-1,-1,-1,-1,-1,-1,-1,-1,-1,
-1,-1,539,-1,-1,369,914,890,790,726,521,535,499,663,-1,528,-1,624,375,243,
-1,-1,542,-1,-1,-1,-1,-1,-1,-1,908,-1,-1,-1,-1,-1,-1,-1,-1,-1,
-1,-1,543,-1,-1,-1,-1,-1,-1,-1,-1,-1,-1,-1,-1,-1,-1,-1,-1,568,
-1,-1,546,208,-1,-1,-1,-1,-1,-1,-1,-1,-1,-1,-1,-1,-1,-1,-1,-1,
-1,-1,547,806,899,639,-1,-1,-1,-1,-1,-1,-1,-1,-1,-1,-1,-1,-1,-1,
-1,-1,548,-1,-1,-1,-1,-1,-1,-1,-1,-1,301,-1,-1,-1,-1,-1,-1,-1,
-1,-1,557,-1,-1,-1,-1,-1,-1,-1,-1,-1,-1,486,-1,-1,-1,-1,-1,-1,
-1,-1,558,400,-1,-1,-1,-1,-1,-1,-1,-1,-1,-1,-1,-1,-1,-1,1162,-1,
-1,-1,559,565,801,-1,-1,-1,-1,-1,-1,-1,-1,-1,-1,-1,597,-1,-1,-1,
-1,-1,568,483,619,859,-1,-1,866,-1,-1,-1,291,-1,-1,-1,-1,-1,-1,696,
-1,-1,570,-1,-1,844,-1,-1,-1,-1,-1,-1,-1,337,-1,-1,-1,-1,-1,-1,
-1,-1,572,-1,-1,705,-1,-1,-1,-1,979,-1,-1,-1,-1,-1,-1,-1,-1,-1,
-1,-1,574,-1,-1,-1,-1,-1,-1,-1,-1,-1,-1,-1,395,-1,-1,-1,-1,-1,
-1,-1,575,-1,-1,1038,694,-1,-1,-1,-1,1257,-1,-1,-1,-1,-1,-1,-1,-1,
-1,-1,576,334,-1,-1,-1,-1,-1,-1,-1,-1,-1,-1,-1,-1,-1,-1,-1,-1,
-1,-1,577,1374,-1,-1,-1,-1,-1,-1,-1,-1,-1,-1,-1,-1,-1,-1,-1,-1,
-1,-1,578,-1,830,1412,837,-1,-1,-1,-1,-1,-1,-1,-1,-1,-1,-1,-1,-1,
-1,-1,583,1120,2049,-1,-1,-1,-1,-1,1223,1451,-1,-1,-1,-1,-1,-1,-1,-1,
-1,-1,584,1296,-1,-1,-1,-1,-1,-1,-1,-1,-1,-1,-1,773,-1,-1,-1,-1,
-1,-1,591,728,-1,-1,-1,-1,-1,-1,-1,-1,-1,-1,-1,-1,-1,-1,-1,-1,
-1,-1,594,324,140,421,520,-1,-1,-1,-1,-1,-1,-1,-1,-1,-1,406,270,120,
-1,-1,598,-1,-1,1085,1946,-1,1440,-1,-1,-1,-1,-1,-1,-1,-1,-1,-1,-1,
-1,-1,-1,-1,608,491,1014,-1,1108,788,-1,709,1008,1363,689,-1,-1,465,-1,-1,
-1,-1,605,-1,497,-1,-1,-1,-1,-1,-1,-1,-1,-1,-1,-1,-1,393,-1,-1,
-1,-1,607,-1,-1,-1,-1,-1,980,-1,-1,-1,-1,-1,-1,-1,-1,-1,-1,-1,
-1,-1,608,1190,-1,-1,-1,-1,-1,-1,1137,492,-1,-1,-1,-1,-1,-1,-1,-1,
-1,-1,610,612,-1,-1,-1,-1,-1,-1,-1,-1,-1,-1,-1,-1,-1,-1,-1,-1,
-1,-1,613,320,-1,-1,-1,-1,-1,-1,-1,-1,-1,-1,-1,-1,-1,-1,-1,-1,
-1,-1,615,-1,-1,-1,-1,-1,-1,-1,-1,-1,-1,-1,-1,-1,-1,-1,217,701,
-1,-1,618,307,-1,201,-1,-1,-1,-1,875,835,555,-1,224,245,-1,-1,-1,-1,
-1,-1,621,-1,-1,-1,-1,-1,-1,-1,-1,-1,1036,-1,-1,-1,-1,-1,-1,-1,
-1,-1,622,-1,-1,-1,-1,-1,-1,-1,-1,-1,-1,156,140,-1,211,-1,-1,-1,
-1,-1,625,-1,-1,-1,816,444,322,542,-1,-1,-1,-1,-1,-1,-1,-1,-1,-1,
-1,-1,629,626,890,766,834,-1,-1,417,1224,953,827,-1,1816,-1,633,554,1543,1384,
-1,-1,633,1281,-1,-1,430,-1,-1,-1,-1,-1,1247,1765,-1,-1,-1,-1,-1,-1,
-1,-1,636,923,406,-1,-1,-1,-1,254,842,-1,-1,1004,-1,-1,-1,-1,-1,-1,
-1,-1,640,-1,-1,-1,-1,-1,-1,-1,-1,-1,-1,879,1200,-1,322,-1,-1,-1,
-1,-1,641,-1,-1,-1,-1,-1,-1,1434,-1,-1,-1,-1,291,-1,-1,-1,-1,-1,
-1,-1,643,-1,1175,-1,279,-1,-1,-1,-1,-1,-1,-1,-1,-1,-1,-1,-1,-1,
-1,-1,645,-1,-1,-1,-1,-1,-1,-1,-1,-1,-1,-1,-1,-1,936,-1,-1,-1,
-1,-1,649,261,949,241,614,-1,-1,-1,-1,-1,-1,-1,-1,-1,-1,-1,-1,-1,
-1,-1,650,-1,-1,-1,-1,-1,-1,990,497,418,-1,-1,-1,-1,-1,-1,-1,-1,
-1,-1,652,-1,-1,1883,-1,-1,-1,-1,-1,-1,1228,-1,-1,-1,1040,-1,-1,-1,
-1,-1,656,-1,-1,902,-1,-1,-1,-1,-1,-1,-1,-1,1365,1165,-1,-1,-1,-1,
-1,-1,657,-1,-1,-1,-1,-1,-1,-1,-1,-1,-1,-1,-1,-1,-1,-1,-1,1244,
-1,-1,659,799,-1,-1,-1,-1,-1,-1,-1,-1,-1,-1,-1,-1,-1,-1,-1,518,
-1,-1,661,450,553,-1,-1,-1,-1,-1,-1,-1,-1,-1,-1,-1,-1,-1,-1,-1,
-1,-1,662,-1,340,-1,-1,-1,-1,-1,-1,-1,-1,-1,-1,-1,-1,-1,-1,-1,
-1,-1,673,-1,795,-1,-1,-1,-1,-1,-1,-1,-1,-1,-1,-1,-1,-1,-1,-1,
-1,-1,677,-1,-1,-1,-1,-1,936,-1,1140,-1,-1,-1,-1,-1,840,-1,-1,-1,
-1,-1,683,-1,740,-1,-1,-1,-1,-1,-1,-1,-1,-1,-1,-1,-1,-1,-1,-1,
-1,-1,692,-1,-1,-1,-1,-1,664,-1,1154,-1,-1,-1,-1,-1,-1,-1,-1,-1,
-1,-1,694,-1,-1,-1,-1,-1,-1,-1,-1,345,-1,-1,-1,-1,-1,-1,-1,-1,
-1,-1,696,369,-1,-1,-1,-1,-1,-1,944,-1,-1,-1,-1,-1,-1,-1,-1,-1,
-1,-1,706,-1,-1,-1,262,-1,-1,-1,-1,1044,-1,-1,-1,-1,-1,452,328,-1,
-1,-1,709,-1,-1,-1,-1,-1,-1,-1,778,-1,-1,-1,-1,-1,-1,-1,-1,-1,
-1,-1,725,-1,-1,-1,-1,-1,-1,-1,-1,-1,-1,-1,1988,1641,2619,-1,-1,-1,
-1,-1,726,360,-1,-1,-1,-1,-1,-1,-1,-1,-1,-1,-1,-1,-1,-1,-1,-1,
-1,-1,727,-1,-1,-1,-1,-1,-1,-1,-1,-1,-1,-1,-1,-1,240,-1,-1,-1,
-1,-1,730,736,979,-1,-1,-1,991,768,-1,-1,-1,-1,2091,-1,-1,1692,616,796,
-1,-1,732,-1,-1,-1,-1,-1,-1,-1,-1,1211,-1,-1,-1,-1,-1,-1,-1,-1,
-1,-1,733,470,-1,-1,-1,-1,-1,-1,-1,-1,-1,-1,-1,-1,-1,-1,-1,-1,
-1,-1,737,833,-1,-1,-1,-1,-1,-1,-1,-1,-1,-1,-1,-1,-1,-1,-1,-1,
-1,-1,745,1541,-1,-1,-1,-1,-1,-1,-1,-1,-1,-1,-1,-1,-1,-1,-1,-1,
-1,-1,-1,-1,566,-1,490,1687,1252,868,1455,-1,-1,-1,523,-1,-1,884,-1,-1,
-1,-1,751,1314,-1,-1,-1,-1,-1,-1,-1,-1,-1,-1,-1,-1,-1,-1,-1,-1,
-1,-1,753,466,-1,-1,-1,-1,-1,-1,-1,-1,-1,-1,-1,-1,-1,-1,-1,-1,
-1,-1,759,1118,552,-1,-1,-1,-1,-1,-1,-1,594,1074,1902,-1,-1,-1,-1,608,
-1,-1,761,-1,-1,612,746,-1,-1,-1,-1,-1,-1,-1,858,-1,-1,-1,-1,-1,
-1,-1,765,274,-1,-1,-1,-1,-1,-1,-1,89,-1,231,-1,-1,-1,-1,-1,-1,
-1,-1,780,-1,-1,-1,-1,-1,-1,-1,-1,-1,-1,-1,-1,-1,-1,-1,-1,1448,
-1,-1,783,656,-1,800,-1,-1,-1,-1,-1,-1,-1,-1,-1,-1,-1,-1,-1,-1,
-1,-1,787,1098,-1,-1,-1,-1,750,-1,-1,-1,-1,-1,-1,-1,-1,-1,-1,-1,
-1,-1,797,1495,-1,-1,-1,-1,772,-1,-1,-1,-1,-1,-1,-1,-1,-1,-1,-1,
-1,-1,801,-1,-1,-1,-1,464,-1,-1,-1,-1,-1,-1,-1,-1,-1,186,-1,-1,
-1,-1,804,-1,-1,-1,-1,-1,-1,-1,-1,-1,-1,-1,-1,-1,-1,-1,-1,941,
-1,-1,807,-1,1556,-1,-1,-1,-1,-1,1784,-1,-1,-1,-1,-1,-1,541,-1,-1,
-1,-1,808,-1,-1,-1,-1,-1,-1,774,-1,-1,-1,-1,-1,-1,639,-1,-1,-1,
-1,-1,811,2476,1213,1670,2199,-1,-1,-1,1120,-1,-1,-1,-1,-1,-1,-1,-1,-1,
-1,-1,812,911,-1,-1,-1,-1,-1,-1,-1,-1,-1,-1,-1,-1,-1,-1,-1,-1,
-1,-1,817,1133,-1,-1,-1,-1,-1,-1,-1,-1,-1,-1,-1,-1,-1,-1,-1,-1,
-1,-1,819,-1,-1,-1,-1,-1,-1,-1,-1,-1,-1,-1,-1,-1,861,-1,1016,1361,
-1,-1,820,1076,-1,-1,-1,-1,-1,-1,-1,-1,-1,-1,-1,-1,-1,273,-1,-1,
-1,-1,822,-1,-1,-1,-1,-1,-1,-1,-1,-1,-1,-1,-1,-1,-1,-1,-1,1872,
-1,-1,824,1417,1090,1886,-1,-1,-1,-1,-1,-1,-1,-1,-1,-1,-1,-1,-1,-1,
-1,-1,826,-1,-1,-1,1325,-1,-1,397,-1,691,718,-1,-1,-1,-1,353,448,-1,
-1,-1,831,-1,1436,-1,-1,-1,-1,-1,-1,-1,-1,-1,-1,-1,979,-1,-1,-1,
-1,-1,840,-1,-1,-1,720,-1,-1,-1,544,678,-1,-1,-1,-1,-1,526,1029,-1,
-1,-1,843,-1,-1,-1,-1,-1,-1,-1,-1,-1,-1,-1,-1,-1,356,-1,-1,-1,
-1,-1,844,-1,365,-1,1831,-1,-1,-1,-1,-1,-1,-1,-1,-1,-1,-1,-1,-1,
-1,-1,847,-1,1248,-1,-1,-1,-1,-1,-1,-1,-1,-1,-1,-1,1098,-1,-1,-1,
-1,-1,851,-1,-1,-1,-1,-1,-1,-1,-1,914,527,904,-1,-1,-1,-1,-1,-1,
-1,-1,854,1209,-1,1040,-1,-1,-1,-1,-1,-1,-1,-1,-1,-1,-1,-1,-1,-1,
-1,-1,855,890,-1,1102,-1,-1,-1,-1,-1,-1,-1,-1,-1,-1,496,-1,-1,-1,
-1,-1,856,-1,-1,-1,-1,-1,-1,-1,-1,-1,-1,-1,-1,-1,-1,-1,2029,-1,
-1,-1,860,1364,-1,-1,-1,-1,2273,-1,-1,-1,-1,-1,-1,-1,-1,-1,-1,-1,
-1,-1,863,-1,-1,-1,-1,-1,-1,-1,-1,-1,-1,1562,-1,-1,-1,-1,-1,-1,
-1,-1,870,-1,-1,-1,-1,552,-1,-1,-1,-1,-1,-1,-1,-1,-1,-1,-1,1480,
-1,-1,872,964,1133,1017,1182,-1,-1,-1,-1,-1,-1,2138,-1,-1,-1,-1,-1,-1,
-1,-1,881,-1,-1,-1,-1,-1,-1,916,-1,1065,-1,-1,-1,-1,-1,-1,-1,-1,
-1,-1,887,-1,1493,-1,-1,-1,-1,-1,-1,-1,-1,-1,-1,-1,-1,-1,-1,-1,
-1,-1,890,-1,-1,-1,-1,-1,-1,-1,-1,-1,867,938,1668,-1,-1,-1,-1,-1,
-1,-1,892,1972,-1,-1,-1,-1,-1,-1,-1,-1,-1,-1,-1,-1,-1,-1,-1,-1,
-1,-1,894,-1,1689,-1,-1,629,-1,-1,-1,-1,1370,772,722,-1,-1,-1,-1,-1,
-1,-1,896,706,2112,-1,-1,-1,-1,-1,-1,-1,-1,-1,-1,-1,-1,-1,-1,-1,
-1,-1,904,-1,-1,-1,-1,-1,1574,2553,-1,-1,-1,-1,-1,-1,-1,-1,-1,-1,
-1,-1,905,1470,-1,751,-1,1207,949,-1,-1,-1,-1,-1,-1,-1,-1,-1,-1,-1,
-1,-1,907,744,-1,-1,900,-1,-1,-1,-1,-1,1177,1878,-1,-1,-1,-1,-1,-1,
-1,-1,908,902,-1,-1,-1,-1,-1,-1,-1,-1,-1,-1,-1,-1,-1,-1,-1,-1,
-1,-1,910,-1,-1,-1,-1,-1,-1,-1,-1,-1,768,-1,-1,-1,-1,-1,-1,588,
-1,-1,915,910,-1,-1,-1,-1,-1,-1,-1,-1,-1,-1,-1,-1,-1,-1,-1,-1,
-1,-1,919,1471,837,-1,-1,-1,-1,-1,-1,-1,-1,-1,-1,-1,-1,-1,-1,-1,
-1,-1,928,966,-1,-1,-1,-1,-1,-1,-1,-1,-1,-1,-1,-1,-1,-1,-1,-1,
-1,-1,929,-1,-1,-1,-1,-1,-1,-1,-1,-1,-1,-1,-1,-1,-1,605,-1,-1,
-1,-1,932,-1,-1,-1,1723,1927,-1,-1,-1,-1,-1,-1,-1,-1,-1,-1,-1,-1,
-1,-1,933,-1,409,1758,-1,-1,-1,1561,-1,-1,-1,-1,-1,-1,-1,-1,-1,-1,
-1,-1,934,-1,-1,819,395,262,586,1070,-1,1432,-1,547,565,-1,1425,643,-1,-1,
-1,-1,936,955,444,-1,-1,-1,-1,-1,-1,-1,-1,-1,-1,-1,-1,-1,-1,-1,
-1,-1,937,-1,-1,-1,1642,-1,-1,-1,-1,-1,-1,-1,-1,-1,-1,-1,-1,-1,
-1,-1,942,1797,-1,-1,-1,-1,-1,-1,-1,361,-1,-1,-1,-1,-1,-1,-1,-1,
-1,-1,944,-1,1729,-1,-1,-1,-1,-1,-1,-1,-1,1783,-1,-1,-1,-1,-1,-1,
-1,-1,950,885,1513,-1,-1,-1,-1,-1,-1,-1,-1,-1,-1,-1,-1,-1,-1,-1,
-1,-1,955,-1,-1,-1,-1,-1,-1,1439,-1,-1,-1,515,-1,-1,-1,773,-1,-1,
-1,-1,-1,267,-1,-1,481,-1,-1,-1,139,163,57,35,174,122,330,-1,-1,-1,
-1,-1,961,-1,-1,-1,-1,-1,-1,-1,-1,-1,-1,-1,-1,-1,-1,999,-1,-1,
-1,-1,962,-1,1254,-1,-1,-1,-1,-1,-1,-1,-1,-1,-1,-1,-1,-1,-1,-1,
-1,-1,970,-1,-1,-1,-1,-1,-1,-1,-1,-1,-1,-1,1078,1277,867,1046,-1,-1,
-1,-1,978,-1,-1,-1,-1,-1,-1,-1,-1,-1,-1,-1,623,-1,304,-1,345,-1,
-1,-1,983,-1,-1,-1,-1,793,-1,-1,-1,-1,-1,-1,-1,-1,-1,-1,-1,-1,
-1,-1,987,1066,-1,-1,-1,-1,-1,-1,-1,-1,-1,-1,-1,-1,-1,-1,-1,-1,
-1,-1,994,-1,-1,-1,-1,-1,-1,-1,-1,-1,-1,-1,-1,1275,-1,-1,-1,-1,
-1,-1,1005,821,410,-1,-1,-1,-1,-1,-1,-1,-1,-1,-1,-1,-1,-1,-1,-1,
-1,-1,1010,2219,-1,-1,-1,-1,-1,-1,-1,-1,-1,-1,-1,-1,-1,-1,-1,-1,
-1,-1,1011,641,-1,-1,-1,-1,-1,-1,-1,-1,-1,-1,-1,-1,-1,922,-1,-1,
-1,-1,1017,543,-1,488,-1,830,-1,-1,-1,-1,-1,-1,-1,-1,-1,-1,-1,-1,
-1,-1,1018,946,-1,-1,-1,-1,-1,-1,691,557,1547,-1,-1,-1,-1,-1,-1,-1,
-1,-1,1025,1125,-1,-1,-1,-1,-1,-1,-1,-1,-1,-1,-1,-1,-1,-1,-1,-1,
-1,-1,1026,919,-1,820,-1,-1,-1,-1,-1,-1,-1,-1,-1,-1,-1,-1,-1,-1,
-1,-1,1028,-1,1498,1570,953,2196,1457,-1,-1,-1,-1,-1,-1,-1,-1,-1,-1,2903,
-1,-1,1029,-1,1892,1226,-1,-1,-1,-1,-1,-1,-1,-1,-1,-1,-1,-1,-1,-1,
-1,-1,-1,533,216,233,339,-1,-1,856,-1,-1,910,-1,-1,-1,-1,-1,-1,-1,
-1,-1,1032,-1,-1,-1,-1,-1,-1,-1,-1,-1,1660,-1,-1,-1,-1,-1,-1,-1,
-1,-1,1033,-1,535,897,-1,-1,-1,-1,610,393,-1,-1,779,343,-1,-1,922,300,
-1,-1,1041,-1,1620,-1,-1,-1,-1,-1,-1,-1,-1,-1,-1,-1,-1,-1,-1,-1,
-1,-1,1043,486,-1,-1,-1,-1,-1,-1,-1,-1,1734,943,-1,-1,-1,-1,-1,-1,
-1,-1,1045,2595,2348,2018,-1,-1,-1,-1,-1,-1,-1,-1,-1,-1,-1,-1,-1,-1,
-1,-1,1047,-1,-1,-1,-1,-1,-1,-1,-1,-1,-1,-1,-1,2196,-1,-1,-1,-1,
-1,-1,1054,-1,-1,-1,-1,-1,-1,-1,-1,-1,-1,-1,-1,-1,826,-1,-1,-1,
-1,-1,1056,1350,1164,-1,-1,-1,-1,-1,-1,-1,-1,-1,-1,1646,-1,-1,-1,-1,
-1,-1,1058,-1,-1,-1,-1,-1,-1,-1,-1,815,-1,1034,-1,-1,653,1167,-1,505,
-1,-1,1060,-1,-1,-1,1356,-1,-1,-1,1179,-1,-1,-1,-1,-1,-1,-1,2111,-1,
-1,-1,1065,-1,-1,710,-1,-1,-1,-1,-1,332,410,-1,-1,-1,-1,-1,710,-1,
-1,-1,1075,-1,585,698,-1,-1,-1,1692,2409,1233,2000,-1,-1,-1,-1,-1,-1,-1,
-1,-1,1077,-1,-1,-1,-1,913,-1,1237,-1,-1,-1,-1,-1,-1,1256,-1,-1,-1,
-1,-1,1078,-1,-1,-1,-1,-1,-1,2295,1727,960,-1,801,-1,-1,-1,-1,-1,-1,
-1,-1,1080,-1,-1,-1,1058,307,-1,-1,-1,-1,-1,454,-1,-1,-1,-1,-1,-1,
-1,-1,1081,-1,-1,-1,-1,-1,-1,-1,-1,-1,1858,-1,-1,-1,-1,-1,-1,-1,
-1,-1,1083,616,914,-1,-1,-1,-1,-1,-1,-1,-1,-1,-1,-1,-1,-1,-1,-1,
-1,-1,1084,432,295,-1,-1,-1,-1,-1,-1,-1,-1,-1,-1,-1,-1,-1,-1,-1,
-1,-1,1087,831,679,2337,-1,-1,-1,-1,-1,-1,1881,-1,-1,-1,-1,-1,-1,-1,
-1,-1,1093,-1,-1,-1,-1,-1,-1,-1,-1,-1,-1,-1,-1,1356,-1,1785,-1,-1,
-1,-1,1104,1337,-1,-1,-1,-1,-1,-1,-1,-1,-1,-1,-1,-1,-1,-1,-1,-1,
-1,-1,1110,-1,-1,-1,-1,-1,-1,-1,1801,-1,-1,-1,-1,2047,-1,1561,-1,-1,
-1,-1,1111,2367,-1,-1,2969,-1,-1,-1,-1,-1,-1,-1,-1,-1,-1,-1,-1,-1,
-1,-1,1112,-1,1168,-1,-1,-1,-1,-1,-1,-1,-1,-1,-1,-1,-1,-1,-1,-1,
-1,-1,1115,-1,-1,1753,2843,-1,-1,-1,-1,-1,-1,-1,-1,-1,-1,-1,-1,-1,
-1,-1,1122,1148,-1,-1,-1,-1,-1,-1,-1,-1,-1,-1,-1,-1,-1,-1,-1,-1,
-1,-1,1125,1742,-1,-1,-1,-1,-1,-1,-1,-1,484,708,-1,317,-1,-1,-1,-1,
-1,-1,1126,1080,1130,1031,-1,1936,716,-1,-1,-1,-1,-1,-1,-1,-1,-1,-1,-1,
-1,-1,1131,-1,-1,-1,-1,-1,-1,-1,-1,-1,1073,-1,-1,-1,-1,-1,-1,-1,
-1,-1,1143,985,-1,-1,-1,-1,-1,-1,-1,-1,-1,-1,-1,-1,-1,-1,-1,-1,
-1,-1,1144,-1,-1,-1,-1,-1,-1,-1,-1,1407,-1,-1,-1,-1,-1,-1,-1,-1,
-1,-1,1147,-1,-1,-1,-1,-1,-1,-1,-1,-1,-1,1985,-1,-1,-1,-1,-1,-1,
-1,-1,1148,-1,-1,1525,-1,-1,-1,1799,829,684,614,-1,-1,-1,-1,-1,-1,-1,
-1,-1,1154,-1,-1,-1,-1,-1,-1,-1,-1,1082,-1,-1,-1,-1,-1,-1,-1,-1,
-1,-1,1161,-1,-1,1346,1758,1084,-1,-1,-1,-1,-1,-1,-1,-1,-1,-1,-1,-1,
-1,-1,1166,-1,-1,-1,-1,-1,-1,-1,-1,-1,-1,-1,1071,1583,-1,-1,-1,-1,
-1,-1,1167,419,-1,-1,-1,-1,-1,-1,-1,-1,-1,-1,840,-1,-1,-1,838,-1,
-1,-1,1175,-1,1116,-1,-1,-1,-1,-1,-1,-1,-1,-1,-1,-1,-1,-1,-1,-1,
-1,-1,1177,2106,-1,-1,-1,-1,-1,-1,-1,-1,-1,-1,-1,1604,-1,-1,-1,-1,
-1,-1,1179,-1,-1,-1,-1,-1,-1,-1,-1,-1,-1,1380,-1,-1,-1,-1,-1,-1,
-1,-1,1181,1030,-1,-1,-1,-1,1947,1634,-1,1559,-1,1168,-1,-1,-1,-1,-1,-1,
-1,-1,1185,-1,717,-1,-1,-1,-1,-1,-1,-1,-1,-1,-1,-1,-1,-1,-1,-1,
-1,-1,-1,-1,-1,-1,-1,-1,-1,524,1019,-1,840,-1,-1,1015,971,1701,1310,710,
-1,-1,1189,-1,625,508,1374,-1,-1,-1,-1,-1,-1,-1,-1,-1,-1,-1,-1,-1,
-1,-1,1192,1013,2740,-1,1550,-1,-1,-1,-1,-1,-1,-1,-1,-1,1812,-1,-1,-1,
-1,-1,1195,-1,2298,-1,-1,-1,-1,-1,-1,-1,-1,-1,-1,-1,-1,-1,-1,-1,
-1,-1,1199,598,941,-1,-1,-1,-1,-1,-1,-1,-1,-1,-1,-1,-1,-1,-1,-1,
-1,-1,1203,-1,-1,-1,-1,-1,-1,-1,-1,-1,-1,1172,-1,-1,-1,-1,-1,-1,
-1,-1,1214,-1,-1,1479,-1,2158,-1,-1,-1,1013,-1,-1,-1,511,1476,-1,-1,-1,
-1,-1,1220,1428,1109,-1,-1,-1,-1,-1,-1,-1,-1,-1,-1,-1,-1,-1,-1,-1,
-1,-1,1224,592,1801,1218,-1,-1,1360,-1,-1,-1,-1,-1,-1,-1,-1,891,-1,-1,
-1,-1,1230,637,-1,274,-1,-1,-1,-1,-1,-1,-1,618,-1,-1,-1,-1,-1,392,
-1,-1,1232,-1,-1,-1,-1,-1,-1,-1,-1,-1,-1,-1,-1,426,1455,-1,-1,808,
-1,-1,1236,2193,-1,-1,-1,-1,-1,-1,-1,-1,-1,-1,-1,-1,-1,-1,-1,-1,
-1,-1,1238,1577,-1,-1,-1,-1,-1,-1,-1,-1,-1,-1,-1,-1,-1,-1,-1,-1,
-1,-1,1244,981,-1,-1,-1,-1,-1,-1,-1,-1,-1,-1,-1,-1,2016,1221,-1,-1,
-1,-1,1250,721,-1,-1,-1,-1,-1,784,-1,-1,-1,-1,-1,-1,-1,-1,-1,-1,
-1,-1,1253,-1,-1,-1,-1,-1,-1,-1,-1,2670,1587,-1,-1,-1,-1,-1,-1,-1,
-1,-1,1254,1099,-1,-1,-1,-1,-1,-1,-1,-1,-1,-1,-1,-1,-1,-1,-1,-1,
-1,-1,1257,-1,-1,-1,-1,-1,-1,-1,-1,-1,-1,-1,-1,2648,-1,919,914,-1,
-1,-1,1262,-1,805,-1,-1,-1,-1,-1,-1,-1,-1,-1,-1,-1,-1,-1,-1,-1,
-1,-1,-1,-1,-1,-1,328,1079,-1,706,257,-1,474,1347,558,635,-1,-1,-1,1459,
-1,-1,1267,-1,-1,-1,-1,1101,-1,-1,-1,-1,-1,-1,-1,-1,-1,-1,-1,-1,
-1,-1,1272,-1,-1,539,604,1187,-1,-1,-1,-1,-1,-1,-1,-1,-1,-1,-1,-1,
-1,-1,1274,-1,-1,-1,-1,-1,-1,-1,-1,-1,-1,-1,2322,-1,-1,-1,-1,-1,
-1,-1,1276,-1,-1,-1,-1,-1,-1,1185,747,850,-1,723,1044,-1,-1,-1,-1,-1,
-1,-1,1277,1461,-1,-1,-1,-1,-1,1123,1200,1594,-1,-1,2327,-1,-1,-1,-1,-1,
-1,-1,1278,2370,-1,-1,1722,1932,-1,2754,2778,-1,-1,1846,-1,-1,-1,-1,-1,-1,
-1,-1,1280,-1,1777,-1,-1,-1,-1,-1,-1,-1,-1,-1,-1,-1,-1,-1,-1,-1,
-1,-1,1281,2776,-1,-1,2550,-1,-1,-1,-1,-1,-1,-1,-1,-1,1147,-1,-1,-1,
-1,-1,1285,-1,-1,-1,-1,-1,2835,1769,-1,-1,-1,-1,-1,-1,-1,-1,-1,-1,
-1,-1,1295,1295,1593,1690,2462,1764,-1,1166,870,1152,2548,-1,-1,-1,-1,-1,-1,-1,
-1,-1,1296,-1,-1,-1,2685,-1,-1,-1,-1,-1,-1,-1,-1,-1,-1,-1,-1,-1,
-1,-1,1300,-1,-1,-1,-1,-1,-1,-1,-1,2144,1996,-1,-1,-1,-1,-1,-1,-1,
-1,-1,1313,-1,-1,1882,-1,-1,-1,-1,-1,-1,-1,-1,-1,-1,-1,-1,-1,-1,
-1,-1,1319,-1,-1,1350,-1,-1,-1,-1,-1,-1,-1,-1,-1,-1,-1,-1,-1,-1,
-1,-1,1323,1208,-1,-1,-1,-1,-1,-1,-1,-1,-1,-1,-1,-1,-1,-1,-1,-1,
-1,-1,1326,-1,-1,-1,-1,-1,1898,2075,-1,-1,-1,-1,-1,1124,-1,-1,1978,-1,
-1,-1,1328,-1,-1,-1,-1,-1,-1,-1,-1,-1,-1,-1,-1,-1,-1,-1,-1,573,
-1,-1,1330,-1,-1,2189,-1,-1,-1,-1,-1,-1,-1,-1,-1,-1,-1,-1,-1,-1,
-1,-1,1337,939,-1,-1,1336,-1,1578,-1,-1,-1,-1,-1,-1,-1,2462,-1,-1,-1,
-1,-1,1341,2460,-1,-1,-1,-1,-1,-1,-1,-1,-1,-1,-1,-1,-1,-1,-1,-1,
-1,-1,1347,-1,-1,1846,1985,-1,-1,-1,-1,-1,-1,-1,-1,-1,-1,-1,-1,2067,
-1,-1,1349,-1,-1,1144,1803,2217,-1,-1,776,-1,-1,-1,-1,-1,-1,-1,1723,-1,
-1,-1,1354,-1,1544,-1,-1,-1,-1,-1,2148,-1,-1,-1,1925,492,850,-1,1980,-1,
-1,-1,1355,1155,-1,-1,-1,-1,-1,-1,-1,-1,-1,-1,-1,-1,-1,-1,-1,-1,
-1,-1,1356,945,1368,-1,-1,-1,-1,-1,-1,-1,-1,-1,-1,-1,-1,-1,-1,-1,
-1,-1,1361,-1,-1,-1,-1,-1,-1,-1,-1,-1,-1,1561,1245,1230,1191,1130,837,-1,
-1,-1,1364,-1,2014,-1,-1,-1,-1,-1,1914,-1,-1,-1,-1,1737,-1,-1,732,708,
-1,-1,1365,-1,-1,-1,-1,-1,-1,-1,-1,-1,1672,-1,-1,-1,-1,-1,-1,-1,
-1,-1,1378,1248,-1,-1,-1,-1,-1,-1,-1,-1,-1,-1,-1,-1,-1,-1,-1,-1,
-1,-1,1382,-1,1771,-1,-1,-1,-1,-1,-1,-1,-1,-1,-1,-1,-1,-1,-1,-1,
-1,-1,1383,-1,-1,-1,872,-1,-1,-1,-1,-1,-1,-1,-1,-1,-1,-1,-1,-1,
-1,-1,1385,-1,1796,-1,855,-1,-1,-1,-1,-1,-1,-1,-1,1796,-1,-1,-1,-1,
-1,-1,1387,2808,-1,-1,-1,-1,-1,-1,-1,-1,-1,-1,-1,-1,-1,-1,2070,2701,
-1,-1,1388,1813,-1,-1,-1,-1,-1,-1,-1,-1,-1,-1,-1,-1,-1,-1,-1,-1,
-1,-1,1389,-1,-1,-1,1362,-1,-1,-1,-1,-1,-1,-1,-1,-1,-1,-1,-1,1091,
-1,-1,1391,-1,-1,-1,-1,-1,-1,-1,-1,1283,-1,-1,-1,1390,1865,-1,928,-1,
-1,-1,1392,-1,-1,-1,-1,-1,-1,-1,-1,-1,-1,-1,2867,-1,-1,-1,-1,-1,
-1,-1,1396,2205,-1,-1,-1,-1,-1,-1,-1,-1,-1,-1,-1,-1,-1,-1,-1,-1,
-1,-1,1410,-1,1295,-1,-1,-1,-1,-1,-1,-1,-1,-1,-1,-1,-1,-1,-1,-1,
-1,-1,1411,2566,-1,1441,-1,1912,-1,-1,2305,-1,-1,-1,-1,-1,-1,-1,-1,-1,
-1,-1,1417,1032,548,-1,-1,-1,-1,-1,-1,-1,-1,-1,-1,-1,-1,-1,-1,-1,
-1,-1,1422,867,-1,-1,-1,-1,-1,-1,-1,-1,-1,-1,-1,-1,-1,611,-1,-1,
-1,-1,1423,1027,2590,-1,-1,-1,-1,-1,-1,1105,-1,813,-1,-1,-1,-1,-1,-1,
-1,-1,1424,-1,2060,-1,-1,-1,-1,-1,-1,-1,-1,-1,-1,-1,1048,-1,-1,-1,
-1,-1,1425,-1,-1,-1,-1,2138,-1,-1,-1,-1,-1,-1,-1,-1,-1,1116,-1,-1,
-1,-1,1428,-1,-1,1653,-1,-1,-1,-1,-1,-1,-1,-1,-1,-1,-1,-1,-1,-1,
-1,-1,1429,1826,1003,684,-1,-1,-1,769,-1,-1,-1,-1,-1,-1,-1,-1,-1,-1,
-1,-1,1432,-1,-1,-1,-1,-1,-1,-1,-1,-1,2220,-1,-1,-1,-1,-1,-1,-1,
-1,-1,1439,1031,2100,-1,-1,-1,-1,-1,-1,-1,-1,-1,-1,-1,-1,-1,-1,-1,
-1,-1,1442,2059,-1,-1,-1,-1,-1,-1,-1,-1,-1,-1,-1,-1,-1,-1,-1,-1,
-1,-1,1445,-1,2878,-1,-1,-1,-1,-1,-1,-1,-1,-1,-1,-1,-1,-1,-1,-1,
-1,-1,1446,-1,-1,-1,-1,-1,-1,2211,-1,1713,-1,-1,-1,-1,-1,-1,-1,-1,
-1,-1,1447,-1,-1,1455,-1,-1,-1,-1,-1,-1,-1,-1,-1,-1,-1,-1,-1,-1,
-1,-1,1457,-1,2080,2272,-1,-1,-1,-1,-1,-1,-1,-1,1899,1143,-1,1491,-1,-1,
-1,-1,1458,-1,-1,-1,-1,-1,-1,-1,-1,-1,-1,-1,-1,-1,-1,-1,2227,1293,
-1,-1,1461,1050,-1,-1,-1,-1,-1,-1,-1,-1,-1,-1,-1,-1,-1,-1,2288,-1,
-1,-1,1465,-1,-1,-1,1869,-1,-1,-1,-1,-1,1059,794,1139,-1,-1,-1,1342,-1,
-1,-1,1468,546,806,1502,1604,-1,-1,-1,-1,-1,-1,-1,-1,-1,-1,-1,849,-1,
-1,-1,1471,741,2278,-1,-1,-1,-1,-1,-1,1614,-1,-1,-1,-1,1084,-1,-1,-1,
-1,-1,1472,-1,1061,-1,-1,-1,-1,-1,-1,-1,-1,587,-1,-1,-1,2416,1639,-1,
-1,-1,1473,-1,-1,-1,973,2567,1230,-1,-1,-1,-1,-1,-1,-1,734,1294,2491,1267,
-1,-1,1476,-1,-1,861,1894,-1,2719,-1,-1,-1,-1,-1,-1,-1,-1,-1,2318,-1,
-1,-1,1480,-1,-1,-1,-1,-1,-1,-1,2223,-1,-1,-1,-1,-1,-1,-1,1318,-1,
-1,-1,1481,-1,-1,-1,-1,-1,-1,-1,-1,-1,-1,-1,-1,-1,-1,-1,2434,2516,
2550,-1,1483,-1,-1,-1,-1,-1,-1,-1,-1,-1,1113,-1,-1,-1,-1,-1,-1,-1,
-1,-1,1487,-1,-1,-1,-1,570,2287,-1,-1,-1,1242,481,1191,-1,-1,-1,-1,867,
-1,-1,1488,-1,-1,-1,-1,-1,2784,-1,-1,-1,-1,-1,-1,-1,2786,-1,1253,-1,
-1,-1,1491,973,1668,-1,2641,-1,-1,-1,-1,2021,-1,-1,-1,-1,-1,-1,-1,-1,
-1,-1,1492,-1,1403,-1,2519,-1,-1,-1,-1,-1,-1,-1,-1,952,-1,-1,-1,-1,
-1,-1,1496,-1,-1,1702,-1,-1,-1,-1,-1,-1,-1,-1,-1,-1,-1,-1,-1,1987,
-1,-1,1497,-1,-1,-1,2753,2173,-1,-1,-1,1749,1268,-1,-1,-1,-1,-1,-1,-1,
-1,-1,1506,-1,2159,-1,-1,-1,-1,-1,-1,-1,-1,-1,-1,-1,-1,-1,-1,-1,
-1,-1,1508,-1,1611,1933,-1,-1,-1,-1,-1,-1,-1,-1,-1,-1,-1,-1,-1,-1,
-1,-1,1509,-1,-1,-1,-1,-1,-1,-1,-1,-1,-1,-1,-1,-1,-1,665,-1,-1,
-1,-1,1510,-1,-1,-1,-1,-1,-1,-1,-1,-1,-1,1838,-1,-1,-1,-1,-1,-1,
-1,-1,1512,-1,-1,-1,-1,-1,-1,-1,-1,-1,-1,-1,-1,-1,-1,-1,2040,-1,
-1,-1,1527,-1,-1,678,-1,-1,-1,-1,-1,-1,-1,-1,-1,-1,-1,-1,-1,-1,
-1,-1,1531,1994,-1,-1,-1,-1,-1,-1,-1,-1,-1,-1,-1,-1,-1,-1,-1,-1,
-1,-1,1532,-1,-1,-1,-1,-1,-1,-1,-1,-1,-1,-1,-1,1291,-1,-1,-1,-1,
-1,-1,1540,-1,-1,-1,-1,-1,-1,-1,-1,-1,-1,-1,1411,-1,-1,-1,-1,-1,
-1,-1,1541,-1,-1,-1,-1,-1,-1,-1,-1,-1,-1,-1,1418,-1,-1,-1,1671,-1,
-1,-1,1543,-1,-1,-1,-1,-1,-1,-1,-1,718,-1,-1,-1,-1,-1,1902,-1,-1,
-1,-1,1546,-1,-1,-1,1232,-1,-1,-1,-1,-1,-1,-1,-1,-1,-1,-1,-1,-1,
-1,-1,1551,-1,-1,-1,1931,-1,-1,-1,-1,-1,-1,-1,-1,-1,-1,-1,-1,-1,
-1,-1,1559,-1,-1,-1,-1,-1,1319,-1,-1,-1,-1,-1,-1,-1,-1,-1,-1,-1,
-1,-1,1561,-1,-1,-1,-1,-1,-1,-1,-1,-1,1702,-1,2095,-1,-1,2156,1526,1509,
-1,-1,1563,-1,-1,-1,-1,-1,1311,-1,-1,-1,-1,-1,-1,-1,-1,-1,-1,-1,
-1,-1,1565,-1,-1,-1,-1,-1,-1,-1,-1,-1,-1,779,-1,-1,-1,-1,-1,-1,
-1,-1,1566,1916,-1,-1,-1,-1,-1,-1,-1,-1,-1,-1,-1,-1,-1,-1,-1,-1,
-1,-1,1568,-1,-1,1504,-1,-1,-1,-1,-1,-1,-1,1995,2214,-1,-1,-1,-1,2894,
-1,-1,1574,-1,-1,-1,2723,-1,1658,-1,-1,-1,-1,-1,-1,-1,-1,-1,-1,-1,
-1,-1,1575,-1,1740,-1,2835,-1,-1,-1,-1,-1,-1,-1,-1,-1,-1,-1,-1,-1,
-1,-1,1576,-1,-1,-1,-1,-1,-1,-1,-1,-1,-1,619,-1,-1,-1,-1,-1,-1,
-1,-1,1580,999,-1,-1,-1,-1,-1,-1,-1,-1,-1,-1,-1,-1,-1,-1,-1,-1,
-1,-1,-1,-1,-1,2339,2277,2466,-1,1444,-1,-1,-1,-1,-1,-1,-1,-1,-1,-1,
-1,-1,1583,1264,-1,-1,-1,-1,-1,-1,-1,-1,-1,-1,-1,-1,-1,-1,-1,-1,
-1,-1,1584,1408,2257,2466,-1,1656,-1,2665,-1,-1,-1,-1,-1,-1,-1,2072,-1,-1,
-1,-1,1585,-1,-1,-1,-1,-1,-1,1581,515,630,-1,-1,-1,-1,-1,-1,-1,-1,
-1,-1,1589,1665,-1,-1,-1,-1,-1,-1,-1,-1,-1,-1,-1,-1,-1,-1,-1,-1,
-1,-1,1590,-1,-1,-1,-1,-1,-1,-1,-1,-1,2085,2424,-1,-1,-1,-1,-1,-1,
-1,-1,1592,-1,-1,-1,-1,-1,-1,-1,-1,-1,2303,2048,-1,-1,-1,-1,-1,-1,
-1,-1,1593,-1,827,1602,488,-1,-1,-1,-1,-1,-1,-1,-1,-1,-1,-1,-1,-1,
-1,-1,1595,-1,-1,-1,-1,-1,1707,1961,-1,-1,-1,-1,-1,-1,-1,-1,-1,-1,
-1,-1,1598,-1,1633,-1,-1,-1,-1,-1,-1,-1,-1,-1,-1,-1,-1,-1,-1,-1,
-1,-1,1600,-1,-1,-1,-1,-1,-1,-1,-1,-1,-1,-1,-1,1326,-1,2750,-1,-1,
-1,-1,1602,1369,-1,-1,-1,-1,-1,-1,-1,-1,-1,-1,-1,-1,-1,-1,-1,-1,
-1,-1,1605,-1,-1,-1,-1,-1,-1,-1,-1,696,-1,-1,-1,-1,1216,-1,-1,-1,
-1,-1,1608,1478,1227,1278,-1,-1,-1,-1,-1,-1,-1,-1,-1,-1,-1,-1,-1,-1,
-1,-1,1613,-1,2316,-1,-1,-1,-1,-1,-1,-1,-1,-1,-1,-1,-1,-1,-1,-1,
-1,-1,1619,2274,-1,-1,1215,-1,-1,-1,-1,-1,-1,1534,-1,-1,-1,-1,-1,-1,
-1,-1,1627,2172,-1,-1,-1,-1,-1,-1,-1,-1,-1,-1,2389,-1,-1,-1,-1,2187,
-1,-1,1632,-1,-1,-1,-1,-1,-1,-1,-1,-1,-1,-1,-1,-1,-1,-1,-1,2188,
-1,-1,1635,786,616,722,873,744,-1,389,826,-1,582,558,692,1622,-1,-1,-1,-1,
-1,-1,1636,-1,-1,934,1770,-1,-1,-1,-1,-1,-1,-1,-1,-1,-1,-1,-1,-1,
-1,-1,1638,-1,-1,-1,-1,-1,-1,-1,1652,-1,-1,-1,-1,-1,-1,-1,-1,-1,
-1,-1,1641,1239,1715,1403,1109,-1,-1,-1,-1,-1,-1,-1,2612,-1,-1,-1,-1,-1,
-1,-1,1642,2435,-1,-1,-1,-1,-1,-1,1257,-1,-1,-1,-1,-1,-1,-1,-1,-1,
-1,-1,1643,-1,-1,-1,-1,-1,-1,1877,-1,-1,-1,-1,-1,-1,-1,-1,-1,-1,
-1,-1,1644,1787,-1,-1,-1,-1,-1,-1,-1,2478,1212,1441,-1,-1,-1,-1,-1,-1,
-1,-1,1645,1266,1440,1624,-1,-1,-1,-1,-1,-1,2432,-1,-1,1944,2342,-1,-1,-1,
-1,-1,1646,-1,-1,-1,-1,-1,-1,2948,-1,-1,-1,-1,-1,-1,-1,-1,-1,-1,
-1,-1,1649,2789,-1,-1,-1,-1,-1,-1,-1,-1,-1,2498,-1,-1,-1,-1,-1,-1,
-1,-1,1650,-1,-1,1708,-1,-1,-1,-1,-1,-1,-1,-1,-1,-1,-1,-1,-1,-1,
-1,-1,1651,-1,-1,-1,-1,-1,-1,1238,1205,1817,-1,-1,-1,-1,-1,-1,-1,-1,
-1,-1,1656,-1,-1,-1,-1,-1,-1,-1,-1,-1,-1,630,-1,-1,-1,-1,-1,-1,
-1,-1,1659,794,-1,-1,-1,-1,-1,-1,-1,-1,-1,-1,-1,-1,-1,-1,-1,-1,
-1,-1,1661,-1,-1,-1,-1,-1,-1,-1,-1,-1,-1,-1,868,-1,-1,-1,-1,-1,
-1,-1,1663,1827,-1,-1,-1,-1,-1,-1,-1,-1,-1,-1,-1,-1,-1,-1,-1,-1,
-1,-1,1666,-1,-1,-1,2326,-1,-1,-1,-1,-1,-1,-1,-1,-1,-1,-1,-1,-1,
-1,-1,1669,-1,-1,-1,-1,-1,-1,2105,-1,-1,-1,-1,-1,-1,-1,-1,-1,-1,
-1,-1,1671,2237,-1,-1,-1,-1,-1,-1,-1,-1,-1,-1,-1,-1,-1,-1,-1,-1,
-1,-1,1676,2368,-1,-1,-1,-1,-1,-1,-1,-1,-1,-1,-1,-1,-1,-1,-1,-1,
-1,-1,1678,-1,-1,1768,-1,-1,-1,-1,-1,-1,-1,-1,-1,-1,-1,-1,-1,-1,
-1,-1,1680,1474,-1,-1,-1,-1,-1,-1,-1,-1,-1,-1,-1,-1,-1,-1,-1,-1,
-1,-1,1681,-1,-1,-1,-1,-1,-1,-1,-1,-1,-1,-1,-1,-1,1695,-1,-1,-1,
-1,-1,1682,-1,-1,-1,-1,-1,-1,-1,-1,-1,-1,-1,1741,-1,-1,-1,-1,-1,
-1,-1,1683,-1,-1,-1,-1,-1,2217,-1,1694,-1,-1,-1,-1,-1,-1,-1,-1,-1,
-1,-1,-1,-1,-1,1514,-1,1033,-1,-1,-1,-1,-1,661,1549,661,-1,509,694,570,
-1,-1,1689,-1,-1,-1,1651,-1,-1,-1,-1,-1,-1,-1,-1,-1,-1,-1,-1,-1,
-1,-1,1690,-1,-1,-1,-1,-1,-1,-1,-1,-1,-1,-1,1589,-1,-1,-1,-1,-1,
-1,-1,1695,-1,-1,-1,2604,-1,-1,-1,-1,-1,1640,-1,-1,-1,-1,-1,-1,-1,
-1,-1,1699,-1,-1,-1,-1,-1,-1,-1,-1,-1,-1,1061,2115,-1,-1,-1,-1,-1,
-1,-1,1703,2184,2208,-1,-1,-1,-1,-1,-1,-1,-1,-1,-1,-1,-1,-1,-1,-1,
-1,-1,1704,-1,-1,-1,-1,-1,944,-1,-1,-1,-1,-1,-1,-1,-1,-1,-1,-1,
-1,-1,1706,-1,-1,-1,-1,-1,687,-1,-1,-1,-1,-1,-1,-1,-1,-1,-1,-1,
-1,-1,1709,-1,-1,-1,-1,-1,-1,-1,-1,-1,-1,-1,-1,2163,-1,-1,-1,-1,
-1,-1,1711,-1,-1,-1,-1,2444,-1,-1,-1,-1,-1,-1,-1,-1,-1,-1,-1,-1,
-1,-1,1714,-1,-1,-1,-1,-1,759,-1,-1,792,-1,-1,-1,-1,-1,-1,-1,-1,
-1,-1,-1,-1,-1,502,528,352,-1,-1,777,407,-1,573,545,-1,-1,-1,-1,-1,
-1,-1,1726,-1,-1,-1,-1,-1,-1,-1,-1,-1,-1,-1,-1,-1,-1,-1,-1,882,
-1,-1,1729,-1,-1,-1,-1,-1,-1,-1,957,-1,-1,-1,-1,-1,-1,-1,-1,-1,
-1,-1,1732,-1,-1,2913,-1,-1,-1,-1,-1,-1,-1,-1,-1,-1,-1,-1,-1,-1,
-1,-1,1741,2123,-1,-1,-1,-1,-1,-1,-1,-1,-1,-1,-1,-1,-1,-1,-1,-1,
-1,-1,1742,2220,1782,2165,-1,-1,-1,1863,-1,-1,-1,-1,-1,-1,-1,-1,-1,-1,
-1,-1,1743,1519,-1,-1,-1,-1,-1,-1,-1,-1,-1,-1,-1,-1,-1,-1,-1,-1,
-1,-1,1744,-1,-1,-1,-1,-1,-1,-1,1988,2193,-1,-1,2308,-1,-1,-1,-1,-1,
-1,-1,1747,-1,-1,2321,-1,-1,-1,-1,-1,-1,-1,-1,-1,-1,-1,-1,-1,-1,
-1,-1,1750,-1,-1,-1,-1,-1,-1,-1,-1,-1,-1,-1,-1,-1,-1,1158,815,-1,
-1,-1,1753,-1,-1,-1,-1,-1,-1,-1,1390,-1,-1,-1,-1,-1,-1,-1,-1,-1,
-1,-1,1754,-1,-1,-1,-1,-1,-1,-1,-1,-1,-1,-1,-1,-1,-1,1984,-1,-1,
-1,-1,1763,1580,1400,2939,2127,1696,-1,-1,2073,-1,-1,-1,-1,-1,-1,-1,-1,-1,
-1,-1,1769,-1,-1,-1,-1,-1,-1,-1,-1,-1,-1,-1,-1,-1,-1,-1,821,-1,
-1,-1,1773,2765,2154,-1,1403,-1,1335,1978,-1,-1,-1,-1,-1,-1,-1,-1,-1,-1,
-1,-1,1774,-1,-1,-1,-1,360,878,-1,660,1349,-1,-1,-1,498,-1,1077,-1,572,
-1,-1,1777,2527,-1,-1,2902,-1,1193,2825,-1,1323,-1,-1,-1,-1,2128,-1,-1,-1,
-1,-1,1783,-1,2759,-1,-1,-1,-1,-1,-1,-1,-1,-1,-1,-1,-1,-1,-1,-1,
-1,-1,1784,-1,-1,-1,-1,-1,-1,-1,-1,-1,-1,-1,-1,-1,-1,1554,-1,-1,
-1,-1,1786,-1,-1,-1,-1,-1,-1,-1,2572,1693,2425,2698,-1,-1,1905,2173,-1,-1,
-1,-1,1789,-1,-1,-1,-1,-1,-1,-1,-1,2288,-1,-1,-1,-1,-1,-1,-1,-1,
-1,-1,1791,-1,-1,2168,-1,-1,-1,-1,-1,-1,-1,-1,-1,-1,-1,-1,-1,-1,
-1,-1,1794,-1,-1,-1,-1,-1,-1,2000,-1,1875,-1,-1,-1,-1,-1,-1,-1,-1,
-1,-1,1796,-1,-1,-1,-1,-1,-1,-1,-1,-1,1217,2273,-1,-1,-1,-1,-1,-1,
-1,-1,1802,-1,1313,1442,-1,1116,-1,-1,-1,-1,-1,-1,-1,-1,-1,-1,-1,-1,
-1,-1,1811,1494,-1,-1,-1,-1,-1,-1,-1,-1,-1,-1,-1,-1,-1,-1,-1,-1,
-1,-1,1813,1514,1576,-1,1485,-1,-1,-1,-1,1756,-1,1432,-1,-1,-1,-1,-1,1067,
-1,-1,1818,1551,-1,-1,2632,-1,-1,-1,-1,-1,-1,-1,-1,-1,-1,-1,1428,-1,
-1,-1,1822,-1,-1,-1,-1,-1,-1,846,-1,-1,-1,-1,-1,-1,-1,-1,-1,-1,
-1,-1,1824,-1,931,-1,-1,-1,-1,-1,-1,-1,-1,-1,-1,-1,-1,-1,-1,-1,
-1,-1,1836,-1,-1,-1,-1,-1,-1,-1,-1,-1,2418,1871,-1,-1,-1,-1,-1,-1,
-1,-1,1837,-1,-1,-1,-1,-1,-1,1232,-1,-1,532,866,787,-1,-1,-1,-1,-1,
-1,-1,1840,1595,2132,-1,-1,-1,-1,-1,-1,-1,-1,-1,-1,-1,-1,-1,-1,-1,
-1,-1,1841,-1,-1,1850,-1,-1,-1,-1,1724,-1,-1,-1,-1,-1,-1,-1,-1,-1,
-1,-1,1851,-1,-1,-1,1848,653,-1,-1,-1,-1,1171,-1,634,-1,984,-1,-1,-1,
-1,-1,1860,-1,2354,-1,-1,-1,-1,-1,-1,-1,-1,-1,-1,-1,-1,693,972,641,
-1,-1,1869,-1,744,811,-1,-1,-1,-1,-1,-1,-1,-1,-1,-1,-1,-1,-1,971,
-1,-1,1871,-1,-1,2576,-1,-1,-1,-1,-1,-1,-1,-1,-1,-1,-1,-1,-1,-1,
-1,-1,1876,-1,-1,-1,-1,-1,-1,-1,-1,-1,1225,-1,-1,-1,-1,-1,-1,-1,
-1,-1,1877,1696,1447,1591,1817,-1,-1,1354,-1,-1,-1,-1,-1,-1,-1,-1,-1,-1,
-1,-1,1878,-1,-1,2427,-1,-1,-1,2828,-1,-1,2650,-1,1779,1783,-1,-1,-1,-1,
-1,-1,1882,1024,714,790,-1,-1,-1,-1,-1,-1,-1,-1,-1,-1,-1,-1,-1,-1,
-1,-1,1886,-1,-1,-1,-1,-1,2231,2151,-1,1216,-1,-1,-1,-1,-1,-1,-1,-1,
-1,-1,1889,-1,-1,-1,-1,-1,-1,-1,-1,-1,-1,-1,-1,-1,-1,2865,-1,-1,
-1,-1,1901,1322,1539,659,-1,1083,-1,-1,-1,-1,-1,-1,-1,-1,-1,-1,-1,-1,
-1,-1,1909,-1,-1,-1,-1,-1,-1,-1,-1,-1,-1,-1,-1,-1,2375,-1,-1,-1,
-1,-1,1911,-1,-1,-1,-1,-1,-1,-1,-1,-1,-1,-1,-1,-1,-1,-1,879,-1,
-1,-1,1917,-1,-1,-1,2738,-1,-1,-1,-1,-1,-1,-1,-1,-1,-1,-1,-1,-1,
-1,-1,1919,-1,2301,-1,-1,-1,-1,-1,-1,-1,-1,-1,-1,-1,-1,-1,-1,-1,
-1,-1,1920,-1,-1,2725,-1,-1,-1,-1,-1,-1,-1,-1,-1,-1,-1,-1,-1,-1,
-1,-1,1926,2643,2104,2104,-1,-1,-1,-1,-1,-1,-1,-1,-1,-1,-1,-1,-1,-1,
-1,-1,1928,1464,978,-1,-1,-1,-1,-1,-1,-1,-1,-1,-1,-1,-1,-1,-1,-1,
-1,-1,1932,783,1423,2434,1891,2129,-1,-1,-1,-1,-1,-1,-1,-1,-1,-1,-1,-1,
-1,-1,1933,-1,2047,-1,-1,-1,-1,-1,-1,-1,-1,-1,-1,-1,-1,-1,-1,-1,
-1,-1,1941,-1,-1,-1,-1,-1,-1,-1,-1,-1,-1,-1,-1,-1,1836,-1,-1,-1,
-1,-1,1946,-1,-1,-1,-1,-1,-1,-1,816,1141,-1,-1,-1,-1,-1,-1,-1,-1,
-1,-1,1947,-1,988,-1,1313,-1,-1,-1,-1,-1,-1,-1,-1,-1,-1,-1,-1,-1,
-1,-1,1948,-1,-1,-1,-1,-1,-1,1900,-1,-1,-1,-1,-1,-1,-1,-1,-1,-1,
-1,-1,1949,1930,-1,-1,-1,-1,2039,-1,-1,-1,-1,-1,-1,-1,-1,-1,-1,-1,
-1,-1,1955,2540,2444,2062,1508,-1,-1,-1,-1,-1,-1,-1,-1,-1,-1,-1,-1,-1,
-1,-1,1956,-1,-1,1315,1858,-1,-1,-1,-1,-1,-1,-1,-1,-1,-1,-1,-1,-1,
-1,-1,1960,-1,-1,-1,-1,-1,-1,-1,-1,-1,-1,-1,-1,-1,-1,2657,-1,-1,
-1,-1,1965,2223,-1,-1,-1,-1,-1,-1,-1,-1,-1,-1,-1,-1,-1,-1,-1,-1,
-1,-1,1967,1459,1728,-1,-1,-1,-1,-1,-1,-1,-1,-1,-1,-1,-1,-1,-1,-1,
-1,-1,1971,-1,-1,-1,-1,-1,-1,-1,-1,-1,-1,1186,-1,-1,-1,-1,-1,-1,
-1,-1,1973,-1,-1,-1,-1,-1,-1,-1,-1,-1,2556,-1,-1,-1,-1,-1,-1,-1,
-1,-1,1978,-1,-1,-1,-1,-1,-1,-1,-1,2576,-1,-1,-1,-1,-1,-1,-1,-1,
-1,-1,1980,-1,-1,-1,-1,-1,-1,-1,-1,-1,-1,-1,-1,-1,1792,1569,-1,-1,
-1,-1,1985,1245,2113,-1,-1,-1,-1,-1,-1,-1,-1,-1,2474,-1,-1,-1,-1,-1,
-1,-1,1986,-1,-1,-1,-1,1247,810,1591,2931,-1,1751,1676,-1,2849,-1,-1,-1,1559,
-1,-1,1989,2749,1648,1881,-1,2362,1749,2324,1509,1574,1439,1320,1295,1853,1893,-1,1872,2605,
-1,-1,1990,602,-1,-1,-1,-1,-1,-1,-1,-1,-1,1362,-1,1345,1230,1412,-1,-1,
-1,-1,1991,-1,-1,-1,-1,-1,-1,-1,-1,-1,-1,2066,-1,-1,-1,-1,-1,-1,
-1,-1,2000,-1,1214,-1,-1,-1,-1,-1,-1,-1,-1,-1,1201,-1,-1,-1,-1,-1,
-1,-1,2001,-1,-1,-1,-1,-1,-1,-1,-1,-1,-1,-1,1089,-1,-1,-1,-1,-1,
-1,-1,2002,-1,-1,-1,1201,1348,1960,-1,-1,-1,-1,-1,-1,-1,-1,-1,-1,-1,
-1,-1,2005,-1,-1,1019,-1,1078,-1,-1,-1,-1,-1,-1,-1,-1,-1,-1,-1,-1,
-1,-1,2016,2284,2287,2115,-1,-1,-1,-1,-1,-1,-1,-1,-1,-1,-1,-1,-1,-1,
-1,-1,2018,2412,-1,-1,-1,-1,-1,-1,-1,-1,-1,-1,-1,-1,-1,-1,-1,-1,
-1,-1,2020,-1,-1,-1,1228,-1,-1,-1,-1,-1,-1,-1,-1,-1,-1,-1,-1,-1,
-1,-1,2023,-1,-1,-1,1129,835,-1,-1,-1,-1,-1,-1,-1,-1,-1,-1,-1,-1,
-1,-1,2024,-1,-1,-1,-1,-1,-1,-1,-1,-1,-1,-1,-1,1623,-1,-1,-1,-1,
-1,-1,2027,-1,-1,-1,-1,-1,-1,-1,-1,-1,-1,-1,-1,924,1964,-1,-1,-1,
-1,-1,2033,-1,-1,-1,1008,-1,-1,-1,-1,-1,-1,-1,-1,-1,-1,-1,-1,-1,
-1,-1,2046,-1,-1,-1,-1,-1,-1,-1,-1,-1,-1,-1,-1,-1,-1,-1,2786,-1,
-1,-1,2047,1017,-1,-1,-1,-1,-1,-1,-1,-1,-1,-1,-1,-1,-1,-1,-1,-1,
-1,-1,2056,1381,-1,-1,-1,-1,-1,-1,-1,-1,-1,-1,-1,-1,-1,-1,-1,-1,
-1,-1,2057,-1,-1,-1,-1,-1,-1,-1,-1,-1,-1,-1,-1,-1,-1,2353,-1,-1,
-1,-1,2062,-1,-1,948,-1,-1,-1,-1,-1,-1,-1,-1,-1,-1,-1,-1,-1,-1,
-1,-1,2063,1693,2468,-1,-1,-1,-1,-1,-1,-1,-1,-1,-1,-1,-1,-1,-1,-1,
-1,-1,2068,2137,882,-1,-1,-1,-1,-1,-1,-1,-1,-1,1145,-1,-1,-1,-1,-1,
-1,-1,-1,-1,-1,2283,-1,-1,-1,-1,-1,1960,947,1954,2408,1299,-1,2462,1387,980,
-1,-1,2093,2703,-1,-1,-1,-1,-1,-1,-1,-1,-1,-1,-1,-1,-1,-1,-1,-1,
-1,-1,2099,-1,-1,-1,-1,-1,1745,1321,-1,-1,-1,-1,-1,-1,-1,-1,-1,-1,
-1,-1,2105,896,1419,-1,-1,-1,-1,-1,-1,-1,-1,-1,-1,-1,-1,-1,2225,-1,
-1,-1,2107,684,1012,-1,-1,-1,-1,1837,952,2553,-1,1928,-1,-1,-1,-1,-1,-1,
-1,-1,2112,1655,-1,-1,-1,-1,-1,-1,-1,-1,-1,-1,-1,-1,-1,-1,-1,-1,
-1,-1,2114,1596,-1,-1,-1,-1,-1,-1,-1,-1,-1,-1,-1,-1,-1,-1,-1,-1,
-1,-1,2117,2158,-1,-1,-1,-1,-1,-1,-1,-1,-1,-1,2052,1161,-1,-1,-1,-1,
-1,-1,2123,1086,2505,2898,2651,-1,-1,-1,-1,-1,-1,-1,-1,-1,-1,-1,-1,-1,
-1,-1,2134,1554,-1,-1,-1,-1,-1,-1,-1,-1,-1,-1,-1,-1,-1,-1,-1,-1,
-1,-1,2135,-1,2907,-1,-1,-1,-1,-1,-1,-1,-1,-1,-1,-1,-1,-1,-1,-1,
-1,-1,2140,2725,2330,1075,-1,2092,2297,-1,-1,-1,-1,-1,-1,-1,-1,-1,-1,1909,
-1,-1,2141,705,1371,1026,1268,2782,-1,2877,1894,2679,-1,-1,-1,-1,-1,-1,-1,-1,
-1,-1,2145,-1,-1,-1,-1,2836,-1,-1,-1,-1,-1,-1,-1,-1,-1,-1,-1,-1,
-1,-1,2150,-1,-1,-1,-1,-1,-1,-1,-1,-1,-1,-1,-1,-1,-1,-1,-1,2233,
-1,-1,2152,-1,-1,-1,-1,-1,-1,-1,-1,-1,-1,1309,-1,-1,-1,-1,-1,-1,
-1,-1,2155,-1,-1,1330,2335,-1,-1,-1,-1,-1,1615,-1,-1,-1,-1,-1,-1,-1,
-1,-1,2162,-1,-1,-1,2533,-1,-1,-1,-1,-1,-1,-1,-1,-1,-1,-1,-1,-1,
-1,-1,2164,-1,-1,-1,-1,1807,-1,-1,-1,-1,-1,-1,-1,-1,-1,-1,-1,-1,
-1,-1,2172,1883,-1,-1,-1,-1,-1,-1,-1,-1,-1,-1,-1,-1,-1,-1,-1,-1,
-1,-1,2179,2113,-1,-1,-1,-1,-1,-1,1077,1621,-1,-1,-1,-1,-1,-1,-1,-1,
2504,-1,2181,1989,906,1473,-1,-1,-1,-1,-1,-1,-1,-1,817,-1,-1,-1,-1,-1,
-1,-1,2184,-1,-1,-1,-1,-1,-1,-1,2034,2900,-1,-1,-1,-1,-1,-1,-1,-1,
-1,-1,-1,-1,-1,1345,813,1232,929,2300,-1,-1,-1,-1,-1,-1,-1,-1,-1,-1,
-1,-1,2192,2757,1679,-1,-1,-1,-1,-1,-1,-1,-1,-1,-1,-1,2349,2907,-1,-1,
-1,-1,2193,-1,-1,2914,-1,-1,-1,-1,-1,-1,-1,-1,-1,-1,-1,-1,-1,-1,
-1,-1,2194,1393,-1,-1,-1,-1,-1,-1,-1,-1,-1,-1,-1,-1,-1,-1,-1,-1,
-1,-1,2198,2636,1833,-1,-1,2329,-1,-1,-1,-1,-1,-1,-1,-1,-1,-1,-1,-1,
-1,-1,2207,-1,-1,-1,2179,-1,-1,-1,-1,-1,-1,-1,-1,-1,-1,-1,-1,-1,
-1,-1,2209,2694,-1,-1,-1,-1,-1,-1,-1,-1,-1,-1,-1,-1,-1,-1,-1,-1,
-1,-1,2214,-1,-1,-1,-1,-1,-1,1188,-1,-1,-1,-1,-1,-1,-1,-1,-1,-1,
-1,-1,2216,1387,2005,-1,-1,-1,-1,-1,2265,-1,-1,-1,-1,-1,-1,-1,-1,-1,
-1,-1,2220,2226,1183,1730,-1,-1,-1,-1,-1,-1,-1,-1,-1,-1,-1,-1,-1,-1,
-1,-1,2221,-1,-1,-1,-1,-1,-1,-1,-1,-1,-1,910,-1,-1,-1,-1,-1,-1,
-1,-1,2222,-1,-1,-1,-1,-1,-1,-1,-1,-1,-1,-1,-1,-1,2511,-1,-1,-1,
-1,-1,2226,-1,2545,-1,-1,-1,-1,-1,-1,-1,-1,-1,-1,-1,-1,-1,-1,-1,
-1,-1,2227,-1,-1,-1,-1,-1,-1,-1,-1,2486,-1,-1,-1,-1,-1,-1,-1,-1,
-1,-1,2228,-1,-1,2305,-1,-1,-1,2515,-1,-1,-1,-1,-1,-1,-1,-1,-1,-1,
-1,-1,2232,-1,2223,-1,-1,-1,-1,-1,-1,-1,-1,-1,-1,-1,-1,-1,-1,-1,
-1,-1,2233,-1,-1,-1,2544,-1,1323,-1,-1,-1,-1,-1,-1,-1,-1,-1,-1,-1,
-1,-1,2236,1811,-1,858,1378,-1,-1,-1,-1,-1,-1,-1,-1,-1,-1,-1,-1,-1,
-1,-1,2237,-1,-1,-1,-1,-1,-1,-1,-1,-1,-1,-1,-1,-1,2617,-1,-1,-1,
-1,-1,2239,1109,-1,1450,-1,-1,-1,-1,-1,-1,-1,-1,-1,1409,-1,-1,-1,-1,
-1,-1,2241,1405,-1,-1,-1,-1,-1,-1,-1,-1,-1,-1,1427,1918,2888,-1,-1,-1,
-1,-1,2245,949,-1,-1,-1,-1,-1,-1,-1,-1,-1,-1,-1,-1,-1,-1,-1,-1,
-1,-1,2247,-1,-1,-1,-1,-1,-1,-1,-1,-1,-1,2085,-1,-1,-1,-1,-1,-1,
-1,-1,2248,-1,-1,1071,1243,-1,2566,-1,-1,-1,1037,-1,-1,-1,-1,-1,-1,-1,
-1,-1,2250,-1,2180,-1,-1,-1,-1,-1,-1,-1,-1,-1,-1,-1,-1,-1,-1,-1,
-1,-1,2252,-1,-1,-1,-1,-1,-1,-1,2079,-1,1958,1692,2497,1548,1162,-1,-1,-1,
-1,-1,2263,-1,1361,-1,-1,-1,-1,-1,-1,-1,-1,-1,-1,-1,-1,-1,-1,-1,
981,-1,2271,-1,-1,-1,-1,-1,-1,-1,-1,-1,-1,-1,-1,-1,-1,-1,-1,-1,
-1,-1,2276,-1,1349,2055,-1,-1,-1,-1,-1,-1,-1,-1,-1,-1,-1,-1,-1,-1,
-1,-1,2279,2664,-1,-1,-1,-1,-1,1534,1620,-1,-1,-1,-1,-1,-1,-1,-1,-1,
-1,-1,2280,-1,-1,-1,-1,-1,-1,-1,-1,-1,-1,-1,-1,2008,-1,-1,-1,-1,
-1,-1,2283,-1,2776,-1,-1,-1,-1,2350,-1,-1,-1,-1,-1,2038,-1,-1,-1,-1,
-1,-1,2284,-1,-1,-1,-1,-1,-1,-1,-1,-1,-1,-1,-1,1567,-1,-1,-1,-1,
-1,-1,2285,1650,-1,-1,-1,-1,-1,-1,-1,-1,-1,-1,-1,-1,-1,-1,-1,-1,
-1,-1,2286,-1,-1,-1,-1,1226,-1,-1,-1,-1,-1,-1,-1,-1,-1,-1,-1,-1,
-1,-1,2288,-1,1492,-1,-1,-1,-1,-1,-1,-1,-1,-1,-1,-1,-1,-1,-1,-1,
-1,-1,2290,1143,-1,-1,-1,-1,-1,-1,-1,-1,-1,-1,-1,-1,-1,-1,-1,-1,
-1,-1,2295,-1,1512,-1,-1,-1,-1,-1,-1,-1,-1,-1,-1,-1,-1,-1,-1,-1,
-1,-1,2300,-1,-1,-1,-1,997,-1,-1,-1,-1,-1,-1,-1,1434,-1,-1,-1,-1,
-1,-1,2313,-1,2318,-1,-1,-1,-1,-1,-1,-1,-1,-1,-1,-1,-1,-1,-1,-1,
-1,-1,2316,1772,2783,-1,-1,-1,-1,-1,-1,-1,-1,-1,-1,-1,-1,-1,-1,-1,
-1,-1,-1,1618,1702,-1,-1,-1,-1,-1,2658,2700,-1,-1,-1,-1,1248,-1,-1,-1,
-1,-1,2322,-1,-1,1645,-1,-1,-1,-1,2139,-1,1012,-1,-1,-1,-1,-1,-1,-1,
-1,-1,2329,-1,-1,-1,2960,-1,-1,-1,-1,-1,-1,-1,-1,-1,-1,-1,-1,-1,
-1,-1,2331,1011,-1,-1,-1,-1,-1,-1,-1,-1,-1,-1,-1,-1,-1,-1,-1,-1,
-1,-1,2339,-1,-1,-1,2323,-1,-1,-1,-1,-1,-1,-1,-1,-1,-1,-1,-1,-1,
-1,-1,2346,-1,2207,-1,-1,-1,-1,-1,-1,-1,-1,-1,-1,-1,-1,-1,-1,-1,
-1,-1,-1,537,716,-1,-1,-1,-1,-1,-1,1138,-1,-1,-1,621,-1,-1,1050,644,
-1,-1,2354,-1,728,1282,-1,-1,-1,-1,-1,-1,-1,-1,-1,-1,-1,-1,-1,1562,
-1,-1,2356,-1,-1,-1,-1,-1,-1,-1,-1,-1,-1,2385,-1,-1,-1,-1,-1,-1,
-1,-1,2358,1035,960,-1,1890,-1,-1,-1,-1,-1,-1,-1,-1,-1,-1,-1,-1,-1,
-1,-1,2361,-1,-1,-1,-1,-1,-1,-1,-1,-1,-1,-1,-1,-1,-1,1160,-1,-1,
-1,-1,2368,2038,-1,-1,-1,-1,-1,-1,-1,-1,-1,-1,-1,-1,-1,-1,-1,-1,
-1,-1,2371,1286,-1,-1,-1,-1,-1,-1,-1,-1,-1,-1,-1,-1,-1,-1,-1,-1,
-1,-1,2373,-1,-1,-1,-1,-1,2218,-1,2427,-1,-1,-1,1962,-1,-1,2223,1157,-1,
-1,-1,2374,1321,-1,-1,-1,-1,-1,-1,-1,-1,-1,-1,-1,-1,-1,-1,-1,-1,
-1,-1,2378,-1,-1,-1,-1,-1,-1,-1,-1,2307,-1,2440,2388,-1,-1,-1,-1,-1,
-1,-1,2379,-1,1616,1619,-1,-1,-1,-1,-1,-1,-1,-1,-1,-1,-1,1397,-1,-1,
-1,-1,2381,-1,-1,-1,-1,2507,-1,-1,-1,-1,-1,-1,-1,-1,-1,-1,-1,2598,
-1,-1,2383,-1,-1,2559,-1,-1,-1,-1,-1,-1,-1,-1,-1,-1,-1,-1,-1,-1,
-1,-1,2385,-1,-1,-1,-1,-1,-1,-1,-1,-1,-1,-1,-1,2380,1575,1683,-1,-1,
-1,-1,2386,-1,2303,-1,-1,-1,-1,-1,-1,-1,-1,-1,-1,-1,-1,-1,-1,-1,
-1,-1,2395,-1,-1,-1,-1,-1,-1,-1,2722,-1,-1,-1,-1,-1,-1,-1,-1,-1,
-1,-1,2399,-1,-1,-1,1969,-1,-1,-1,-1,-1,1840,-1,-1,1813,1377,2420,-1,1798,
-1,-1,2401,-1,-1,-1,-1,1590,1849,2319,-1,-1,-1,-1,-1,-1,-1,-1,-1,1819,
-1,-1,2402,-1,-1,-1,1533,-1,-1,-1,-1,-1,-1,-1,-1,-1,-1,-1,-1,-1,
-1,-1,2403,2548,1554,-1,-1,-1,-1,-1,-1,-1,-1,-1,-1,-1,-1,-1,-1,-1,
-1,-1,2410,-1,-1,-1,-1,-1,-1,-1,-1,-1,-1,-1,-1,1592,-1,-1,-1,-1,
-1,-1,2414,2111,-1,-1,-1,-1,-1,-1,-1,-1,-1,-1,-1,-1,-1,-1,-1,-1,
-1,-1,2415,-1,-1,-1,-1,-1,-1,-1,-1,-1,-1,-1,-1,2317,-1,-1,-1,-1,
-1,-1,2423,-1,-1,-1,-1,-1,-1,-1,-1,-1,-1,-1,-1,1763,-1,-1,-1,-1,
-1,-1,2429,-1,-1,1320,-1,-1,-1,-1,-1,-1,-1,-1,-1,-1,-1,2329,-1,-1,
-1,-1,2432,-1,-1,-1,-1,-1,-1,-1,-1,-1,-1,1937,-1,-1,-1,-1,-1,-1,
-1,-1,2439,-1,-1,-1,-1,-1,2069,-1,-1,-1,-1,-1,-1,-1,2392,-1,-1,-1,
-1,-1,2446,-1,-1,1596,-1,-1,-1,-1,-1,-1,-1,-1,-1,-1,-1,-1,-1,-1,
-1,-1,2450,-1,-1,2313,-1,-1,-1,2163,1996,1874,1349,1958,-1,-1,-1,-1,-1,-1,
-1,-1,2456,-1,1478,-1,-1,-1,-1,-1,-1,-1,-1,-1,-1,-1,-1,-1,-1,-1,
-1,-1,2459,-1,-1,-1,-1,-1,-1,-1,-1,-1,-1,-1,-1,-1,-1,2442,-1,-1,
-1,-1,2462,-1,-1,1590,-1,-1,-1,-1,2623,2198,-1,-1,-1,1711,-1,-1,-1,-1,
-1,-1,2466,-1,-1,-1,-1,-1,-1,-1,-1,-1,-1,-1,-1,-1,-1,-1,-1,1717,
-1,-1,2476,1599,2205,-1,-1,-1,-1,-1,-1,-1,-1,-1,-1,-1,-1,-1,-1,-1,
-1,-1,2499,-1,-1,2719,-1,-1,-1,-1,-1,-1,-1,-1,-1,-1,-1,-1,-1,2034,
-1,-1,2500,1427,1704,-1,-1,-1,-1,-1,-1,-1,-1,-1,-1,-1,-1,-1,-1,-1,
-1,-1,2502,-1,-1,2202,-1,-1,-1,-1,-1,-1,-1,-1,-1,-1,-1,-1,-1,-1,
-1,-1,2503,1584,-1,-1,-1,-1,-1,-1,-1,-1,-1,-1,-1,-1,-1,-1,-1,-1,
-1,-1,2506,-1,2127,1855,-1,-1,-1,-1,-1,-1,-1,-1,-1,-1,-1,-1,-1,-1,
-1,-1,2508,-1,-1,-1,-1,-1,-1,2455,-1,-1,-1,-1,-1,-1,-1,-1,-1,-1,
-1,-1,2510,-1,-1,-1,-1,-1,-1,-1,-1,-1,-1,-1,-1,-1,-1,2785,-1,-1,
-1,-1,2520,-1,-1,-1,-1,-1,-1,-1,-1,-1,-1,-1,1842,-1,-1,-1,-1,-1,
-1,-1,2522,-1,-1,1837,-1,-1,-1,-1,-1,-1,-1,-1,2863,2553,-1,-1,-1,-1,
-1,-1,2533,-1,2192,-1,-1,-1,-1,-1,-1,-1,-1,-1,-1,-1,-1,-1,-1,-1,
-1,-1,2534,-1,2614,-1,-1,-1,-1,-1,-1,-1,-1,-1,-1,-1,-1,-1,-1,-1,
-1,-1,2538,-1,948,1720,1080,2178,1525,-1,-1,-1,-1,-1,-1,2139,1456,-1,-1,-1,
-1,-1,2539,1840,-1,-1,-1,-1,-1,-1,-1,-1,-1,-1,-1,-1,-1,-1,-1,-1,
-1,-1,2544,2278,1904,1831,2420,2257,2050,-1,-1,-1,-1,-1,-1,-1,-1,-1,-1,-1,
-1,-1,2547,-1,-1,-1,-1,-1,-1,-1,-1,-1,-1,-1,-1,-1,1574,-1,-1,-1,
-1,-1,2551,-1,-1,-1,-1,-1,-1,-1,-1,-1,-1,-1,-1,-1,-1,2941,2937,-1,
-1,-1,2555,-1,-1,-1,-1,-1,-1,-1,-1,-1,-1,-1,-1,-1,-1,2868,-1,-1,
-1,-1,2565,-1,-1,-1,-1,-1,-1,-1,-1,-1,-1,1952,-1,-1,-1,-1,-1,-1,
-1,-1,2568,-1,-1,-1,-1,-1,-1,-1,-1,-1,-1,-1,-1,-1,-1,-1,-1,1305,
-1,-1,2569,-1,-1,-1,-1,-1,-1,-1,-1,-1,-1,-1,-1,2072,-1,-1,-1,-1,
-1,-1,2572,1825,-1,-1,-1,-1,-1,-1,-1,-1,-1,-1,-1,-1,-1,-1,-1,-1,
-1,-1,2573,-1,-1,-1,-1,-1,-1,-1,-1,-1,-1,-1,-1,-1,-1,1417,-1,-1,
-1,-1,2582,-1,-1,-1,-1,-1,-1,-1,-1,-1,-1,-1,-1,-1,-1,1747,-1,-1,
-1,-1,2584,-1,1199,-1,-1,-1,-1,-1,-1,-1,-1,-1,-1,-1,-1,-1,-1,-1,
-1,-1,2588,2323,-1,-1,-1,-1,-1,-1,-1,-1,-1,-1,-1,-1,-1,-1,-1,-1,
-1,-1,2590,2114,1710,-1,-1,-1,-1,-1,-1,-1,-1,-1,-1,-1,-1,-1,-1,-1,
-1,-1,2592,2779,-1,-1,-1,-1,-1,-1,-1,-1,-1,-1,-1,-1,-1,-1,-1,-1,
-1,-1,2593,1202,1056,1451,2041,-1,-1,-1,-1,-1,-1,-1,-1,-1,-1,2561,-1,-1,
-1,-1,2603,-1,-1,-1,-1,-1,-1,-1,-1,-1,-1,-1,1500,-1,-1,-1,-1,-1,
-1,-1,2608,-1,-1,-1,-1,-1,-1,-1,-1,-1,-1,-1,-1,-1,2641,-1,-1,-1,
-1,-1,2614,2279,-1,-1,-1,-1,-1,-1,-1,-1,-1,-1,-1,-1,-1,-1,-1,-1,
-1,-1,2617,-1,-1,-1,-1,-1,-1,-1,-1,1301,-1,-1,-1,-1,-1,-1,-1,-1,
-1,-1,2622,1206,-1,-1,-1,-1,-1,-1,1291,-1,-1,-1,-1,-1,-1,-1,-1,-1,
-1,-1,2623,1866,-1,-1,-1,-1,-1,-1,-1,-1,-1,-1,-1,-1,-1,-1,-1,-1,
-1,-1,2627,-1,-1,2401,-1,-1,-1,-1,-1,-1,-1,-1,-1,-1,-1,-1,-1,-1,
-1,-1,2630,-1,-1,2381,-1,-1,-1,-1,-1,-1,-1,-1,-1,-1,-1,-1,-1,-1,
-1,-1,2636,1533,-1,-1,2447,-1,-1,-1,-1,-1,-1,-1,-1,1280,1057,-1,-1,-1,
-1,1240,2637,-1,-1,-1,-1,-1,-1,-1,-1,-1,-1,-1,-1,-1,-1,-1,-1,-1,
-1,-1,2639,2778,-1,-1,-1,-1,-1,-1,-1,-1,-1,-1,-1,-1,-1,-1,-1,-1,
-1,-1,2642,-1,-1,1930,2839,-1,-1,-1,-1,-1,-1,-1,-1,-1,-1,-1,-1,-1,
-1,-1,2643,-1,1882,-1,-1,-1,-1,-1,-1,-1,-1,-1,-1,-1,-1,-1,-1,-1,
-1,-1,2650,-1,-1,-1,-1,-1,-1,-1,2563,-1,2800,-1,-1,-1,2125,-1,-1,-1,
-1,-1,2655,-1,2788,-1,-1,-1,-1,-1,-1,-1,-1,-1,-1,-1,-1,-1,-1,-1,
-1,-1,2665,2506,-1,-1,-1,-1,-1,-1,-1,1829,2477,1734,-1,-1,-1,-1,-1,-1,
-1,-1,2675,1926,-1,-1,-1,-1,-1,-1,-1,-1,-1,-1,-1,-1,-1,-1,-1,-1,
-1,-1,2678,2798,-1,-1,-1,-1,2029,-1,-1,-1,-1,-1,-1,-1,-1,-1,-1,-1,
-1,-1,2683,-1,-1,-1,2198,2318,-1,-1,1447,1487,-1,-1,-1,-1,-1,-1,-1,2630,
-1,-1,2685,-1,-1,-1,-1,-1,-1,-1,-1,-1,-1,-1,-1,2610,-1,-1,-1,-1,
-1,-1,2689,-1,2531,1661,-1,-1,-1,-1,-1,-1,-1,-1,-1,-1,-1,-1,-1,-1,
-1,-1,2690,-1,-1,-1,-1,-1,1763,-1,-1,-1,-1,1400,-1,-1,-1,-1,-1,-1,
-1,-1,2694,-1,-1,2238,-1,-1,-1,-1,-1,-1,-1,-1,-1,-1,-1,-1,-1,-1,
-1,-1,2696,1562,2363,1709,-1,-1,-1,-1,-1,-1,-1,-1,-1,2347,-1,-1,-1,-1,
-1,-1,2700,-1,-1,2715,-1,-1,-1,-1,-1,-1,-1,-1,-1,-1,-1,-1,-1,-1,
-1,-1,2714,-1,-1,-1,-1,-1,-1,-1,-1,-1,-1,-1,-1,-1,-1,-1,-1,2198,
-1,-1,2718,-1,-1,-1,-1,-1,-1,2417,-1,-1,-1,-1,-1,-1,-1,-1,-1,-1,
-1,-1,2725,-1,-1,-1,1551,-1,-1,-1,-1,-1,-1,-1,-1,-1,-1,-1,-1,-1,
-1,-1,2727,-1,2390,1328,-1,-1,-1,-1,-1,-1,-1,-1,-1,-1,-1,-1,-1,-1,
-1,-1,2731,-1,-1,-1,-1,-1,1552,-1,-1,-1,-1,-1,-1,-1,-1,-1,-1,-1,
-1,-1,2737,-1,-1,-1,-1,-1,-1,2477,-1,-1,-1,-1,-1,-1,-1,-1,-1,-1,
-1,-1,2742,-1,-1,-1,-1,-1,-1,-1,-1,-1,-1,-1,-1,-1,2806,-1,1426,-1,
-1,-1,2758,-1,-1,-1,-1,-1,2028,-1,-1,-1,-1,-1,-1,-1,-1,-1,-1,-1,
-1,-1,2759,2177,-1,-1,-1,-1,-1,-1,-1,-1,-1,-1,-1,-1,-1,-1,-1,-1,
-1,-1,2767,-1,-1,-1,-1,-1,-1,-1,-1,-1,-1,-1,-1,1751,-1,-1,-1,-1,
-1,-1,2771,-1,-1,-1,-1,-1,-1,-1,-1,-1,-1,-1,-1,1865,-1,-1,-1,-1,
-1,-1,2777,-1,-1,1793,-1,-1,2289,-1,-1,-1,-1,-1,-1,-1,-1,-1,-1,-1,
-1,-1,2796,2705,-1,-1,-1,-1,-1,-1,-1,-1,-1,-1,-1,-1,-1,-1,-1,-1,
-1,-1,2800,-1,-1,-1,-1,-1,-1,-1,-1,-1,-1,-1,2651,-1,-1,-1,-1,-1,
-1,-1,2801,-1,-1,-1,-1,-1,-1,-1,-1,-1,-1,-1,-1,-1,2849,-1,-1,-1,
-1,-1,2807,2401,-1,-1,-1,-1,-1,-1,-1,-1,-1,-1,-1,-1,-1,-1,-1,-1,
-1,-1,2808,2573,-1,-1,-1,-1,2507,-1,-1,-1,2621,-1,-1,-1,-1,-1,-1,-1,
-1,-1,2809,2236,-1,-1,-1,-1,-1,-1,-1,-1,-1,-1,-1,-1,-1,-1,-1,-1,
-1,-1,2813,-1,-1,-1,-1,-1,-1,-1,-1,-1,-1,-1,-1,-1,-1,-1,2186,-1,
-1,-1,2815,-1,-1,-1,-1,-1,-1,2672,-1,-1,-1,-1,-1,-1,-1,-1,-1,-1,
-1,-1,2817,2126,2650,-1,-1,-1,-1,-1,-1,-1,-1,2312,-1,-1,-1,-1,-1,-1,
-1,-1,2822,2513,-1,-1,-1,-1,-1,-1,2926,-1,-1,-1,-1,-1,-1,-1,-1,-1,
-1,-1,2828,-1,-1,-1,-1,-1,-1,-1,1410,2462,-1,-1,-1,-1,-1,-1,1679,-1,
-1,-1,-1,-1,-1,-1,-1,-1,2009,1339,1843,2407,2007,-1,-1,-1,-1,-1,-1,-1,
-1,-1,2839,-1,-1,-1,-1,-1,-1,2874,1354,1259,2597,-1,-1,-1,-1,-1,-1,-1,
-1,-1,2842,2546,-1,-1,-1,-1,-1,-1,-1,-1,-1,-1,-1,-1,-1,-1,-1,-1,
-1,-1,2844,-1,1690,-1,-1,-1,-1,-1,-1,-1,2851,-1,2044,-1,-1,-1,-1,-1,
-1,-1,2849,-1,-1,-1,-1,-1,-1,-1,-1,-1,-1,-1,-1,-1,-1,-1,-1,2797,
-1,-1,2851,-1,-1,-1,-1,-1,-1,-1,-1,-1,-1,-1,-1,-1,-1,-1,2930,-1,
-1,-1,2855,-1,-1,-1,-1,-1,-1,-1,-1,-1,2032,1986,-1,-1,-1,-1,-1,-1,
-1,-1,-1,-1,-1,-1,-1,1978,2248,-1,2164,-1,-1,-1,-1,-1,-1,-1,-1,-1,
-1,-1,2859,-1,-1,2431,-1,-1,-1,-1,-1,-1,-1,-1,-1,-1,-1,-1,-1,-1,
-1,-1,2864,1619,1836,-1,-1,-1,-1,-1,-1,-1,-1,-1,-1,-1,2929,-1,-1,-1,
-1,-1,2867,2143,-1,-1,-1,-1,-1,-1,2509,-1,-1,-1,-1,-1,-1,-1,-1,-1,
-1,-1,2869,-1,-1,1964,2431,-1,-1,-1,-1,-1,-1,1653,1352,2774,-1,-1,-1,-1,
-1,-1,2871,-1,1547,-1,-1,-1,-1,-1,-1,-1,-1,-1,-1,-1,-1,-1,-1,-1,
-1,-1,2883,-1,-1,2528,-1,-1,-1,-1,-1,-1,-1,-1,-1,-1,-1,-1,-1,-1,
-1,-1,2884,-1,-1,-1,-1,-1,-1,-1,-1,-1,-1,-1,-1,-1,-1,-1,1645,-1,
-1,-1,2887,2288,-1,-1,-1,-1,-1,-1,-1,-1,-1,-1,-1,-1,-1,-1,-1,-1,
-1,-1,2894,-1,-1,-1,-1,-1,-1,-1,-1,-1,-1,-1,-1,-1,-1,-1,-1,1424,
-1,-1,2895,-1,-1,-1,-1,2697,-1,-1,-1,-1,-1,-1,-1,-1,1811,-1,-1,-1,
-1,-1,2921,2726,-1,-1,-1,-1,-1,-1,-1,-1,-1,-1,-1,-1,-1,-1,-1,-1,
-1,-1,2932,-1,-1,-1,-1,-1,-1,-1,2702,-1,-1,-1,-1,-1,-1,-1,-1,-1,
-1,-1,2935,-1,-1,-1,-1,2518,-1,-1,-1,-1,-1,-1,-1,-1,-1,-1,-1,-1,
-1,-1,2936,-1,-1,-1,-1,-1,-1,-1,-1,2864,-1,-1,-1,-1,-1,-1,-1,-1,
-1,-1,2939,-1,-1,-1,-1,-1,-1,-1,-1,-1,-1,-1,-1,-1,-1,-1,-1,1564,
-1,-1,2943,-1,-1,-1,-1,-1,-1,-1,-1,-1,-1,-1,2217,-1,-1,-1,-1,-1,
-1,-1,2946,-1,-1,-1,-1,-1,-1,-1,-1,-1,-1,-1,-1,2127,-1,-1,-1,-1,
-1,-1,2950,-1,-1,-1,-1,-1,1995,-1,-1,-1,-1,-1,-1,-1,-1,-1,-1,-1,
-1,-1,2952,-1,-1,-1,-1,-1,-1,-1,-1,-1,-1,2883,1097,1793,1211,2093,-1,-1,
-1,-1,2963,-1,-1,-1,2798,-1,-1,-1,-1,-1,-1,-1,-1,-1,-1,-1,-1,-1,
-1,-1,2968,-1,2008,-1,-1,-1,-1,-1,-1,-1,-1,-1,-1,-1,-1,-1,-1,-1,
-1,-1,2971,-1,-1,2921,-1,-1,-1,-1,-1,2037,-1,-1,-1,-1,-1,-1,-1,-1,
-1,-1,2976,-1,-1,-1,-1,-1,2823,-1,-1,-1,-1,-1,-1,-1,-1,-1,-1,-1,
-1,-1,2981,-1,-1,-1,-1,2376,1970,-1,-1,-1,-1,-1,-1,-1,-1,-1,-1,-1,
-1,-1,2992,-1,-1,2566,-1,-1,-1,-1,-1,-1,-1,-1,-1,-1,2935,-1,-1,-1,
-1,-1,2993,-1,-1,-1,-1,-1,-1,-1,2929,2544,-1,-1,-1,-1,-1,-1,-1,-1,
-1,-1,2995,-1,-1,-1,-1,2732,-1,-1,-1,-1,-1,-1,-1,-1,-1,-1,-1,-1,
-1,-1,2999,-1,-1,-1,2043,-1,-1,-1,-1,-1,-1,-1,-1,-1,-1,-1,-1,-1,
-1,-1,3002,1451,2028,-1,-1,-1,-1,-1,-1,-1,-1,-1,-1,-1,-1,-1,-1,-1,
-1,-1,3007,-1,2603,-1,-1,-1,-1,-1,-1,-1,-1,-1,-1,-1,-1,-1,-1,-1,
-1,-1,3009,-1,2418,-1,-1,-1,-1,-1,-1,-1,2560,2156,-1,-1,-1,-1,1212,-1,
-1,-1,3017,-1,-1,2266,-1,-1,-1,-1,-1,-1,-1,-1,-1,-1,-1,-1,-1,-1,
-1,-1,3019,-1,-1,-1,2699,-1,-1,-1,-1,-1,-1,-1,-1,-1,-1,-1,-1,-1,
-1,-1,-1,7,-1,24,-1,-1,-1,-1,-1,-1,-1,-1,-1,-1,-1,-1,-1,-1,
-1,-1,-1,8,8,-1,-1,-1,-1,-1,-1,-1,-1,-1,-1,-1,-1,-1,-1,-1,
-1,-1,-1,14,-1,-1,-1,-1,-1,20,-1,107,78,57,-1,-1,-1,-1,-1,-1,
-1,-1,-1,23,11,-1,-1,-1,-1,-1,-1,-1,-1,-1,-1,-1,-1,-1,-1,-1,
-1,-1,-1,33,28,-1,-1,-1,19,5,-1,-1,-1,-1,-1,48,3,-1,-1,-1,
-1,-1,-1,-1,367,-1,-1,140,94,172,75,91,62,-1,62,-1,-1,-1,136,95,
-1,-1,-1,41,168,-1,-1,-1,-1,-1,-1,-1,-1,-1,-1,-1,-1,-1,-1,-1,
-1,-1,-1,43,108,-1,283,272,167,-1,168,-1,-1,-1,-1,-1,-1,-1,-1,-1,
-1,-1,-1,47,83,-1,-1,-1,-1,-1,-1,-1,-1,-1,-1,-1,-1,-1,-1,-1,
-1,-1,-1,50,80,-1,-1,-1,-1,-1,-1,-1,-1,-1,-1,-1,-1,123,-1,-1,
-1,-1,-1,51,261,-1,226,-1,-1,-1,-1,-1,-1,-1,-1,-1,-1,-1,-1,-1,
-1,-1,-1,57,-1,-1,-1,-1,-1,-1,-1,-1,-1,152,-1,-1,-1,-1,-1,-1,
-1,-1,-1,62,16,206,-1,113,-1,148,108,-1,-1,-1,-1,-1,-1,-1,-1,-1,
-1,-1,-1,63,238,-1,-1,-1,-1,-1,-1,-1,-1,-1,-1,-1,-1,-1,-1,-1,
-1,-1,-1,72,135,-1,-1,-1,367,-1,-1,-1,-1,-1,-1,-1,-1,-1,-1,-1,
-1,-1,-1,80,167,-1,-1,-1,74,35,-1,-1,-1,-1,-1,-1,-1,-1,-1,-1,
-1,-1,-1,82,-1,-1,-1,110,-1,-1,172,-1,-1,-1,-1,-1,-1,-1,-1,-1,
-1,-1,-1,88,93,-1,-1,206,409,-1,348,337,336,-1,-1,-1,-1,-1,-1,-1,
-1,-1,-1,90,-1,177,-1,-1,-1,-1,-1,-1,-1,-1,-1,-1,-1,-1,-1,-1,
-1,-1,-1,92,117,157,-1,315,-1,-1,-1,-1,-1,-1,-1,-1,-1,-1,-1,-1,
-1,-1,-1,98,-1,-1,-1,-1,-1,-1,-1,-1,-1,-1,-1,-1,101,32,-1,-1,
-1,-1,-1,101,65,-1,-1,-1,-1,-1,-1,-1,-1,-1,-1,-1,-1,-1,96,-1,
-1,-1,-1,102,-1,127,311,378,-1,-1,-1,-1,-1,-1,-1,-1,-1,-1,-1,-1,
-1,-1,-1,111,-1,-1,180,-1,-1,128,152,101,-1,-1,-1,-1,-1,-1,-1,-1,
-1,-1,-1,113,-1,-1,-1,105,189,-1,121,-1,-1,-1,-1,-1,-1,-1,399,378,
-1,-1,-1,114,302,-1,-1,-1,-1,-1,-1,-1,-1,-1,-1,-1,-1,-1,-1,-1,
-1,-1,-1,118,76,-1,38,-1,-1,-1,-1,232,-1,-1,30,-1,-1,57,-1,-1,
-1,-1,-1,124,-1,-1,111,-1,-1,-1,275,392,-1,-1,-1,-1,-1,107,-1,55,
-1,-1,-1,-1,-1,-1,75,-1,-1,70,54,-1,-1,90,71,37,33,79,32,-1,
-1,-1,-1,128,-1,-1,-1,-1,-1,-1,-1,-1,-1,-1,-1,-1,-1,-1,-1,255,
-1,-1,-1,133,-1,-1,186,273,250,-1,-1,-1,-1,-1,-1,-1,-1,-1,-1,-1,
-1,-1,-1,138,-1,-1,-1,47,42,-1,-1,-1,-1,294,-1,-1,-1,-1,-1,-1,
-1,-1,-1,151,208,213,-1,-1,-1,-1,-1,-1,-1,-1,-1,-1,224,-1,-1,-1,
-1,-1,-1,153,90,34,48,-1,120,-1,-1,-1,-1,-1,-1,-1,-1,-1,-1,78,
-1,-1,-1,155,335,-1,-1,-1,-1,-1,-1,-1,-1,-1,-1,-1,-1,-1,-1,-1,
-1,-1,-1,156,172,-1,-1,-1,-1,-1,-1,-1,-1,-1,-1,-1,-1,-1,-1,-1,
-1,-1,-1,160,434,-1,-1,-1,-1,-1,-1,-1,-1,-1,-1,-1,-1,-1,-1,-1,
-1,-1,-1,166,-1,168,-1,291,293,307,-1,-1,-1,-1,-1,-1,-1,-1,-1,-1,
-1,-1,-1,173,-1,52,-1,-1,-1,-1,-1,-1,378,-1,-1,-1,-1,-1,-1,-1,
-1,706,-1,174,-1,314,-1,-1,-1,-1,-1,-1,-1,-1,494,-1,270,-1,420,357,
-1,-1,-1,175,187,-1,-1,-1,-1,-1,-1,-1,-1,-1,-1,-1,-1,-1,-1,-1,
-1,-1,-1,176,-1,-1,-1,-1,-1,-1,-1,-1,-1,-1,-1,-1,-1,-1,-1,174,
-1,-1,-1,186,45,-1,-1,-1,-1,-1,-1,-1,-1,-1,-1,-1,-1,-1,-1,-1,
140,-1,-1,188,-1,-1,-1,-1,-1,-1,-1,-1,148,-1,-1,-1,-1,-1,-1,-1,
-1,-1,-1,190,82,-1,-1,-1,-1,-1,-1,-1,-1,-1,-1,-1,-1,-1,-1,-1,
-1,-1,-1,193,127,358,-1,-1,-1,-1,-1,-1,-1,-1,-1,-1,380,-1,-1,-1,
-1,-1,-1,196,55,-1,-1,-1,-1,-1,-1,-1,-1,-1,-1,-1,-1,-1,-1,-1,
-1,-1,-1,198,-1,-1,-1,490,-1,-1,-1,-1,-1,-1,-1,-1,-1,-1,-1,-1,
-1,-1,-1,201,-1,-1,-1,-1,-1,-1,-1,-1,-1,-1,-1,-1,656,-1,-1,-1,
-1,-1,-1,204,-1,-1,381,-1,218,-1,-1,278,118,-1,-1,-1,-1,-1,-1,-1,
-1,-1,-1,205,-1,239,217,192,266,-1,-1,-1,-1,-1,-1,-1,-1,-1,-1,-1,
-1,-1,-1,206,657,-1,-1,-1,-1,-1,-1,-1,-1,-1,-1,-1,-1,-1,-1,-1,
-1,-1,-1,214,250,97,-1,-1,-1,-1,-1,-1,-1,-1,-1,-1,-1,-1,-1,-1,
-1,-1,-1,218,316,-1,-1,-1,-1,-1,-1,-1,-1,-1,-1,-1,-1,-1,-1,-1,
-1,-1,-1,220,343,411,-1,-1,-1,-1,-1,-1,-1,-1,-1,-1,-1,-1,-1,-1,
-1,-1,-1,223,-1,119,-1,-1,-1,-1,-1,-1,-1,-1,-1,-1,-1,-1,-1,-1,
-1,-1,-1,224,534,-1,-1,-1,-1,-1,-1,-1,-1,-1,-1,-1,-1,-1,-1,-1,
-1,-1,-1,227,357,1188,-1,781,924,425,-1,315,-1,942,392,-1,-1,-1,-1,-1,
-1,-1,-1,235,371,-1,-1,-1,-1,-1,-1,-1,-1,-1,-1,-1,-1,-1,-1,-1,
-1,-1,-1,241,181,762,-1,-1,-1,-1,491,-1,-1,-1,-1,-1,-1,-1,-1,-1,
-1,-1,-1,247,945,-1,-1,348,-1,228,439,-1,859,273,-1,-1,-1,-1,489,793,
-1,-1,-1,250,-1,178,56,48,-1,-1,-1,-1,-1,-1,-1,140,-1,-1,-1,-1,
-1,-1,-1,253,-1,-1,-1,-1,-1,-1,-1,-1,-1,167,-1,-1,-1,-1,263,-1,
-1,-1,-1,269,133,-1,-1,-1,-1,-1,-1,-1,-1,-1,-1,-1,-1,-1,-1,-1,
-1,-1,-1,272,197,431,-1,-1,-1,-1,-1,-1,-1,-1,-1,-1,-1,-1,-1,-1,
-1,-1,-1,273,-1,-1,-1,124,-1,-1,-1,-1,-1,-1,-1,-1,-1,-1,-1,-1,
-1,-1,-1,275,486,-1,-1,-1,-1,-1,1306,-1,1051,-1,-1,-1,-1,-1,-1,-1,
-1,-1,-1,279,472,148,-1,-1,-1,-1,-1,-1,-1,-1,-1,-1,-1,-1,-1,-1,
-1,-1,-1,281,-1,-1,-1,-1,-1,-1,-1,-1,-1,258,285,-1,275,-1,-1,-1,
-1,-1,-1,282,-1,-1,-1,-1,-1,-1,-1,-1,717,422,308,-1,-1,-1,-1,-1,
-1,-1,-1,284,-1,-1,-1,-1,-1,-1,-1,-1,1019,-1,-1,-1,-1,482,268,502,
-1,-1,-1,290,179,310,-1,-1,-1,-1,-1,-1,-1,-1,-1,-1,-1,-1,-1,-1,
-1,-1,-1,295,-1,-1,-1,-1,-1,-1,-1,-1,-1,-1,303,-1,-1,-1,-1,-1,
-1,-1,-1,296,385,498,-1,-1,-1,-1,-1,-1,-1,-1,-1,-1,-1,-1,-1,-1,
-1,-1,-1,297,678,-1,-1,-1,-1,-1,-1,-1,-1,-1,-1,-1,-1,-1,-1,-1,
-1,-1,-1,304,-1,-1,-1,-1,-1,-1,-1,-1,-1,-1,-1,-1,518,-1,-1,-1,
-1,-1,-1,310,735,-1,260,343,-1,-1,-1,-1,-1,-1,-1,-1,-1,391,-1,-1,
-1,-1,-1,311,326,-1,-1,-1,-1,-1,554,-1,-1,-1,-1,-1,-1,118,87,-1,
-1,-1,-1,313,-1,217,-1,-1,-1,-1,-1,-1,-1,-1,-1,-1,-1,-1,-1,-1,
-1,-1,-1,318,-1,-1,-1,-1,-1,-1,-1,-1,-1,-1,-1,-1,469,-1,175,180,
-1,-1,-1,321,245,342,-1,-1,-1,-1,-1,-1,-1,120,-1,-1,-1,-1,-1,-1,
-1,-1,-1,322,-1,-1,-1,-1,-1,-1,-1,-1,-1,-1,405,368,-1,616,-1,-1,
-1,-1,-1,331,853,373,-1,-1,-1,-1,-1,-1,-1,-1,-1,-1,-1,-1,-1,233,
-1,-1,-1,333,398,-1,-1,-1,-1,-1,-1,-1,-1,-1,-1,-1,-1,-1,-1,-1,
-1,-1,-1,335,-1,-1,-1,-1,-1,-1,-1,-1,-1,-1,-1,-1,-1,-1,-1,677,
-1,-1,-1,337,-1,-1,-1,280,-1,-1,-1,-1,-1,-1,-1,-1,-1,-1,-1,-1,
-1,-1,-1,-1,1640,-1,-1,-1,-1,-1,-1,536,-1,467,-1,1050,674,1203,-1,-1,
-1,-1,-1,339,-1,-1,-1,-1,-1,-1,-1,-1,-1,-1,739,-1,-1,-1,-1,-1,
-1,-1,-1,346,-1,542,470,-1,-1,-1,-1,-1,-1,-1,-1,-1,-1,-1,-1,-1,
-1,-1,-1,351,-1,-1,607,-1,-1,452,-1,-1,224,-1,460,-1,-1,-1,-1,-1,
-1,-1,-1,352,-1,-1,-1,-1,-1,-1,379,720,-1,-1,-1,-1,-1,131,-1,-1,
-1,-1,-1,354,-1,-1,-1,-1,-1,-1,-1,-1,-1,-1,-1,-1,-1,825,-1,-1,
-1,-1,-1,356,-1,160,-1,-1,-1,-1,-1,-1,-1,-1,-1,-1,-1,-1,-1,665,
-1,-1,-1,363,-1,-1,-1,-1,-1,-1,-1,-1,-1,-1,-1,-1,-1,-1,-1,623,
-1,-1,-1,372,29,56,150,187,-1,-1,40,130,261,-1,50,119,166,146,-1,-1,
-1,-1,-1,373,-1,-1,-1,-1,-1,-1,-1,-1,-1,-1,187,-1,-1,-1,-1,-1,
-1,-1,-1,374,476,-1,-1,-1,-1,-1,-1,-1,-1,-1,-1,-1,-1,-1,-1,-1,
-1,-1,-1,378,-1,-1,-1,-1,-1,-1,-1,-1,-1,492,-1,-1,-1,-1,-1,-1,
-1,-1,-1,380,493,571,733,-1,-1,-1,-1,-1,-1,-1,1096,-1,-1,-1,-1,-1,
-1,-1,-1,-1,142,-1,-1,171,-1,-1,222,359,117,-1,-1,-1,-1,-1,506,442,
-1,-1,-1,383,439,-1,-1,-1,-1,-1,85,59,557,140,146,405,-1,-1,-1,-1,
-1,-1,-1,398,-1,-1,-1,-1,-1,-1,190,95,-1,-1,-1,-1,-1,-1,66,-1,
-1,-1,-1,399,-1,785,-1,-1,-1,-1,-1,-1,-1,-1,-1,-1,-1,-1,-1,-1,
-1,-1,-1,403,-1,-1,-1,622,-1,-1,-1,-1,-1,-1,-1,-1,-1,-1,-1,-1,
-1,-1,-1,405,211,-1,587,-1,-1,-1,-1,-1,-1,-1,-1,-1,-1,-1,-1,-1,
-1,-1,-1,406,-1,-1,358,769,543,430,-1,159,-1,137,393,-1,-1,-1,-1,-1,
-1,-1,-1,407,512,-1,-1,-1,-1,-1,-1,-1,-1,-1,-1,-1,-1,-1,-1,-1,
-1,-1,-1,416,377,-1,162,417,283,714,-1,568,-1,-1,233,164,-1,-1,-1,-1,
-1,-1,-1,417,-1,-1,-1,-1,1066,1415,718,-1,-1,-1,-1,-1,-1,-1,-1,-1,
-1,-1,-1,420,263,-1,-1,-1,-1,-1,627,-1,-1,421,-1,-1,-1,-1,-1,-1,
-1,-1,-1,423,-1,-1,-1,-1,-1,-1,-1,-1,-1,-1,1015,-1,-1,1001,-1,-1,
-1,-1,-1,424,297,-1,-1,-1,-1,-1,-1,-1,-1,-1,-1,-1,523,-1,-1,-1,
-1,-1,-1,425,-1,-1,-1,-1,-1,-1,-1,-1,-1,451,-1,-1,-1,-1,-1,-1,
-1,-1,-1,427,-1,781,-1,-1,-1,-1,-1,-1,-1,-1,-1,-1,-1,-1,-1,-1,
-1,-1,-1,428,-1,-1,-1,-1,-1,-1,-1,-1,-1,-1,-1,-1,-1,678,-1,-1,
-1,-1,-1,429,557,-1,-1,-1,-1,-1,-1,-1,-1,-1,-1,-1,-1,-1,-1,-1,
-1,-1,-1,430,379,-1,-1,-1,-1,-1,-1,-1,-1,-1,-1,-1,-1,-1,-1,-1,
-1,-1,-1,431,-1,-1,-1,735,-1,151,-1,-1,-1,-1,-1,-1,-1,-1,-1,-1,
-1,-1,-1,435,-1,-1,-1,-1,-1,-1,440,-1,-1,-1,-1,-1,-1,-1,-1,-1,
-1,-1,-1,442,354,-1,-1,-1,-1,-1,-1,-1,-1,-1,-1,-1,-1,-1,-1,-1,
-1,-1,-1,444,-1,-1,-1,-1,-1,-1,-1,312,-1,-1,-1,-1,-1,-1,-1,-1,
-1,-1,-1,448,1033,-1,-1,-1,-1,-1,-1,-1,-1,-1,-1,435,-1,-1,-1,-1,
-1,-1,-1,453,-1,-1,-1,-1,-1,-1,-1,-1,-1,-1,-1,-1,-1,-1,-1,962,
-1,-1,-1,456,-1,-1,-1,-1,-1,794,-1,-1,-1,-1,-1,-1,-1,-1,-1,-1,
-1,-1,-1,459,836,-1,-1,-1,-1,-1,-1,-1,-1,-1,-1,-1,-1,-1,-1,-1,
-1,-1,-1,460,1482,789,-1,753,-1,-1,-1,-1,-1,-1,-1,-1,1649,756,-1,-1,
-1,-1,-1,461,149,-1,383,217,-1,-1,853,-1,337,-1,-1,-1,173,129,-1,-1,
-1,-1,-1,464,-1,-1,-1,493,-1,649,-1,1076,992,604,1144,-1,-1,-1,-1,-1,
-1,-1,-1,465,1485,776,1617,-1,-1,-1,-1,-1,-1,-1,-1,-1,-1,-1,1180,-1,
-1,-1,-1,471,543,-1,-1,-1,-1,477,-1,389,438,483,-1,1118,1137,782,481,821,
-1,-1,-1,474,968,-1,894,1410,-1,-1,-1,-1,-1,1036,-1,-1,210,-1,-1,-1,
-1,-1,-1,490,-1,-1,211,-1,-1,-1,-1,-1,-1,-1,-1,-1,-1,-1,-1,-1,
-1,-1,-1,491,-1,150,-1,-1,-1,-1,-1,-1,486,-1,-1,-1,-1,-1,-1,-1,
-1,-1,-1,492,-1,-1,-1,-1,-1,-1,-1,-1,-1,-1,-1,-1,-1,472,-1,-1,
-1,-1,-1,494,-1,-1,-1,-1,-1,1055,-1,-1,-1,-1,-1,-1,-1,-1,-1,-1,
-1,-1,-1,498,1387,699,-1,-1,-1,-1,-1,-1,-1,-1,-1,-1,-1,-1,-1,-1,
-1,-1,-1,500,507,-1,-1,-1,-1,-1,-1,-1,-1,-1,-1,-1,-1,-1,-1,-1,
-1,-1,-1,502,893,-1,-1,-1,-1,-1,-1,-1,-1,-1,-1,-1,-1,-1,-1,-1,
-1,-1,-1,503,765,-1,-1,-1,-1,-1,-1,-1,-1,-1,-1,-1,-1,-1,-1,-1,
-1,-1,-1,509,-1,1095,-1,519,-1,-1,-1,-1,-1,-1,-1,-1,-1,-1,-1,-1,
-1,-1,-1,510,-1,1108,-1,-1,-1,-1,296,631,-1,1594,-1,-1,-1,-1,-1,-1,
-1,-1,-1,511,177,-1,-1,-1,-1,-1,-1,-1,-1,-1,-1,-1,-1,-1,-1,-1,
-1,-1,-1,512,-1,-1,-1,1031,-1,-1,-1,-1,-1,-1,-1,-1,-1,-1,-1,-1,
-1,-1,-1,516,1155,-1,-1,520,-1,766,-1,-1,-1,-1,-1,-1,-1,-1,-1,-1,
-1,-1,-1,517,-1,-1,-1,-1,-1,-1,-1,-1,-1,-1,-1,-1,-1,-1,-1,440,
-1,-1,-1,521,-1,-1,-1,-1,-1,-1,-1,-1,-1,-1,-1,-1,427,-1,-1,-1,
-1,-1,-1,527,859,-1,-1,-1,-1,-1,-1,-1,-1,-1,-1,-1,-1,-1,-1,-1,
-1,-1,-1,530,-1,-1,693,-1,-1,-1,1497,-1,-1,-1,-1,-1,-1,-1,-1,-1,
-1,-1,-1,531,-1,-1,-1,-1,-1,-1,-1,-1,991,857,1643,-1,833,-1,-1,-1,
-1,-1,-1,534,350,428,213,-1,-1,-1,-1,-1,-1,-1,-1,-1,-1,-1,-1,-1,
-1,-1,-1,-1,-1,697,-1,-1,-1,481,372,-1,488,437,1332,450,723,379,-1,400,
-1,-1,-1,536,933,-1,-1,-1,-1,-1,-1,-1,-1,-1,-1,-1,-1,-1,-1,-1,
-1,-1,-1,540,-1,340,-1,-1,-1,-1,-1,-1,-1,-1,-1,-1,-1,-1,-1,-1,
-1,-1,-1,552,589,-1,403,-1,-1,-1,-1,-1,-1,-1,-1,-1,-1,-1,-1,-1,
-1,-1,-1,554,475,234,-1,-1,-1,-1,-1,-1,-1,-1,-1,-1,-1,-1,-1,-1,
-1,-1,-1,556,-1,-1,-1,283,-1,-1,-1,-1,-1,-1,414,696,-1,-1,-1,-1,
-1,-1,-1,557,1103,-1,-1,-1,-1,-1,-1,-1,-1,-1,-1,-1,-1,-1,-1,-1,
-1,-1,-1,559,373,223,-1,-1,-1,-1,-1,1219,-1,-1,1389,-1,-1,-1,-1,-1,
-1,-1,-1,569,322,-1,-1,-1,-1,400,199,333,181,206,159,255,397,-1,-1,-1,
-1,-1,-1,570,-1,-1,-1,-1,-1,-1,-1,-1,-1,329,694,-1,-1,-1,-1,-1,
-1,-1,-1,573,-1,1400,-1,-1,-1,-1,-1,-1,-1,-1,-1,-1,-1,846,805,1210,
-1,-1,-1,579,428,-1,-1,-1,-1,-1,-1,-1,-1,-1,-1,-1,-1,-1,-1,-1,
-1,-1,-1,582,-1,-1,-1,-1,-1,1152,-1,-1,735,-1,-1,-1,-1,-1,-1,-1,
-1,-1,-1,585,539,689,-1,-1,-1,-1,-1,-1,-1,-1,-1,-1,-1,-1,-1,-1,
-1,-1,-1,586,209,-1,-1,-1,-1,-1,-1,-1,-1,-1,-1,-1,-1,-1,-1,-1,
-1,-1,-1,589,767,-1,-1,-1,-1,-1,-1,-1,-1,-1,-1,-1,-1,-1,-1,-1,
-1,-1,-1,-1,-1,204,286,-1,-1,818,468,915,-1,548,1077,-1,-1,354,332,381,
-1,-1,-1,594,1332,-1,-1,-1,-1,-1,-1,-1,-1,-1,-1,-1,-1,-1,-1,-1,
-1,-1,-1,597,-1,-1,1670,-1,-1,-1,-1,-1,1916,848,-1,-1,-1,-1,900,-1,
-1,-1,-1,600,796,-1,-1,-1,-1,-1,-1,-1,-1,-1,-1,-1,-1,-1,-1,-1,
-1,-1,-1,601,1121,-1,-1,-1,-1,-1,-1,-1,-1,-1,-1,-1,-1,-1,-1,-1,
-1,-1,-1,611,-1,-1,-1,807,-1,-1,-1,-1,-1,-1,210,-1,-1,880,1417,-1,
-1,-1,-1,614,1416,-1,962,-1,-1,-1,-1,-1,-1,-1,-1,-1,-1,-1,-1,-1,
-1,-1,-1,615,-1,-1,-1,-1,-1,-1,-1,-1,-1,1459,-1,-1,-1,-1,-1,-1,
-1,-1,-1,619,-1,-1,-1,-1,-1,-1,-1,-1,-1,-1,566,488,747,-1,1179,-1,
-1,-1,-1,620,-1,-1,-1,1558,-1,972,1247,852,-1,-1,-1,-1,-1,-1,-1,841,
-1,-1,-1,621,511,-1,761,-1,-1,-1,-1,-1,-1,-1,-1,-1,-1,-1,-1,-1,
-1,-1,-1,623,-1,-1,630,-1,-1,-1,-1,-1,-1,-1,-1,-1,-1,-1,-1,855,
-1,-1,-1,630,-1,-1,-1,-1,-1,-1,-1,-1,-1,841,-1,-1,-1,-1,-1,-1,
-1,-1,-1,632,701,-1,409,-1,-1,-1,-1,-1,-1,-1,-1,-1,-1,-1,-1,-1,
-1,-1,-1,636,-1,-1,-1,-1,-1,-1,-1,-1,-1,-1,-1,-1,510,-1,-1,-1,
-1,-1,-1,640,-1,-1,-1,-1,-1,-1,-1,1438,-1,-1,-1,-1,-1,655,-1,-1,
-1,-1,-1,646,581,-1,-1,-1,-1,609,353,-1,189,1153,-1,238,-1,-1,-1,-1,
-1,-1,-1,648,-1,-1,-1,-1,-1,-1,-1,1032,-1,-1,-1,-1,-1,-1,-1,-1,
-1,-1,-1,649,-1,-1,-1,-1,-1,-1,-1,-1,-1,-1,-1,-1,-1,-1,1171,-1,
-1,-1,-1,652,-1,-1,-1,-1,-1,-1,-1,-1,-1,-1,-1,-1,-1,698,536,275,
-1,-1,-1,655,1041,-1,-1,-1,-1,-1,-1,-1,-1,-1,-1,-1,-1,-1,-1,-1,
-1,-1,-1,661,397,-1,-1,-1,-1,-1,510,227,641,969,-1,-1,-1,-1,-1,-1,
-1,-1,-1,662,-1,-1,-1,-1,-1,-1,-1,-1,-1,-1,-1,-1,-1,-1,653,-1,
-1,-1,-1,668,-1,-1,1121,-1,-1,-1,-1,-1,-1,-1,-1,-1,-1,-1,-1,-1,
-1,-1,-1,669,-1,-1,-1,-1,-1,-1,247,206,-1,612,-1,-1,-1,-1,-1,-1,
-1,-1,-1,670,2269,817,1355,-1,-1,1510,-1,-1,-1,-1,-1,-1,1458,956,-1,-1,
-1,-1,-1,682,641,405,-1,-1,-1,-1,-1,-1,-1,-1,-1,-1,-1,-1,-1,-1,
-1,-1,-1,685,-1,-1,-1,-1,-1,-1,-1,-1,-1,-1,848,-1,-1,-1,-1,-1,
-1,-1,-1,687,1329,-1,-1,-1,-1,-1,-1,-1,-1,-1,-1,-1,-1,-1,277,-1,
-1,-1,-1,689,300,-1,-1,-1,-1,-1,-1,-1,-1,-1,-1,-1,-1,-1,-1,-1,
-1,-1,-1,695,-1,-1,-1,-1,-1,-1,-1,-1,-1,-1,-1,-1,-1,914,1038,-1,
-1,-1,-1,703,-1,709,399,-1,-1,-1,-1,-1,-1,-1,-1,-1,-1,-1,-1,-1,
-1,-1,-1,707,-1,-1,-1,-1,-1,1132,-1,-1,-1,-1,-1,-1,-1,-1,-1,-1,
-1,-1,-1,712,-1,-1,-1,-1,-1,-1,-1,-1,-1,-1,-1,-1,-1,-1,-1,1087,
-1,-1,-1,714,-1,-1,-1,-1,-1,-1,1810,-1,-1,-1,-1,-1,-1,-1,-1,-1,
-1,-1,-1,722,1455,-1,-1,-1,-1,-1,-1,-1,-1,-1,-1,-1,-1,-1,-1,-1,
-1,-1,-1,723,1269,-1,-1,-1,-1,-1,-1,-1,-1,528,375,456,-1,-1,511,1620,
-1,-1,-1,724,349,-1,-1,-1,-1,-1,-1,-1,-1,-1,-1,-1,-1,-1,-1,-1,
-1,-1,-1,727,606,749,508,-1,657,-1,-1,-1,-1,-1,-1,-1,-1,-1,-1,-1,
-1,-1,-1,733,1525,-1,2220,1093,-1,-1,-1,-1,-1,-1,-1,-1,-1,-1,-1,-1,
-1,-1,-1,734,-1,1695,-1,-1,-1,-1,-1,-1,-1,-1,-1,-1,-1,-1,-1,-1,
-1,-1,-1,735,294,-1,-1,-1,1062,-1,-1,-1,-1,-1,-1,-1,-1,-1,-1,-1,
-1,-1,-1,739,466,603,-1,-1,-1,-1,347,-1,-1,-1,529,523,242,420,-1,-1,
-1,-1,-1,740,1259,-1,-1,-1,-1,-1,-1,-1,-1,-1,-1,-1,-1,1393,-1,2279,
-1,-1,-1,743,-1,-1,-1,-1,482,-1,-1,-1,-1,-1,-1,-1,-1,527,-1,-1,
-1,-1,-1,747,-1,-1,329,-1,-1,-1,-1,-1,-1,-1,-1,-1,511,260,605,1205,
-1,-1,-1,748,437,388,274,512,-1,-1,-1,-1,-1,-1,-1,-1,-1,-1,-1,-1,
-1,-1,-1,749,-1,-1,-1,1403,842,-1,2173,-1,-1,-1,-1,-1,-1,-1,-1,-1,
-1,-1,-1,759,1509,830,-1,-1,-1,-1,-1,-1,-1,-1,995,900,-1,-1,-1,-1,
-1,-1,-1,761,964,-1,-1,-1,-1,-1,-1,-1,562,-1,-1,-1,-1,-1,-1,-1,
-1,-1,-1,762,-1,-1,-1,-1,-1,-1,-1,-1,-1,-1,-1,-1,-1,-1,-1,1122,
-1,-1,-1,767,-1,-1,-1,-1,-1,-1,-1,-1,-1,-1,-1,-1,-1,414,-1,-1,
-1,-1,-1,773,865,-1,-1,-1,-1,-1,-1,-1,-1,-1,-1,-1,1616,-1,704,-1,
-1,-1,-1,775,1186,1273,-1,-1,-1,-1,-1,1033,-1,-1,-1,-1,-1,-1,-1,-1,
-1,-1,-1,776,1219,750,760,-1,-1,-1,-1,-1,-1,-1,-1,-1,-1,-1,-1,-1,
-1,-1,-1,777,-1,-1,-1,-1,-1,-1,-1,-1,-1,-1,-1,-1,-1,1572,-1,-1,
-1,-1,-1,778,-1,225,-1,399,-1,-1,-1,-1,-1,-1,-1,-1,-1,-1,-1,-1,
-1,-1,-1,782,-1,-1,-1,-1,-1,-1,-1,-1,-1,-1,2051,-1,-1,-1,-1,1425,
-1,-1,-1,785,-1,-1,-1,1099,-1,-1,-1,-1,-1,-1,-1,272,-1,-1,-1,-1,
-1,-1,-1,789,-1,-1,-1,-1,142,-1,-1,269,-1,-1,747,-1,682,-1,-1,-1,
-1,-1,-1,793,-1,-1,1486,-1,1174,-1,-1,1170,-1,-1,-1,-1,-1,-1,-1,-1,
-1,-1,-1,800,1226,587,680,1010,-1,-1,-1,-1,-1,-1,-1,-1,-1,-1,-1,-1,
-1,-1,-1,802,-1,-1,-1,-1,-1,-1,-1,-1,-1,538,-1,-1,-1,-1,-1,-1,
-1,-1,-1,803,1406,-1,-1,-1,-1,795,-1,-1,-1,-1,-1,-1,-1,-1,-1,-1,
-1,-1,-1,808,1204,1577,-1,1188,1979,-1,-1,-1,-1,-1,-1,-1,-1,-1,-1,-1,
-1,-1,-1,809,583,-1,-1,-1,-1,-1,-1,-1,-1,-1,-1,-1,-1,-1,-1,-1,
-1,-1,-1,811,747,-1,-1,-1,-1,-1,-1,-1,-1,-1,-1,-1,-1,-1,1088,-1,
-1,-1,-1,812,366,-1,-1,-1,-1,-1,-1,-1,-1,-1,-1,-1,-1,-1,-1,-1,
-1,-1,-1,814,-1,-1,474,-1,-1,-1,1590,937,1121,-1,-1,-1,-1,-1,-1,-1,
-1,-1,-1,820,1234,-1,-1,-1,-1,-1,-1,-1,-1,-1,-1,-1,-1,-1,-1,-1,
-1,-1,-1,835,-1,1813,-1,-1,-1,-1,-1,-1,-1,-1,-1,449,-1,-1,-1,-1,
-1,-1,-1,836,1201,-1,-1,-1,-1,-1,-1,-1,-1,-1,-1,-1,-1,-1,-1,-1,
-1,-1,-1,837,-1,-1,1852,-1,-1,-1,-1,-1,-1,-1,-1,-1,-1,-1,-1,-1,
-1,-1,-1,841,-1,-1,-1,-1,-1,-1,-1,-1,-1,-1,-1,-1,-1,1022,-1,-1,
-1,-1,-1,846,287,-1,-1,-1,-1,-1,-1,-1,-1,-1,-1,-1,-1,-1,-1,-1,
-1,-1,-1,847,-1,-1,-1,-1,-1,-1,-1,808,-1,-1,-1,-1,-1,-1,-1,-1,
-1,-1,-1,849,-1,-1,-1,-1,-1,1941,-1,-1,-1,-1,-1,-1,-1,-1,-1,-1,
-1,-1,-1,850,-1,-1,-1,-1,-1,-1,601,764,451,-1,829,-1,-1,-1,-1,878,
-1,-1,-1,853,839,-1,-1,-1,-1,723,-1,-1,-1,-1,-1,-1,-1,-1,-1,-1,
-1,-1,-1,854,-1,-1,2110,1934,-1,-1,-1,-1,-1,-1,-1,-1,-1,-1,-1,-1,
-1,-1,-1,859,306,864,-1,-1,-1,-1,-1,-1,-1,-1,-1,-1,-1,-1,-1,-1,
-1,-1,-1,861,-1,-1,-1,-1,804,-1,-1,-1,-1,-1,429,-1,-1,-1,-1,-1,
-1,-1,-1,873,-1,-1,-1,-1,-1,-1,-1,-1,996,-1,1260,-1,-1,-1,382,-1,
-1,-1,-1,874,396,552,-1,-1,-1,-1,-1,-1,-1,-1,-1,-1,-1,-1,-1,-1,
-1,-1,-1,875,2722,-1,-1,-1,-1,2485,2006,-1,-1,-1,-1,-1,-1,1578,-1,-1,
-1,-1,-1,876,-1,-1,-1,-1,-1,1772,1737,-1,-1,-1,-1,-1,-1,-1,-1,-1,
-1,-1,-1,877,764,2413,2019,-1,-1,-1,-1,-1,-1,-1,482,-1,-1,-1,-1,-1,
-1,-1,-1,882,-1,-1,-1,-1,-1,-1,464,-1,-1,-1,-1,-1,-1,-1,-1,-1,
-1,-1,-1,892,-1,-1,-1,-1,-1,-1,-1,-1,-1,-1,-1,1752,-1,-1,-1,-1,
-1,-1,-1,898,-1,-1,-1,-1,-1,-1,-1,-1,-1,693,-1,-1,-1,-1,-1,-1,
-1,-1,-1,901,-1,-1,-1,-1,-1,1229,-1,-1,-1,-1,-1,-1,-1,-1,-1,-1,
-1,-1,1723,903,922,-1,-1,-1,-1,-1,-1,-1,-1,-1,-1,-1,-1,-1,-1,-1,
-1,-1,-1,904,680,-1,-1,-1,-1,-1,-1,-1,-1,-1,-1,-1,-1,-1,-1,-1,
-1,-1,-1,907,-1,-1,-1,-1,399,-1,-1,-1,-1,-1,-1,-1,-1,-1,-1,-1,
-1,-1,-1,915,-1,1622,-1,-1,-1,-1,-1,-1,-1,-1,-1,-1,-1,-1,-1,-1,
-1,-1,-1,920,1627,2110,-1,-1,-1,-1,-1,-1,-1,-1,-1,-1,-1,-1,-1,-1,
-1,-1,-1,924,2709,-1,-1,-1,-1,-1,1415,1406,1444,1263,-1,-1,-1,-1,-1,-1,
-1,-1,-1,928,-1,-1,-1,-1,-1,-1,-1,-1,-1,-1,1513,-1,-1,-1,-1,-1,
-1,-1,-1,932,1682,-1,-1,-1,-1,-1,-1,-1,-1,-1,-1,-1,-1,-1,-1,-1,
-1,-1,-1,936,1365,906,612,370,-1,427,-1,-1,-1,-1,-1,-1,-1,-1,-1,-1,
-1,-1,-1,937,994,1558,-1,-1,-1,-1,1865,-1,-1,-1,-1,-1,-1,-1,-1,-1,
-1,-1,-1,941,-1,1553,-1,-1,-1,-1,-1,-1,-1,-1,-1,-1,-1,-1,-1,-1,
-1,-1,-1,947,-1,1748,-1,-1,-1,-1,-1,-1,-1,-1,-1,-1,-1,-1,-1,364,
-1,-1,-1,954,-1,999,-1,-1,-1,-1,-1,-1,-1,-1,-1,-1,-1,-1,-1,-1,
-1,-1,-1,959,-1,-1,1730,-1,-1,-1,-1,-1,-1,-1,-1,-1,-1,-1,-1,-1,
-1,-1,-1,961,-1,-1,-1,-1,-1,-1,-1,-1,-1,-1,-1,-1,1001,-1,-1,-1,
-1,-1,-1,962,1160,-1,-1,-1,-1,-1,-1,-1,-1,-1,-1,-1,-1,-1,-1,-1,
-1,-1,-1,963,862,485,495,650,591,830,-1,1085,-1,-1,-1,-1,-1,657,-1,1004,
-1,-1,-1,965,-1,1666,-1,-1,-1,-1,-1,-1,-1,-1,-1,-1,-1,-1,-1,-1,
-1,-1,-1,970,1008,-1,308,354,-1,-1,-1,-1,-1,-1,-1,-1,-1,-1,-1,-1,
-1,-1,-1,971,-1,-1,-1,-1,-1,-1,-1,-1,-1,-1,-1,-1,948,-1,-1,-1,
-1,-1,-1,974,-1,-1,-1,-1,-1,-1,-1,-1,-1,-1,2268,-1,-1,-1,-1,-1,
-1,-1,-1,982,710,625,581,313,755,-1,448,-1,-1,-1,273,371,530,928,363,391,
-1,-1,-1,984,-1,1136,-1,-1,-1,-1,-1,-1,707,-1,-1,-1,-1,-1,-1,-1,
-1,-1,-1,986,-1,-1,-1,-1,-1,-1,-1,-1,-1,-1,-1,-1,-1,672,-1,-1,
-1,-1,-1,988,-1,-1,-1,-1,-1,-1,-1,2011,-1,1019,975,-1,-1,-1,-1,-1,
-1,-1,-1,989,-1,-1,-1,-1,-1,-1,-1,-1,-1,-1,-1,336,171,-1,-1,-1,
-1,-1,-1,992,-1,-1,-1,-1,-1,-1,-1,-1,-1,-1,-1,-1,-1,1244,-1,-1,
-1,-1,-1,997,-1,1066,1098,1877,1373,663,-1,-1,-1,-1,-1,-1,-1,-1,-1,-1,
-1,-1,-1,1002,-1,-1,-1,863,1517,1040,1112,-1,-1,-1,456,-1,-1,-1,-1,-1,
-1,-1,-1,1005,-1,-1,-1,-1,-1,-1,-1,-1,-1,-1,-1,-1,-1,-1,1078,1544,
-1,-1,-1,1014,447,-1,-1,-1,-1,-1,-1,-1,-1,-1,-1,-1,-1,-1,-1,-1,
-1,-1,-1,1028,-1,-1,-1,-1,-1,-1,444,394,724,255,-1,884,829,-1,-1,-1,
-1,-1,-1,1029,-1,-1,-1,-1,-1,960,-1,-1,-1,-1,-1,-1,-1,-1,-1,-1,
-1,-1,-1,1033,-1,-1,-1,-1,-1,-1,-1,-1,-1,-1,-1,1070,-1,-1,-1,-1,
-1,-1,-1,1036,1051,-1,-1,-1,-1,-1,-1,-1,-1,-1,-1,-1,-1,-1,-1,-1,
-1,-1,-1,1037,386,-1,-1,1274,-1,-1,-1,-1,-1,-1,-1,-1,-1,-1,-1,-1,
-1,-1,-1,1039,733,1113,-1,-1,-1,-1,-1,-1,-1,-1,-1,-1,-1,-1,-1,-1,
-1,-1,-1,1040,-1,-1,-1,1197,-1,-1,-1,-1,-1,-1,-1,-1,-1,-1,-1,-1,
-1,-1,-1,1041,1456,-1,-1,-1,-1,-1,-1,-1,-1,-1,-1,-1,-1,-1,-1,-1,
-1,-1,-1,1043,-1,-1,-1,-1,-1,-1,-1,-1,-1,-1,-1,718,-1,-1,-1,-1,
-1,-1,-1,1044,1765,-1,-1,411,-1,-1,-1,-1,-1,-1,-1,-1,-1,-1,-1,-1,
-1,-1,-1,1049,-1,1732,-1,-1,-1,-1,-1,-1,-1,-1,-1,-1,-1,-1,-1,-1,
-1,-1,-1,1054,887,-1,-1,-1,-1,-1,-1,-1,-1,-1,-1,-1,-1,-1,-1,-1,
-1,-1,-1,1057,-1,2406,2873,-1,-1,-1,-1,-1,-1,-1,-1,-1,-1,-1,2182,2872,
-1,-1,-1,1058,1208,1161,-1,715,1186,-1,-1,-1,-1,-1,-1,-1,-1,-1,-1,-1,
-1,-1,-1,1059,-1,882,-1,-1,-1,-1,-1,-1,2178,-1,-1,-1,-1,-1,-1,-1,
-1,-1,-1,1068,2262,-1,-1,-1,-1,-1,1181,1212,-1,-1,-1,-1,2158,1721,-1,-1,
-1,-1,-1,1072,2061,-1,384,1098,663,-1,1256,-1,-1,-1,-1,-1,-1,-1,-1,-1,
-1,-1,-1,1079,774,772,-1,-1,659,963,319,228,-1,-1,-1,-1,-1,-1,-1,-1,
-1,-1,-1,1081,-1,-1,-1,-1,-1,-1,-1,-1,-1,-1,-1,-1,-1,-1,826,-1,
-1,-1,-1,1083,-1,-1,-1,-1,-1,-1,-1,-1,-1,-1,-1,950,-1,-1,-1,-1,
-1,-1,-1,1084,-1,2251,1879,1398,-1,-1,-1,-1,-1,-1,-1,-1,-1,-1,-1,-1,
-1,-1,-1,1088,2142,-1,-1,-1,-1,-1,-1,-1,-1,-1,-1,-1,-1,-1,-1,-1,
-1,-1,-1,1089,690,1131,2169,725,-1,1742,697,-1,-1,-1,-1,-1,-1,-1,-1,-1,
-1,-1,-1,1090,-1,2368,642,-1,-1,-1,-1,-1,-1,-1,-1,-1,-1,-1,-1,-1,
-1,-1,-1,1091,-1,-1,645,-1,-1,-1,-1,-1,-1,-1,-1,-1,-1,-1,-1,-1,
-1,-1,-1,1101,1680,-1,-1,-1,-1,-1,-1,-1,-1,-1,-1,-1,-1,-1,-1,-1,
-1,-1,-1,1110,-1,-1,-1,-1,-1,-1,-1,-1,-1,-1,-1,-1,2054,-1,-1,-1,
-1,-1,-1,1115,-1,-1,-1,-1,-1,-1,-1,-1,-1,-1,-1,-1,1482,-1,-1,-1,
-1,-1,-1,1116,-1,-1,-1,-1,-1,-1,-1,-1,-1,-1,-1,-1,-1,1407,-1,-1,
-1,-1,-1,1119,1946,-1,626,1801,-1,-1,-1,-1,-1,-1,-1,1116,-1,-1,-1,1440,
-1,-1,-1,1121,-1,-1,-1,-1,-1,-1,2168,-1,2163,-1,2394,-1,1630,1535,1719,2186,
-1,-1,-1,1122,-1,1398,1659,2206,-1,-1,-1,-1,-1,-1,-1,-1,-1,-1,-1,-1,
-1,-1,-1,1126,-1,-1,445,-1,-1,586,1290,2050,672,-1,1291,-1,1146,1691,-1,1454,
-1,-1,-1,1127,1761,2200,910,-1,-1,-1,-1,-1,-1,-1,-1,-1,1520,-1,-1,-1,
-1,-1,-1,1140,974,-1,-1,-1,-1,-1,-1,-1,-1,-1,-1,-1,-1,-1,-1,-1,
-1,-1,-1,-1,-1,490,447,214,377,-1,213,297,203,221,486,-1,-1,331,-1,-1,
-1,-1,-1,1162,-1,-1,-1,-1,-1,-1,-1,-1,-1,-1,1845,-1,-1,-1,-1,-1,
-1,-1,-1,1167,1639,-1,-1,-1,-1,-1,-1,-1,-1,-1,-1,-1,-1,-1,-1,-1,
-1,-1,-1,1168,1244,664,795,1400,-1,-1,-1,-1,-1,-1,-1,-1,-1,-1,-1,-1,
-1,-1,-1,1169,-1,-1,-1,-1,-1,-1,-1,1744,-1,-1,-1,-1,-1,-1,-1,-1,
-1,-1,-1,1171,-1,-1,-1,-1,-1,-1,-1,-1,-1,-1,-1,-1,-1,2398,-1,-1,
-1,-1,-1,1173,904,-1,764,-1,-1,781,-1,-1,-1,1412,-1,-1,-1,-1,-1,-1,
-1,-1,-1,1175,-1,-1,-1,-1,-1,-1,-1,636,-1,-1,-1,-1,-1,-1,-1,-1,
-1,-1,-1,1179,-1,-1,-1,-1,-1,-1,553,-1,-1,-1,-1,-1,-1,-1,-1,-1,
-1,-1,-1,1183,443,1255,-1,503,-1,-1,-1,-1,-1,1438,-1,-1,-1,-1,-1,-1,
-1,-1,-1,1184,-1,-1,-1,-1,-1,-1,-1,-1,-1,-1,-1,-1,-1,-1,1466,-1,
-1,-1,-1,1188,-1,-1,2100,1790,-1,-1,-1,-1,-1,-1,-1,-1,-1,-1,-1,-1,
-1,-1,-1,1192,1896,-1,-1,-1,-1,-1,-1,-1,-1,-1,-1,-1,-1,-1,-1,-1,
-1,-1,-1,1197,-1,-1,-1,811,-1,-1,-1,662,-1,-1,-1,-1,-1,-1,-1,-1,
-1,-1,-1,1205,-1,-1,1019,-1,-1,-1,-1,-1,-1,-1,-1,-1,-1,-1,-1,-1,
-1,-1,-1,1211,-1,-1,743,657,442,-1,-1,-1,-1,-1,-1,-1,-1,-1,-1,-1,
-1,-1,-1,1213,401,515,1115,-1,-1,-1,-1,-1,-1,-1,-1,-1,-1,-1,-1,-1,
-1,-1,-1,1215,508,1323,-1,-1,-1,-1,-1,-1,-1,-1,-1,-1,-1,-1,-1,-1,
-1,-1,-1,1216,1667,1631,-1,-1,2533,-1,-1,-1,-1,-1,-1,879,2813,-1,-1,-1,
-1,-1,-1,1217,-1,883,986,-1,-1,-1,-1,-1,-1,-1,-1,-1,-1,-1,-1,-1,
-1,-1,-1,1220,-1,780,584,-1,-1,-1,-1,-1,-1,-1,-1,-1,-1,-1,-1,-1,
-1,-1,-1,1222,-1,-1,1561,-1,-1,-1,-1,-1,925,-1,-1,-1,-1,-1,2314,-1,
-1,-1,-1,1225,967,-1,-1,-1,2047,2428,1298,-1,-1,-1,-1,-1,-1,-1,-1,-1,
-1,-1,-1,1228,-1,-1,-1,-1,-1,-1,-1,-1,-1,1426,-1,-1,-1,-1,-1,-1,
-1,-1,-1,1230,1034,-1,1263,-1,-1,-1,-1,-1,-1,-1,-1,-1,1732,-1,-1,-1,
-1,-1,-1,1232,2332,-1,-1,-1,-1,-1,-1,-1,-1,-1,-1,-1,-1,-1,-1,-1,
-1,-1,-1,1234,-1,-1,-1,-1,836,-1,-1,-1,-1,-1,-1,-1,-1,-1,-1,-1,
-1,-1,-1,1247,-1,-1,-1,-1,-1,-1,-1,-1,-1,-1,-1,-1,1857,-1,-1,-1,
-1,-1,-1,1250,1194,-1,-1,-1,-1,-1,-1,-1,-1,-1,-1,-1,-1,-1,-1,-1,
-1,-1,-1,1252,1465,1907,-1,1371,-1,-1,-1,-1,-1,-1,-1,-1,-1,-1,-1,-1,
-1,-1,-1,1253,-1,-1,-1,-1,-1,-1,-1,-1,-1,-1,-1,-1,-1,965,-1,-1,
-1,-1,-1,1255,-1,-1,-1,-1,-1,-1,2307,-1,-1,-1,-1,-1,-1,-1,-1,-1,
-1,-1,-1,1261,-1,946,1238,-1,-1,-1,-1,-1,-1,-1,-1,-1,-1,-1,-1,421,
-1,-1,-1,1262,-1,-1,-1,-1,-1,-1,-1,-1,-1,-1,2366,1156,-1,-1,-1,-1,
-1,-1,-1,1267,1654,2094,-1,-1,-1,-1,-1,-1,-1,-1,-1,-1,-1,-1,-1,-1,
-1,-1,-1,1271,1647,1342,-1,-1,-1,-1,-1,-1,-1,-1,-1,-1,-1,-1,-1,-1,
-1,-1,-1,1272,2250,-1,-1,-1,-1,-1,-1,-1,2483,-1,-1,-1,-1,-1,-1,-1,
-1,-1,-1,1273,-1,-1,-1,-1,1795,-1,-1,-1,-1,-1,-1,-1,-1,-1,-1,-1,
-1,-1,-1,1275,-1,-1,-1,-1,1823,-1,-1,966,2211,735,1938,-1,-1,-1,1235,-1,
-1,-1,-1,1276,-1,-1,-1,-1,-1,-1,-1,-1,1505,-1,-1,-1,-1,-1,-1,-1,
-1,-1,-1,1277,-1,-1,-1,-1,-1,-1,-1,1103,-1,-1,-1,-1,-1,-1,-1,-1,
-1,-1,-1,1278,-1,-1,-1,-1,-1,-1,-1,-1,-1,-1,-1,1854,-1,-1,-1,-1,
-1,-1,-1,1282,1829,-1,-1,-1,-1,-1,-1,926,-1,-1,-1,-1,-1,-1,-1,-1,
-1,-1,-1,1284,1574,716,717,1177,-1,-1,1327,-1,-1,-1,-1,-1,-1,-1,-1,-1,
-1,-1,-1,1285,711,-1,-1,2531,1094,-1,-1,-1,-1,-1,-1,-1,-1,-1,-1,-1,
-1,-1,-1,1287,2085,-1,-1,-1,-1,-1,-1,-1,-1,-1,-1,-1,-1,-1,-1,-1,
-1,-1,-1,1299,1768,1093,-1,-1,-1,-1,-1,-1,-1,-1,-1,-1,-1,-1,-1,-1,
-1,-1,-1,1300,-1,-1,1483,2242,-1,-1,-1,-1,-1,-1,-1,-1,-1,-1,-1,-1,
-1,-1,-1,1303,1532,-1,-1,-1,-1,-1,-1,-1,-1,-1,-1,-1,-1,-1,-1,-1,
-1,-1,-1,1308,-1,2457,-1,-1,-1,-1,-1,-1,-1,-1,-1,-1,-1,-1,-1,-1,
-1,-1,-1,1312,588,-1,-1,-1,-1,-1,-1,-1,315,-1,-1,-1,-1,-1,-1,-1,
-1,-1,-1,1313,1238,-1,-1,-1,-1,-1,-1,-1,2515,-1,-1,-1,-1,-1,-1,-1,
-1,-1,-1,1318,-1,-1,2370,-1,-1,-1,-1,-1,-1,-1,-1,-1,-1,-1,-1,-1,
-1,-1,-1,1323,-1,-1,-1,-1,-1,-1,-1,-1,948,-1,-1,-1,-1,-1,-1,-1,
-1,-1,-1,1324,1042,1022,-1,-1,-1,-1,-1,-1,-1,-1,-1,-1,-1,-1,-1,-1,
-1,-1,-1,1325,-1,-1,-1,1903,-1,-1,-1,-1,-1,-1,-1,-1,-1,-1,1887,-1,
-1,-1,-1,1327,692,-1,-1,-1,-1,-1,-1,-1,-1,-1,-1,-1,-1,-1,-1,-1,
-1,-1,-1,1334,2447,-1,-1,-1,-1,-1,-1,-1,-1,-1,-1,-1,-1,-1,-1,-1,
-1,-1,-1,1338,1086,-1,-1,-1,-1,-1,-1,-1,2404,-1,-1,-1,-1,-1,-1,-1,
-1,-1,-1,1339,-1,2694,-1,-1,-1,-1,-1,-1,-1,-1,-1,-1,-1,-1,-1,-1,
-1,-1,-1,1341,-1,-1,-1,-1,707,1046,-1,2120,-1,-1,-1,-1,-1,-1,-1,-1,
-1,970,-1,1342,-1,-1,-1,-1,-1,-1,-1,-1,-1,-1,-1,-1,2014,-1,-1,-1,
-1,-1,-1,1344,1964,-1,1200,1335,-1,-1,-1,-1,-1,-1,-1,-1,-1,-1,-1,-1,
-1,-1,-1,1346,-1,2106,-1,-1,-1,-1,-1,-1,-1,-1,-1,-1,-1,-1,-1,-1,
-1,-1,-1,1347,-1,1801,-1,-1,-1,-1,-1,-1,-1,-1,-1,-1,-1,-1,-1,-1,
-1,-1,-1,1355,-1,-1,-1,-1,-1,-1,-1,-1,-1,-1,-1,-1,750,-1,-1,-1,
-1,-1,-1,1356,-1,-1,-1,2000,-1,-1,1744,1210,-1,690,907,-1,-1,-1,-1,-1,
-1,-1,-1,1363,-1,-1,-1,2202,-1,-1,-1,-1,-1,-1,-1,-1,-1,-1,-1,-1,
-1,-1,-1,1365,-1,1700,2102,2148,-1,-1,-1,-1,-1,-1,-1,-1,-1,-1,-1,-1,
-1,-1,-1,1367,-1,-1,-1,-1,-1,-1,-1,832,-1,-1,-1,-1,-1,-1,-1,-1,
-1,-1,-1,1371,517,1897,1317,-1,-1,-1,-1,667,516,-1,-1,-1,-1,-1,-1,-1,
-1,-1,-1,1376,-1,-1,-1,-1,-1,-1,-1,-1,-1,-1,1753,-1,-1,-1,-1,-1,
-1,-1,-1,1382,-1,1186,674,810,1461,-1,-1,-1,-1,-1,-1,-1,-1,-1,-1,-1,
-1,-1,-1,1388,-1,2388,-1,-1,-1,-1,-1,-1,-1,-1,-1,-1,-1,-1,-1,-1,
-1,-1,-1,1392,-1,-1,-1,-1,2223,-1,-1,-1,-1,-1,-1,-1,-1,-1,-1,-1,
-1,-1,-1,1395,993,-1,-1,-1,-1,-1,-1,-1,-1,-1,-1,-1,-1,-1,-1,-1,
-1,-1,-1,1396,1779,-1,-1,-1,-1,-1,-1,-1,-1,-1,-1,-1,-1,-1,-1,-1,
-1,-1,-1,1397,1399,-1,-1,-1,-1,-1,-1,-1,-1,-1,-1,-1,-1,-1,-1,-1,
-1,-1,-1,1401,-1,971,-1,-1,-1,529,757,1515,-1,-1,-1,-1,-1,-1,-1,-1,
-1,-1,-1,1402,-1,-1,-1,-1,-1,-1,-1,-1,-1,-1,-1,-1,-1,-1,-1,1778,
-1,-1,-1,1404,2415,-1,2104,-1,-1,-1,-1,-1,-1,-1,-1,-1,-1,-1,-1,-1,
-1,-1,-1,1412,-1,-1,-1,-1,-1,-1,-1,-1,-1,-1,1449,-1,-1,-1,-1,-1,
-1,-1,-1,1413,-1,-1,-1,-1,-1,-1,-1,-1,-1,-1,-1,-1,-1,-1,-1,1923,
-1,-1,-1,1416,-1,-1,-1,-1,-1,-1,-1,-1,-1,-1,-1,-1,701,774,-1,-1,
-1,-1,-1,1424,803,-1,-1,-1,-1,-1,-1,-1,-1,-1,-1,2771,-1,-1,-1,-1,
-1,-1,-1,1425,-1,-1,-1,-1,983,1401,1361,749,-1,-1,2112,-1,-1,-1,-1,-1,
-1,-1,-1,1426,-1,-1,893,-1,-1,-1,-1,-1,-1,-1,777,922,-1,-1,-1,-1,
-1,-1,-1,1430,-1,-1,-1,2408,2635,-1,-1,-1,-1,-1,-1,-1,-1,-1,-1,-1,
-1,-1,-1,1432,-1,-1,-1,-1,-1,-1,-1,-1,887,-1,2791,-1,-1,-1,-1,-1,
-1,-1,-1,1437,1895,-1,-1,-1,-1,-1,-1,-1,-1,-1,-1,-1,-1,-1,-1,-1,
-1,-1,-1,1439,-1,-1,-1,-1,-1,-1,1692,-1,-1,-1,-1,-1,-1,-1,-1,-1,
-1,-1,-1,1440,506,1717,784,-1,-1,-1,-1,-1,-1,-1,-1,-1,-1,-1,-1,-1,
-1,-1,-1,1441,-1,1961,1726,1513,-1,-1,-1,-1,-1,-1,-1,-1,-1,-1,-1,-1,
-1,-1,-1,1443,-1,-1,-1,-1,-1,-1,-1,-1,-1,1316,-1,-1,-1,-1,-1,-1,
-1,-1,-1,1447,-1,-1,1536,-1,-1,-1,-1,-1,-1,-1,-1,-1,-1,-1,-1,-1,
-1,-1,-1,1448,-1,2748,-1,1834,911,746,1043,-1,-1,-1,-1,-1,-1,-1,-1,-1,
-1,-1,-1,1453,-1,-1,896,615,1669,-1,-1,-1,-1,-1,-1,-1,-1,-1,-1,-1,
-1,-1,-1,1462,-1,2260,722,-1,-1,-1,-1,-1,-1,-1,-1,-1,-1,-1,-1,-1,
-1,-1,-1,1468,-1,-1,-1,2606,2540,-1,-1,-1,-1,-1,-1,-1,-1,-1,-1,-1,
-1,-1,-1,1476,-1,1274,814,-1,-1,-1,-1,-1,-1,-1,-1,-1,-1,-1,-1,-1,
-1,-1,-1,1481,-1,-1,-1,2252,-1,-1,-1,-1,-1,-1,-1,-1,-1,-1,-1,-1,
-1,-1,-1,1486,-1,2365,-1,-1,-1,-1,-1,-1,-1,-1,-1,-1,-1,-1,-1,-1,
-1,-1,-1,1492,2885,-1,-1,-1,-1,-1,-1,-1,-1,-1,-1,-1,-1,-1,-1,-1,
-1,-1,-1,1501,1693,1734,-1,-1,-1,-1,-1,-1,-1,-1,-1,-1,-1,-1,-1,-1,
-1,-1,-1,1504,-1,1120,2421,-1,-1,-1,-1,-1,-1,-1,-1,-1,-1,-1,-1,-1,
-1,-1,-1,1506,-1,-1,1274,-1,-1,-1,-1,-1,-1,-1,-1,-1,-1,-1,-1,-1,
-1,-1,-1,1507,-1,1326,1495,-1,-1,1627,-1,-1,-1,-1,-1,-1,-1,-1,-1,-1,
-1,-1,-1,1508,2503,-1,-1,-1,-1,-1,-1,-1,-1,-1,-1,-1,-1,-1,-1,1701,
-1,-1,-1,1510,-1,-1,653,-1,-1,-1,-1,-1,-1,-1,-1,-1,-1,-1,-1,-1,
-1,-1,-1,1511,-1,-1,1926,-1,-1,-1,1315,-1,-1,-1,-1,-1,-1,-1,-1,-1,
-1,-1,-1,1513,1057,-1,-1,-1,-1,-1,-1,-1,-1,-1,-1,-1,-1,-1,-1,-1,
-1,-1,-1,1515,-1,-1,-1,-1,-1,-1,-1,-1,-1,916,-1,-1,-1,-1,-1,-1,
-1,-1,-1,1523,-1,-1,-1,-1,2696,-1,-1,-1,-1,-1,-1,-1,-1,-1,-1,-1,
-1,-1,-1,1525,1489,2019,2319,2524,-1,-1,-1,-1,-1,-1,-1,-1,-1,-1,-1,2224,
-1,-1,-1,1527,1128,-1,2137,-1,-1,-1,-1,-1,-1,-1,-1,-1,-1,-1,-1,-1,
-1,-1,-1,1532,2537,-1,-1,-1,-1,-1,-1,-1,-1,-1,-1,-1,-1,-1,-1,-1,
-1,-1,-1,1535,-1,-1,-1,-1,-1,2606,-1,-1,-1,-1,-1,1551,-1,-1,-1,1707,
-1,-1,-1,1536,-1,2380,-1,-1,-1,-1,-1,-1,-1,-1,-1,-1,-1,-1,1698,2768,
-1,-1,-1,1539,-1,-1,-1,-1,-1,1247,-1,-1,-1,-1,-1,-1,-1,-1,-1,-1,
-1,-1,-1,1540,-1,-1,-1,-1,-1,-1,2624,-1,-1,2100,-1,-1,-1,-1,-1,-1,
-1,-1,-1,1542,-1,-1,-1,-1,-1,-1,2676,-1,-1,-1,-1,-1,-1,-1,-1,-1,
-1,-1,-1,1543,783,-1,-1,-1,-1,-1,-1,-1,-1,-1,-1,-1,-1,-1,-1,-1,
-1,-1,-1,1545,-1,-1,-1,-1,-1,-1,-1,-1,-1,-1,-1,-1,-1,-1,-1,1832,
-1,-1,-1,1547,-1,-1,-1,-1,-1,-1,-1,-1,-1,-1,-1,-1,1562,1040,768,-1,
-1,-1,-1,1549,896,-1,-1,-1,-1,1819,-1,2566,-1,-1,-1,-1,-1,-1,-1,-1,
-1,-1,-1,1550,-1,1301,-1,-1,-1,-1,-1,-1,-1,-1,-1,-1,-1,-1,-1,-1,
-1,-1,-1,1553,-1,1208,-1,-1,-1,-1,-1,-1,-1,-1,-1,-1,-1,-1,-1,-1,
-1,-1,-1,1559,1617,-1,-1,-1,-1,-1,-1,-1,-1,-1,-1,-1,-1,-1,-1,-1,
-1,-1,-1,1561,612,-1,-1,-1,1060,311,443,-1,-1,-1,-1,-1,-1,-1,593,704,
-1,-1,-1,1563,1989,-1,-1,-1,-1,-1,-1,-1,903,-1,-1,-1,-1,-1,-1,-1,
-1,-1,-1,1570,1518,-1,-1,-1,-1,-1,-1,-1,-1,-1,-1,-1,-1,-1,-1,-1,
-1,-1,-1,1572,-1,-1,-1,2115,-1,1805,-1,-1,-1,-1,-1,-1,-1,-1,-1,-1,
-1,-1,-1,1574,-1,-1,1606,-1,-1,-1,-1,-1,-1,-1,-1,-1,-1,-1,-1,-1,
-1,-1,-1,1576,2328,-1,-1,1953,-1,-1,-1,-1,-1,-1,-1,-1,1036,-1,-1,-1,
-1,-1,-1,1585,-1,1373,2289,-1,-1,-1,-1,-1,-1,-1,-1,-1,-1,-1,-1,-1,
-1,-1,-1,1587,-1,-1,-1,-1,-1,1832,-1,-1,-1,-1,-1,-1,-1,-1,-1,-1,
-1,-1,-1,1588,-1,1390,-1,-1,-1,-1,-1,-1,-1,-1,-1,-1,-1,-1,-1,-1,
-1,-1,-1,1589,-1,1519,2660,2209,2531,2176,2372,2565,-1,1693,-1,-1,2231,1912,-1,-1,
-1,-1,-1,1591,1940,-1,-1,-1,-1,-1,-1,-1,-1,-1,-1,-1,1951,-1,-1,-1,
-1,-1,-1,1593,-1,-1,-1,-1,-1,-1,-1,-1,-1,-1,-1,-1,-1,1633,-1,-1,
-1,-1,-1,1598,2645,-1,-1,-1,-1,-1,-1,-1,-1,-1,-1,-1,-1,-1,-1,-1,
-1,-1,-1,1600,-1,-1,-1,-1,-1,1455,-1,-1,-1,-1,-1,-1,-1,-1,-1,-1,
-1,-1,-1,1601,-1,-1,-1,-1,-1,-1,-1,1692,-1,-1,-1,-1,-1,-1,-1,-1,
-1,-1,-1,1603,-1,-1,-1,-1,-1,-1,-1,-1,-1,-1,-1,-1,-1,-1,-1,2086,
-1,-1,-1,1605,-1,1711,-1,-1,-1,-1,-1,-1,-1,-1,-1,-1,-1,-1,-1,-1,
-1,-1,-1,1606,2516,-1,958,-1,-1,1838,1696,-1,-1,-1,-1,-1,827,-1,-1,-1,
-1,-1,-1,1607,-1,-1,-1,-1,-1,-1,1571,-1,-1,-1,-1,-1,-1,-1,-1,-1,
-1,-1,-1,1610,1929,2946,-1,-1,-1,-1,-1,-1,-1,-1,-1,-1,-1,-1,-1,-1,
-1,-1,-1,1615,-1,2920,-1,-1,-1,-1,-1,-1,-1,-1,-1,-1,-1,-1,-1,-1,
-1,-1,-1,1620,2577,1533,1040,-1,1470,-1,-1,-1,2778,-1,1540,2186,-1,-1,-1,-1,
-1,-1,-1,1624,-1,1016,-1,-1,-1,-1,-1,-1,-1,-1,-1,-1,-1,-1,-1,-1,
-1,-1,-1,1627,-1,-1,-1,-1,-1,-1,-1,-1,-1,-1,-1,-1,-1,2539,-1,-1,
-1,-1,-1,1628,-1,-1,-1,-1,-1,-1,-1,-1,-1,-1,-1,-1,-1,-1,2703,-1,
-1,-1,-1,1631,2496,-1,-1,-1,-1,-1,-1,-1,-1,-1,-1,-1,-1,-1,-1,-1,
-1,-1,-1,1632,-1,2454,-1,-1,-1,-1,-1,-1,-1,-1,-1,-1,-1,-1,-1,-1,
-1,-1,-1,1633,-1,818,-1,-1,-1,-1,-1,-1,-1,-1,-1,-1,-1,-1,-1,-1,
-1,-1,-1,1634,-1,-1,-1,-1,-1,-1,-1,-1,-1,-1,-1,-1,-1,-1,-1,1429,
-1,-1,-1,1639,-1,-1,-1,-1,-1,-1,-1,-1,681,-1,-1,-1,-1,-1,-1,-1,
-1,-1,-1,1640,-1,2577,-1,-1,-1,-1,-1,-1,-1,-1,-1,-1,-1,-1,-1,-1,
-1,-1,-1,1641,2622,-1,-1,-1,-1,-1,-1,-1,-1,2495,-1,-1,-1,-1,-1,-1,
-1,-1,-1,1645,-1,-1,-1,-1,-1,1916,-1,-1,-1,-1,-1,-1,-1,-1,-1,-1,
-1,-1,-1,1654,1165,-1,2374,-1,-1,-1,-1,-1,-1,-1,-1,-1,-1,-1,-1,-1,
-1,-1,-1,1663,1726,935,-1,-1,-1,-1,-1,-1,-1,-1,-1,-1,-1,-1,-1,-1,
-1,-1,-1,1664,1364,1180,-1,-1,-1,-1,-1,-1,-1,-1,-1,-1,-1,-1,-1,-1,
-1,-1,-1,1669,-1,-1,-1,1019,1047,-1,-1,-1,-1,847,-1,-1,-1,1159,-1,1765,
-1,-1,-1,1672,2375,-1,-1,-1,-1,-1,-1,-1,-1,-1,-1,-1,-1,-1,-1,-1,
-1,-1,-1,1675,-1,-1,-1,-1,-1,-1,-1,-1,-1,-1,-1,-1,2195,-1,-1,-1,
-1,-1,-1,1680,-1,2160,2503,-1,-1,-1,-1,-1,-1,-1,1225,-1,-1,-1,-1,-1,
-1,-1,-1,1681,2756,-1,-1,-1,2463,1773,2760,-1,-1,-1,-1,-1,-1,1892,-1,-1,
-1,-1,-1,1683,-1,-1,-1,-1,-1,-1,2147,1975,-1,-1,-1,-1,-1,-1,-1,-1,
-1,-1,-1,1687,-1,1130,-1,-1,-1,-1,-1,-1,-1,-1,-1,-1,-1,863,-1,-1,
-1,-1,-1,1688,-1,-1,-1,-1,-1,-1,-1,-1,-1,-1,2185,-1,-1,-1,-1,-1,
-1,-1,-1,1695,-1,-1,-1,-1,-1,-1,-1,-1,-1,-1,-1,-1,-1,-1,-1,1935,
-1,-1,-1,1699,-1,1545,-1,-1,-1,-1,-1,-1,-1,-1,-1,-1,-1,-1,-1,-1,
-1,-1,-1,1706,-1,-1,-1,-1,-1,-1,-1,-1,2309,-1,-1,-1,-1,-1,-1,-1,
-1,-1,-1,1707,-1,-1,-1,-1,-1,-1,-1,-1,-1,-1,-1,-1,-1,-1,1106,944,
-1,-1,-1,1711,704,1122,740,-1,-1,-1,-1,-1,-1,-1,-1,-1,-1,862,1288,640,
-1,-1,-1,1713,-1,-1,-1,-1,-1,-1,-1,-1,2333,-1,-1,-1,-1,-1,-1,-1,
-1,-1,-1,1717,-1,1193,-1,-1,-1,-1,-1,-1,-1,-1,-1,-1,-1,-1,-1,-1,
-1,-1,-1,1720,-1,-1,-1,-1,-1,-1,762,-1,-1,-1,-1,-1,-1,-1,-1,-1,
-1,-1,-1,1721,-1,-1,895,-1,-1,-1,-1,-1,-1,-1,-1,-1,-1,-1,-1,-1,
-1,-1,-1,1728,1326,-1,-1,1056,982,-1,-1,-1,-1,864,-1,2299,1318,-1,-1,-1,
-1,-1,-1,1734,1723,2540,1656,-1,2857,-1,-1,-1,-1,-1,-1,-1,-1,-1,-1,-1,
-1,-1,-1,1736,2255,-1,-1,1271,2304,2920,-1,-1,-1,-1,-1,-1,-1,-1,-1,-1,
-1,-1,-1,1749,-1,-1,2725,1075,-1,1364,-1,-1,-1,-1,-1,-1,-1,-1,2612,-1,
-1,-1,-1,1751,-1,-1,830,-1,-1,-1,-1,-1,-1,-1,-1,-1,-1,-1,-1,-1,
-1,-1,-1,1752,-1,1249,-1,-1,-1,-1,-1,-1,-1,-1,-1,-1,-1,-1,-1,-1,
-1,-1,-1,1754,2481,-1,840,-1,-1,-1,-1,-1,-1,-1,-1,-1,-1,-1,-1,-1,
-1,-1,-1,1759,-1,2293,-1,-1,-1,-1,-1,-1,-1,-1,-1,-1,-1,-1,-1,-1,
-1,-1,-1,1762,-1,-1,-1,-1,-1,-1,-1,-1,-1,-1,1026,-1,-1,-1,-1,-1,
-1,-1,-1,1764,2073,-1,-1,-1,-1,-1,-1,-1,-1,-1,-1,-1,2317,-1,-1,-1,
-1,-1,-1,1769,-1,-1,-1,-1,-1,-1,-1,-1,-1,-1,-1,-1,-1,-1,2234,-1,
-1,-1,-1,1778,-1,2083,-1,-1,-1,-1,-1,-1,-1,-1,-1,-1,-1,-1,-1,-1,
-1,-1,-1,1780,2538,-1,-1,-1,-1,-1,-1,-1,-1,-1,-1,-1,-1,-1,-1,-1,
-1,-1,-1,1783,840,-1,-1,-1,-1,-1,-1,-1,-1,-1,-1,-1,-1,-1,-1,-1,
-1,-1,-1,1784,788,-1,-1,864,458,-1,-1,-1,-1,-1,-1,-1,-1,-1,-1,-1,
-1,-1,-1,1788,2015,-1,-1,-1,-1,-1,-1,-1,-1,-1,-1,-1,-1,-1,-1,-1,
-1,-1,-1,1789,-1,-1,-1,-1,-1,-1,-1,-1,-1,-1,-1,-1,-1,-1,1874,-1,
-1,-1,-1,1790,2214,-1,-1,-1,-1,-1,-1,-1,-1,-1,-1,-1,-1,-1,-1,-1,
-1,-1,-1,1798,-1,-1,-1,-1,-1,-1,-1,-1,-1,1847,-1,-1,-1,-1,-1,-1,
-1,-1,-1,1799,2170,840,-1,-1,-1,-1,839,-1,-1,-1,-1,-1,-1,-1,-1,-1,
-1,-1,-1,1800,-1,-1,-1,-1,-1,-1,1579,1130,-1,-1,-1,-1,-1,-1,-1,-1,
-1,-1,-1,1802,2266,2129,-1,-1,-1,-1,-1,-1,-1,-1,-1,-1,-1,-1,-1,-1,
-1,-1,-1,1803,-1,-1,1149,557,-1,-1,-1,-1,-1,-1,-1,-1,-1,-1,-1,-1,
-1,-1,-1,1805,-1,-1,-1,-1,-1,-1,-1,-1,-1,2021,-1,-1,-1,-1,-1,-1,
-1,-1,-1,1807,-1,1575,1251,-1,1369,861,-1,1810,1796,2123,-1,-1,-1,-1,-1,-1,
-1,-1,-1,1815,-1,-1,-1,-1,-1,1382,-1,-1,-1,-1,-1,-1,-1,-1,-1,-1,
-1,-1,-1,1824,-1,1735,-1,-1,-1,-1,-1,-1,1206,-1,-1,-1,-1,-1,-1,-1,
-1,-1,-1,1832,-1,-1,-1,-1,-1,-1,-1,-1,-1,-1,1032,-1,652,-1,-1,-1,
-1,-1,-1,1833,1031,-1,-1,-1,-1,-1,-1,-1,-1,-1,-1,-1,-1,-1,-1,-1,
-1,-1,-1,1834,-1,-1,-1,-1,-1,-1,-1,-1,-1,-1,-1,1733,-1,-1,-1,-1,
-1,-1,-1,1835,2462,-1,-1,-1,-1,-1,-1,-1,2518,-1,-1,-1,-1,2245,-1,-1,
-1,-1,-1,1837,-1,796,2093,819,747,759,-1,-1,964,-1,-1,-1,-1,-1,-1,-1,
-1,-1,-1,1846,-1,850,553,658,-1,-1,-1,-1,-1,-1,-1,876,-1,841,-1,-1,
-1,-1,-1,1847,2030,-1,2476,-1,-1,-1,-1,-1,-1,-1,-1,-1,-1,-1,-1,-1,
-1,-1,-1,1850,1743,-1,-1,-1,-1,-1,-1,-1,-1,-1,-1,-1,-1,2783,-1,-1,
-1,-1,-1,1852,-1,-1,1174,-1,-1,-1,-1,-1,-1,-1,-1,-1,-1,-1,-1,-1,
-1,-1,-1,1855,-1,-1,-1,-1,-1,1408,-1,-1,-1,-1,-1,-1,-1,-1,-1,-1,
-1,-1,-1,1859,-1,-1,-1,2335,-1,-1,-1,-1,-1,-1,-1,-1,-1,-1,-1,-1,
-1,-1,-1,1862,-1,2010,-1,-1,-1,-1,-1,-1,-1,-1,-1,-1,-1,-1,-1,-1,
-1,-1,-1,-1,762,969,705,326,410,-1,-1,-1,-1,-1,-1,-1,-1,-1,-1,909,
-1,-1,-1,1867,1383,-1,-1,-1,-1,-1,-1,-1,-1,-1,-1,-1,1382,579,-1,-1,
-1,-1,-1,1869,-1,-1,-1,-1,-1,-1,-1,-1,-1,-1,-1,1743,1832,-1,2253,2825,
-1,-1,-1,1880,-1,-1,-1,-1,-1,-1,-1,-1,-1,-1,-1,-1,-1,-1,2242,-1,
-1,-1,-1,1881,1722,-1,802,1224,2510,-1,-1,-1,-1,-1,-1,-1,-1,-1,-1,-1,
-1,-1,-1,1884,912,-1,-1,-1,-1,-1,-1,-1,-1,-1,-1,-1,968,832,-1,-1,
-1,-1,-1,1888,1791,-1,-1,-1,-1,-1,-1,-1,-1,-1,-1,-1,-1,2039,-1,-1,
-1,-1,-1,1890,2093,-1,-1,-1,-1,-1,-1,-1,-1,-1,-1,-1,-1,-1,-1,-1,
-1,-1,-1,1893,-1,-1,-1,-1,-1,-1,-1,-1,969,1110,-1,-1,-1,-1,-1,-1,
-1,-1,-1,1899,-1,-1,-1,-1,-1,-1,-1,-1,-1,-1,-1,2273,1658,-1,-1,-1,
-1,-1,-1,1901,-1,-1,-1,-1,-1,-1,-1,-1,-1,-1,1789,-1,-1,1528,-1,-1,
-1,-1,-1,1908,-1,-1,-1,-1,-1,-1,-1,-1,-1,-1,1298,-1,-1,2159,-1,-1,
-1,-1,-1,1910,-1,-1,-1,-1,-1,-1,-1,-1,-1,-1,1496,-1,-1,-1,-1,-1,
-1,-1,-1,1912,-1,-1,-1,-1,-1,-1,-1,-1,-1,-1,-1,-1,875,-1,-1,-1,
-1,-1,-1,1913,-1,-1,-1,-1,-1,-1,1060,1813,1605,-1,-1,-1,-1,-1,-1,-1,
-1,-1,-1,1923,-1,-1,-1,-1,-1,-1,-1,-1,-1,-1,-1,676,1288,-1,-1,-1,
-1,-1,-1,1924,2105,-1,-1,-1,-1,-1,-1,-1,-1,-1,-1,-1,-1,-1,-1,-1,
-1,-1,-1,1935,2525,-1,-1,-1,-1,-1,-1,-1,-1,-1,-1,-1,-1,-1,-1,-1,
-1,-1,-1,1936,1566,-1,-1,-1,-1,-1,-1,-1,-1,-1,-1,-1,-1,-1,-1,-1,
-1,-1,-1,1937,2883,-1,-1,-1,808,-1,-1,-1,-1,-1,-1,-1,-1,-1,-1,-1,
-1,-1,-1,1938,-1,-1,-1,-1,-1,2469,-1,-1,-1,-1,-1,-1,-1,-1,-1,-1,
-1,-1,-1,1940,-1,-1,-1,-1,-1,1253,1715,-1,-1,1647,-1,1140,-1,-1,1381,-1,
-1,-1,-1,1944,1998,1751,2838,-1,-1,-1,-1,2149,1735,919,2131,2817,2538,-1,-1,-1,
-1,-1,-1,1949,1927,-1,-1,-1,-1,-1,-1,-1,-1,-1,-1,-1,-1,-1,-1,-1,
-1,-1,-1,1952,-1,1762,845,1312,1769,-1,-1,-1,-1,-1,-1,-1,-1,-1,-1,-1,
-1,-1,-1,1953,1921,-1,-1,-1,-1,-1,-1,-1,-1,-1,-1,-1,-1,-1,-1,-1,
-1,-1,-1,1954,-1,1919,1337,1391,-1,-1,-1,-1,-1,-1,-1,2136,-1,1430,1724,-1,
-1,-1,-1,1960,-1,-1,-1,-1,-1,-1,-1,-1,-1,-1,-1,-1,-1,-1,1834,1241,
-1,-1,-1,1967,-1,-1,-1,-1,-1,-1,-1,-1,-1,-1,-1,-1,-1,-1,2348,-1,
-1,-1,-1,1971,2411,-1,-1,-1,-1,1305,-1,-1,1722,-1,-1,-1,-1,-1,2183,-1,
-1,-1,-1,1974,-1,-1,-1,-1,1169,-1,-1,-1,-1,-1,-1,-1,-1,-1,-1,-1,
-1,-1,-1,1975,2910,-1,-1,-1,-1,-1,-1,-1,-1,-1,-1,1610,-1,-1,-1,-1,
-1,-1,-1,1978,-1,-1,2341,-1,1633,-1,-1,-1,-1,-1,-1,-1,-1,-1,-1,-1,
-1,-1,-1,1979,-1,-1,-1,-1,-1,2292,-1,-1,-1,-1,-1,-1,-1,-1,-1,-1,
-1,-1,-1,1982,-1,-1,-1,-1,-1,1323,-1,-1,-1,-1,-1,-1,-1,-1,-1,-1,
-1,-1,-1,1983,-1,2316,-1,-1,-1,-1,-1,-1,-1,-1,-1,-1,-1,-1,-1,-1,
-1,-1,-1,1993,2765,-1,-1,-1,-1,-1,-1,-1,-1,-1,-1,-1,-1,-1,-1,-1,
-1,-1,-1,2001,1170,-1,-1,-1,-1,-1,-1,-1,-1,-1,-1,-1,-1,-1,-1,-1,
-1,-1,-1,2003,-1,-1,2360,1004,-1,-1,-1,-1,-1,-1,-1,-1,-1,-1,-1,-1,
-1,-1,-1,2007,-1,-1,-1,-1,-1,-1,-1,-1,-1,-1,-1,1721,-1,-1,-1,-1,
-1,-1,-1,2010,-1,-1,-1,-1,-1,-1,-1,-1,1728,-1,-1,-1,-1,-1,-1,-1,
-1,-1,-1,2011,-1,-1,-1,-1,1872,-1,-1,-1,-1,-1,-1,-1,-1,-1,-1,-1,
-1,-1,-1,2012,-1,-1,-1,-1,-1,-1,-1,-1,-1,2881,-1,-1,-1,-1,-1,-1,
-1,-1,-1,2014,1334,-1,-1,-1,-1,-1,-1,-1,-1,-1,-1,-1,-1,-1,-1,-1,
-1,-1,-1,2016,-1,-1,-1,-1,-1,-1,-1,-1,-1,-1,-1,-1,-1,-1,1249,1190,
-1,-1,-1,2018,-1,-1,-1,1008,-1,-1,-1,-1,-1,-1,-1,-1,-1,-1,-1,-1,
-1,-1,-1,2022,2475,-1,2359,-1,-1,-1,-1,-1,-1,-1,2891,-1,-1,-1,-1,-1,
-1,-1,-1,2028,-1,-1,-1,-1,-1,-1,-1,-1,2136,-1,-1,-1,-1,-1,-1,-1,
-1,-1,-1,2033,-1,2314,-1,-1,-1,-1,-1,-1,-1,-1,-1,-1,-1,-1,-1,-1,
-1,-1,-1,2035,-1,-1,-1,-1,-1,-1,-1,-1,-1,-1,-1,1440,-1,-1,-1,-1,
-1,-1,-1,2036,2182,2886,-1,-1,-1,-1,-1,-1,-1,-1,-1,-1,-1,-1,-1,-1,
-1,-1,-1,2043,-1,-1,-1,-1,-1,-1,2004,-1,-1,-1,-1,-1,1509,-1,-1,-1,
-1,-1,-1,2053,916,-1,637,-1,-1,-1,-1,-1,-1,-1,-1,-1,-1,-1,-1,-1,
-1,-1,-1,2058,1788,-1,-1,1620,-1,-1,-1,-1,-1,1264,-1,-1,-1,-1,-1,-1,
-1,-1,-1,2067,1755,-1,-1,-1,-1,-1,-1,-1,-1,-1,-1,-1,-1,-1,-1,-1,
-1,-1,-1,2073,1942,-1,-1,-1,1416,-1,-1,-1,-1,-1,-1,-1,-1,-1,1905,-1,
-1,-1,-1,2077,-1,1621,-1,-1,-1,-1,-1,-1,-1,-1,-1,-1,-1,-1,-1,-1,
-1,-1,-1,2080,1435,-1,-1,-1,-1,-1,-1,-1,-1,-1,-1,-1,-1,-1,-1,-1,
-1,-1,-1,2085,-1,-1,-1,-1,-1,-1,-1,-1,-1,-1,-1,-1,-1,-1,641,942,
-1,-1,-1,2087,-1,-1,-1,-1,-1,-1,-1,-1,-1,-1,-1,2677,-1,-1,-1,-1,
-1,-1,-1,2089,-1,-1,-1,-1,2599,-1,-1,-1,-1,-1,-1,-1,-1,-1,-1,-1,
-1,-1,-1,2092,-1,1546,-1,-1,-1,-1,-1,-1,-1,-1,-1,-1,-1,-1,-1,-1,
-1,-1,-1,2093,2117,-1,-1,-1,-1,-1,-1,-1,-1,-1,-1,-1,-1,-1,-1,-1,
-1,-1,-1,2095,-1,1253,-1,2195,-1,-1,-1,-1,-1,-1,-1,-1,-1,-1,-1,-1,
-1,-1,-1,2100,2546,-1,-1,-1,-1,-1,-1,-1,-1,-1,-1,-1,-1,-1,-1,-1,
-1,-1,-1,2101,2843,-1,-1,-1,-1,-1,-1,-1,-1,-1,-1,-1,-1,-1,-1,-1,
-1,-1,-1,2105,-1,2667,-1,-1,-1,-1,-1,-1,-1,-1,-1,-1,-1,-1,-1,-1,
-1,-1,-1,2108,-1,-1,-1,-1,-1,-1,-1,1748,-1,-1,-1,-1,-1,-1,-1,-1,
-1,-1,-1,2112,867,1225,-1,-1,-1,-1,-1,-1,-1,-1,-1,-1,-1,-1,-1,-1,
-1,-1,-1,2116,-1,-1,-1,-1,-1,-1,-1,-1,-1,-1,1832,-1,-1,-1,-1,-1,
-1,-1,-1,2119,1745,-1,1372,-1,-1,-1,-1,-1,-1,-1,-1,-1,-1,-1,-1,-1,
-1,-1,-1,2124,-1,-1,-1,-1,-1,-1,2335,-1,-1,-1,-1,-1,-1,-1,-1,-1,
-1,-1,-1,2127,1025,-1,-1,-1,-1,-1,-1,-1,-1,-1,-1,-1,-1,-1,-1,-1,
-1,-1,-1,2135,-1,-1,-1,-1,-1,-1,-1,-1,2224,-1,-1,-1,-1,-1,-1,-1,
-1,-1,-1,2136,2689,-1,-1,-1,-1,-1,-1,-1,-1,-1,-1,-1,-1,-1,-1,-1,
-1,-1,-1,2141,-1,-1,-1,-1,-1,-1,-1,-1,-1,-1,-1,-1,-1,1137,-1,-1,
-1,-1,-1,2147,2246,-1,-1,-1,-1,-1,-1,-1,-1,-1,1376,-1,-1,-1,-1,-1,
-1,-1,-1,2148,-1,1607,-1,-1,-1,-1,-1,-1,-1,-1,-1,-1,-1,-1,2195,-1,
-1,-1,-1,2150,-1,-1,-1,-1,2296,-1,-1,-1,-1,-1,-1,-1,-1,-1,-1,-1,
-1,-1,-1,2151,-1,-1,2419,-1,-1,-1,-1,-1,-1,-1,-1,-1,-1,-1,-1,-1,
-1,-1,-1,2153,2134,-1,-1,-1,-1,-1,-1,-1,-1,-1,-1,-1,-1,-1,-1,-1,
-1,-1,-1,2154,1977,1797,-1,-1,-1,-1,-1,-1,-1,-1,-1,-1,-1,-1,-1,-1,
-1,-1,-1,2155,-1,-1,-1,-1,-1,-1,-1,-1,-1,-1,-1,1196,1983,975,1444,-1,
-1,-1,-1,2159,-1,-1,-1,-1,-1,-1,-1,1530,-1,-1,-1,-1,-1,-1,-1,-1,
-1,-1,-1,2161,-1,-1,-1,1963,1629,2769,-1,-1,-1,-1,-1,-1,-1,-1,-1,-1,
-1,-1,-1,2164,-1,-1,-1,-1,-1,-1,-1,-1,-1,-1,-1,-1,1302,-1,-1,-1,
-1,-1,-1,2169,-1,2155,1749,-1,-1,-1,-1,-1,-1,-1,-1,-1,-1,-1,-1,-1,
-1,-1,-1,2173,-1,-1,-1,-1,-1,-1,-1,-1,-1,1038,-1,-1,-1,1122,567,-1,
-1,-1,-1,2174,-1,-1,2435,-1,-1,-1,-1,-1,-1,-1,-1,-1,-1,-1,-1,-1,
-1,-1,-1,2176,-1,-1,-1,-1,-1,-1,-1,2540,-1,-1,-1,-1,-1,-1,-1,-1,
-1,-1,-1,2178,-1,-1,-1,2801,-1,1109,-1,2659,-1,-1,-1,-1,-1,-1,-1,-1,
-1,-1,-1,2179,2058,-1,2495,-1,-1,-1,-1,-1,-1,-1,-1,-1,-1,-1,-1,-1,
-1,-1,-1,2181,1846,-1,-1,-1,-1,-1,-1,-1,-1,-1,-1,-1,-1,-1,-1,-1,
-1,-1,-1,2186,-1,-1,-1,-1,-1,-1,-1,-1,-1,-1,-1,-1,2201,-1,-1,-1,
-1,-1,-1,2187,-1,-1,-1,-1,-1,2727,-1,-1,-1,-1,-1,-1,-1,-1,-1,-1,
-1,-1,-1,2196,-1,-1,1471,-1,-1,-1,-1,-1,-1,-1,-1,-1,-1,-1,-1,-1,
-1,-1,-1,2200,-1,1977,-1,-1,-1,-1,-1,-1,-1,-1,-1,-1,-1,-1,-1,-1,
-1,-1,-1,2201,-1,-1,-1,-1,-1,-1,-1,-1,-1,-1,-1,1402,-1,-1,-1,-1,
-1,-1,-1,2207,2245,1610,-1,-1,-1,-1,-1,-1,-1,-1,-1,-1,-1,-1,-1,-1,
-1,-1,-1,-1,-1,456,889,987,695,-1,-1,1631,1576,1095,1051,1423,368,499,-1,283,
-1,-1,-1,2213,-1,-1,-1,2190,-1,-1,-1,-1,-1,-1,-1,-1,-1,-1,-1,-1,
-1,-1,-1,2218,-1,-1,-1,-1,-1,2325,-1,-1,-1,-1,-1,-1,-1,-1,-1,-1,
-1,-1,-1,2221,972,1190,1988,-1,-1,-1,-1,-1,-1,-1,-1,-1,-1,-1,2101,1493,
-1,-1,-1,2225,2902,-1,-1,-1,-1,-1,-1,2165,-1,-1,-1,-1,-1,-1,-1,-1,
-1,-1,-1,2227,-1,-1,1759,-1,-1,-1,-1,-1,-1,-1,-1,-1,-1,-1,-1,-1,
-1,-1,-1,2228,-1,-1,1934,-1,-1,-1,-1,-1,-1,-1,-1,-1,-1,-1,1736,-1,
-1,-1,-1,2229,-1,-1,-1,-1,-1,-1,-1,-1,1788,-1,-1,2583,-1,-1,-1,-1,
-1,-1,-1,-1,1092,-1,775,-1,-1,-1,-1,-1,-1,-1,-1,-1,492,-1,-1,-1,
-1,-1,-1,2239,-1,1238,-1,-1,-1,-1,-1,-1,-1,-1,-1,-1,-1,-1,-1,-1,
-1,-1,-1,2240,1158,-1,-1,-1,-1,-1,-1,-1,-1,-1,-1,-1,-1,-1,1312,1166,
-1,-1,-1,2241,2818,-1,-1,-1,-1,-1,-1,-1,-1,-1,-1,-1,-1,-1,-1,-1,
-1,-1,-1,2248,-1,-1,-1,-1,-1,-1,-1,-1,-1,2058,-1,1759,-1,-1,-1,-1,
-1,-1,-1,2257,-1,-1,-1,-1,-1,-1,-1,-1,1437,2160,-1,-1,-1,-1,-1,-1,
-1,-1,-1,2258,-1,-1,-1,-1,-1,-1,-1,-1,-1,-1,-1,-1,-1,-1,2102,-1,
-1,-1,-1,2261,-1,-1,-1,1456,-1,-1,-1,-1,2819,-1,-1,-1,-1,-1,-1,-1,
-1,-1,-1,2267,-1,-1,-1,-1,-1,-1,-1,-1,-1,-1,1854,-1,-1,-1,-1,-1,
-1,-1,-1,2269,-1,-1,-1,-1,-1,-1,-1,2730,-1,-1,-1,-1,-1,-1,-1,-1,
-1,-1,-1,-1,2097,1160,1324,1257,-1,-1,-1,-1,-1,-1,-1,-1,2754,-1,-1,-1,
-1,-1,-1,2272,-1,-1,-1,-1,1902,-1,-1,-1,-1,-1,-1,-1,-1,-1,-1,-1,
-1,-1,-1,2282,1644,-1,-1,-1,-1,-1,-1,-1,-1,-1,-1,-1,-1,-1,-1,-1,
-1,-1,-1,2283,-1,-1,-1,-1,-1,-1,-1,2457,2402,-1,-1,-1,-1,-1,-1,-1,
-1,-1,-1,2292,-1,2942,-1,-1,-1,-1,-1,-1,-1,-1,-1,-1,-1,-1,-1,-1,
-1,-1,-1,2295,-1,-1,-1,-1,-1,2490,-1,-1,-1,-1,-1,-1,-1,-1,-1,-1,
-1,-1,-1,2296,-1,-1,-1,2282,2467,2378,2089,-1,-1,-1,-1,-1,-1,-1,-1,-1,
-1,-1,-1,2297,1835,-1,-1,-1,-1,-1,-1,-1,-1,-1,-1,-1,-1,-1,989,2292,
-1,-1,-1,2300,-1,2463,-1,-1,-1,1808,-1,-1,-1,-1,1407,1200,-1,-1,-1,-1,
-1,-1,-1,2314,-1,-1,-1,-1,-1,-1,-1,-1,-1,-1,-1,-1,2756,1937,-1,-1,
-1,-1,-1,2315,1570,-1,-1,-1,-1,-1,-1,-1,-1,-1,-1,-1,-1,-1,-1,-1,
-1,-1,-1,2320,-1,-1,-1,2560,-1,-1,-1,-1,-1,-1,-1,-1,-1,-1,-1,-1,
-1,-1,-1,2328,2744,-1,-1,-1,-1,-1,-1,-1,-1,-1,-1,-1,-1,-1,-1,-1,
-1,-1,-1,2334,1096,-1,1118,2130,-1,-1,-1,-1,-1,-1,-1,-1,-1,-1,-1,-1,
-1,-1,-1,2336,-1,-1,-1,-1,-1,2468,-1,-1,-1,-1,-1,-1,-1,-1,-1,-1,
-1,-1,-1,2339,2488,1887,-1,-1,-1,-1,-1,-1,-1,-1,-1,-1,-1,-1,-1,-1,
-1,-1,-1,2342,1975,2551,-1,-1,-1,-1,2705,-1,-1,1715,2792,-1,-1,-1,-1,-1,
-1,-1,-1,2348,-1,-1,2683,1893,1917,-1,-1,-1,-1,1109,-1,-1,-1,-1,2220,-1,
-1,-1,-1,2350,2076,-1,-1,-1,-1,-1,-1,-1,-1,-1,-1,-1,-1,-1,-1,-1,
-1,-1,-1,2353,1856,-1,-1,-1,-1,-1,-1,-1,-1,-1,-1,-1,-1,-1,-1,-1,
-1,-1,-1,2354,-1,-1,-1,1797,-1,-1,-1,-1,-1,-1,-1,-1,-1,-1,-1,-1,
-1,-1,-1,2363,-1,-1,-1,-1,-1,-1,-1,-1,-1,-1,-1,-1,-1,2368,-1,2487,
-1,-1,-1,2364,2422,-1,-1,2415,-1,2253,-1,-1,-1,-1,2887,-1,2371,-1,-1,-1,
-1,-1,-1,2369,2140,-1,-1,-1,-1,-1,-1,-1,-1,-1,-1,-1,-1,-1,-1,-1,
-1,-1,-1,2376,1919,-1,-1,-1,-1,-1,-1,-1,-1,-1,-1,-1,-1,-1,-1,-1,
-1,-1,-1,2377,-1,-1,2117,2425,-1,-1,-1,-1,-1,-1,-1,-1,-1,-1,-1,-1,
-1,-1,-1,2378,-1,-1,1254,-1,-1,-1,-1,-1,-1,-1,-1,-1,-1,-1,-1,-1,
-1,-1,-1,2382,-1,-1,-1,-1,-1,-1,-1,-1,-1,-1,-1,-1,-1,2175,-1,-1,
-1,-1,-1,2384,2052,-1,-1,-1,-1,-1,-1,-1,-1,-1,-1,-1,-1,-1,-1,-1,
-1,-1,-1,2388,-1,-1,-1,-1,-1,-1,-1,-1,2821,-1,-1,-1,-1,-1,-1,-1,
-1,-1,-1,2390,-1,-1,-1,-1,2840,1803,-1,-1,-1,2877,-1,-1,2088,1330,-1,-1,
-1,-1,-1,2394,1537,-1,-1,-1,-1,-1,-1,-1,-1,-1,-1,-1,-1,1014,-1,-1,
-1,-1,-1,2397,-1,-1,-1,-1,-1,-1,-1,-1,-1,-1,-1,-1,2061,-1,-1,-1,
-1,-1,-1,2400,-1,-1,-1,-1,2508,-1,-1,-1,-1,-1,-1,-1,-1,-1,-1,-1,
-1,-1,-1,2402,-1,-1,-1,-1,2134,2049,-1,-1,2018,-1,-1,-1,-1,-1,-1,-1,
-1,-1,-1,2404,-1,-1,-1,-1,2727,-1,-1,-1,1265,-1,-1,-1,-1,-1,-1,-1,
-1,-1,-1,2406,-1,-1,-1,-1,-1,-1,-1,-1,1199,-1,-1,-1,-1,-1,-1,-1,
-1,-1,-1,2409,2669,-1,-1,-1,-1,-1,-1,-1,-1,-1,-1,-1,-1,-1,-1,-1,
-1,-1,-1,2415,-1,-1,2250,-1,-1,-1,-1,-1,-1,-1,-1,-1,-1,-1,-1,-1,
-1,-1,-1,2416,-1,2301,-1,-1,-1,-1,-1,-1,-1,-1,-1,-1,-1,-1,-1,-1,
-1,-1,-1,2422,1195,-1,-1,-1,-1,-1,-1,-1,-1,-1,-1,-1,-1,-1,-1,-1,
-1,-1,-1,2424,1860,-1,-1,-1,-1,-1,-1,-1,-1,-1,-1,-1,-1,-1,-1,-1,
-1,-1,-1,2427,-1,2464,-1,-1,-1,-1,-1,-1,-1,-1,-1,-1,-1,-1,-1,-1,
-1,-1,-1,2434,2511,-1,-1,-1,-1,-1,-1,-1,-1,-1,-1,-1,-1,-1,-1,-1,
-1,-1,-1,2446,-1,-1,1845,-1,-1,-1,-1,-1,-1,-1,-1,-1,-1,-1,-1,-1,
-1,-1,-1,2465,2387,-1,-1,-1,-1,-1,-1,-1,-1,-1,-1,-1,-1,-1,-1,-1,
-1,-1,-1,2467,-1,-1,-1,-1,-1,-1,-1,-1,-1,-1,-1,1901,2169,-1,-1,-1,
-1,-1,-1,2469,-1,-1,-1,-1,-1,1491,1202,1551,-1,-1,-1,-1,-1,-1,-1,-1,
-1,-1,-1,2471,-1,-1,-1,2230,-1,-1,-1,-1,-1,-1,-1,-1,-1,-1,-1,-1,
-1,-1,-1,2473,-1,-1,-1,-1,-1,-1,-1,-1,-1,-1,-1,-1,-1,1409,-1,-1,
-1,-1,-1,2484,-1,-1,-1,-1,-1,1554,-1,-1,-1,-1,-1,-1,-1,-1,-1,-1,
-1,-1,-1,2487,2235,-1,-1,-1,-1,-1,-1,-1,-1,-1,-1,-1,-1,-1,-1,-1,
-1,-1,-1,2492,1394,-1,-1,-1,-1,-1,-1,-1,-1,-1,-1,-1,-1,-1,-1,-1,
-1,-1,-1,2495,2858,-1,-1,-1,-1,-1,-1,-1,-1,-1,-1,-1,-1,-1,-1,-1,
-1,-1,-1,2499,1992,-1,-1,-1,-1,-1,-1,-1,-1,-1,-1,-1,-1,-1,-1,-1,
-1,-1,-1,2500,-1,-1,-1,-1,-1,-1,-1,-1,-1,-1,2699,-1,-1,-1,-1,-1,
-1,-1,-1,2508,1344,2421,-1,-1,-1,-1,-1,-1,-1,-1,-1,-1,-1,-1,-1,-1,
-1,-1,-1,2511,2816,-1,-1,-1,-1,-1,-1,-1,-1,-1,-1,-1,-1,-1,-1,-1,
-1,-1,-1,2512,-1,-1,-1,-1,2342,-1,2599,-1,-1,-1,-1,-1,-1,-1,-1,-1,
-1,-1,-1,2517,-1,-1,-1,-1,-1,-1,-1,-1,2722,-1,-1,-1,-1,-1,-1,-1,
-1,-1,-1,2523,998,-1,-1,-1,-1,-1,-1,-1,-1,1808,-1,-1,-1,-1,-1,-1,
-1,-1,-1,2531,2633,-1,-1,-1,-1,-1,-1,-1,-1,-1,-1,-1,-1,-1,-1,-1,
-1,-1,-1,2533,-1,2360,-1,-1,-1,-1,-1,-1,-1,-1,-1,-1,-1,-1,-1,-1,
-1,-1,-1,2547,-1,-1,-1,-1,-1,-1,-1,-1,1306,-1,-1,1401,-1,1005,-1,1607,
-1,-1,-1,2549,2357,-1,-1,-1,-1,2668,-1,-1,-1,-1,-1,-1,-1,-1,-1,-1,
-1,-1,-1,-1,-1,-1,-1,-1,-1,-1,-1,-1,750,915,897,1426,-1,2595,2313,-1,
-1,-1,-1,2556,-1,-1,2613,-1,-1,-1,-1,-1,-1,-1,-1,2174,-1,-1,-1,-1,
-1,-1,-1,2562,-1,-1,-1,-1,-1,-1,-1,-1,-1,1461,-1,-1,-1,-1,-1,-1,
-1,-1,-1,2563,-1,-1,1449,-1,-1,-1,-1,-1,-1,-1,-1,-1,-1,-1,-1,-1,
-1,-1,-1,2572,2948,-1,-1,-1,-1,-1,-1,-1,-1,-1,-1,-1,-1,-1,-1,-1,
-1,-1,-1,2587,-1,2292,-1,-1,-1,-1,-1,-1,-1,-1,-1,-1,-1,-1,-1,-1,
-1,-1,-1,2588,-1,-1,-1,-1,-1,-1,-1,-1,-1,-1,-1,-1,-1,-1,-1,2643,
-1,-1,-1,2591,2520,-1,-1,-1,-1,-1,-1,-1,-1,-1,-1,-1,-1,-1,-1,-1,
-1,-1,-1,2592,-1,-1,-1,-1,-1,2173,-1,-1,-1,-1,-1,-1,1531,2172,-1,-1,
-1,-1,-1,2598,-1,-1,-1,-1,-1,-1,1378,1598,2549,-1,-1,-1,-1,-1,-1,-1,
-1,-1,-1,2606,-1,-1,1720,-1,-1,-1,2140,1528,-1,-1,1979,-1,-1,-1,-1,-1,
-1,-1,-1,2620,2534,-1,-1,-1,-1,-1,-1,1567,-1,-1,2673,-1,-1,-1,-1,-1,
-1,-1,-1,2628,-1,-1,-1,1855,-1,-1,-1,-1,-1,2139,-1,-1,-1,-1,-1,-1,
-1,-1,-1,2633,-1,-1,-1,-1,-1,-1,-1,-1,1354,-1,-1,-1,-1,-1,-1,-1,
-1,-1,-1,2657,-1,-1,-1,-1,-1,-1,-1,-1,-1,-1,2146,-1,-1,-1,-1,-1,
-1,-1,-1,2658,2268,-1,-1,-1,-1,-1,-1,-1,-1,-1,-1,-1,-1,-1,-1,-1,
-1,-1,-1,2659,-1,-1,-1,-1,1479,-1,-1,-1,-1,-1,-1,-1,-1,-1,-1,-1,
-1,-1,-1,2663,-1,-1,2178,-1,-1,-1,-1,-1,-1,-1,-1,-1,-1,-1,-1,-1,
-1,-1,-1,2666,-1,-1,-1,-1,-1,-1,-1,1300,-1,-1,-1,-1,-1,-1,-1,-1,
-1,-1,-1,2672,-1,-1,-1,-1,-1,-1,-1,-1,-1,-1,1918,-1,-1,-1,-1,-1,
-1,-1,-1,2679,2281,-1,-1,-1,-1,-1,-1,-1,-1,-1,-1,-1,-1,-1,-1,-1,
-1,-1,-1,2688,2576,-1,-1,-1,-1,-1,-1,-1,-1,-1,-1,-1,-1,-1,-1,-1,
-1,-1,-1,2690,-1,-1,-1,-1,-1,-1,-1,-1,-1,-1,-1,-1,1584,-1,-1,-1,
-1,-1,-1,2695,-1,-1,-1,2079,-1,-1,-1,-1,-1,-1,-1,-1,-1,-1,-1,-1,
-1,-1,-1,2696,2724,-1,-1,-1,-1,-1,-1,-1,-1,-1,-1,-1,-1,-1,-1,-1,
-1,-1,-1,2697,-1,-1,-1,-1,-1,2044,-1,-1,-1,-1,-1,-1,-1,-1,-1,-1,
-1,-1,-1,2702,-1,-1,-1,-1,-1,-1,-1,-1,-1,-1,2151,-1,-1,-1,-1,-1,
-1,-1,-1,2704,2911,-1,-1,-1,-1,2719,-1,-1,-1,-1,-1,-1,-1,-1,-1,-1,
-1,-1,-1,2708,-1,-1,-1,-1,-1,2128,-1,-1,-1,2159,-1,-1,-1,-1,-1,-1,
-1,-1,-1,2709,-1,-1,-1,1700,-1,-1,-1,-1,-1,-1,-1,-1,-1,-1,-1,-1,
-1,-1,-1,2713,2850,-1,-1,-1,-1,1322,1745,-1,-1,-1,-1,-1,2800,-1,-1,2732,
-1,-1,-1,2719,-1,-1,-1,-1,-1,-1,-1,-1,-1,-1,-1,1776,-1,-1,-1,-1,
-1,-1,-1,2721,-1,2383,-1,-1,-1,-1,-1,-1,-1,-1,-1,-1,-1,-1,-1,-1,
-1,-1,-1,2722,1572,-1,-1,-1,-1,-1,-1,-1,-1,-1,-1,-1,-1,-1,-1,-1,
-1,-1,-1,2738,-1,-1,-1,1491,1759,-1,-1,-1,-1,1151,-1,-1,-1,-1,-1,-1,
-1,-1,-1,2746,-1,-1,-1,-1,-1,-1,-1,-1,-1,1510,-1,1421,-1,1087,-1,-1,
-1,-1,-1,2748,1820,2950,-1,-1,-1,-1,-1,-1,-1,-1,-1,-1,-1,-1,-1,-1,
-1,-1,-1,2760,1714,2121,-1,-1,-1,-1,-1,-1,-1,-1,-1,-1,-1,-1,-1,-1,
-1,-1,-1,2761,-1,-1,-1,2296,-1,-1,-1,-1,-1,-1,-1,-1,-1,-1,-1,-1,
-1,-1,-1,2762,-1,-1,-1,-1,-1,-1,1884,-1,-1,-1,-1,-1,-1,-1,-1,-1,
-1,-1,-1,2767,1979,2919,-1,2102,-1,-1,-1,-1,-1,-1,-1,-1,-1,1603,-1,-1,
-1,-1,-1,2772,-1,-1,-1,-1,-1,-1,-1,-1,-1,-1,1515,-1,-1,-1,-1,-1,
-1,-1,-1,2773,-1,-1,-1,-1,1244,1664,-1,-1,-1,-1,-1,-1,-1,-1,-1,-1,
-1,-1,-1,2777,-1,1271,-1,1870,-1,-1,-1,2718,-1,-1,-1,-1,-1,-1,-1,-1,
-1,-1,-1,2788,-1,-1,-1,-1,-1,-1,-1,-1,-1,-1,-1,-1,-1,2012,-1,-1,
-1,-1,-1,2790,-1,-1,-1,-1,-1,-1,-1,1938,-1,-1,-1,-1,-1,-1,-1,-1,
-1,-1,-1,2804,2667,-1,-1,-1,-1,-1,-1,-1,-1,-1,-1,-1,-1,-1,-1,-1,
-1,-1,-1,2805,-1,-1,-1,-1,-1,1869,-1,-1,-1,-1,-1,-1,-1,-1,-1,-1,
-1,-1,-1,2818,-1,-1,-1,-1,-1,-1,2689,-1,-1,-1,-1,-1,-1,-1,-1,-1,
-1,-1,-1,2831,2913,-1,-1,-1,-1,-1,-1,-1,-1,-1,-1,-1,-1,-1,-1,-1,
-1,-1,-1,2839,-1,-1,-1,-1,-1,-1,-1,-1,-1,-1,-1,1808,-1,2836,-1,-1,
-1,-1,-1,2841,-1,-1,-1,-1,-1,-1,-1,-1,-1,-1,-1,-1,-1,-1,-1,1839,
-1,-1,-1,2842,1875,-1,-1,-1,-1,-1,-1,-1,-1,-1,-1,-1,-1,-1,-1,-1,
-1,-1,-1,2844,-1,-1,-1,-1,-1,-1,-1,-1,-1,-1,-1,2662,-1,-1,-1,-1,
-1,-1,-1,2848,-1,-1,-1,-1,-1,-1,-1,-1,-1,-1,-1,-1,-1,2197,-1,-1,
-1,-1,-1,2850,-1,-1,2416,-1,-1,-1,-1,-1,-1,-1,-1,-1,-1,-1,-1,-1,
-1,-1,-1,2855,-1,-1,1529,2340,1297,-1,-1,-1,-1,-1,-1,-1,-1,-1,-1,-1,
-1,-1,-1,-1,4,-1,13,-1,-1,-1,7,2,-1,-1,-1,-1,-1,-1,-1,-1,
-1,-1,-1,-1,5,-1,23,-1,-1,-1,-1,-1,-1,-1,-1,-1,-1,-1,-1,-1,
-1,-1,-1,-1,13,8,8,-1,-1,-1,-1,-1,-1,-1,-1,-1,-1,-1,-1,-1,
-1,-1,-1,-1,20,-1,141,73,-1,-1,-1,-1,114,33,-1,106,-1,-1,-1,-1,
-1,-1,-1,-1,35,45,-1,-1,-1,-1,-1,-1,-1,-1,-1,-1,-1,-1,-1,-1,
-1,-1,-1,-1,39,51,65,-1,-1,-1,-1,-1,-1,-1,-1,-1,260,238,-1,-1,
-1,-1,-1,-1,40,22,-1,85,-1,-1,-1,-1,-1,-1,-1,-1,-1,-1,-1,-1,
-1,-1,-1,-1,41,-1,25,32,43,19,140,-1,122,-1,-1,-1,-1,-1,-1,-1,
-1,-1,-1,-1,44,-1,66,-1,-1,-1,-1,-1,-1,-1,-1,-1,-1,-1,-1,-1,
-1,-1,-1,-1,49,32,-1,-1,-1,-1,-1,-1,-1,-1,-1,-1,12,-1,-1,-1,
-1,-1,-1,-1,53,-1,-1,-1,-1,-1,-1,-1,55,-1,68,-1,-1,-1,-1,-1,
-1,-1,-1,-1,66,70,82,356,-1,-1,-1,92,-1,-1,109,-1,-1,212,-1,74,
-1,-1,-1,-1,68,-1,-1,-1,47,-1,-1,-1,-1,-1,-1,-1,-1,-1,-1,-1,
-1,-1,-1,-1,70,-1,-1,-1,-1,-1,-1,-1,-1,-1,-1,-1,277,-1,-1,-1,
-1,-1,-1,-1,71,41,-1,-1,-1,-1,-1,-1,-1,-1,-1,-1,-1,110,-1,-1,
-1,-1,-1,-1,75,-1,-1,-1,-1,-1,-1,-1,-1,-1,-1,-1,170,-1,-1,-1,
-1,-1,-1,-1,79,-1,34,-1,-1,-1,-1,-1,-1,-1,-1,-1,-1,-1,-1,121,
-1,-1,-1,-1,97,124,101,312,-1,-1,-1,-1,-1,-1,-1,-1,-1,-1,-1,-1,
-1,-1,-1,-1,98,47,-1,-1,-1,-1,-1,-1,-1,-1,348,-1,-1,-1,-1,-1,
-1,-1,-1,-1,100,215,-1,-1,-1,399,-1,-1,85,280,-1,-1,-1,-1,-1,-1,
-1,-1,-1,-1,105,31,189,120,-1,-1,-1,-1,-1,-1,315,-1,-1,-1,-1,-1,
-1,-1,-1,-1,112,60,161,250,184,-1,-1,-1,-1,-1,-1,-1,-1,-1,-1,-1,
-1,-1,-1,-1,115,-1,426,-1,-1,-1,191,-1,-1,-1,-1,-1,-1,-1,-1,-1,
35,-1,-1,-1,118,96,-1,-1,-1,-1,-1,-1,-1,-1,-1,-1,-1,-1,-1,-1,
-1,-1,-1,-1,125,171,-1,-1,80,-1,-1,-1,-1,-1,-1,-1,-1,223,-1,-1,
-1,-1,-1,-1,130,68,-1,-1,-1,-1,-1,-1,-1,-1,-1,-1,-1,-1,-1,-1,
-1,-1,-1,-1,132,-1,-1,-1,-1,143,-1,-1,391,-1,114,282,-1,-1,-1,42,
-1,-1,-1,-1,134,187,-1,-1,-1,-1,-1,-1,-1,-1,-1,-1,-1,-1,-1,87,
-1,-1,-1,-1,138,-1,366,-1,132,-1,-1,-1,-1,-1,-1,-1,-1,-1,-1,-1,
-1,-1,-1,-1,145,-1,91,-1,-1,-1,-1,-1,-1,-1,-1,-1,-1,-1,-1,-1,
-1,-1,-1,-1,147,-1,-1,-1,-1,-1,-1,-1,-1,-1,-1,-1,-1,-1,168,306,
-1,-1,-1,-1,152,-1,-1,-1,-1,-1,-1,-1,-1,-1,-1,-1,-1,-1,-1,347,
-1,-1,-1,-1,175,202,-1,-1,-1,-1,-1,-1,-1,-1,-1,-1,-1,-1,-1,-1,
-1,-1,-1,-1,176,173,142,-1,311,-1,-1,-1,-1,-1,-1,-1,-1,-1,-1,-1,
-1,-1,-1,-1,178,61,-1,173,29,18,-1,44,-1,115,54,132,-1,-1,-1,-1,
-1,-1,-1,-1,183,183,-1,-1,-1,-1,-1,-1,-1,-1,-1,-1,-1,-1,-1,418,
-1,-1,-1,-1,189,-1,-1,-1,-1,-1,-1,-1,-1,357,-1,-1,-1,-1,-1,-1,
-1,-1,-1,-1,190,-1,-1,-1,-1,-1,-1,-1,-1,-1,-1,254,126,54,-1,-1,
-1,-1,-1,-1,193,-1,646,-1,-1,-1,-1,-1,-1,-1,-1,-1,-1,-1,-1,594,
-1,-1,-1,-1,196,479,-1,-1,-1,-1,-1,-1,120,-1,249,-1,-1,-1,-1,-1,
-1,-1,-1,-1,199,-1,-1,-1,-1,-1,-1,-1,-1,-1,-1,-1,-1,-1,-1,313,
-1,-1,-1,-1,200,315,-1,-1,-1,-1,-1,-1,-1,-1,-1,-1,-1,-1,-1,-1,
-1,-1,-1,-1,204,592,-1,-1,-1,-1,-1,-1,-1,-1,-1,-1,-1,-1,-1,-1,
-1,-1,-1,-1,206,-1,-1,190,-1,-1,-1,-1,-1,-1,-1,-1,176,-1,-1,-1,
-1,-1,-1,-1,213,230,-1,-1,-1,-1,-1,-1,-1,-1,-1,-1,-1,-1,-1,401,
-1,-1,-1,86,218,176,325,-1,-1,-1,-1,-1,-1,-1,-1,-1,-1,-1,-1,-1,
-1,-1,-1,-1,220,188,-1,-1,-1,-1,-1,-1,-1,-1,-1,-1,-1,-1,-1,-1,
-1,-1,-1,-1,225,-1,-1,64,-1,-1,-1,-1,-1,-1,-1,-1,-1,-1,-1,-1,
-1,-1,-1,-1,231,396,102,-1,-1,-1,-1,-1,-1,-1,-1,-1,-1,-1,-1,-1,
-1,-1,-1,-1,233,-1,-1,-1,-1,-1,-1,-1,-1,-1,-1,327,-1,-1,-1,-1,
-1,-1,-1,-1,234,576,-1,848,-1,-1,-1,-1,-1,-1,-1,-1,-1,-1,-1,-1,
-1,-1,-1,-1,237,77,188,-1,-1,-1,-1,-1,-1,-1,-1,-1,-1,-1,-1,-1,
-1,-1,-1,-1,244,175,170,232,-1,-1,-1,507,-1,-1,-1,-1,-1,-1,216,-1,
-1,-1,-1,-1,252,-1,-1,618,-1,-1,-1,-1,-1,-1,279,-1,-1,-1,-1,-1,
-1,-1,-1,-1,254,-1,-1,-1,-1,-1,-1,-1,721,-1,-1,728,493,-1,-1,-1,
-1,-1,-1,-1,257,-1,-1,-1,-1,281,658,-1,-1,-1,-1,-1,-1,-1,-1,-1,
-1,-1,-1,-1,262,203,112,353,-1,-1,-1,-1,-1,-1,-1,-1,-1,-1,-1,-1,
-1,-1,-1,-1,264,-1,-1,-1,-1,-1,-1,-1,-1,-1,-1,509,-1,-1,585,-1,
-1,-1,-1,-1,266,-1,-1,225,235,159,-1,-1,-1,-1,-1,-1,-1,-1,-1,-1,
-1,-1,-1,-1,267,-1,-1,-1,-1,-1,-1,-1,-1,-1,-1,-1,-1,-1,346,-1,
-1,-1,-1,-1,273,231,221,-1,259,-1,-1,-1,-1,-1,-1,-1,-1,-1,-1,-1,
-1,-1,-1,-1,274,366,-1,-1,-1,-1,-1,-1,-1,-1,800,-1,-1,-1,-1,-1,
-1,-1,-1,-1,279,325,473,162,684,805,598,-1,-1,660,464,539,-1,911,-1,-1,
-1,-1,-1,-1,284,-1,839,-1,-1,-1,-1,-1,-1,-1,-1,-1,-1,-1,-1,-1,
-1,-1,-1,-1,291,-1,-1,-1,-1,-1,-1,-1,-1,308,-1,-1,-1,-1,-1,-1,
-1,-1,-1,-1,292,-1,-1,-1,-1,-1,-1,-1,-1,-1,-1,-1,-1,174,235,-1,
-1,-1,-1,-1,308,668,-1,-1,-1,-1,-1,-1,-1,-1,-1,-1,-1,-1,-1,-1,
-1,-1,-1,-1,313,229,588,-1,-1,-1,-1,-1,-1,-1,973,-1,-1,-1,-1,-1,
-1,-1,-1,-1,314,-1,729,-1,-1,-1,-1,-1,-1,-1,-1,-1,-1,-1,-1,-1,
-1,-1,-1,-1,318,81,222,-1,-1,-1,-1,-1,-1,-1,-1,-1,-1,-1,-1,-1,
-1,-1,-1,-1,329,-1,-1,-1,-1,-1,-1,551,-1,-1,-1,-1,-1,-1,-1,-1,
-1,-1,-1,-1,330,319,-1,-1,-1,187,-1,-1,326,-1,-1,-1,706,140,320,195,
-1,-1,-1,-1,333,295,867,428,637,617,650,951,1478,-1,-1,-1,-1,-1,-1,895,
-1,-1,-1,-1,336,-1,51,141,-1,-1,-1,-1,-1,-1,-1,184,-1,-1,-1,-1,
-1,-1,-1,-1,338,-1,-1,-1,418,-1,-1,-1,-1,-1,-1,-1,262,233,-1,-1,
-1,-1,-1,-1,341,375,-1,-1,-1,-1,-1,-1,-1,-1,-1,-1,-1,-1,-1,-1,
-1,-1,-1,-1,344,277,-1,-1,-1,-1,-1,-1,-1,-1,-1,-1,-1,-1,-1,-1,
-1,-1,-1,-1,347,-1,-1,-1,-1,-1,672,-1,-1,-1,-1,-1,-1,-1,-1,-1,
-1,-1,-1,-1,355,267,294,269,255,424,-1,-1,-1,-1,-1,-1,-1,-1,-1,-1,
-1,-1,-1,-1,358,-1,-1,337,323,-1,-1,-1,-1,-1,-1,-1,-1,-1,-1,-1,
-1,-1,-1,-1,361,282,-1,-1,-1,-1,-1,-1,-1,-1,-1,-1,-1,-1,-1,-1,
-1,-1,-1,-1,395,481,-1,-1,-1,-1,-1,-1,-1,-1,-1,-1,-1,-1,-1,-1,
-1,-1,-1,-1,400,635,-1,-1,-1,-1,-1,-1,-1,-1,-1,-1,-1,-1,-1,-1,
-1,-1,-1,-1,412,-1,-1,320,-1,-1,-1,-1,-1,-1,-1,-1,-1,-1,-1,-1,
-1,-1,-1,-1,413,320,281,-1,-1,-1,-1,-1,-1,153,199,-1,-1,-1,-1,-1,
-1,-1,-1,-1,414,-1,-1,992,-1,-1,852,-1,-1,-1,-1,-1,-1,-1,-1,-1,
-1,-1,-1,-1,416,-1,-1,-1,636,-1,272,244,433,-1,339,-1,-1,-1,-1,-1,
-1,-1,-1,-1,424,270,-1,-1,-1,-1,-1,-1,-1,-1,-1,-1,-1,-1,-1,-1,
-1,-1,-1,-1,429,-1,-1,-1,-1,-1,-1,-1,216,-1,-1,-1,-1,-1,-1,-1,
-1,-1,-1,-1,430,385,414,-1,-1,-1,-1,-1,-1,-1,-1,-1,-1,-1,-1,-1,
-1,-1,-1,-1,432,-1,261,-1,-1,-1,-1,-1,-1,-1,-1,-1,-1,-1,-1,-1,
-1,-1,-1,-1,438,-1,-1,-1,-1,-1,-1,-1,-1,716,-1,-1,-1,-1,-1,-1,
-1,-1,-1,-1,440,132,-1,-1,-1,-1,-1,-1,-1,-1,-1,-1,-1,-1,-1,-1,
-1,-1,-1,-1,442,-1,-1,-1,-1,-1,1481,1651,-1,966,-1,-1,-1,-1,-1,-1,
-1,-1,-1,-1,445,-1,-1,-1,601,-1,-1,562,-1,-1,-1,-1,-1,-1,-1,-1,
-1,-1,-1,-1,454,777,-1,-1,-1,-1,-1,-1,-1,-1,-1,-1,-1,-1,-1,-1,
-1,-1,-1,-1,455,614,978,1958,1851,1178,681,1286,1293,-1,-1,-1,-1,-1,-1,2056,
-1,-1,-1,-1,456,833,763,844,-1,-1,-1,-1,-1,-1,-1,-1,-1,-1,-1,-1,
-1,-1,-1,-1,457,419,-1,1085,-1,-1,-1,-1,-1,-1,-1,-1,-1,-1,-1,-1,
-1,-1,-1,-1,458,-1,-1,-1,-1,-1,-1,-1,-1,-1,-1,-1,536,-1,-1,-1,
-1,-1,-1,-1,459,450,-1,-1,-1,-1,-1,-1,-1,-1,-1,-1,-1,-1,-1,-1,
-1,-1,-1,-1,468,1178,307,-1,-1,-1,278,-1,-1,-1,-1,-1,-1,-1,-1,-1,
-1,-1,-1,-1,470,429,596,-1,483,1126,499,596,1104,-1,570,-1,-1,-1,-1,-1,
-1,-1,-1,-1,474,-1,-1,-1,-1,-1,-1,-1,-1,691,309,693,-1,-1,-1,-1,
-1,-1,-1,-1,478,399,836,-1,-1,913,-1,-1,-1,-1,-1,-1,-1,-1,-1,-1,
-1,-1,-1,-1,479,-1,292,223,-1,-1,-1,-1,-1,-1,-1,-1,-1,-1,-1,-1,
-1,-1,-1,-1,491,1042,-1,-1,-1,-1,-1,1808,-1,-1,1268,-1,-1,-1,-1,-1,
-1,-1,-1,-1,492,-1,-1,-1,-1,-1,-1,-1,-1,-1,503,177,-1,-1,-1,-1,
-1,-1,-1,-1,499,641,2113,-1,-1,-1,-1,-1,1375,1543,-1,-1,-1,-1,-1,-1,
-1,-1,-1,-1,514,954,-1,-1,1213,-1,-1,-1,-1,182,-1,-1,-1,-1,-1,-1,
-1,-1,-1,-1,522,670,314,319,-1,-1,-1,-1,-1,-1,-1,-1,352,-1,-1,-1,
-1,-1,-1,-1,525,1054,605,637,-1,-1,-1,-1,-1,-1,-1,-1,-1,-1,-1,-1,
-1,-1,-1,-1,526,280,322,707,845,749,-1,-1,-1,411,-1,1279,-1,-1,-1,-1,
-1,-1,-1,-1,527,942,464,-1,-1,-1,-1,-1,-1,-1,-1,-1,-1,-1,-1,-1,
-1,-1,-1,-1,528,-1,-1,-1,-1,-1,-1,-1,-1,-1,-1,-1,913,-1,-1,376,
-1,-1,-1,-1,531,-1,975,-1,-1,-1,-1,-1,-1,-1,-1,-1,-1,-1,-1,-1,
-1,-1,-1,-1,541,260,-1,-1,-1,-1,-1,-1,-1,-1,-1,-1,-1,-1,-1,-1,
-1,-1,-1,-1,544,-1,977,-1,-1,-1,-1,-1,-1,-1,-1,-1,-1,-1,-1,-1,
-1,-1,-1,-1,545,-1,-1,-1,-1,-1,-1,738,-1,-1,-1,-1,531,-1,-1,-1,
-1,-1,-1,-1,547,304,-1,-1,-1,-1,-1,-1,-1,-1,-1,-1,-1,-1,-1,-1,
-1,-1,-1,-1,549,283,513,608,1170,-1,-1,-1,-1,-1,-1,357,251,279,1085,-1,
-1,-1,-1,-1,551,-1,299,816,1023,-1,-1,-1,-1,-1,-1,-1,-1,-1,-1,-1,
-1,-1,-1,-1,554,-1,936,-1,-1,-1,-1,-1,-1,-1,-1,-1,-1,-1,-1,-1,
-1,-1,-1,-1,560,-1,462,-1,-1,-1,-1,-1,-1,-1,-1,-1,-1,-1,-1,-1,
-1,-1,-1,-1,571,656,-1,-1,425,-1,-1,-1,-1,-1,-1,-1,-1,-1,-1,-1,
-1,-1,-1,-1,572,-1,-1,-1,-1,847,1397,-1,-1,-1,-1,-1,-1,-1,-1,-1,
-1,-1,-1,-1,577,226,-1,-1,-1,-1,-1,-1,-1,516,-1,-1,-1,-1,-1,-1,
-1,-1,-1,-1,584,744,1023,-1,-1,-1,-1,1588,1372,-1,1207,-1,-1,1126,-1,-1,
-1,-1,-1,-1,596,-1,-1,-1,-1,-1,-1,1334,-1,-1,-1,-1,-1,-1,-1,-1,
-1,-1,-1,-1,597,395,-1,-1,-1,-1,-1,-1,-1,-1,-1,-1,-1,-1,-1,-1,
-1,-1,-1,-1,610,-1,-1,204,-1,-1,-1,-1,-1,-1,-1,-1,-1,-1,-1,-1,
-1,-1,-1,-1,611,224,-1,-1,-1,1209,-1,-1,-1,-1,-1,-1,-1,-1,454,-1,
-1,-1,-1,-1,618,-1,-1,442,-1,-1,-1,-1,-1,-1,-1,-1,-1,-1,-1,-1,
-1,-1,-1,-1,621,-1,-1,-1,-1,-1,-1,-1,-1,-1,-1,-1,272,-1,-1,-1,
-1,-1,-1,-1,624,-1,-1,748,-1,-1,-1,-1,-1,-1,-1,-1,1619,-1,-1,-1,
-1,-1,-1,-1,632,-1,-1,-1,-1,-1,-1,1421,-1,-1,-1,-1,-1,-1,-1,1355,
-1,-1,-1,-1,635,1290,-1,-1,-1,-1,-1,-1,-1,-1,-1,-1,-1,-1,-1,-1,
-1,-1,-1,-1,637,446,-1,-1,-1,-1,-1,-1,-1,-1,-1,-1,-1,-1,-1,-1,
-1,-1,-1,-1,638,-1,1619,-1,-1,-1,-1,-1,-1,-1,-1,-1,-1,-1,-1,-1,
-1,-1,-1,-1,642,-1,-1,-1,863,1192,695,-1,-1,-1,-1,-1,-1,-1,-1,-1,
-1,-1,-1,-1,644,-1,-1,-1,-1,1204,-1,-1,-1,-1,-1,-1,-1,-1,-1,-1,
-1,-1,-1,-1,645,1550,-1,-1,-1,-1,-1,-1,-1,-1,-1,-1,-1,-1,-1,-1,
-1,-1,-1,-1,651,-1,-1,-1,-1,-1,1409,-1,-1,-1,-1,-1,-1,-1,-1,-1,
-1,-1,-1,-1,653,1191,-1,-1,-1,624,-1,-1,-1,-1,-1,-1,-1,-1,-1,-1,
-1,-1,-1,-1,655,-1,-1,-1,-1,-1,-1,-1,-1,442,-1,-1,-1,-1,-1,-1,
-1,-1,-1,-1,660,-1,-1,-1,-1,-1,-1,-1,-1,-1,-1,-1,1568,-1,-1,-1,
-1,-1,-1,-1,662,-1,-1,-1,-1,910,-1,-1,-1,-1,-1,-1,-1,-1,-1,-1,
-1,-1,-1,-1,663,-1,-1,-1,-1,-1,-1,-1,-1,-1,-1,-1,-1,-1,871,-1,
-1,-1,-1,-1,665,-1,990,558,-1,-1,-1,-1,-1,-1,-1,-1,-1,-1,-1,-1,
-1,-1,-1,-1,674,-1,-1,-1,-1,-1,-1,-1,-1,-1,-1,-1,-1,-1,427,-1,
-1,-1,-1,-1,675,-1,-1,-1,-1,-1,-1,-1,-1,1470,-1,-1,-1,-1,-1,-1,
-1,-1,-1,-1,684,1200,541,-1,-1,-1,-1,-1,-1,-1,-1,-1,-1,-1,-1,-1,
-1,-1,-1,-1,689,-1,-1,-1,212,-1,-1,-1,-1,-1,-1,-1,-1,1092,-1,-1,
-1,-1,-1,-1,697,980,-1,-1,-1,-1,-1,-1,-1,-1,-1,-1,-1,-1,-1,-1,
-1,-1,-1,-1,700,-1,-1,-1,-1,-1,-1,-1,-1,1208,632,342,-1,-1,-1,-1,
-1,-1,-1,-1,715,1581,1769,-1,-1,-1,-1,-1,-1,-1,-1,-1,-1,-1,-1,-1,
-1,-1,-1,-1,719,1429,-1,-1,-1,-1,-1,-1,-1,-1,-1,-1,-1,-1,-1,-1,
-1,-1,-1,-1,722,974,-1,496,214,-1,-1,-1,-1,-1,-1,-1,505,-1,-1,-1,
-1,-1,-1,-1,723,1211,-1,-1,-1,-1,-1,-1,-1,-1,374,616,629,-1,-1,-1,
-1,-1,-1,-1,726,585,-1,-1,-1,-1,-1,-1,-1,-1,-1,-1,-1,-1,-1,-1,
-1,-1,-1,-1,727,782,-1,-1,335,-1,1454,-1,-1,-1,-1,-1,-1,-1,-1,-1,
-1,-1,-1,-1,729,-1,-1,-1,-1,-1,-1,-1,841,-1,-1,-1,-1,-1,-1,-1,
-1,-1,-1,-1,736,-1,-1,1556,-1,-1,-1,-1,-1,-1,-1,-1,-1,-1,-1,-1,
-1,-1,-1,-1,738,1039,-1,-1,-1,-1,-1,-1,-1,-1,-1,-1,-1,-1,-1,-1,
-1,-1,-1,-1,742,1733,-1,-1,-1,-1,-1,-1,-1,-1,-1,-1,-1,-1,-1,-1,
-1,-1,-1,-1,746,806,961,1508,927,1543,-1,-1,-1,-1,-1,-1,-1,-1,-1,-1,
-1,-1,-1,-1,748,713,-1,-1,-1,-1,-1,-1,-1,-1,-1,-1,-1,-1,-1,-1,
-1,-1,-1,-1,758,-1,-1,-1,-1,-1,-1,-1,-1,-1,-1,-1,-1,-1,1227,-1,
-1,-1,-1,-1,760,-1,-1,-1,-1,-1,-1,-1,-1,-1,-1,-1,-1,-1,-1,1776,
-1,-1,-1,-1,766,-1,-1,-1,-1,-1,1382,1896,2278,-1,-1,-1,1589,1647,-1,-1,
-1,-1,-1,-1,769,-1,-1,1420,-1,-1,-1,1132,-1,967,-1,-1,-1,-1,-1,-1,
-1,-1,-1,-1,771,-1,-1,-1,-1,-1,-1,-1,598,624,-1,-1,-1,-1,351,-1,
-1,-1,-1,-1,772,473,-1,-1,-1,-1,-1,-1,-1,-1,-1,-1,-1,-1,-1,-1,
-1,-1,-1,-1,773,620,909,1165,1224,-1,-1,-1,446,-1,525,-1,-1,-1,-1,-1,
-1,-1,-1,-1,775,-1,-1,-1,-1,-1,-1,-1,1218,-1,-1,-1,-1,-1,-1,-1,
-1,-1,-1,-1,781,-1,1771,-1,-1,-1,-1,-1,-1,-1,-1,-1,-1,-1,-1,-1,
-1,-1,-1,-1,784,-1,-1,-1,-1,891,-1,-1,-1,-1,-1,-1,-1,849,-1,-1,
-1,-1,-1,-1,786,-1,-1,-1,-1,-1,-1,1172,-1,-1,-1,-1,-1,-1,-1,-1,
-1,-1,-1,-1,789,-1,-1,-1,-1,-1,942,-1,-1,-1,-1,-1,-1,-1,-1,-1,
-1,-1,-1,-1,808,-1,-1,-1,-1,-1,-1,-1,1170,-1,-1,-1,-1,1484,-1,-1,
-1,-1,-1,-1,809,-1,-1,-1,-1,-1,-1,-1,-1,-1,1949,785,-1,-1,-1,-1,
-1,-1,-1,-1,812,-1,-1,-1,-1,-1,1459,-1,1219,488,-1,-1,246,-1,-1,-1,
-1,-1,-1,-1,814,894,-1,-1,-1,-1,-1,434,-1,-1,-1,-1,-1,-1,-1,-1,
-1,-1,-1,-1,815,-1,-1,-1,-1,-1,-1,-1,-1,-1,-1,-1,-1,-1,-1,744,
-1,-1,-1,-1,816,-1,-1,-1,-1,-1,-1,-1,-1,-1,1740,-1,-1,-1,-1,-1,
-1,-1,-1,-1,817,-1,-1,-1,-1,-1,-1,-1,-1,999,-1,-1,823,1720,1008,-1,
-1,-1,-1,-1,825,1623,-1,-1,-1,-1,-1,-1,-1,-1,-1,-1,1646,-1,-1,-1,
-1,-1,-1,-1,828,-1,1146,-1,-1,-1,-1,-1,-1,-1,-1,-1,-1,-1,-1,-1,
-1,-1,-1,-1,838,753,-1,-1,-1,-1,-1,-1,-1,-1,-1,-1,-1,-1,-1,-1,
-1,-1,-1,-1,844,403,-1,-1,-1,-1,472,1388,860,-1,-1,-1,-1,-1,-1,-1,
-1,-1,-1,-1,847,-1,-1,-1,-1,-1,-1,-1,912,420,1441,-1,-1,-1,-1,-1,
-1,-1,-1,-1,851,-1,-1,-1,-1,-1,224,-1,-1,-1,514,446,351,-1,-1,1109,
-1,-1,-1,-1,852,-1,-1,-1,-1,-1,-1,-1,-1,-1,-1,858,566,687,-1,-1,
-1,-1,-1,-1,861,-1,-1,-1,-1,-1,-1,1985,-1,-1,-1,-1,-1,-1,-1,-1,
-1,-1,-1,-1,863,828,-1,-1,-1,-1,-1,-1,-1,1328,-1,-1,-1,-1,-1,552,
-1,-1,-1,-1,869,923,-1,-1,-1,-1,-1,-1,-1,-1,-1,-1,-1,-1,-1,-1,
-1,-1,-1,-1,870,497,-1,-1,-1,-1,1701,-1,-1,-1,-1,-1,-1,-1,-1,-1,
-1,-1,-1,-1,872,1780,-1,-1,-1,-1,-1,-1,-1,-1,-1,-1,-1,-1,-1,-1,
-1,-1,-1,-1,873,-1,-1,809,-1,-1,-1,-1,-1,-1,-1,-1,-1,682,-1,-1,
-1,-1,-1,-1,874,-1,-1,-1,-1,-1,949,-1,1322,-1,-1,1856,-1,-1,-1,-1,
-1,-1,-1,-1,875,770,-1,-1,-1,-1,-1,-1,-1,-1,-1,-1,-1,-1,-1,-1,
-1,-1,-1,-1,876,-1,572,-1,-1,-1,-1,-1,-1,-1,-1,-1,-1,-1,-1,-1,
-1,-1,-1,-1,886,-1,654,-1,-1,932,-1,-1,-1,-1,-1,-1,-1,-1,-1,-1,
-1,-1,-1,-1,891,1592,-1,-1,-1,-1,-1,2323,-1,-1,-1,-1,-1,-1,-1,-1,
-1,-1,-1,-1,894,832,-1,917,597,446,-1,-1,-1,-1,-1,-1,-1,1124,508,288,
-1,-1,-1,-1,900,1524,-1,-1,-1,-1,-1,-1,-1,-1,-1,-1,-1,-1,-1,-1,
-1,-1,-1,-1,901,265,-1,-1,-1,390,-1,-1,-1,-1,-1,-1,-1,-1,-1,-1,
-1,-1,-1,-1,908,-1,-1,-1,-1,-1,-1,-1,1013,-1,-1,-1,-1,-1,-1,-1,
-1,-1,-1,-1,909,-1,1754,-1,-1,-1,-1,-1,-1,-1,-1,-1,-1,-1,-1,-1,
-1,-1,-1,-1,913,-1,-1,-1,-1,-1,-1,-1,1661,-1,-1,-1,-1,-1,-1,-1,
-1,-1,-1,-1,919,631,-1,-1,-1,-1,-1,-1,-1,-1,-1,-1,-1,-1,-1,-1,
-1,-1,-1,-1,923,1209,2662,-1,-1,-1,-1,-1,-1,-1,-1,-1,-1,-1,1844,-1,
-1,-1,-1,-1,925,-1,-1,-1,579,-1,-1,-1,-1,-1,-1,-1,-1,-1,-1,-1,
-1,-1,-1,-1,928,2296,2097,-1,-1,-1,-1,-1,-1,-1,-1,-1,-1,-1,-1,-1,
-1,-1,-1,-1,930,-1,-1,-1,-1,-1,1764,-1,-1,-1,-1,-1,-1,-1,-1,-1,
-1,-1,-1,-1,934,-1,1269,-1,-1,-1,-1,-1,-1,-1,-1,-1,-1,-1,-1,-1,
-1,-1,-1,-1,935,-1,-1,-1,-1,-1,-1,-1,-1,-1,-1,-1,-1,-1,-1,1352,
-1,-1,-1,-1,936,-1,-1,-1,-1,-1,-1,-1,-1,-1,-1,-1,1855,-1,-1,-1,
-1,-1,-1,-1,938,-1,-1,-1,-1,-1,-1,-1,-1,-1,-1,-1,2044,-1,-1,-1,
-1,-1,-1,-1,942,1498,2046,1421,-1,-1,-1,-1,-1,-1,-1,-1,-1,-1,-1,-1,
-1,-1,-1,-1,946,-1,-1,-1,1256,587,820,-1,895,-1,-1,-1,-1,-1,-1,-1,
-1,-1,-1,-1,953,-1,-1,-1,-1,-1,-1,-1,-1,-1,-1,-1,-1,-1,2004,-1,
-1,-1,-1,-1,955,1227,-1,-1,-1,-1,-1,-1,-1,-1,-1,2280,-1,-1,-1,-1,
-1,-1,-1,-1,956,-1,-1,516,-1,-1,-1,-1,-1,-1,-1,-1,-1,-1,-1,-1,
-1,-1,-1,-1,958,1318,-1,-1,-1,-1,-1,-1,-1,-1,-1,-1,-1,1020,-1,360,
-1,-1,-1,-1,973,-1,-1,-1,-1,-1,-1,-1,-1,-1,-1,-1,1453,-1,-1,-1,
-1,-1,-1,-1,980,-1,-1,-1,-1,-1,-1,-1,-1,603,-1,-1,-1,-1,-1,-1,
-1,-1,-1,-1,985,1630,-1,-1,-1,-1,-1,-1,-1,-1,-1,-1,-1,-1,-1,-1,
-1,-1,-1,-1,991,-1,-1,-1,-1,-1,-1,-1,-1,-1,-1,-1,1182,1204,-1,-1,
-1,-1,-1,-1,992,-1,-1,-1,-1,-1,-1,-1,-1,-1,-1,1410,-1,-1,-1,-1,
-1,-1,-1,-1,997,1396,-1,-1,-1,-1,-1,-1,-1,-1,-1,-1,-1,-1,-1,-1,
-1,-1,-1,-1,1009,-1,-1,-1,-1,-1,-1,-1,-1,-1,-1,-1,-1,474,-1,-1,
-1,-1,-1,-1,1017,-1,-1,-1,-1,-1,-1,-1,-1,-1,1424,2158,1941,-1,-1,-1,
-1,-1,-1,-1,1018,1827,1962,-1,-1,-1,-1,-1,-1,-1,-1,-1,-1,-1,-1,-1,
-1,-1,-1,-1,1020,-1,-1,-1,-1,-1,536,-1,-1,-1,-1,-1,-1,-1,-1,-1,
-1,-1,-1,-1,1026,-1,-1,1313,-1,2546,-1,-1,-1,-1,-1,-1,-1,-1,-1,-1,
-1,-1,-1,-1,1027,-1,-1,-1,-1,-1,-1,-1,-1,-1,-1,1557,-1,-1,-1,-1,
-1,-1,-1,-1,1028,-1,-1,-1,-1,-1,-1,360,-1,-1,-1,1769,-1,-1,-1,-1,
-1,-1,-1,-1,1030,-1,-1,-1,-1,-1,-1,-1,-1,1280,-1,-1,-1,-1,-1,-1,
-1,-1,-1,-1,1035,2271,-1,-1,-1,-1,-1,-1,-1,-1,-1,-1,-1,-1,-1,-1,
-1,-1,-1,-1,1037,2226,-1,-1,-1,-1,-1,-1,-1,-1,2409,2048,-1,2119,-1,-1,
-1,-1,-1,-1,1039,-1,-1,1214,-1,-1,-1,-1,2024,-1,2191,-1,-1,-1,-1,-1,
-1,-1,-1,-1,1045,1216,-1,-1,-1,-1,-1,-1,-1,-1,-1,-1,-1,-1,-1,-1,
-1,-1,-1,-1,1046,-1,-1,-1,-1,-1,-1,-1,-1,-1,-1,-1,-1,-1,960,-1,
-1,-1,-1,-1,1048,-1,558,-1,-1,-1,-1,-1,-1,-1,-1,-1,-1,-1,-1,-1,
-1,-1,-1,-1,1050,1299,-1,-1,-1,-1,-1,-1,-1,-1,-1,-1,-1,-1,-1,-1,
-1,-1,-1,-1,1054,1490,-1,-1,-1,-1,-1,-1,1377,-1,-1,-1,-1,-1,-1,-1,
-1,-1,-1,-1,1060,598,-1,-1,-1,-1,-1,-1,1598,-1,-1,-1,-1,-1,-1,-1,
-1,-1,-1,-1,1062,-1,-1,-1,-1,-1,-1,-1,-1,-1,-1,-1,-1,-1,-1,929,
-1,-1,-1,-1,-1,-1,667,254,275,395,519,-1,243,-1,-1,-1,-1,142,-1,-1,
-1,-1,-1,-1,1067,-1,-1,-1,-1,-1,-1,-1,-1,-1,-1,-1,-1,-1,-1,800,
-1,-1,-1,-1,1072,-1,-1,742,-1,-1,-1,-1,-1,-1,-1,-1,-1,-1,909,-1,
-1,-1,-1,-1,1075,1308,1864,613,1474,-1,-1,-1,-1,-1,-1,-1,-1,-1,-1,-1,
-1,-1,-1,-1,1076,-1,-1,-1,-1,757,-1,-1,-1,-1,-1,-1,-1,-1,-1,-1,
-1,-1,-1,-1,1077,856,635,-1,-1,-1,-1,-1,-1,-1,-1,-1,-1,-1,-1,-1,
-1,-1,-1,-1,1078,611,-1,-1,-1,-1,-1,-1,-1,-1,-1,-1,-1,-1,-1,-1,
-1,-1,-1,-1,1079,1984,-1,-1,-1,-1,-1,1264,-1,717,-1,-1,-1,-1,-1,-1,
-1,-1,-1,-1,1081,-1,-1,-1,-1,1558,-1,-1,-1,-1,-1,-1,-1,-1,-1,-1,
-1,-1,-1,-1,1084,-1,1366,-1,-1,-1,-1,-1,-1,-1,-1,-1,-1,-1,-1,-1,
-1,-1,-1,-1,1088,-1,-1,-1,-1,-1,-1,-1,-1,-1,-1,-1,1235,-1,-1,-1,
-1,-1,-1,-1,1089,-1,-1,-1,-1,-1,-1,-1,-1,-1,-1,-1,-1,-1,-1,2277,
-1,-1,-1,-1,1093,-1,-1,-1,-1,-1,-1,-1,-1,-1,1371,-1,-1,-1,-1,-1,
-1,-1,-1,-1,1105,-1,-1,-1,1581,-1,-1,-1,-1,-1,-1,-1,-1,-1,-1,-1,
-1,-1,-1,-1,1107,2461,2877,1923,-1,-1,-1,-1,-1,-1,-1,-1,-1,-1,-1,-1,
-1,-1,-1,-1,1108,805,-1,-1,-1,-1,-1,-1,-1,-1,-1,-1,-1,-1,-1,1965,
-1,-1,-1,-1,1112,-1,-1,-1,605,1552,-1,-1,-1,-1,-1,-1,-1,-1,-1,-1,
-1,-1,-1,-1,1113,-1,2800,-1,-1,-1,1864,1670,-1,-1,1209,-1,-1,-1,-1,-1,
-1,-1,-1,-1,1114,1707,-1,-1,-1,-1,-1,-1,-1,-1,-1,-1,-1,1485,-1,-1,
-1,-1,-1,-1,1117,1812,-1,-1,-1,-1,-1,-1,-1,-1,-1,-1,-1,-1,-1,-1,
-1,-1,-1,-1,1122,-1,1037,-1,616,679,632,-1,-1,-1,-1,-1,-1,-1,-1,-1,
-1,-1,-1,-1,1123,-1,-1,2438,1520,803,1219,2641,-1,-1,-1,-1,-1,-1,-1,-1,
-1,-1,-1,-1,1124,-1,-1,-1,513,-1,-1,-1,2146,-1,-1,-1,-1,-1,-1,-1,
-1,-1,-1,-1,1134,-1,1747,-1,-1,-1,-1,-1,-1,-1,-1,-1,-1,-1,-1,-1,
-1,-1,-1,-1,1138,-1,-1,-1,-1,-1,-1,-1,1191,-1,-1,-1,-1,-1,-1,-1,
-1,-1,-1,-1,1141,636,-1,-1,1125,-1,-1,-1,-1,-1,-1,-1,-1,-1,1063,-1,
-1,-1,-1,-1,1142,-1,-1,2164,766,-1,-1,-1,-1,-1,-1,-1,-1,-1,-1,-1,
-1,-1,-1,-1,1145,2124,2505,-1,-1,-1,-1,-1,-1,-1,-1,-1,-1,-1,-1,-1,
-1,-1,-1,-1,1146,912,-1,-1,-1,-1,-1,-1,-1,-1,-1,-1,-1,-1,-1,1646,
-1,-1,-1,-1,1150,-1,-1,-1,-1,-1,-1,-1,-1,-1,-1,-1,1716,-1,-1,985,
-1,-1,-1,-1,1161,1452,-1,-1,-1,-1,-1,-1,-1,-1,-1,-1,-1,-1,-1,-1,
-1,-1,-1,-1,1162,-1,-1,-1,-1,2182,-1,-1,-1,-1,-1,-1,-1,-1,-1,-1,
-1,-1,-1,-1,1172,1014,-1,-1,-1,-1,-1,-1,-1,-1,-1,-1,-1,-1,-1,-1,
-1,-1,-1,-1,1173,1369,-1,750,-1,-1,-1,-1,-1,-1,-1,-1,-1,-1,-1,-1,
-1,-1,-1,-1,1178,1788,-1,-1,-1,-1,-1,-1,-1,-1,-1,2606,-1,-1,-1,-1,
-1,-1,-1,-1,1184,2073,-1,-1,-1,-1,-1,-1,-1,-1,-1,-1,-1,-1,-1,-1,
-1,-1,-1,-1,1185,-1,-1,-1,-1,-1,-1,-1,-1,-1,-1,-1,-1,-1,781,2307,
-1,-1,-1,-1,1189,-1,-1,1547,-1,-1,-1,-1,-1,-1,-1,-1,-1,-1,-1,-1,
-1,-1,-1,-1,1190,-1,-1,-1,515,-1,-1,-1,-1,-1,-1,-1,-1,-1,-1,-1,
-1,-1,-1,-1,1193,-1,2039,-1,-1,-1,-1,-1,-1,-1,-1,-1,-1,-1,-1,-1,
-1,-1,-1,-1,1206,673,-1,-1,-1,-1,-1,-1,-1,-1,-1,-1,-1,-1,-1,-1,
-1,-1,-1,-1,1210,-1,-1,2095,-1,-1,-1,-1,-1,-1,-1,-1,-1,-1,-1,-1,
-1,-1,-1,-1,1220,-1,-1,1749,-1,-1,-1,-1,-1,-1,-1,-1,-1,-1,-1,-1,
-1,-1,-1,-1,1233,-1,-1,1695,-1,-1,-1,-1,809,-1,-1,-1,-1,-1,-1,-1,
-1,-1,-1,-1,1240,1008,-1,-1,-1,-1,-1,-1,-1,-1,-1,-1,-1,-1,-1,-1,
-1,-1,-1,-1,1246,-1,-1,2784,1456,-1,-1,-1,-1,-1,-1,-1,-1,-1,-1,-1,
-1,-1,-1,-1,1247,-1,-1,-1,-1,-1,-1,-1,-1,-1,-1,-1,-1,1440,-1,-1,
-1,-1,-1,-1,1249,-1,1381,1857,-1,-1,-1,-1,-1,-1,-1,-1,-1,-1,-1,-1,
-1,-1,-1,-1,1252,1794,1603,-1,-1,-1,1439,-1,2713,1713,-1,-1,-1,-1,-1,-1,
-1,-1,-1,-1,1253,-1,-1,-1,-1,-1,-1,-1,-1,-1,-1,741,-1,-1,-1,-1,
-1,-1,-1,-1,1264,1527,-1,-1,-1,630,-1,-1,-1,-1,440,-1,-1,-1,1458,-1,
-1,-1,-1,-1,1267,-1,597,-1,-1,-1,-1,-1,-1,-1,-1,-1,-1,-1,-1,-1,
-1,-1,-1,-1,1270,-1,-1,-1,-1,1923,-1,1633,-1,-1,-1,-1,-1,-1,-1,-1,
-1,-1,-1,-1,1273,1262,2215,-1,-1,-1,1959,2223,1902,2315,2420,-1,-1,-1,-1,-1,
-1,-1,-1,-1,1283,-1,-1,-1,-1,-1,-1,-1,-1,-1,-1,-1,-1,-1,863,595,
-1,-1,-1,-1,1286,-1,-1,-1,-1,-1,-1,-1,-1,-1,-1,-1,-1,-1,488,-1,
-1,-1,-1,-1,1288,1890,-1,671,-1,1469,-1,1021,-1,1709,-1,-1,-1,-1,-1,-1,
-1,-1,-1,-1,1290,-1,-1,-1,861,-1,-1,-1,-1,-1,-1,-1,-1,-1,-1,-1,
-1,-1,-1,-1,1297,-1,801,-1,-1,-1,-1,-1,-1,-1,-1,-1,-1,-1,-1,-1,
-1,-1,-1,-1,1298,1822,-1,-1,-1,-1,-1,-1,-1,-1,2715,-1,-1,-1,-1,-1,
-1,-1,-1,-1,1304,2524,-1,-1,-1,-1,-1,-1,-1,-1,-1,-1,-1,-1,-1,-1,
-1,-1,-1,-1,1305,1692,-1,-1,846,-1,-1,-1,1042,-1,-1,-1,-1,-1,-1,-1,
-1,-1,-1,-1,1306,2412,-1,-1,-1,-1,-1,-1,-1,-1,-1,-1,-1,-1,-1,-1,
-1,-1,-1,-1,1307,1437,-1,-1,-1,-1,850,-1,813,-1,-1,-1,-1,1371,-1,1105,
-1,-1,-1,-1,1308,-1,1150,-1,-1,-1,-1,-1,-1,-1,1912,-1,1556,-1,-1,-1,
-1,-1,-1,-1,1309,-1,-1,-1,-1,-1,-1,-1,-1,-1,-1,-1,602,-1,-1,1344,
-1,-1,-1,-1,1310,-1,-1,-1,-1,-1,-1,-1,-1,-1,-1,-1,918,-1,-1,-1,
-1,-1,-1,-1,1315,2681,-1,-1,-1,-1,-1,-1,-1,-1,-1,-1,-1,-1,-1,-1,
2771,-1,-1,-1,1322,2731,1867,-1,-1,-1,-1,-1,-1,-1,-1,-1,-1,-1,-1,-1,
-1,-1,-1,-1,1323,-1,-1,-1,-1,-1,-1,2451,-1,-1,-1,-1,-1,-1,-1,-1,
-1,-1,-1,-1,1325,955,1104,922,-1,-1,-1,-1,-1,-1,-1,-1,-1,-1,947,-1,
-1,-1,-1,-1,1327,-1,1180,-1,-1,-1,-1,-1,-1,-1,-1,-1,-1,-1,-1,-1,
-1,-1,-1,-1,1335,1338,1883,-1,-1,-1,-1,-1,-1,-1,-1,-1,-1,-1,-1,-1,
-1,-1,-1,-1,1340,-1,944,533,1093,631,1820,-1,-1,-1,-1,-1,-1,-1,-1,-1,
-1,-1,-1,-1,1342,1078,-1,-1,-1,-1,-1,-1,-1,-1,-1,-1,1726,1123,-1,-1,
-1,-1,-1,-1,1346,1497,-1,-1,-1,2631,-1,-1,-1,-1,-1,-1,-1,-1,1083,-1,
-1,-1,-1,-1,1351,-1,1594,-1,-1,-1,-1,-1,-1,-1,-1,-1,-1,-1,-1,-1,
-1,-1,-1,-1,1353,-1,2659,-1,-1,-1,-1,-1,-1,-1,-1,-1,-1,-1,-1,-1,
-1,-1,-1,-1,1354,-1,-1,-1,-1,1562,-1,-1,-1,1066,1140,1283,-1,-1,-1,-1,
-1,-1,-1,-1,1356,786,-1,1559,-1,-1,-1,-1,-1,-1,-1,-1,-1,-1,-1,-1,
-1,-1,-1,-1,1359,-1,-1,-1,-1,-1,-1,-1,-1,-1,-1,-1,1280,-1,-1,-1,
-1,-1,-1,-1,1360,-1,938,-1,-1,-1,-1,-1,-1,-1,-1,-1,-1,-1,-1,-1,
-1,-1,-1,-1,1367,509,902,-1,-1,-1,-1,-1,-1,-1,-1,-1,-1,-1,-1,-1,
-1,-1,-1,-1,1372,979,-1,-1,-1,-1,-1,1357,-1,-1,-1,-1,-1,-1,-1,-1,
-1,-1,-1,-1,1373,1960,-1,-1,2381,-1,-1,-1,-1,-1,-1,-1,-1,-1,-1,-1,
-1,-1,-1,-1,1376,536,-1,-1,-1,-1,-1,-1,-1,-1,1107,860,1566,-1,-1,-1,
-1,-1,-1,-1,1377,-1,-1,-1,-1,-1,-1,-1,-1,-1,-1,2164,-1,-1,-1,-1,
-1,-1,-1,-1,1378,-1,-1,-1,-1,-1,-1,-1,-1,824,-1,-1,-1,-1,-1,-1,
-1,-1,-1,-1,1381,2097,-1,-1,-1,-1,-1,-1,-1,-1,-1,-1,-1,-1,-1,-1,
-1,-1,-1,-1,1382,-1,-1,-1,-1,-1,-1,-1,-1,-1,-1,1543,-1,-1,-1,-1,
-1,-1,-1,-1,1384,-1,-1,-1,-1,-1,-1,-1,-1,-1,-1,-1,-1,-1,882,1695,
-1,-1,-1,-1,1385,-1,1756,-1,-1,-1,-1,-1,-1,-1,-1,-1,-1,-1,-1,-1,
-1,-1,-1,-1,1390,-1,-1,-1,-1,-1,1068,1379,-1,953,674,-1,2082,-1,679,-1,
-1,-1,-1,-1,1392,-1,-1,-1,-1,1584,-1,-1,-1,-1,-1,-1,-1,-1,-1,-1,
-1,-1,-1,-1,1393,2134,2401,-1,-1,-1,-1,-1,-1,-1,-1,-1,-1,-1,-1,-1,
-1,-1,-1,-1,1396,-1,1993,-1,-1,-1,-1,-1,856,1621,1281,-1,922,1063,-1,-1,
-1,-1,-1,-1,1404,-1,-1,-1,-1,-1,-1,-1,-1,2009,-1,-1,-1,-1,-1,-1,
-1,-1,-1,-1,1408,-1,-1,-1,-1,-1,-1,-1,-1,-1,-1,-1,-1,-1,1878,-1,
-1,-1,-1,-1,1410,-1,1290,-1,-1,-1,-1,-1,-1,-1,-1,-1,-1,-1,-1,-1,
-1,-1,-1,-1,1412,2046,2585,2184,-1,-1,-1,-1,-1,-1,-1,-1,-1,-1,-1,-1,
-1,-1,-1,-1,1413,-1,-1,905,-1,-1,-1,-1,-1,-1,-1,-1,-1,-1,-1,-1,
-1,-1,-1,-1,1414,-1,-1,-1,-1,-1,-1,-1,-1,-1,-1,-1,-1,-1,-1,1132,
-1,-1,-1,-1,1417,1052,1144,-1,-1,2188,-1,-1,-1,-1,-1,-1,-1,-1,-1,-1,
-1,-1,-1,-1,1421,-1,-1,-1,-1,-1,-1,-1,1841,-1,-1,-1,-1,-1,-1,-1,
-1,-1,-1,-1,-1,-1,1010,1628,-1,-1,-1,-1,-1,1666,1683,2776,-1,1825,1690,1142,
-1,-1,-1,-1,1428,-1,-1,-1,-1,-1,-1,-1,2833,-1,-1,-1,-1,2498,-1,-1,
-1,-1,-1,-1,1443,2077,2707,-1,-1,-1,-1,-1,-1,-1,-1,-1,-1,-1,-1,-1,
-1,-1,-1,-1,1448,-1,-1,1050,-1,-1,-1,-1,-1,-1,-1,-1,-1,-1,-1,-1,
-1,-1,-1,-1,1450,1526,1418,2345,-1,1024,-1,-1,-1,-1,-1,-1,-1,-1,-1,-1,
-1,-1,-1,-1,1454,-1,-1,-1,-1,2002,-1,-1,-1,-1,-1,-1,-1,-1,-1,-1,
-1,-1,-1,-1,1457,-1,-1,-1,-1,-1,1916,-1,1830,415,-1,-1,-1,-1,-1,827,
-1,-1,-1,-1,1458,-1,-1,-1,1567,-1,1197,-1,-1,-1,1199,-1,-1,-1,-1,-1,
-1,-1,-1,-1,1461,-1,-1,-1,2150,-1,-1,2767,-1,-1,-1,-1,2191,1957,-1,-1,
-1,-1,-1,-1,1462,1642,-1,-1,-1,-1,-1,-1,-1,1512,-1,-1,-1,-1,-1,-1,
-1,-1,-1,-1,1464,1654,1781,1244,962,2139,2041,1224,1730,-1,-1,1322,2463,2589,-1,-1,
-1,-1,-1,-1,1467,-1,-1,-1,-1,-1,-1,-1,-1,-1,-1,-1,-1,-1,1316,-1,
-1,-1,-1,-1,1471,-1,-1,-1,-1,-1,-1,-1,763,1130,-1,-1,-1,-1,-1,-1,
-1,-1,-1,-1,1473,-1,-1,-1,-1,-1,-1,-1,2262,-1,-1,-1,-1,-1,-1,-1,
-1,-1,-1,-1,1475,2345,-1,-1,-1,-1,-1,-1,-1,-1,-1,-1,-1,-1,-1,-1,
-1,-1,-1,-1,1495,2771,-1,-1,-1,-1,-1,-1,-1,-1,-1,-1,-1,-1,-1,-1,
-1,-1,-1,-1,1496,1787,-1,-1,-1,-1,-1,-1,-1,-1,-1,-1,-1,-1,-1,-1,
-1,-1,-1,-1,1497,1729,1476,-1,-1,-1,-1,-1,-1,-1,-1,-1,-1,-1,1875,2697,
-1,-1,-1,-1,1504,-1,2682,-1,-1,-1,-1,-1,-1,-1,-1,-1,-1,-1,-1,-1,
-1,-1,-1,-1,1505,-1,-1,-1,-1,-1,-1,-1,-1,-1,-1,-1,-1,-1,1578,1082,
-1,-1,-1,-1,1511,-1,1885,-1,-1,-1,-1,-1,-1,-1,-1,-1,-1,-1,-1,-1,
-1,-1,-1,-1,1516,-1,-1,-1,-1,-1,-1,-1,2106,-1,-1,-1,-1,-1,-1,1580,
-1,-1,-1,-1,1517,2653,-1,-1,-1,-1,-1,-1,-1,-1,-1,-1,-1,-1,-1,-1,
-1,-1,-1,-1,1519,-1,-1,-1,2149,-1,-1,-1,-1,-1,-1,-1,-1,-1,-1,-1,
-1,-1,-1,-1,1521,720,1763,-1,-1,-1,-1,-1,-1,-1,-1,-1,-1,-1,515,380,
-1,-1,-1,-1,1527,-1,-1,-1,-1,-1,2106,1880,-1,-1,-1,-1,-1,-1,-1,-1,
-1,-1,-1,-1,1533,-1,-1,-1,-1,-1,-1,-1,-1,-1,2251,-1,-1,-1,-1,-1,
-1,-1,-1,-1,1534,-1,948,-1,-1,-1,1337,-1,-1,-1,-1,1272,-1,-1,-1,-1,
-1,-1,-1,-1,1548,-1,-1,2464,-1,-1,-1,-1,-1,-1,-1,-1,-1,-1,-1,-1,
-1,-1,-1,-1,1559,2507,-1,-1,-1,-1,-1,-1,-1,-1,-1,-1,-1,-1,-1,-1,
-1,-1,-1,-1,1560,-1,-1,-1,-1,-1,-1,-1,-1,-1,-1,-1,-1,2824,-1,2822,
-1,-1,-1,-1,1561,-1,-1,-1,-1,-1,-1,-1,-1,-1,1907,1443,-1,-1,-1,-1,
-1,-1,-1,-1,1579,-1,1991,-1,-1,-1,-1,-1,-1,-1,-1,-1,-1,-1,-1,-1,
-1,-1,-1,-1,1584,-1,2467,1381,-1,-1,-1,-1,-1,-1,-1,-1,-1,2681,1326,-1,
-1,-1,-1,-1,1590,-1,-1,-1,-1,-1,-1,-1,-1,-1,-1,2546,-1,2500,-1,-1,
-1,-1,-1,-1,1591,1501,-1,-1,-1,-1,-1,-1,-1,1638,1686,1785,-1,-1,-1,-1,
-1,-1,-1,-1,1592,1067,-1,-1,-1,-1,-1,-1,-1,-1,-1,-1,-1,-1,-1,-1,
-1,-1,-1,-1,1595,-1,-1,-1,-1,-1,-1,-1,2134,-1,-1,1833,-1,2850,-1,-1,
-1,-1,-1,-1,1598,2470,-1,-1,-1,-1,-1,-1,-1,-1,-1,-1,-1,-1,-1,-1,
-1,-1,-1,-1,1608,-1,-1,-1,2876,-1,-1,-1,-1,-1,-1,-1,-1,-1,-1,-1,
-1,-1,-1,-1,1609,-1,-1,1505,-1,-1,-1,-1,-1,-1,-1,-1,-1,-1,-1,-1,
-1,-1,-1,-1,1612,-1,1674,1944,-1,-1,-1,-1,-1,-1,-1,-1,-1,-1,-1,-1,
-1,-1,-1,-1,1622,2024,1091,722,-1,-1,-1,-1,-1,-1,-1,-1,-1,-1,-1,-1,
-1,-1,-1,-1,1625,1172,1481,1120,-1,-1,-1,-1,-1,-1,-1,-1,-1,-1,-1,-1,
-1,-1,-1,-1,1629,1893,-1,-1,-1,-1,-1,-1,-1,-1,-1,-1,-1,-1,-1,-1,
-1,-1,-1,-1,1636,-1,-1,-1,2541,-1,-1,-1,-1,-1,-1,-1,-1,-1,-1,-1,
-1,-1,-1,-1,1643,2534,-1,-1,-1,-1,-1,-1,-1,-1,-1,-1,-1,-1,-1,-1,
-1,-1,-1,-1,1645,-1,-1,-1,-1,-1,-1,-1,-1,-1,-1,-1,-1,-1,-1,2638,
-1,-1,-1,-1,1649,-1,2671,-1,-1,-1,-1,2359,-1,-1,-1,-1,-1,-1,-1,-1,
-1,-1,-1,-1,1651,1843,-1,1733,1404,-1,-1,-1,-1,-1,-1,-1,-1,-1,-1,-1,
-1,-1,-1,-1,1662,-1,-1,-1,-1,-1,-1,-1,-1,-1,2370,-1,-1,-1,-1,-1,
-1,-1,-1,-1,1665,-1,-1,-1,-1,-1,-1,-1,-1,-1,-1,1812,-1,-1,-1,-1,
-1,-1,-1,-1,1669,-1,-1,-1,2769,-1,-1,-1,-1,-1,-1,-1,-1,-1,-1,1541,
-1,-1,-1,-1,1670,-1,-1,-1,-1,2316,1081,1706,-1,1674,-1,-1,-1,-1,-1,-1,
-1,-1,-1,-1,1677,-1,833,1126,-1,-1,-1,-1,-1,-1,-1,-1,-1,-1,-1,-1,
-1,-1,-1,-1,1685,-1,-1,-1,-1,-1,-1,-1,-1,-1,-1,644,1497,-1,-1,-1,
-1,-1,-1,-1,1687,2569,-1,-1,-1,-1,-1,-1,-1,-1,-1,-1,-1,-1,-1,-1,
-1,-1,-1,-1,1692,2579,-1,-1,-1,-1,-1,-1,-1,-1,-1,-1,-1,-1,-1,-1,
-1,-1,-1,-1,1696,2352,-1,-1,-1,-1,-1,-1,-1,-1,-1,-1,-1,-1,-1,-1,
-1,-1,-1,-1,1698,-1,-1,-1,-1,-1,-1,-1,-1,-1,1040,986,-1,2322,-1,-1,
-1,-1,-1,-1,1700,1223,992,652,-1,-1,-1,550,-1,-1,-1,598,-1,-1,-1,-1,
-1,-1,-1,-1,1701,581,945,962,-1,-1,-1,-1,-1,-1,-1,-1,-1,-1,-1,-1,
-1,-1,-1,-1,1703,-1,-1,-1,-1,-1,-1,-1,-1,-1,-1,-1,-1,-1,1039,-1,
-1,-1,-1,-1,1705,1311,-1,-1,-1,-1,-1,-1,-1,-1,-1,-1,-1,-1,-1,-1,
-1,-1,-1,-1,1706,-1,-1,-1,-1,-1,-1,-1,-1,-1,-1,1494,-1,-1,-1,-1,
-1,-1,-1,-1,1712,-1,-1,-1,-1,-1,-1,-1,-1,-1,-1,-1,1110,-1,-1,-1,
-1,-1,-1,-1,1713,-1,1433,-1,-1,-1,-1,711,-1,-1,-1,-1,-1,-1,-1,-1,
-1,-1,-1,-1,1717,-1,731,-1,-1,-1,-1,-1,-1,-1,-1,-1,-1,-1,-1,-1,
-1,-1,-1,-1,1733,2716,-1,1875,-1,-1,-1,-1,-1,1165,1490,1007,1526,2672,2210,-1,
-1,-1,-1,-1,1734,1292,843,567,1503,1982,-1,-1,-1,-1,-1,-1,-1,-1,-1,-1,
-1,-1,-1,-1,1735,-1,-1,-1,-1,-1,-1,-1,-1,1300,-1,-1,-1,2216,-1,-1,
-1,-1,-1,-1,1739,-1,-1,-1,-1,-1,-1,-1,-1,-1,-1,-1,-1,888,-1,-1,
-1,-1,-1,-1,1749,1202,-1,-1,-1,-1,-1,-1,-1,-1,-1,-1,-1,-1,-1,-1,
-1,-1,-1,-1,1752,-1,-1,-1,-1,-1,2127,-1,-1,-1,-1,-1,-1,-1,-1,-1,
-1,-1,-1,-1,1770,-1,-1,-1,-1,-1,2084,2397,-1,-1,-1,-1,-1,1745,-1,2321,
-1,-1,-1,-1,1784,-1,-1,-1,1609,-1,-1,-1,-1,-1,-1,-1,-1,-1,-1,-1,
-1,-1,-1,-1,1786,-1,-1,-1,-1,-1,-1,-1,-1,-1,-1,-1,-1,1113,-1,-1,
-1,-1,-1,-1,1793,2820,-1,-1,-1,-1,-1,-1,-1,-1,-1,-1,-1,-1,-1,-1,
-1,-1,-1,-1,1800,-1,-1,-1,-1,-1,-1,-1,-1,-1,-1,-1,-1,2196,-1,-1,
-1,-1,-1,-1,1802,-1,-1,-1,1500,-1,-1,-1,-1,-1,-1,1746,1079,-1,2177,-1,
-1,-1,-1,-1,1813,2532,-1,-1,-1,-1,-1,-1,-1,-1,-1,-1,-1,-1,-1,-1,
-1,-1,-1,-1,1814,-1,-1,-1,2526,-1,-1,1694,1330,-1,-1,-1,-1,-1,-1,-1,
-1,-1,-1,-1,1815,1542,-1,-1,-1,-1,-1,-1,-1,-1,-1,-1,-1,-1,-1,-1,
-1,-1,-1,-1,1816,1212,-1,-1,-1,-1,-1,-1,-1,-1,1184,-1,-1,-1,-1,-1,
-1,-1,-1,-1,1819,2414,2433,-1,2673,-1,-1,-1,-1,2564,1855,2256,2120,1680,-1,-1,
-1,-1,-1,-1,1822,-1,-1,-1,-1,-1,-1,-1,-1,859,-1,-1,-1,-1,-1,-1,
-1,-1,-1,-1,1828,1786,-1,-1,-1,-1,-1,-1,-1,-1,-1,-1,-1,-1,-1,-1,
-1,-1,-1,-1,1831,-1,-1,-1,-1,-1,-1,-1,-1,-1,-1,-1,-1,1395,-1,-1,
-1,-1,-1,-1,1834,1795,1421,2853,-1,-1,-1,-1,-1,-1,-1,-1,-1,-1,-1,-1,
-1,-1,-1,-1,1838,-1,-1,-1,-1,-1,-1,-1,-1,-1,-1,-1,-1,2742,-1,-1,
-1,-1,-1,-1,1844,1963,-1,-1,-1,-1,-1,-1,1963,-1,1170,1085,-1,-1,-1,-1,
-1,-1,-1,-1,1859,-1,-1,-1,-1,2716,-1,-1,-1,-1,-1,-1,-1,-1,-1,-1,
-1,-1,-1,-1,1861,-1,-1,-1,-1,-1,-1,-1,-1,-1,-1,-1,2012,-1,-1,-1,
-1,-1,-1,-1,1862,-1,-1,-1,-1,-1,-1,-1,-1,-1,-1,-1,-1,2186,2836,2574,
-1,-1,-1,-1,1867,-1,1602,-1,-1,-1,-1,-1,-1,-1,2321,-1,-1,-1,-1,-1,
-1,-1,-1,-1,1871,-1,2316,-1,-1,-1,-1,-1,-1,-1,-1,-1,-1,-1,-1,-1,
-1,-1,-1,-1,1872,-1,-1,-1,1925,-1,1235,-1,-1,-1,-1,-1,-1,-1,-1,-1,
-1,-1,-1,-1,1873,-1,2311,-1,-1,-1,-1,-1,-1,-1,-1,-1,-1,-1,-1,-1,
-1,-1,-1,-1,1876,-1,-1,-1,-1,-1,1048,1898,-1,-1,-1,-1,-1,-1,-1,-1,
-1,-1,-1,-1,1877,-1,-1,-1,-1,-1,855,713,1923,-1,-1,-1,-1,-1,-1,-1,
-1,-1,-1,-1,1880,1087,-1,-1,-1,-1,-1,-1,-1,-1,-1,-1,-1,-1,-1,-1,
-1,-1,-1,-1,1886,1905,-1,-1,-1,-1,-1,-1,-1,-1,-1,-1,-1,-1,-1,-1,
-1,-1,-1,-1,1897,-1,899,-1,-1,-1,-1,-1,-1,-1,-1,-1,-1,-1,-1,-1,
-1,-1,-1,-1,1900,1235,-1,-1,-1,-1,-1,-1,-1,-1,-1,-1,-1,-1,-1,-1,
-1,-1,-1,-1,1902,-1,1897,-1,-1,-1,-1,-1,-1,-1,-1,-1,-1,-1,1135,-1,
-1,-1,-1,-1,1905,2167,1221,-1,-1,-1,-1,-1,-1,769,-1,-1,-1,-1,-1,-1,
-1,-1,-1,-1,1908,-1,-1,-1,-1,-1,-1,-1,-1,-1,-1,2370,1837,2512,-1,-1,
-1,-1,-1,-1,1910,-1,1086,1479,675,-1,-1,-1,-1,-1,-1,-1,-1,-1,-1,-1,
-1,-1,-1,-1,1916,2021,-1,-1,-1,-1,2312,-1,-1,-1,-1,-1,-1,-1,-1,-1,
-1,-1,-1,-1,1923,2119,-1,-1,-1,-1,-1,-1,-1,-1,-1,-1,-1,-1,-1,-1,
-1,-1,-1,-1,1934,2655,-1,-1,-1,-1,-1,-1,-1,-1,-1,-1,-1,-1,-1,-1,
-1,-1,-1,-1,1937,-1,-1,-1,-1,-1,-1,-1,-1,-1,1868,-1,-1,-1,-1,-1,
-1,-1,-1,-1,1943,-1,-1,-1,-1,-1,-1,-1,-1,-1,-1,-1,-1,1361,-1,-1,
-1,-1,-1,-1,-1,-1,-1,1634,-1,2227,2037,1695,1610,-1,1975,-1,1077,-1,-1,-1,
-1,-1,-1,-1,1955,2558,2827,-1,-1,-1,-1,-1,-1,-1,-1,-1,-1,-1,-1,-1,
-1,-1,-1,-1,1958,-1,-1,-1,1495,-1,-1,-1,-1,-1,-1,-1,-1,-1,-1,-1,
-1,-1,-1,-1,1961,2473,-1,-1,-1,-1,-1,2033,1204,1786,-1,-1,-1,-1,-1,-1,
-1,-1,-1,-1,1974,2357,-1,-1,-1,-1,-1,-1,-1,-1,-1,-1,-1,-1,-1,-1,
-1,-1,-1,-1,1978,2480,-1,-1,-1,-1,-1,-1,-1,-1,-1,-1,-1,-1,-1,-1,
-1,-1,-1,-1,1987,1139,1799,-1,-1,-1,-1,1295,2073,-1,2546,-1,-1,-1,-1,-1,
-1,-1,-1,-1,1995,-1,-1,1537,-1,-1,-1,-1,-1,-1,-1,-1,-1,-1,-1,-1,
-1,-1,-1,-1,1997,2102,-1,2538,-1,-1,1781,-1,-1,-1,-1,-1,1898,-1,-1,-1,
-1,-1,-1,-1,2001,-1,-1,-1,-1,-1,-1,-1,-1,-1,-1,-1,2112,-1,-1,-1,
-1,-1,-1,-1,2002,-1,-1,-1,-1,-1,-1,-1,-1,2762,-1,-1,-1,-1,-1,-1,
-1,-1,-1,-1,2003,-1,-1,-1,-1,-1,-1,1499,-1,-1,-1,-1,-1,-1,-1,-1,
-1,-1,-1,-1,2017,-1,2274,-1,-1,-1,-1,-1,-1,-1,-1,-1,-1,-1,-1,-1,
-1,-1,-1,-1,2020,1945,-1,-1,-1,-1,-1,-1,-1,-1,-1,-1,-1,-1,-1,-1,
-1,-1,-1,-1,2023,-1,-1,-1,-1,-1,-1,-1,-1,-1,-1,-1,-1,1908,-1,-1,
-1,-1,-1,-1,2025,-1,-1,-1,-1,1681,-1,-1,-1,-1,-1,-1,-1,-1,-1,-1,
-1,-1,-1,-1,2027,-1,-1,-1,1896,-1,-1,-1,-1,-1,1487,-1,-1,-1,-1,-1,
-1,-1,-1,-1,2029,1133,-1,-1,-1,-1,-1,-1,1880,-1,-1,-1,-1,-1,-1,-1,
-1,-1,-1,-1,2032,-1,-1,2834,-1,-1,-1,-1,-1,-1,-1,-1,-1,-1,-1,-1,
-1,-1,-1,-1,2033,2175,1701,-1,-1,-1,-1,-1,-1,-1,1532,-1,851,-1,-1,-1,
-1,-1,-1,-1,2040,-1,-1,-1,-1,-1,-1,-1,-1,-1,-1,-1,-1,1766,-1,-1,
-1,-1,-1,-1,2046,-1,-1,-1,-1,-1,-1,-1,-1,-1,-1,-1,-1,1230,-1,-1,
-1,-1,-1,-1,2053,-1,-1,2150,-1,-1,-1,-1,-1,-1,-1,-1,-1,-1,1655,-1,
-1,-1,-1,-1,2055,2578,-1,1429,2110,1213,1768,2905,-1,2279,-1,-1,-1,-1,-1,-1,
-1,-1,-1,-1,2059,-1,-1,-1,-1,1559,-1,-1,-1,-1,-1,-1,-1,-1,-1,-1,
-1,-1,-1,-1,2062,1244,1966,-1,-1,-1,-1,-1,-1,-1,-1,-1,-1,-1,-1,-1,
-1,-1,-1,-1,2063,-1,935,-1,-1,-1,-1,-1,-1,-1,-1,-1,-1,-1,-1,-1,
-1,-1,-1,-1,2072,-1,-1,-1,-1,-1,2038,-1,-1,-1,-1,-1,-1,-1,-1,-1,
-1,-1,-1,-1,2077,-1,-1,2251,1931,1536,1531,-1,-1,1651,983,-1,-1,-1,-1,-1,
-1,-1,-1,-1,2084,-1,-1,-1,-1,-1,-1,-1,-1,-1,-1,-1,-1,2915,902,-1,
-1,-1,-1,-1,2086,-1,-1,-1,-1,-1,-1,-1,-1,-1,-1,-1,-1,2252,-1,-1,
-1,-1,-1,-1,2090,-1,-1,1685,-1,-1,-1,-1,-1,-1,-1,-1,-1,-1,-1,-1,
-1,-1,-1,-1,2091,1395,-1,-1,-1,-1,-1,-1,-1,-1,-1,-1,-1,-1,-1,-1,
-1,-1,-1,-1,2099,-1,-1,1051,-1,2409,1232,-1,-1,-1,-1,-1,-1,-1,-1,-1,
-1,-1,-1,-1,2101,-1,-1,-1,-1,-1,-1,-1,-1,-1,-1,-1,-1,-1,1771,-1,
-1,-1,-1,-1,2102,-1,-1,-1,-1,2764,-1,-1,-1,-1,-1,-1,-1,-1,-1,-1,
-1,-1,-1,-1,2106,2070,-1,-1,-1,-1,-1,-1,-1,-1,-1,-1,-1,-1,-1,-1,
-1,-1,-1,-1,2116,-1,-1,-1,-1,-1,-1,-1,-1,-1,-1,1542,-1,-1,-1,-1,
-1,-1,-1,-1,2118,1867,-1,-1,-1,-1,-1,-1,-1,-1,-1,-1,-1,-1,-1,-1,
-1,-1,-1,-1,2120,-1,-1,-1,2838,-1,-1,-1,-1,-1,2629,-1,-1,-1,-1,-1,
-1,-1,-1,-1,2124,-1,-1,-1,-1,-1,2250,-1,-1,-1,-1,-1,-1,-1,1930,-1,
-1,-1,-1,-1,2126,2782,-1,-1,-1,-1,-1,-1,-1,-1,-1,-1,-1,-1,-1,-1,
-1,-1,-1,-1,2133,1245,-1,-1,-1,-1,-1,-1,-1,-1,-1,-1,-1,-1,-1,-1,
-1,-1,-1,-1,2135,-1,-1,-1,-1,-1,-1,-1,-1,-1,2457,-1,2211,1086,-1,-1,
-1,-1,-1,-1,2138,-1,1563,-1,-1,-1,-1,-1,-1,-1,-1,-1,-1,-1,-1,-1,
-1,-1,-1,-1,2141,-1,-1,-1,-1,-1,-1,-1,-1,-1,-1,1726,-1,-1,-1,-1,
-1,-1,-1,-1,2143,-1,-1,-1,-1,-1,-1,-1,-1,1573,-1,-1,-1,-1,-1,-1,
-1,-1,-1,-1,2148,-1,-1,-1,-1,-1,-1,-1,-1,-1,-1,-1,-1,1271,-1,-1,
-1,-1,-1,-1,2149,-1,-1,-1,-1,1795,-1,-1,-1,-1,-1,-1,-1,-1,-1,-1,
-1,-1,-1,-1,2152,2373,793,1462,1171,-1,-1,-1,-1,-1,-1,-1,-1,-1,-1,-1,
-1,-1,-1,-1,2162,-1,-1,-1,-1,-1,-1,-1,2757,-1,-1,-1,-1,-1,-1,-1,
-1,-1,-1,-1,2169,1467,-1,1442,-1,-1,1118,-1,-1,-1,-1,2474,-1,-1,1799,2572,
-1,-1,-1,-1,2172,1747,-1,-1,-1,-1,-1,-1,-1,-1,-1,-1,-1,-1,-1,-1,
-1,-1,-1,-1,2185,-1,-1,-1,2048,-1,-1,-1,-1,-1,-1,-1,-1,-1,-1,-1,
-1,-1,-1,-1,2187,-1,-1,-1,-1,-1,-1,-1,-1,-1,-1,-1,2245,1809,-1,-1,
-1,-1,-1,-1,2195,-1,2597,-1,-1,-1,-1,-1,-1,-1,-1,-1,-1,-1,-1,-1,
-1,-1,-1,-1,2196,945,1303,1546,-1,-1,-1,-1,-1,-1,-1,-1,762,-1,-1,-1,
-1,-1,-1,-1,2204,-1,1740,1719,-1,1259,-1,-1,-1,-1,-1,-1,-1,-1,-1,-1,
-1,-1,-1,-1,2212,-1,2771,-1,-1,-1,-1,2840,-1,-1,-1,-1,-1,-1,-1,-1,
-1,-1,-1,-1,2217,2816,-1,-1,-1,-1,-1,-1,-1,-1,-1,-1,-1,-1,-1,-1,
-1,-1,-1,-1,2220,-1,-1,-1,-1,-1,-1,-1,-1,1045,-1,-1,-1,-1,-1,-1,
-1,-1,-1,-1,2222,1979,-1,-1,-1,-1,-1,-1,-1,-1,-1,-1,-1,-1,-1,-1,
-1,-1,-1,-1,2230,2688,2184,-1,-1,-1,-1,-1,-1,-1,-1,-1,-1,-1,-1,-1,
-1,-1,-1,-1,2232,-1,-1,1240,802,-1,-1,1107,-1,-1,2007,-1,-1,-1,-1,647,
-1,-1,-1,-1,2234,-1,-1,-1,-1,2846,-1,-1,-1,-1,-1,-1,-1,-1,-1,-1,
-1,-1,-1,-1,2237,-1,2278,-1,-1,1511,-1,-1,-1,-1,-1,-1,-1,-1,-1,-1,
-1,-1,-1,-1,2238,1420,2338,-1,-1,-1,-1,-1,1419,-1,-1,-1,-1,-1,-1,-1,
-1,-1,-1,-1,2242,2739,-1,-1,2285,-1,1660,1928,1713,-1,2136,-1,-1,-1,-1,-1,
-1,-1,-1,-1,2248,-1,-1,-1,-1,-1,-1,-1,-1,-1,-1,-1,1072,-1,-1,-1,
-1,-1,-1,-1,2263,-1,1509,-1,-1,-1,-1,-1,-1,-1,-1,-1,-1,-1,-1,-1,
-1,-1,-1,-1,2264,-1,-1,-1,-1,-1,-1,-1,-1,-1,-1,2633,-1,-1,-1,2141,
-1,-1,-1,-1,2284,-1,-1,-1,-1,1292,-1,-1,-1,-1,-1,-1,-1,-1,-1,1859,
-1,-1,-1,-1,2290,-1,-1,-1,-1,-1,-1,-1,-1,-1,-1,-1,2280,-1,-1,-1,
-1,-1,-1,-1,2291,-1,-1,-1,-1,-1,-1,-1,-1,-1,-1,-1,-1,-1,1848,-1,
-1,-1,-1,-1,2297,2550,-1,2006,-1,2949,-1,-1,-1,-1,-1,-1,-1,-1,-1,-1,
-1,-1,-1,-1,2300,2652,2209,-1,-1,-1,-1,-1,-1,-1,-1,-1,-1,-1,-1,-1,
-1,-1,-1,-1,2304,2778,-1,-1,-1,-1,-1,-1,-1,-1,-1,-1,-1,-1,-1,-1,
-1,-1,-1,-1,2314,1072,1976,-1,-1,-1,783,-1,-1,-1,-1,-1,-1,-1,-1,-1,
-1,-1,-1,-1,2317,-1,-1,-1,-1,-1,-1,-1,-1,2684,1443,-1,-1,-1,-1,-1,
-1,-1,-1,-1,2329,-1,-1,-1,-1,-1,-1,-1,-1,-1,-1,2289,-1,-1,-1,-1,
-1,-1,-1,-1,2333,-1,-1,-1,-1,-1,-1,2835,-1,-1,-1,-1,-1,-1,-1,-1,
-1,-1,-1,-1,2344,-1,1905,-1,1551,-1,-1,-1,-1,-1,-1,-1,-1,-1,-1,-1,
-1,-1,-1,-1,2346,-1,-1,-1,2682,-1,-1,-1,-1,-1,-1,-1,-1,-1,-1,-1,
-1,-1,-1,-1,2347,-1,-1,2459,2598,-1,-1,-1,-1,-1,-1,-1,2027,-1,-1,-1,
-1,-1,-1,-1,2349,-1,-1,-1,-1,-1,-1,-1,-1,-1,-1,-1,2063,-1,-1,-1,
-1,-1,-1,-1,2350,-1,2860,-1,-1,-1,-1,-1,-1,-1,-1,-1,-1,-1,-1,-1,
-1,-1,-1,-1,2358,1921,-1,-1,-1,-1,-1,-1,-1,-1,-1,-1,-1,-1,-1,-1,
-1,-1,-1,-1,2360,2560,1240,-1,-1,-1,-1,-1,-1,-1,-1,-1,-1,-1,-1,-1,
-1,-1,-1,-1,2361,-1,-1,-1,-1,-1,2320,-1,-1,-1,-1,-1,-1,-1,-1,-1,
-1,-1,-1,-1,2380,1374,-1,-1,-1,-1,-1,-1,-1,-1,-1,-1,-1,-1,-1,-1,
-1,-1,-1,-1,2381,-1,1807,-1,-1,-1,-1,-1,-1,-1,-1,-1,-1,-1,-1,-1,
-1,-1,-1,-1,2388,-1,-1,2519,-1,-1,-1,-1,-1,-1,-1,-1,-1,-1,-1,-1,
-1,-1,-1,-1,2391,-1,2349,-1,-1,-1,-1,-1,-1,-1,-1,-1,-1,-1,-1,-1,
-1,-1,-1,-1,2392,-1,-1,-1,-1,-1,-1,-1,1600,-1,-1,-1,-1,-1,-1,-1,
-1,-1,-1,-1,2395,-1,-1,-1,-1,-1,2238,-1,-1,-1,-1,-1,-1,-1,-1,-1,
-1,-1,-1,-1,2400,2284,-1,-1,-1,-1,-1,-1,-1,-1,-1,-1,-1,-1,-1,-1,
-1,-1,-1,-1,2404,-1,-1,-1,-1,-1,1311,-1,-1,-1,-1,-1,-1,-1,-1,-1,
-1,-1,-1,-1,2405,1632,-1,-1,-1,-1,-1,-1,-1,-1,2439,-1,-1,-1,-1,-1,
-1,-1,-1,-1,2406,-1,2290,-1,-1,-1,-1,-1,-1,-1,-1,-1,-1,-1,-1,-1,
-1,-1,-1,-1,2416,2063,-1,-1,-1,-1,-1,2691,-1,-1,-1,-1,-1,-1,-1,-1,
-1,-1,-1,-1,2419,-1,-1,-1,-1,-1,-1,-1,-1,-1,-1,-1,-1,2302,-1,-1,
-1,-1,-1,-1,2426,-1,-1,-1,-1,-1,-1,-1,-1,-1,-1,1653,-1,1932,2190,-1,
-1,-1,-1,-1,2441,-1,-1,-1,-1,-1,2129,-1,-1,2853,2746,-1,-1,2555,-1,-1,
-1,-1,-1,-1,2443,1252,-1,2247,-1,-1,-1,-1,-1,-1,-1,-1,-1,-1,-1,-1,
-1,-1,-1,-1,2458,-1,1214,2579,-1,-1,-1,1316,1816,-1,-1,-1,-1,-1,1916,1989,
-1,-1,-1,-1,2460,-1,2701,-1,-1,-1,-1,-1,-1,-1,-1,-1,-1,-1,-1,-1,
-1,-1,-1,-1,2461,1771,1226,-1,-1,-1,-1,-1,-1,-1,-1,-1,-1,-1,-1,-1,
-1,-1,-1,-1,2464,-1,-1,-1,-1,-1,1451,-1,-1,-1,-1,-1,-1,-1,-1,-1,
-1,-1,-1,-1,2465,-1,-1,-1,-1,-1,-1,-1,-1,2577,-1,-1,-1,-1,-1,2842,
-1,-1,-1,-1,2478,-1,-1,-1,-1,-1,-1,2728,-1,-1,-1,-1,-1,-1,-1,-1,
-1,-1,-1,-1,2483,-1,-1,-1,-1,-1,-1,-1,-1,-1,-1,2706,-1,-1,-1,-1,
-1,-1,-1,-1,2487,-1,-1,-1,2547,-1,-1,-1,-1,-1,-1,-1,-1,-1,2917,-1,
-1,-1,-1,-1,2494,-1,-1,-1,2073,-1,-1,-1,-1,1729,-1,-1,-1,-1,-1,-1,
-1,-1,-1,-1,2498,-1,-1,-1,-1,-1,-1,-1,-1,-1,-1,1506,1308,1616,-1,1663,
-1,-1,-1,-1,2499,1929,2898,-1,-1,-1,-1,-1,-1,-1,-1,-1,-1,-1,-1,-1,
-1,-1,-1,-1,2502,-1,-1,-1,-1,-1,-1,-1,-1,-1,-1,-1,-1,-1,-1,2322,
-1,-1,-1,-1,2506,1393,1451,-1,-1,-1,-1,-1,-1,-1,1068,2451,2311,-1,-1,-1,
-1,-1,-1,-1,2509,1697,-1,-1,-1,-1,-1,-1,-1,-1,-1,-1,-1,-1,-1,-1,
-1,-1,-1,-1,2521,-1,-1,-1,-1,-1,-1,-1,-1,-1,-1,-1,-1,-1,-1,2875,
-1,-1,-1,-1,2527,-1,-1,-1,-1,-1,-1,-1,-1,1656,1966,-1,-1,-1,-1,-1,
-1,-1,-1,-1,2539,2648,-1,-1,-1,-1,-1,-1,-1,-1,-1,-1,-1,-1,-1,-1,
-1,-1,-1,-1,2540,-1,2322,2640,-1,2682,-1,-1,2036,-1,-1,2334,-1,2089,-1,2417,
-1,-1,-1,-1,2544,1731,1669,2641,2643,-1,-1,-1,-1,-1,-1,-1,-1,-1,-1,-1,
-1,-1,-1,-1,2548,1569,-1,-1,-1,1759,1192,-1,-1,-1,-1,-1,-1,-1,-1,-1,
-1,-1,-1,-1,2556,-1,2688,-1,-1,-1,-1,-1,-1,-1,-1,-1,-1,-1,-1,-1,
-1,-1,-1,-1,2558,-1,-1,1367,-1,-1,-1,-1,-1,-1,-1,-1,-1,-1,-1,-1,
-1,-1,-1,-1,2561,2035,-1,-1,-1,-1,-1,-1,-1,-1,-1,-1,-1,-1,-1,-1,
-1,-1,-1,-1,2562,1904,-1,-1,-1,-1,-1,-1,-1,-1,-1,-1,-1,-1,-1,-1,
-1,-1,-1,-1,2567,-1,-1,-1,-1,2332,-1,-1,-1,-1,-1,-1,-1,-1,-1,-1,
-1,-1,-1,-1,2568,2486,-1,-1,-1,-1,-1,-1,-1,-1,-1,-1,-1,-1,-1,-1,
-1,-1,-1,-1,2574,1552,-1,-1,-1,-1,-1,-1,-1,-1,-1,-1,-1,-1,-1,-1,
-1,-1,-1,-1,2580,-1,-1,-1,-1,2744,-1,-1,-1,-1,-1,-1,-1,-1,-1,-1,
-1,-1,-1,-1,2595,2082,-1,-1,-1,-1,-1,-1,-1,-1,1631,-1,-1,1115,-1,-1,
-1,-1,-1,-1,2597,1987,1633,1968,-1,-1,-1,-1,1633,-1,-1,-1,-1,-1,-1,-1,
-1,-1,-1,-1,2605,-1,-1,-1,-1,-1,-1,-1,-1,-1,-1,-1,-1,-1,1350,-1,
-1,-1,-1,-1,2621,-1,-1,2142,-1,-1,-1,-1,-1,-1,-1,-1,-1,-1,-1,-1,
-1,-1,-1,-1,2628,-1,-1,-1,-1,-1,-1,-1,-1,-1,2838,-1,-1,-1,-1,-1,
-1,-1,-1,-1,2641,2658,-1,-1,-1,-1,-1,-1,-1,-1,-1,-1,-1,-1,-1,-1,
-1,-1,-1,-1,2659,1583,-1,-1,-1,-1,-1,-1,-1,-1,-1,-1,-1,-1,-1,-1,
-1,-1,-1,-1,2660,-1,-1,-1,-1,-1,-1,2103,-1,-1,-1,-1,-1,-1,-1,-1,
-1,-1,-1,-1,2674,1246,-1,-1,-1,-1,-1,-1,-1,-1,-1,-1,-1,-1,-1,-1,
-1,-1,-1,-1,2679,1410,-1,-1,-1,-1,-1,-1,-1,-1,-1,-1,-1,-1,-1,-1,
-1,-1,-1,-1,2680,-1,-1,-1,-1,-1,-1,-1,-1,-1,-1,-1,-1,-1,1390,-1,
-1,-1,-1,-1,2697,-1,2383,-1,-1,-1,-1,-1,-1,-1,-1,-1,-1,-1,-1,-1,
-1,-1,-1,-1,2703,1660,-1,-1,-1,-1,-1,-1,-1,-1,-1,-1,-1,-1,-1,-1,
-1,-1,-1,-1,2706,-1,-1,1808,-1,2658,-1,-1,-1,-1,-1,-1,-1,-1,-1,-1,
-1,-1,-1,-1,2708,-1,-1,-1,-1,-1,-1,-1,-1,-1,-1,-1,-1,-1,-1,2460,
-1,-1,-1,-1,2710,-1,-1,-1,-1,-1,-1,-1,2751,-1,-1,-1,-1,-1,-1,-1,
-1,-1,-1,-1,2734,-1,-1,-1,-1,-1,-1,-1,-1,1427,-1,-1,-1,-1,-1,-1,
-1,-1,-1,-1,2746,-1,-1,1704,2078,-1,-1,-1,-1,-1,-1,-1,-1,-1,-1,-1,
-1,-1,-1,-1,2774,2440,-1,-1,-1,-1,-1,-1,-1,-1,-1,-1,-1,-1,-1,-1,
-1,-1,-1,-1,2778,-1,-1,-1,-1,-1,1765,-1,-1,-1,-1,-1,1226,-1,-1,-1,
-1,-1,-1,-1,2782,-1,-1,-1,-1,-1,-1,-1,-1,-1,-1,-1,1821,-1,-1,-1,
-1,-1,-1,-1,2790,-1,-1,-1,-1,2598,-1,-1,-1,-1,-1,-1,-1,-1,-1,-1,
-1,-1,-1,-1,2802,-1,-1,1573,-1,-1,-1,-1,-1,-1,-1,-1,-1,-1,-1,-1,
-1,-1,-1,-1,2809,-1,2927,-1,-1,-1,2577,-1,-1,-1,-1,-1,-1,-1,-1,-1,
-1,-1,-1,-1,2810,-1,-1,-1,2725,1600,-1,-1,-1,-1,-1,-1,-1,-1,-1,-1,
-1,-1,-1,-1,2812,-1,-1,-1,-1,-1,1449,-1,-1,-1,-1,-1,-1,-1,-1,-1,
-1,-1,-1,-1,2813,-1,-1,-1,-1,-1,-1,-1,-1,-1,-1,-1,1441,2939,-1,-1,
-1,-1,-1,-1,2820,-1,-1,-1,-1,2954,-1,-1,-1,-1,-1,-1,-1,-1,-1,-1,
-1,-1,-1,-1,2821,2573,-1,-1,-1,-1,-1,-1,-1,-1,-1,-1,-1,-1,-1,-1,
-1,-1,-1,-1,2822,-1,-1,-1,1149,2259,1395,2816,-1,-1,-1,-1,-1,-1,1618,-1,
-1,-1,-1,-1,2832,-1,-1,1375,-1,-1,-1,-1,-1,-1,-1,-1,-1,-1,-1,-1,
-1,-1,-1,-1,2836,-1,-1,-1,-1,-1,-1,822,-1,-1,-1,-1,-1,-1,1383,-1,
-1,-1,-1,-1,2848,2286,-1,-1,-1,-1,-1,-1,-1,-1,-1,-1,-1,-1,-1,-1,
-1,-1,-1,-1,2859,-1,-1,-1,-1,-1,-1,1562,-1,-1,-1,-1,-1,-1,-1,-1,
-1,-1,-1,-1,2863,2570,2588,-1,-1,2726,-1,-1,-1,-1,-1,-1,-1,-1,-1,-1,
-1,-1,-1,-1,2869,1781,-1,-1,-1,-1,-1,-1,-1,-1,-1,-1,-1,-1,-1,-1,
-1,-1,-1,-1,2870,-1,-1,2232,-1,-1,-1,-1,-1,1504,-1,-1,-1,-1,-1,-1,
-1,-1,-1,-1,2875,-1,-1,-1,-1,-1,-1,-1,-1,-1,1426,-1,-1,-1,-1,-1,
-1,-1,-1,-1,2884,-1,2764,-1,-1,-1,-1,-1,-1,-1,-1,-1,-1,-1,-1,-1,
-1,-1,-1,-1,2890,-1,-1,2489,-1,-1,-1,-1,-1,-1,-1,-1,-1,-1,-1,-1,
-1,-1,-1,-1,2898,-1,1410,-1,-1,-1,-1,-1,-1,-1,-1,-1,-1,-1,-1,-1,
-1,-1,-1,-1,2899,1367,-1,-1,2379,2950,-1,-1,-1,-1,-1,-1,-1,-1,-1,-1,
-1,-1,-1,-1,2901,2310,-1,-1,-1,-1,-1,-1,-1,-1,-1,-1,-1,-1,-1,-1,
-1,-1,-1,-1,2912,-1,2339,-1,-1,-1,-1,-1,-1,-1,-1,-1,1353,-1,-1,1997,
-1,-1,-1,-1,2917,-1,-1,-1,-1,2266,-1,-1,1710,1513,-1,-1,2836,-1,2353,-1,
-1,-1,-1,-1,2919,-1,-1,-1,1675,-1,-1,-1,-1,-1,-1,-1,-1,-1,-1,-1,
-1,-1,-1,-1,2920,2802,-1,-1,-1,-1,-1,-1,2506,1590,-1,-1,-1,-1,-1,-1,
-1,-1,-1,-1,2925,2730,-1,2215,1821,-1,-1,-1,-1,-1,-1,-1,-1,-1,-1,-1,
-1,-1,-1,-1,2930,2279,-1,-1,-1,-1,-1,-1,-1,-1,-1,-1,-1,-1,-1,-1,
-1,-1,-1,-1,2933,-1,-1,-1,-1,-1,-1,-1,-1,-1,2450,-1,-1,-1,-1,-1,
-1,-1,-1,-1,2937,-1,2105,2490,-1,1576,2182,-1,-1,-1,-1,-1,-1,-1,-1,-1,
-1,-1,-1,-1,-1,13,7,3,-1,-1,-1,-1,-1,-1,-1,-1,-1,-1,-1,-1,
-1,-1,-1,-1,-1,27,17,-1,-1,-1,-1,-1,-1,-1,-1,-1,-1,-1,-1,-1,
-1,-1,-1,-1,-1,33,-1,-1,24,-1,-1,-1,-1,-1,-1,-1,-1,-1,-1,-1,
-1,-1,-1,-1,-1,37,19,28,35,65,-1,-1,49,-1,-1,-1,96,-1,-1,-1,
-1,-1,-1,-1,-1,43,45,-1,-1,-1,-1,-1,-1,-1,-1,-1,-1,-1,-1,-1,
-1,-1,-1,-1,-1,48,-1,243,381,-1,-1,-1,-1,-1,-1,-1,-1,-1,-1,-1,
-1,-1,-1,-1,-1,49,-1,-1,-1,-1,-1,-1,-1,-1,-1,-1,-1,-1,-1,190,
-1,-1,-1,-1,-1,55,-1,180,195,236,133,-1,-1,-1,-1,-1,-1,-1,-1,-1,
-1,-1,-1,-1,-1,62,52,-1,-1,-1,-1,-1,-1,-1,-1,-1,-1,-1,-1,-1,
-1,-1,-1,-1,-1,65,-1,-1,-1,-1,148,-1,-1,-1,-1,-1,-1,-1,-1,-1,
-1,-1,-1,-1,-1,71,166,-1,-1,-1,-1,-1,-1,-1,-1,-1,-1,-1,-1,-1,
-1,-1,-1,-1,-1,73,275,-1,-1,-1,-1,-1,-1,-1,-1,-1,-1,-1,-1,-1,
-1,-1,-1,-1,-1,76,-1,-1,146,-1,-1,-1,-1,-1,-1,-1,-1,-1,-1,-1,
-1,-1,-1,-1,-1,83,-1,-1,-1,-1,-1,-1,-1,-1,-1,-1,-1,-1,28,97,
-1,-1,-1,-1,-1,88,74,-1,-1,-1,-1,-1,-1,-1,-1,-1,-1,-1,-1,-1,
-1,-1,-1,-1,-1,90,98,-1,-1,-1,-1,-1,-1,-1,-1,-1,-1,119,-1,-1,
-1,-1,-1,-1,-1,91,-1,199,-1,-1,-1,-1,-1,-1,-1,-1,-1,-1,-1,-1,
-1,-1,-1,-1,-1,102,37,15,17,-1,-1,-1,-1,-1,-1,-1,-1,-1,-1,-1,
-1,-1,-1,-1,-1,112,154,87,178,443,-1,-1,-1,-1,-1,-1,-1,-1,-1,-1,
-1,-1,-1,-1,-1,113,345,-1,-1,-1,-1,-1,-1,-1,-1,-1,-1,-1,-1,-1,
-1,-1,-1,-1,-1,114,131,-1,-1,-1,-1,-1,-1,-1,-1,-1,-1,-1,-1,-1,
-1,-1,-1,-1,-1,122,184,-1,-1,-1,-1,-1,-1,-1,-1,-1,-1,-1,-1,-1,
-1,-1,-1,-1,-1,129,123,-1,-1,-1,-1,-1,-1,-1,-1,-1,-1,-1,-1,-1,
-1,-1,-1,-1,-1,130,267,-1,181,-1,158,-1,-1,-1,-1,-1,-1,-1,-1,-1,
-1,-1,-1,-1,-1,136,-1,-1,-1,-1,-1,-1,-1,-1,-1,-1,-1,-1,-1,321,
-1,-1,-1,-1,-1,143,143,-1,-1,-1,-1,-1,-1,-1,-1,-1,-1,-1,-1,-1,
-1,-1,-1,-1,-1,149,-1,281,-1,-1,-1,-1,-1,-1,-1,-1,-1,-1,-1,-1,
-1,-1,-1,-1,-1,152,-1,-1,-1,-1,281,45,163,44,112,103,219,102,-1,-1,
-1,-1,-1,-1,-1,159,359,-1,-1,-1,-1,-1,-1,-1,-1,524,-1,153,-1,-1,
-1,-1,-1,-1,-1,167,146,-1,-1,-1,-1,-1,-1,-1,-1,-1,-1,-1,-1,-1,
-1,-1,-1,-1,-1,170,-1,-1,-1,348,397,-1,-1,-1,-1,-1,-1,-1,-1,-1,
-1,-1,-1,-1,-1,-1,151,-1,-1,267,330,299,-1,129,138,-1,-1,-1,-1,-1,
-1,-1,-1,-1,-1,197,83,-1,-1,-1,-1,-1,-1,-1,-1,-1,-1,258,-1,-1,
-1,-1,-1,-1,-1,211,324,-1,-1,-1,-1,-1,-1,-1,-1,-1,-1,-1,-1,-1,
-1,-1,-1,-1,-1,212,-1,57,49,-1,-1,33,-1,60,-1,52,43,-1,-1,-1,
-1,-1,-1,-1,-1,214,105,-1,-1,-1,-1,-1,-1,-1,-1,-1,-1,-1,-1,-1,
-1,-1,-1,-1,-1,222,249,-1,-1,-1,-1,214,-1,-1,-1,-1,-1,-1,-1,-1,
-1,-1,-1,-1,-1,232,-1,-1,-1,-1,308,-1,-1,230,-1,-1,-1,-1,-1,-1,
-1,-1,-1,-1,-1,235,-1,-1,-1,-1,-1,-1,-1,235,717,-1,-1,-1,-1,-1,
-1,-1,-1,-1,-1,237,-1,-1,-1,398,-1,-1,-1,-1,-1,-1,-1,-1,-1,-1,
-1,-1,-1,-1,-1,246,309,-1,-1,-1,-1,-1,-1,-1,-1,-1,-1,-1,-1,-1,
-1,-1,-1,-1,-1,248,-1,-1,-1,-1,-1,-1,-1,-1,-1,383,421,-1,-1,-1,
-1,-1,-1,-1,-1,249,486,-1,-1,-1,-1,-1,-1,-1,-1,-1,-1,-1,-1,-1,
-1,-1,-1,-1,-1,250,-1,-1,-1,-1,-1,-1,-1,354,-1,382,-1,-1,-1,-1,
-1,-1,-1,-1,-1,252,214,95,86,322,-1,-1,-1,-1,-1,-1,-1,-1,-1,-1,
-1,-1,-1,-1,-1,253,53,-1,-1,-1,-1,-1,-1,150,-1,-1,-1,-1,-1,-1,
-1,-1,-1,-1,-1,256,231,240,-1,135,256,195,448,590,444,270,405,486,-1,-1,
-1,-1,-1,-1,-1,259,-1,-1,534,-1,-1,-1,-1,-1,-1,308,-1,-1,-1,-1,
-1,-1,-1,-1,-1,264,297,-1,-1,-1,624,-1,512,-1,66,111,-1,-1,-1,-1,
-1,-1,-1,-1,-1,272,404,-1,-1,-1,-1,-1,-1,-1,-1,-1,-1,-1,-1,-1,
-1,-1,-1,-1,-1,275,-1,-1,-1,-1,540,-1,-1,-1,-1,-1,-1,-1,-1,-1,
-1,-1,-1,-1,-1,279,-1,-1,-1,-1,-1,318,-1,613,-1,-1,-1,-1,-1,-1,
-1,-1,-1,-1,-1,285,372,-1,-1,-1,-1,-1,-1,-1,-1,-1,-1,-1,-1,-1,
-1,-1,-1,-1,-1,286,-1,-1,-1,-1,-1,-1,805,-1,-1,-1,-1,-1,-1,-1,
-1,-1,-1,-1,-1,287,-1,-1,493,-1,-1,-1,-1,-1,-1,-1,121,289,400,-1,
-1,-1,-1,-1,-1,289,346,-1,-1,-1,-1,-1,-1,-1,-1,-1,-1,-1,-1,-1,
-1,-1,-1,-1,-1,296,-1,-1,-1,-1,-1,-1,-1,-1,-1,-1,-1,-1,418,715,
-1,-1,-1,-1,-1,299,-1,-1,-1,585,-1,-1,-1,-1,-1,-1,-1,-1,-1,-1,
-1,-1,-1,-1,-1,302,-1,-1,-1,-1,141,-1,771,-1,124,-1,-1,-1,-1,-1,
-1,-1,-1,-1,-1,306,466,-1,-1,-1,-1,491,-1,-1,-1,-1,-1,-1,-1,-1,
-1,-1,-1,-1,-1,307,-1,-1,-1,-1,-1,-1,-1,-1,-1,-1,799,-1,-1,-1,
-1,-1,-1,-1,-1,312,-1,-1,-1,-1,-1,474,-1,-1,-1,-1,-1,-1,-1,-1,
-1,-1,-1,-1,-1,316,-1,-1,-1,-1,-1,96,211,-1,-1,-1,-1,-1,-1,-1,
-1,-1,-1,-1,-1,323,453,-1,-1,-1,-1,-1,-1,-1,-1,-1,-1,-1,-1,-1,
-1,-1,-1,-1,-1,324,556,1108,735,-1,971,-1,-1,-1,-1,-1,-1,-1,-1,-1,
-1,-1,-1,-1,-1,333,310,-1,-1,-1,-1,-1,-1,-1,-1,-1,-1,-1,-1,-1,
-1,-1,-1,-1,-1,337,-1,231,223,-1,-1,-1,-1,-1,-1,-1,-1,-1,-1,-1,
-1,-1,-1,-1,-1,338,187,-1,-1,-1,-1,-1,-1,-1,-1,-1,-1,-1,-1,-1,
-1,-1,-1,-1,-1,341,-1,-1,-1,-1,-1,-1,-1,495,-1,1074,-1,327,531,-1,
-1,-1,-1,-1,-1,343,127,-1,-1,-1,-1,-1,-1,-1,-1,-1,-1,-1,-1,-1,
-1,-1,-1,-1,-1,346,-1,-1,-1,-1,83,-1,-1,-1,-1,-1,-1,-1,-1,-1,
-1,-1,-1,-1,-1,349,-1,-1,-1,-1,-1,-1,-1,-1,-1,679,-1,-1,-1,-1,
-1,-1,-1,-1,-1,356,375,-1,-1,-1,-1,-1,-1,-1,-1,-1,-1,-1,-1,-1,
-1,-1,-1,-1,-1,361,198,-1,-1,652,-1,-1,-1,-1,-1,-1,-1,-1,-1,-1,
-1,-1,-1,-1,-1,364,-1,-1,239,-1,-1,-1,-1,-1,-1,-1,-1,-1,-1,-1,
-1,-1,-1,-1,-1,372,-1,-1,-1,-1,171,-1,-1,199,-1,-1,-1,-1,-1,-1,
-1,-1,-1,-1,-1,374,-1,531,-1,-1,-1,-1,-1,-1,-1,-1,-1,-1,-1,-1,
-1,-1,-1,-1,-1,376,511,328,342,729,-1,189,91,262,225,93,91,200,151,126,
-1,-1,-1,-1,-1,377,326,-1,-1,-1,-1,-1,-1,-1,-1,-1,-1,-1,-1,-1,
-1,-1,-1,-1,-1,382,237,-1,-1,-1,-1,-1,-1,-1,-1,-1,-1,-1,-1,-1,
-1,-1,-1,-1,-1,386,410,-1,-1,-1,-1,-1,-1,-1,-1,-1,-1,-1,-1,-1,
-1,-1,-1,-1,-1,391,-1,397,-1,351,-1,-1,184,-1,-1,-1,-1,-1,-1,-1,
-1,-1,-1,-1,-1,394,589,-1,-1,-1,-1,-1,-1,-1,-1,-1,-1,-1,-1,-1,
-1,-1,-1,-1,-1,397,-1,-1,-1,-1,-1,-1,-1,-1,363,-1,-1,-1,-1,-1,
-1,-1,-1,-1,-1,402,1193,1414,-1,-1,-1,-1,-1,-1,-1,-1,580,1155,-1,-1,
-1,-1,-1,-1,-1,404,244,-1,848,557,-1,-1,-1,-1,-1,-1,-1,-1,-1,-1,
-1,-1,-1,-1,-1,407,-1,-1,-1,-1,-1,-1,-1,-1,-1,932,-1,-1,-1,-1,
-1,-1,-1,-1,-1,408,-1,-1,-1,-1,-1,224,310,-1,-1,-1,-1,-1,-1,204,
-1,-1,-1,-1,-1,416,400,-1,-1,-1,-1,712,-1,-1,-1,-1,-1,-1,-1,-1,
-1,-1,-1,-1,-1,423,118,294,-1,-1,670,358,510,135,398,148,-1,244,-1,-1,
-1,-1,-1,-1,-1,432,666,-1,-1,-1,-1,-1,-1,-1,-1,-1,-1,-1,-1,-1,
-1,-1,-1,-1,-1,437,655,-1,-1,-1,-1,-1,-1,-1,-1,-1,-1,-1,-1,-1,
-1,-1,-1,-1,-1,443,193,-1,-1,-1,-1,386,314,-1,-1,-1,-1,-1,-1,-1,
-1,-1,-1,-1,-1,457,-1,416,955,604,-1,-1,-1,-1,-1,-1,-1,-1,-1,-1,
-1,-1,-1,-1,-1,460,-1,-1,-1,-1,-1,-1,972,746,-1,-1,1323,-1,-1,-1,
-1,-1,-1,-1,-1,462,-1,-1,-1,-1,-1,-1,204,-1,-1,-1,-1,-1,-1,-1,
-1,-1,-1,-1,-1,463,107,-1,682,-1,-1,-1,-1,-1,-1,-1,-1,-1,-1,-1,
-1,-1,-1,-1,-1,464,-1,843,-1,-1,-1,-1,-1,-1,-1,-1,-1,-1,-1,-1,
-1,-1,-1,-1,-1,474,-1,-1,-1,-1,-1,-1,-1,-1,-1,-1,-1,-1,213,535,
-1,-1,-1,-1,-1,475,418,-1,-1,-1,-1,-1,-1,-1,-1,-1,-1,-1,-1,-1,
-1,-1,-1,-1,-1,478,228,-1,-1,-1,-1,-1,-1,-1,-1,-1,-1,-1,-1,-1,
-1,-1,-1,-1,-1,480,-1,-1,-1,-1,-1,-1,-1,178,-1,701,-1,-1,-1,-1,
-1,-1,-1,-1,-1,483,156,-1,-1,-1,-1,-1,-1,-1,-1,-1,-1,-1,-1,-1,
-1,-1,-1,-1,-1,486,-1,-1,-1,-1,-1,-1,-1,-1,192,-1,-1,-1,-1,-1,
-1,-1,-1,-1,-1,489,567,-1,-1,-1,-1,-1,-1,-1,-1,-1,-1,-1,-1,-1,
-1,-1,-1,-1,-1,499,880,944,1294,-1,-1,-1,-1,-1,-1,-1,-1,-1,-1,-1,
-1,-1,-1,-1,-1,504,514,-1,-1,-1,-1,-1,-1,-1,-1,-1,-1,-1,-1,-1,
-1,-1,-1,-1,-1,510,-1,-1,-1,318,-1,-1,-1,-1,-1,-1,-1,-1,-1,-1,
-1,-1,-1,-1,-1,511,106,147,-1,-1,-1,-1,-1,-1,-1,-1,-1,-1,-1,-1,
-1,-1,-1,-1,-1,512,-1,-1,460,-1,-1,-1,-1,-1,-1,-1,-1,-1,-1,-1,
-1,-1,-1,-1,-1,516,-1,-1,-1,-1,-1,-1,-1,339,130,-1,-1,-1,-1,-1,
-1,-1,-1,-1,-1,518,710,-1,-1,-1,-1,-1,-1,-1,-1,-1,-1,-1,-1,-1,
-1,-1,-1,-1,-1,519,832,-1,-1,-1,-1,-1,-1,-1,-1,-1,-1,-1,-1,-1,
-1,-1,-1,-1,-1,520,203,341,-1,-1,-1,-1,-1,-1,-1,-1,-1,-1,-1,-1,
-1,-1,-1,-1,-1,521,937,462,-1,-1,-1,-1,-1,-1,-1,-1,-1,-1,-1,-1,
-1,-1,-1,-1,-1,523,706,-1,-1,-1,-1,-1,-1,-1,-1,-1,-1,-1,-1,-1,
-1,-1,-1,-1,-1,-1,-1,2094,1845,1061,1073,2186,1914,-1,-1,-1,-1,-1,-1,-1,
922,-1,-1,-1,-1,533,704,-1,-1,-1,-1,-1,-1,-1,-1,-1,-1,-1,-1,-1,
-1,-1,-1,-1,-1,537,460,-1,193,-1,-1,-1,-1,-1,-1,-1,-1,647,-1,-1,
-1,-1,-1,-1,-1,546,-1,-1,-1,-1,-1,-1,-1,-1,-1,-1,-1,-1,-1,799,
-1,-1,-1,-1,-1,551,-1,-1,139,-1,-1,-1,-1,-1,562,-1,-1,-1,-1,-1,
-1,-1,-1,-1,-1,554,690,380,-1,-1,-1,-1,-1,-1,-1,-1,-1,-1,-1,-1,
-1,-1,-1,-1,-1,556,-1,-1,-1,-1,-1,-1,210,-1,-1,224,-1,-1,-1,-1,
-1,-1,-1,-1,-1,562,-1,-1,-1,298,-1,139,540,285,-1,-1,-1,-1,-1,-1,
-1,-1,-1,-1,-1,567,179,188,-1,-1,-1,-1,-1,-1,-1,-1,-1,-1,-1,-1,
-1,-1,-1,-1,-1,570,169,310,-1,-1,-1,-1,-1,-1,-1,-1,-1,-1,-1,-1,
-1,-1,-1,-1,-1,572,-1,-1,-1,-1,-1,-1,-1,-1,-1,-1,294,-1,709,-1,
-1,-1,-1,-1,-1,573,318,-1,-1,-1,-1,-1,-1,-1,-1,-1,-1,-1,-1,-1,
-1,-1,-1,-1,-1,578,-1,974,-1,-1,-1,-1,-1,-1,-1,-1,-1,-1,-1,-1,
-1,-1,-1,-1,-1,582,-1,-1,570,-1,-1,-1,-1,-1,-1,-1,-1,653,685,-1,
-1,-1,-1,-1,-1,584,-1,-1,-1,-1,-1,-1,-1,-1,-1,974,-1,-1,-1,-1,
-1,-1,-1,-1,-1,588,-1,-1,-1,-1,-1,-1,-1,-1,-1,-1,-1,-1,-1,303,
-1,-1,-1,-1,-1,590,-1,786,-1,-1,-1,-1,-1,-1,-1,-1,-1,-1,-1,-1,
-1,-1,-1,-1,-1,597,1021,-1,-1,-1,-1,182,-1,-1,-1,-1,-1,-1,-1,-1,
-1,-1,-1,-1,-1,602,521,-1,-1,-1,-1,-1,-1,-1,-1,-1,-1,-1,-1,-1,
-1,-1,-1,-1,-1,605,-1,-1,1048,-1,-1,-1,-1,-1,-1,-1,-1,-1,-1,-1,
-1,-1,-1,-1,-1,608,547,-1,-1,-1,-1,-1,-1,-1,-1,-1,-1,-1,-1,-1,
-1,-1,-1,-1,-1,615,305,-1,-1,-1,-1,-1,-1,-1,-1,-1,-1,-1,-1,-1,
-1,-1,-1,-1,-1,617,443,839,-1,-1,1325,-1,-1,-1,-1,-1,-1,-1,-1,-1,
-1,-1,-1,-1,-1,632,1137,-1,-1,-1,-1,-1,-1,-1,-1,-1,-1,-1,-1,-1,
-1,-1,-1,-1,-1,642,-1,-1,666,-1,-1,-1,-1,-1,-1,-1,-1,-1,-1,-1,
-1,-1,-1,-1,-1,646,-1,-1,-1,-1,-1,-1,960,622,-1,-1,-1,-1,833,-1,
-1,-1,-1,-1,-1,660,580,-1,-1,-1,-1,-1,-1,-1,-1,-1,-1,-1,-1,-1,
-1,-1,-1,-1,-1,661,298,-1,-1,109,119,-1,-1,-1,499,-1,-1,-1,-1,-1,
-1,-1,-1,-1,-1,663,218,-1,-1,-1,-1,-1,-1,-1,-1,-1,-1,-1,-1,-1,
-1,-1,-1,-1,-1,671,1155,-1,-1,-1,-1,-1,-1,-1,-1,-1,-1,-1,-1,-1,
-1,-1,-1,-1,-1,683,548,972,244,-1,-1,-1,-1,-1,-1,-1,-1,-1,-1,-1,
-1,-1,-1,-1,-1,691,-1,-1,-1,-1,-1,-1,-1,-1,-1,206,-1,-1,-1,-1,
-1,-1,-1,-1,-1,693,1119,-1,-1,-1,-1,-1,-1,-1,-1,-1,-1,-1,-1,-1,
-1,-1,-1,-1,-1,703,502,-1,1163,-1,-1,-1,-1,-1,-1,-1,-1,-1,-1,-1,
-1,-1,-1,-1,-1,711,1032,970,-1,-1,-1,-1,-1,-1,-1,-1,-1,-1,-1,-1,
-1,-1,-1,-1,-1,715,413,-1,-1,-1,-1,-1,-1,-1,-1,-1,-1,-1,-1,-1,
-1,-1,-1,-1,-1,717,-1,346,-1,-1,-1,-1,-1,-1,-1,283,358,-1,647,819,
-1,-1,-1,-1,-1,718,254,-1,-1,-1,-1,-1,-1,-1,-1,-1,-1,-1,-1,-1,
-1,-1,-1,-1,-1,721,-1,-1,840,516,-1,-1,702,804,-1,-1,-1,-1,-1,-1,
-1,-1,-1,-1,-1,723,-1,-1,1007,1817,1912,-1,-1,-1,-1,-1,-1,-1,-1,-1,
-1,-1,-1,-1,-1,726,671,-1,855,-1,-1,450,597,446,-1,-1,-1,-1,-1,-1,
-1,-1,-1,-1,-1,727,-1,-1,-1,-1,-1,-1,-1,-1,-1,-1,369,318,-1,-1,
-1,-1,-1,-1,-1,729,1195,1822,-1,-1,-1,-1,-1,-1,-1,-1,-1,-1,-1,-1,
-1,-1,-1,-1,-1,735,293,-1,343,-1,-1,-1,-1,-1,-1,-1,-1,-1,-1,-1,
-1,-1,-1,-1,-1,740,979,1447,-1,-1,-1,-1,-1,-1,-1,-1,-1,-1,-1,-1,
-1,-1,-1,-1,-1,745,-1,-1,1813,-1,1528,-1,-1,-1,861,1163,-1,-1,-1,-1,
-1,-1,-1,-1,-1,746,-1,565,617,-1,-1,-1,-1,-1,-1,652,954,492,-1,372,
-1,-1,-1,-1,-1,748,1724,-1,-1,1225,-1,-1,-1,-1,-1,-1,-1,-1,2251,-1,
-1,-1,-1,-1,-1,755,-1,-1,-1,566,-1,-1,-1,-1,-1,-1,-1,-1,-1,-1,
-1,-1,-1,-1,-1,761,-1,1171,-1,-1,-1,-1,-1,-1,-1,-1,-1,-1,-1,-1,
-1,-1,-1,-1,-1,774,397,-1,-1,-1,-1,-1,-1,-1,-1,-1,-1,-1,-1,-1,
-1,-1,-1,-1,-1,793,-1,-1,-1,-1,-1,-1,-1,1001,-1,-1,-1,-1,-1,-1,
-1,-1,-1,-1,-1,794,-1,-1,-1,-1,-1,-1,-1,-1,-1,-1,565,603,1550,824,
-1,-1,-1,-1,-1,801,-1,-1,-1,-1,-1,-1,-1,-1,1205,-1,-1,-1,-1,-1,
-1,-1,-1,-1,-1,803,-1,-1,-1,-1,-1,-1,701,-1,-1,-1,-1,-1,-1,-1,
-1,-1,-1,-1,-1,831,-1,-1,-1,-1,-1,-1,-1,-1,1823,-1,-1,-1,-1,-1,
-1,-1,-1,-1,-1,834,-1,-1,-1,-1,-1,-1,-1,-1,-1,-1,1755,521,1019,2080,
-1,-1,-1,-1,-1,835,-1,-1,544,-1,-1,-1,-1,-1,585,-1,-1,-1,-1,-1,
-1,-1,-1,-1,-1,837,-1,-1,-1,-1,-1,-1,837,-1,-1,935,-1,-1,-1,-1,
-1,-1,-1,-1,-1,838,331,-1,-1,-1,-1,-1,-1,-1,-1,-1,-1,-1,-1,-1,
-1,-1,-1,-1,-1,839,-1,-1,-1,-1,-1,839,-1,452,-1,-1,-1,-1,-1,-1,
-1,-1,-1,-1,-1,841,471,412,-1,-1,-1,-1,-1,-1,-1,-1,-1,-1,-1,406,
-1,-1,-1,-1,-1,845,1731,-1,1668,1114,-1,-1,-1,-1,-1,-1,-1,-1,-1,-1,
-1,-1,-1,-1,-1,846,-1,-1,-1,-1,-1,-1,-1,614,630,-1,-1,-1,-1,-1,
-1,-1,-1,-1,-1,851,371,1652,879,-1,-1,-1,-1,-1,-1,-1,-1,-1,-1,-1,
-1,-1,-1,-1,-1,852,1066,-1,-1,-1,-1,-1,-1,-1,-1,1872,1682,-1,-1,-1,
-1,-1,-1,-1,-1,853,-1,382,587,412,-1,-1,-1,-1,351,275,764,443,1331,990,
-1,-1,-1,-1,-1,870,-1,1288,-1,-1,1375,-1,-1,-1,-1,-1,-1,-1,-1,-1,
-1,-1,-1,-1,-1,872,-1,422,-1,-1,-1,-1,-1,-1,-1,-1,-1,-1,-1,-1,
-1,-1,-1,-1,-1,875,-1,-1,-1,-1,-1,1936,-1,-1,1678,1698,-1,-1,-1,-1,
-1,-1,-1,-1,-1,876,-1,953,537,-1,-1,1519,-1,-1,951,851,795,-1,-1,-1,
-1,-1,-1,-1,-1,877,-1,1450,516,739,-1,1057,-1,-1,-1,-1,1586,964,-1,-1,
-1,-1,-1,-1,-1,878,1500,-1,1269,-1,-1,-1,-1,-1,-1,-1,-1,-1,-1,-1,
-1,-1,-1,-1,-1,884,943,1268,-1,-1,-1,-1,-1,-1,-1,-1,-1,-1,-1,-1,
-1,-1,-1,-1,-1,891,557,-1,-1,-1,-1,-1,-1,-1,-1,-1,-1,-1,-1,-1,
-1,-1,-1,-1,-1,892,594,-1,-1,-1,-1,-1,-1,-1,-1,-1,-1,-1,-1,-1,
-1,-1,-1,-1,-1,896,-1,-1,-1,-1,-1,-1,1020,1194,859,389,649,-1,-1,1112,
-1,-1,-1,-1,-1,899,643,762,-1,-1,-1,-1,-1,-1,-1,-1,-1,-1,-1,-1,
-1,-1,-1,-1,-1,901,-1,-1,645,-1,-1,-1,-1,-1,-1,1100,761,455,-1,-1,
-1,-1,-1,-1,-1,903,1111,-1,-1,-1,-1,-1,-1,-1,-1,-1,-1,-1,-1,-1,
-1,-1,-1,-1,-1,904,-1,-1,-1,-1,-1,-1,-1,-1,-1,-1,1233,-1,-1,1521,
-1,-1,-1,-1,-1,908,-1,-1,-1,-1,-1,-1,-1,1474,-1,-1,1108,-1,-1,-1,
-1,-1,-1,-1,-1,913,-1,-1,-1,-1,-1,-1,-1,-1,-1,-1,-1,-1,313,-1,
-1,-1,-1,-1,-1,921,379,-1,-1,-1,-1,-1,-1,-1,-1,-1,-1,-1,1682,-1,
-1,-1,-1,-1,-1,924,1252,2467,2274,1391,1756,-1,-1,-1,-1,-1,-1,-1,-1,-1,
-1,-1,-1,-1,-1,927,858,-1,-1,-1,-1,-1,-1,-1,-1,-1,-1,-1,-1,-1,
-1,-1,-1,-1,-1,937,-1,-1,-1,-1,-1,-1,683,-1,-1,-1,-1,-1,-1,-1,
-1,-1,-1,-1,-1,941,-1,-1,-1,-1,-1,-1,-1,-1,-1,-1,-1,1202,-1,-1,
-1,-1,-1,-1,-1,944,1478,-1,-1,-1,-1,-1,-1,-1,-1,-1,-1,-1,-1,-1,
-1,-1,-1,-1,-1,950,-1,-1,-1,-1,-1,-1,-1,2005,-1,-1,-1,-1,-1,-1,
-1,-1,-1,-1,-1,958,1197,-1,-1,-1,-1,-1,-1,-1,-1,-1,-1,-1,-1,-1,
-1,-1,-1,-1,-1,960,1073,-1,-1,-1,-1,-1,-1,-1,-1,-1,-1,-1,-1,-1,
-1,-1,-1,-1,-1,967,1131,-1,-1,-1,-1,-1,-1,-1,-1,-1,-1,-1,-1,-1,
-1,-1,-1,-1,-1,977,1513,-1,-1,-1,-1,-1,500,-1,-1,-1,-1,-1,-1,-1,
-1,-1,-1,-1,-1,981,976,1345,-1,-1,-1,-1,1550,-1,-1,-1,-1,-1,-1,-1,
-1,-1,-1,-1,-1,982,-1,726,-1,-1,-1,-1,-1,-1,-1,-1,-1,-1,-1,-1,
-1,-1,-1,-1,-1,983,736,-1,-1,-1,733,1166,-1,-1,-1,-1,-1,-1,-1,-1,
-1,-1,-1,-1,-1,984,1376,1610,538,-1,-1,-1,-1,-1,-1,-1,-1,-1,-1,-1,
-1,-1,-1,-1,-1,986,1640,701,-1,-1,-1,673,-1,-1,-1,-1,-1,-1,637,-1,
-1,-1,-1,-1,-1,989,-1,-1,-1,-1,-1,1531,-1,-1,-1,-1,-1,-1,-1,-1,
-1,-1,-1,-1,-1,996,670,-1,-1,-1,-1,-1,-1,-1,-1,-1,-1,-1,-1,-1,
-1,-1,-1,-1,-1,997,-1,733,1173,-1,-1,-1,470,-1,-1,-1,-1,-1,-1,-1,
-1,-1,-1,-1,-1,998,-1,790,-1,1038,-1,-1,-1,-1,-1,658,-1,447,-1,-1,
-1,-1,-1,-1,-1,1002,1505,-1,-1,-1,-1,-1,-1,-1,-1,-1,-1,-1,-1,-1,
-1,-1,-1,-1,-1,1003,-1,-1,-1,-1,-1,2002,-1,-1,-1,-1,-1,-1,-1,-1,
-1,-1,-1,-1,-1,1005,-1,-1,-1,-1,-1,-1,-1,-1,-1,1058,-1,-1,-1,-1,
-1,-1,-1,-1,-1,1011,956,-1,-1,-1,-1,-1,-1,-1,-1,-1,-1,-1,-1,-1,
-1,-1,-1,-1,-1,1013,716,-1,-1,-1,-1,-1,-1,-1,-1,-1,-1,-1,-1,-1,
-1,-1,-1,-1,-1,1023,-1,898,-1,-1,-1,-1,-1,-1,-1,-1,-1,-1,-1,-1,
-1,-1,-1,-1,-1,1025,-1,-1,986,-1,-1,-1,2135,-1,2201,-1,-1,-1,-1,-1,
-1,-1,-1,-1,-1,1030,-1,-1,-1,-1,-1,-1,-1,-1,-1,-1,-1,-1,-1,2030,
-1,-1,-1,-1,-1,1041,-1,-1,-1,-1,-1,-1,-1,-1,-1,-1,-1,702,-1,-1,
-1,-1,-1,-1,-1,1046,-1,-1,-1,1325,-1,2185,-1,747,-1,-1,-1,-1,-1,-1,
-1,-1,-1,-1,-1,1047,-1,-1,-1,-1,-1,-1,-1,-1,-1,-1,1639,-1,-1,-1,
-1,-1,-1,-1,-1,1049,-1,2051,-1,-1,-1,-1,1292,-1,-1,857,-1,-1,-1,-1,
-1,-1,-1,-1,-1,1053,759,-1,-1,1989,-1,-1,-1,-1,-1,-1,-1,-1,-1,-1,
-1,-1,-1,-1,-1,1057,-1,-1,-1,-1,-1,-1,-1,-1,-1,-1,-1,2184,-1,-1,
-1,-1,-1,-1,-1,1068,-1,-1,-1,-1,-1,-1,842,-1,703,-1,-1,-1,-1,-1,
-1,-1,-1,-1,-1,1070,1428,1358,-1,-1,-1,-1,-1,-1,-1,-1,-1,-1,-1,-1,
-1,-1,-1,-1,-1,1076,942,-1,-1,-1,-1,2111,2671,-1,-1,-1,-1,-1,-1,2352,
-1,-1,-1,-1,-1,1079,529,-1,-1,-1,-1,-1,-1,-1,-1,-1,-1,-1,-1,-1,
-1,-1,-1,-1,-1,1081,-1,-1,-1,-1,-1,-1,590,1250,1468,-1,-1,-1,-1,2257,
-1,2133,-1,-1,-1,1086,898,-1,-1,-1,-1,-1,-1,-1,-1,-1,-1,-1,-1,-1,
-1,-1,-1,-1,-1,1089,-1,-1,-1,-1,-1,-1,-1,-1,-1,-1,562,-1,-1,-1,
-1,-1,-1,-1,-1,1091,-1,-1,-1,-1,-1,-1,-1,-1,-1,870,-1,-1,1297,-1,
-1,-1,-1,-1,-1,1092,1871,-1,1234,-1,-1,-1,-1,-1,-1,-1,841,-1,-1,1630,
-1,-1,-1,-1,-1,1094,783,502,696,1647,-1,431,-1,-1,-1,-1,-1,-1,-1,-1,
-1,-1,-1,-1,-1,1096,1192,-1,-1,-1,-1,-1,-1,-1,-1,-1,-1,-1,-1,-1,
-1,-1,-1,-1,-1,-1,-1,-1,1191,633,688,1863,-1,-1,-1,-1,-1,-1,-1,-1,
-1,-1,-1,-1,-1,1117,-1,-1,-1,-1,-1,-1,-1,-1,-1,-1,-1,970,824,-1,
-1,-1,-1,-1,-1,1119,-1,-1,1389,-1,1031,-1,-1,-1,-1,-1,-1,-1,-1,-1,
-1,-1,-1,-1,-1,1123,-1,-1,-1,-1,-1,-1,-1,-1,-1,-1,1896,-1,-1,-1,
-1,-1,-1,-1,-1,1126,1841,-1,-1,-1,-1,-1,-1,-1,-1,-1,-1,-1,-1,-1,
-1,-1,-1,-1,-1,1132,-1,-1,-1,-1,-1,-1,-1,-1,-1,-1,-1,954,-1,-1,
-1,-1,-1,-1,-1,1135,1176,2033,-1,-1,-1,-1,-1,-1,-1,-1,-1,1048,-1,-1,
-1,-1,-1,-1,-1,1147,-1,1841,-1,-1,-1,641,-1,-1,-1,-1,-1,-1,-1,-1,
-1,-1,-1,-1,-1,1148,1677,-1,-1,-1,-1,-1,-1,-1,-1,-1,2543,-1,-1,-1,
-1,-1,-1,-1,-1,1150,-1,-1,-1,-1,-1,-1,-1,-1,-1,1729,-1,-1,-1,-1,
-1,-1,-1,-1,-1,1155,2012,-1,-1,-1,1176,-1,-1,1010,1151,-1,-1,-1,666,-1,
-1,-1,-1,-1,-1,1156,566,459,-1,-1,550,670,668,-1,-1,-1,-1,-1,-1,-1,
-1,-1,-1,-1,-1,1159,-1,-1,-1,1367,1021,2303,-1,-1,-1,-1,-1,-1,-1,-1,
-1,-1,-1,-1,-1,1163,697,1443,-1,-1,-1,-1,-1,-1,-1,-1,-1,-1,-1,-1,
-1,-1,-1,-1,-1,1169,-1,-1,-1,433,-1,656,-1,1600,-1,-1,-1,-1,579,-1,
-1,-1,-1,-1,-1,1177,1130,-1,-1,-1,-1,-1,-1,-1,-1,-1,-1,-1,-1,-1,
-1,-1,-1,-1,-1,1182,686,-1,-1,-1,947,-1,415,-1,-1,-1,-1,-1,-1,-1,
-1,-1,-1,-1,-1,1183,-1,-1,-1,-1,-1,-1,-1,-1,-1,1433,-1,-1,-1,-1,
-1,-1,-1,-1,-1,1185,-1,-1,-1,-1,1873,-1,-1,-1,-1,-1,-1,-1,-1,-1,
-1,-1,-1,-1,-1,1201,-1,-1,-1,-1,-1,787,1809,-1,-1,1559,-1,-1,1640,-1,
-1,-1,-1,-1,-1,1204,563,-1,337,-1,-1,-1,-1,-1,-1,-1,-1,-1,-1,-1,
-1,-1,-1,-1,-1,1205,-1,-1,-1,-1,2420,-1,-1,-1,-1,-1,-1,-1,-1,-1,
-1,-1,-1,-1,-1,1219,1164,-1,-1,-1,-1,-1,-1,-1,-1,-1,-1,-1,-1,-1,
-1,-1,-1,-1,-1,1221,-1,-1,-1,-1,-1,1267,-1,-1,-1,-1,798,-1,-1,-1,
-1,-1,-1,-1,-1,1230,-1,-1,-1,-1,-1,-1,-1,-1,-1,-1,1678,-1,-1,-1,
-1,-1,-1,-1,-1,1236,2348,-1,-1,-1,-1,-1,-1,-1,-1,-1,-1,-1,-1,-1,
-1,-1,-1,-1,-1,1242,-1,-1,-1,1440,-1,-1,-1,-1,-1,-1,-1,-1,-1,-1,
-1,-1,-1,-1,-1,1247,-1,-1,-1,-1,-1,-1,-1,-1,-1,315,613,442,-1,-1,
-1,-1,-1,-1,-1,1256,1882,-1,-1,-1,507,1786,-1,-1,-1,-1,-1,-1,-1,-1,
-1,-1,-1,-1,-1,1260,-1,-1,-1,1659,-1,-1,-1,-1,-1,1681,-1,-1,-1,-1,
-1,-1,-1,-1,-1,1261,-1,2516,-1,-1,2268,-1,-1,-1,-1,-1,-1,-1,-1,-1,
-1,-1,-1,-1,-1,1264,-1,-1,-1,-1,-1,1663,1643,-1,-1,-1,-1,-1,-1,-1,
-1,-1,-1,-1,-1,1267,-1,941,-1,-1,-1,-1,-1,-1,377,-1,-1,-1,-1,-1,
-1,-1,-1,-1,-1,1272,2558,-1,-1,-1,-1,-1,-1,-1,-1,-1,-1,-1,1536,-1,
-1,-1,-1,-1,-1,1277,-1,-1,-1,-1,-1,-1,-1,-1,-1,-1,1968,-1,-1,-1,
-1,-1,-1,-1,-1,1279,-1,-1,-1,-1,-1,-1,-1,-1,-1,-1,-1,-1,1896,-1,
-1,-1,-1,-1,-1,1280,-1,-1,-1,-1,-1,-1,2196,1744,-1,1287,-1,754,-1,-1,
-1,-1,-1,-1,-1,1281,1105,-1,2119,1494,2275,-1,-1,2781,-1,-1,-1,-1,1786,-1,
-1,-1,-1,-1,-1,1287,2427,-1,-1,-1,-1,-1,-1,-1,-1,-1,-1,-1,-1,-1,
-1,-1,-1,-1,-1,1288,-1,-1,-1,-1,-1,-1,1827,-1,-1,-1,-1,-1,-1,-1,
-1,-1,-1,-1,-1,1296,455,644,609,618,1721,1797,-1,-1,-1,-1,-1,-1,-1,-1,
-1,-1,-1,-1,-1,1298,-1,1190,-1,-1,-1,-1,-1,-1,-1,-1,-1,-1,-1,-1,
-1,-1,-1,-1,-1,1303,1306,589,-1,867,-1,-1,1082,-1,-1,-1,-1,-1,-1,-1,
-1,-1,-1,-1,-1,1305,-1,-1,-1,-1,2222,-1,-1,-1,-1,-1,-1,-1,-1,-1,
-1,-1,-1,-1,-1,1307,-1,776,-1,-1,-1,-1,-1,-1,-1,-1,-1,-1,-1,-1,
-1,-1,-1,-1,-1,1309,2233,-1,2872,2341,-1,-1,-1,-1,-1,907,-1,-1,-1,-1,
-1,-1,-1,-1,-1,1313,-1,-1,-1,719,-1,-1,-1,-1,-1,-1,-1,-1,-1,-1,
-1,-1,-1,-1,-1,1319,1904,-1,-1,-1,-1,-1,-1,-1,-1,-1,-1,-1,-1,-1,
-1,-1,-1,-1,-1,1329,-1,1501,-1,-1,-1,-1,-1,-1,-1,-1,-1,-1,-1,-1,
-1,-1,-1,-1,-1,1335,-1,-1,-1,-1,-1,-1,-1,-1,-1,-1,-1,1182,-1,-1,
-1,-1,-1,-1,-1,1337,-1,-1,-1,-1,-1,-1,-1,-1,-1,2619,-1,-1,-1,-1,
-1,-1,-1,-1,-1,1347,-1,-1,-1,-1,-1,1292,-1,-1,-1,-1,-1,-1,-1,-1,
-1,-1,-1,-1,-1,1348,503,-1,-1,-1,-1,-1,1812,1906,-1,-1,-1,-1,-1,-1,
-1,-1,-1,-1,-1,1351,-1,-1,-1,578,-1,-1,-1,-1,-1,-1,-1,-1,-1,-1,
-1,-1,-1,-1,-1,1352,-1,-1,-1,-1,-1,-1,-1,-1,490,373,259,-1,-1,-1,
-1,-1,-1,-1,-1,1355,1540,-1,-1,-1,-1,-1,-1,-1,-1,-1,-1,-1,-1,-1,
-1,-1,-1,-1,-1,1358,-1,-1,1528,-1,-1,-1,2291,-1,-1,1319,1623,-1,-1,-1,
-1,-1,-1,-1,-1,1360,1100,-1,-1,-1,-1,-1,-1,-1,-1,-1,-1,-1,-1,-1,
-1,-1,-1,-1,-1,1364,-1,-1,-1,-1,-1,-1,-1,2018,-1,-1,-1,-1,-1,-1,
-1,-1,-1,-1,-1,1371,-1,-1,-1,-1,2290,-1,-1,-1,-1,-1,-1,-1,-1,-1,
-1,-1,-1,-1,-1,1376,-1,1198,-1,-1,-1,-1,-1,-1,-1,-1,-1,-1,-1,-1,
-1,-1,-1,-1,-1,1378,907,-1,-1,-1,-1,-1,-1,-1,-1,-1,-1,-1,-1,-1,
-1,-1,-1,-1,-1,1383,2437,-1,-1,-1,-1,-1,-1,-1,-1,-1,-1,-1,-1,-1,
-1,-1,-1,-1,-1,1386,-1,-1,-1,-1,1829,-1,-1,-1,-1,-1,-1,-1,-1,-1,
-1,-1,-1,-1,-1,1387,1385,-1,-1,-1,-1,-1,-1,-1,-1,-1,-1,-1,-1,-1,
-1,-1,-1,-1,-1,1394,-1,-1,-1,-1,-1,-1,1380,-1,-1,-1,-1,-1,-1,-1,
-1,-1,-1,-1,-1,1406,869,-1,-1,-1,-1,-1,-1,-1,-1,-1,-1,-1,-1,-1,
-1,-1,-1,-1,-1,1408,-1,-1,-1,-1,2353,2069,-1,-1,-1,-1,-1,-1,-1,-1,
-1,-1,-1,-1,-1,1409,2661,-1,-1,-1,-1,-1,-1,-1,-1,-1,-1,-1,-1,-1,
-1,-1,-1,-1,-1,1411,-1,-1,-1,-1,-1,-1,-1,-1,2040,-1,-1,-1,-1,-1,
-1,-1,-1,-1,-1,1419,1239,-1,-1,-1,-1,-1,-1,-1,-1,-1,-1,-1,-1,-1,
-1,-1,-1,-1,-1,1421,2234,-1,-1,-1,-1,-1,-1,-1,-1,-1,-1,-1,840,-1,
-1,-1,-1,-1,-1,1422,1856,-1,-1,-1,-1,-1,-1,-1,-1,-1,-1,-1,-1,830,
-1,-1,-1,-1,-1,1425,1092,-1,672,1512,1787,1604,679,1776,1843,-1,-1,-1,-1,-1,
-1,-1,-1,-1,-1,1428,-1,-1,-1,-1,-1,2706,-1,-1,-1,-1,-1,-1,-1,-1,
-1,-1,-1,-1,-1,1432,999,-1,-1,-1,-1,-1,-1,-1,-1,-1,-1,-1,-1,-1,
-1,-1,-1,-1,-1,1434,-1,-1,-1,-1,-1,-1,2835,-1,-1,-1,-1,-1,-1,-1,
-1,-1,-1,-1,-1,1435,-1,-1,-1,-1,-1,-1,900,582,-1,-1,-1,-1,-1,-1,
-1,-1,-1,-1,-1,1439,-1,-1,-1,-1,-1,-1,-1,-1,-1,-1,1371,1879,-1,-1,
-1,-1,-1,-1,-1,1440,-1,1181,2481,-1,-1,-1,-1,-1,-1,-1,-1,1232,-1,-1,
-1,-1,-1,-1,-1,1445,-1,907,-1,-1,-1,-1,-1,-1,-1,-1,-1,-1,-1,-1,
-1,-1,-1,-1,2139,1447,-1,-1,-1,-1,-1,-1,-1,-1,-1,-1,-1,614,-1,-1,
-1,-1,-1,-1,-1,1449,-1,909,-1,-1,-1,-1,-1,-1,-1,-1,-1,-1,-1,-1,
-1,-1,-1,-1,-1,1456,2532,2477,2658,-1,-1,-1,-1,2129,-1,-1,-1,-1,-1,-1,
-1,-1,-1,-1,-1,1462,-1,-1,-1,-1,-1,-1,-1,-1,1471,-1,-1,-1,-1,-1,
-1,-1,-1,-1,-1,1464,-1,-1,-1,-1,-1,-1,-1,-1,-1,-1,-1,-1,409,779,
-1,-1,-1,-1,-1,1465,1341,-1,-1,-1,-1,-1,-1,-1,-1,-1,-1,-1,-1,-1,
-1,-1,-1,-1,-1,1471,-1,-1,-1,-1,-1,-1,-1,-1,1181,1285,814,1662,2469,-1,
-1,-1,-1,-1,-1,1475,-1,2470,-1,-1,-1,-1,-1,-1,-1,-1,-1,-1,-1,-1,
-1,-1,-1,-1,-1,1476,-1,-1,-1,-1,-1,-1,-1,-1,-1,-1,1890,-1,-1,-1,
-1,-1,-1,-1,-1,1478,-1,-1,-1,2702,1022,2340,-1,2893,2337,2795,-1,-1,-1,-1,
-1,-1,-1,-1,-1,1482,-1,-1,-1,-1,-1,-1,-1,-1,-1,-1,1988,1150,-1,-1,
-1,-1,-1,-1,-1,1484,-1,-1,-1,-1,-1,-1,-1,-1,-1,-1,-1,-1,2189,-1,
-1,-1,-1,-1,-1,1485,-1,1160,-1,-1,-1,-1,-1,-1,-1,-1,-1,-1,-1,-1,
-1,-1,-1,-1,-1,1495,1745,-1,-1,-1,-1,-1,-1,-1,-1,-1,-1,-1,-1,-1,
-1,-1,-1,-1,-1,1508,1632,1046,-1,-1,-1,-1,-1,-1,-1,-1,-1,-1,-1,1799,
-1,-1,-1,-1,-1,1510,1060,-1,-1,-1,-1,-1,-1,-1,-1,-1,-1,-1,-1,-1,
-1,-1,-1,-1,-1,1515,-1,2839,-1,-1,-1,-1,-1,-1,-1,-1,-1,-1,-1,-1,
-1,-1,-1,-1,-1,1521,-1,-1,1627,718,1665,-1,1541,-1,-1,-1,-1,-1,-1,-1,
-1,-1,-1,-1,-1,1522,1030,741,905,-1,-1,-1,-1,-1,-1,-1,-1,-1,-1,-1,
-1,-1,-1,-1,-1,1529,2638,-1,-1,-1,-1,-1,-1,-1,-1,-1,-1,-1,-1,-1,
-1,-1,-1,-1,-1,1547,-1,-1,-1,1459,-1,-1,-1,-1,1872,-1,589,1786,-1,1731,
-1,-1,-1,-1,-1,1554,2672,-1,-1,-1,-1,-1,-1,-1,-1,-1,-1,-1,-1,-1,
-1,-1,-1,-1,-1,1555,-1,802,-1,-1,-1,-1,-1,-1,-1,-1,-1,-1,-1,-1,
-1,-1,-1,-1,-1,1560,-1,2303,2024,-1,-1,-1,-1,-1,-1,-1,-1,-1,-1,-1,
-1,-1,-1,-1,-1,1561,-1,-1,1267,-1,-1,-1,-1,-1,-1,-1,-1,-1,-1,-1,
-1,-1,-1,-1,-1,1565,-1,-1,-1,-1,-1,-1,-1,-1,1025,-1,-1,-1,-1,-1,
-1,-1,-1,-1,-1,1567,-1,-1,-1,-1,-1,-1,-1,-1,-1,-1,-1,-1,-1,2530,
-1,-1,-1,-1,-1,1573,-1,-1,-1,-1,-1,-1,1126,-1,-1,-1,-1,-1,-1,-1,
-1,-1,-1,-1,-1,1574,-1,-1,-1,-1,-1,1665,-1,1489,-1,1388,1304,1675,1761,1182,
-1,-1,-1,-1,-1,1579,-1,-1,-1,2397,2362,-1,-1,-1,-1,-1,-1,-1,-1,-1,
-1,-1,-1,-1,-1,1580,951,-1,658,-1,-1,-1,-1,-1,-1,-1,-1,-1,-1,-1,
-1,-1,-1,-1,-1,1589,1042,1472,2442,-1,2449,1517,-1,-1,-1,-1,-1,-1,-1,-1,
-1,-1,-1,-1,-1,1616,-1,-1,-1,2085,-1,-1,-1,2165,2688,-1,-1,-1,-1,-1,
-1,-1,-1,-1,-1,1638,2263,-1,-1,-1,-1,-1,2070,-1,-1,-1,-1,-1,-1,-1,
-1,-1,-1,-1,-1,-1,939,-1,603,-1,1478,2237,795,1139,606,1013,1693,2225,-1,-1,
-1,-1,-1,-1,-1,1641,-1,-1,-1,-1,-1,-1,-1,-1,-1,-1,-1,-1,2921,-1,
-1,-1,-1,-1,-1,1643,-1,-1,2349,-1,-1,-1,-1,-1,-1,-1,-1,-1,-1,-1,
-1,-1,-1,-1,-1,1647,-1,-1,-1,-1,-1,-1,2083,-1,-1,-1,-1,-1,-1,-1,
-1,-1,-1,-1,-1,1651,2281,954,-1,-1,-1,-1,-1,-1,-1,-1,-1,-1,-1,-1,
-1,-1,-1,-1,-1,1657,-1,1839,-1,-1,-1,-1,-1,-1,-1,-1,-1,-1,-1,-1,
-1,-1,-1,-1,-1,1658,762,-1,-1,2566,-1,-1,-1,-1,-1,-1,-1,-1,-1,-1,
-1,-1,-1,-1,-1,1665,-1,-1,-1,-1,-1,-1,-1,-1,-1,-1,-1,781,742,402,
-1,-1,-1,-1,-1,1668,1538,-1,-1,-1,-1,-1,-1,-1,-1,1869,2157,1418,-1,-1,
-1,-1,-1,-1,-1,1671,-1,-1,-1,-1,-1,-1,-1,1614,-1,-1,-1,-1,-1,-1,
-1,-1,-1,-1,-1,1677,-1,-1,-1,-1,-1,-1,-1,-1,-1,-1,1607,1608,2997,-1,
-1,-1,-1,-1,-1,1679,-1,-1,-1,1324,-1,-1,-1,-1,-1,2681,-1,-1,2284,-1,
-1,-1,-1,-1,-1,1682,1233,-1,-1,-1,-1,-1,-1,-1,-1,-1,915,-1,-1,-1,
-1,-1,-1,-1,-1,1693,2746,2144,-1,-1,-1,-1,-1,-1,-1,-1,-1,-1,-1,-1,
-1,-1,-1,-1,-1,1696,-1,-1,-1,-1,2368,-1,-1,-1,-1,-1,-1,-1,-1,783,
-1,-1,-1,-1,-1,1699,-1,2771,-1,-1,-1,-1,-1,-1,-1,-1,-1,-1,-1,-1,
-1,-1,-1,-1,-1,1703,1715,2123,-1,-1,-1,-1,-1,-1,-1,-1,-1,-1,-1,-1,
-1,-1,-1,-1,-1,1704,1981,-1,-1,-1,-1,2253,-1,-1,-1,-1,-1,-1,-1,-1,
-1,-1,-1,-1,-1,1710,-1,-1,-1,-1,-1,1990,-1,1245,-1,-1,-1,-1,2091,-1,
-1,-1,-1,-1,-1,1728,-1,-1,-1,1069,-1,-1,-1,-1,-1,-1,-1,-1,-1,-1,
-1,-1,-1,-1,-1,1740,-1,-1,-1,-1,-1,1250,-1,-1,-1,-1,-1,-1,-1,-1,
-1,-1,-1,-1,-1,1742,-1,1538,803,1419,606,910,-1,-1,-1,-1,-1,-1,-1,-1,
-1,-1,-1,-1,-1,1744,-1,-1,724,-1,-1,-1,-1,-1,-1,-1,-1,-1,-1,-1,
-1,-1,-1,-1,-1,1745,-1,-1,-1,2855,-1,-1,-1,-1,-1,-1,-1,-1,758,-1,
-1,-1,-1,-1,-1,1752,-1,-1,-1,1490,-1,-1,-1,-1,-1,-1,895,-1,-1,-1,
-1,-1,-1,-1,-1,1757,1865,-1,-1,-1,-1,-1,-1,-1,-1,-1,-1,-1,-1,-1,
-1,-1,-1,-1,-1,1761,-1,-1,-1,-1,-1,-1,1442,-1,-1,-1,-1,-1,-1,-1,
-1,-1,-1,-1,-1,1791,-1,-1,-1,-1,-1,-1,-1,-1,-1,-1,-1,-1,-1,2602,
-1,-1,-1,-1,-1,1796,-1,2058,-1,-1,-1,-1,-1,-1,-1,-1,-1,-1,-1,-1,
-1,-1,-1,-1,-1,1803,-1,-1,-1,-1,-1,-1,-1,-1,-1,1339,-1,-1,-1,-1,
-1,-1,-1,-1,-1,1805,-1,-1,-1,-1,-1,-1,-1,-1,-1,-1,-1,-1,851,-1,
-1,-1,-1,-1,-1,1806,1417,-1,-1,-1,-1,-1,-1,-1,-1,-1,-1,-1,-1,-1,
-1,-1,-1,-1,-1,1807,-1,-1,-1,-1,1050,-1,-1,-1,-1,-1,-1,-1,-1,-1,
-1,-1,-1,-1,-1,1808,851,1734,1347,-1,-1,-1,-1,-1,-1,-1,-1,-1,-1,-1,
-1,-1,-1,-1,-1,1811,2425,-1,-1,-1,-1,-1,-1,-1,-1,2604,-1,-1,-1,-1,
-1,-1,-1,-1,-1,1816,-1,-1,-1,-1,-1,-1,-1,-1,-1,-1,-1,-1,2302,-1,
-1,-1,-1,-1,-1,1817,-1,-1,-1,-1,-1,-1,-1,-1,-1,-1,1517,2334,-1,2821,
-1,-1,-1,-1,-1,1823,-1,1284,1438,-1,-1,-1,-1,-1,-1,-1,-1,-1,2217,-1,
-1,-1,-1,-1,-1,1826,-1,-1,1137,-1,-1,-1,-1,-1,-1,-1,-1,-1,2424,-1,
-1,-1,-1,-1,-1,1834,2805,-1,-1,-1,-1,-1,-1,-1,2402,1470,-1,-1,-1,-1,
-1,-1,-1,-1,-1,1839,-1,1723,-1,-1,-1,-1,-1,-1,-1,-1,-1,-1,-1,-1,
-1,-1,-1,-1,-1,1844,-1,-1,-1,-1,-1,1332,-1,-1,-1,-1,-1,-1,-1,-1,
-1,-1,-1,-1,-1,1845,-1,-1,-1,-1,2028,-1,-1,-1,-1,-1,-1,-1,-1,-1,
-1,-1,-1,-1,-1,1847,-1,-1,-1,-1,-1,-1,-1,2034,-1,-1,-1,-1,-1,2312,
-1,-1,-1,-1,-1,1849,-1,-1,-1,-1,-1,-1,-1,-1,1914,-1,-1,-1,-1,-1,
-1,-1,-1,-1,-1,1854,-1,-1,-1,-1,-1,1080,-1,-1,-1,-1,-1,-1,-1,-1,
-1,-1,-1,-1,-1,1862,1622,-1,-1,-1,-1,-1,-1,-1,-1,-1,845,-1,-1,-1,
-1,-1,-1,-1,-1,1865,-1,1503,-1,-1,-1,-1,-1,-1,-1,-1,-1,-1,-1,-1,
-1,-1,-1,-1,-1,1866,-1,2171,-1,-1,-1,-1,-1,-1,-1,-1,-1,-1,-1,-1,
-1,-1,-1,-1,-1,1871,-1,-1,-1,-1,-1,-1,-1,2296,-1,-1,-1,-1,-1,-1,
-1,-1,-1,-1,-1,1872,1834,-1,-1,-1,-1,-1,-1,-1,-1,-1,2023,-1,1025,673,
-1,-1,-1,-1,-1,1873,-1,-1,-1,-1,-1,-1,1369,1505,-1,-1,-1,-1,-1,2339,
-1,-1,-1,-1,-1,-1,-1,-1,-1,-1,-1,1820,1664,2494,1705,750,884,1329,669,1064,
-1,-1,-1,-1,-1,1889,-1,-1,-1,2902,-1,-1,-1,-1,-1,-1,-1,-1,-1,-1,
-1,-1,-1,-1,-1,1892,-1,-1,-1,-1,-1,-1,-1,-1,-1,-1,-1,-1,2243,-1,
-1,-1,-1,-1,-1,1898,-1,-1,-1,-1,-1,-1,-1,-1,2263,-1,-1,-1,-1,-1,
-1,-1,-1,-1,-1,1903,2373,-1,-1,-1,-1,-1,-1,-1,-1,-1,-1,-1,-1,-1,
-1,-1,-1,-1,-1,1914,847,-1,1200,-1,-1,-1,-1,-1,1738,-1,-1,-1,-1,-1,
-1,-1,-1,-1,-1,1917,-1,-1,1554,-1,-1,-1,-1,-1,-1,-1,-1,-1,-1,-1,
-1,-1,-1,-1,-1,1920,-1,-1,1601,-1,-1,-1,-1,-1,-1,-1,-1,-1,-1,-1,
-1,-1,-1,-1,-1,1932,-1,-1,-1,-1,2002,-1,-1,-1,-1,-1,-1,-1,-1,-1,
-1,-1,-1,-1,-1,1934,-1,-1,2058,-1,-1,-1,-1,-1,895,-1,-1,-1,1327,-1,
-1,-1,-1,-1,-1,1939,-1,2736,1589,-1,-1,-1,-1,-1,-1,-1,-1,-1,-1,-1,
-1,-1,-1,-1,-1,1942,2064,-1,-1,-1,-1,-1,-1,-1,-1,-1,-1,-1,-1,-1,
-1,-1,-1,-1,-1,1954,-1,2309,-1,-1,-1,-1,-1,-1,-1,-1,-1,-1,-1,-1,
-1,-1,-1,-1,-1,1958,-1,-1,-1,-1,-1,-1,-1,1766,-1,-1,-1,2069,-1,-1,
-1,-1,-1,-1,-1,1962,1733,1982,-1,-1,-1,-1,-1,-1,-1,-1,-1,-1,-1,-1,
-1,-1,-1,-1,-1,1965,-1,-1,-1,-1,2403,-1,-1,-1,-1,-1,-1,-1,-1,-1,
-1,-1,-1,-1,-1,1967,1837,-1,-1,-1,-1,-1,-1,-1,-1,-1,-1,-1,1801,-1,
-1,-1,-1,-1,-1,1970,2434,1118,-1,-1,-1,-1,-1,-1,-1,-1,-1,-1,-1,-1,
-1,-1,-1,-1,-1,1980,-1,-1,-1,-1,-1,-1,-1,-1,-1,-1,-1,-1,2090,-1,
-1,-1,-1,-1,-1,1982,2269,-1,-1,-1,-1,-1,-1,-1,-1,1480,-1,-1,-1,-1,
-1,-1,-1,-1,-1,1983,-1,-1,-1,-1,-1,-1,2202,-1,-1,-1,-1,-1,2808,-1,
-1,-1,-1,-1,-1,1994,-1,-1,-1,-1,-1,1404,-1,-1,-1,-1,-1,-1,-1,-1,
-1,-1,-1,-1,-1,1996,-1,-1,-1,-1,-1,-1,-1,-1,1178,-1,-1,-1,-1,-1,
-1,-1,-1,-1,-1,1999,-1,-1,-1,-1,-1,-1,1064,-1,-1,-1,-1,-1,-1,-1,
-1,-1,-1,-1,-1,2004,1411,-1,-1,-1,-1,-1,-1,-1,-1,-1,-1,-1,-1,-1,
-1,-1,-1,-1,-1,2025,1267,-1,1420,2634,-1,-1,-1,-1,-1,-1,-1,-1,-1,-1,
-1,-1,-1,-1,-1,2026,-1,-1,-1,-1,-1,-1,-1,1088,-1,1530,1927,-1,1010,-1,
-1,-1,-1,-1,-1,2027,1156,662,1911,-1,-1,-1,-1,-1,-1,-1,-1,-1,-1,-1,
-1,-1,-1,-1,-1,2029,1697,-1,-1,-1,-1,-1,-1,-1,-1,-1,-1,-1,-1,-1,
-1,-1,-1,-1,-1,2034,1735,-1,-1,-1,-1,-1,-1,-1,-1,-1,-1,-1,-1,-1,
-1,-1,-1,-1,-1,2037,2555,1938,-1,-1,-1,-1,-1,-1,-1,-1,-1,-1,-1,-1,
-1,-1,-1,-1,-1,2043,-1,-1,-1,-1,-1,-1,-1,-1,-1,-1,-1,-1,1713,-1,
-1,-1,-1,-1,-1,2076,2592,-1,1469,-1,-1,-1,-1,-1,-1,-1,-1,-1,-1,-1,
-1,-1,-1,-1,-1,2078,1921,-1,1490,1968,-1,-1,-1,-1,-1,-1,-1,2912,-1,-1,
-1,-1,-1,-1,-1,2087,-1,1134,-1,-1,-1,-1,-1,-1,-1,-1,-1,-1,-1,-1,
-1,-1,-1,-1,-1,2090,-1,-1,-1,-1,-1,-1,-1,-1,-1,1414,-1,-1,-1,-1,
-1,-1,-1,-1,-1,2095,-1,-1,-1,-1,-1,-1,-1,-1,-1,-1,1284,-1,-1,-1,
-1,-1,-1,-1,-1,2098,1990,-1,-1,-1,-1,-1,-1,-1,-1,-1,-1,-1,-1,-1,
-1,-1,-1,-1,-1,2103,1899,-1,1526,2377,-1,-1,-1,-1,-1,-1,-1,-1,-1,-1,
-1,-1,-1,-1,-1,2105,-1,-1,-1,-1,-1,-1,2219,-1,-1,-1,-1,-1,-1,-1,
-1,-1,-1,-1,-1,2112,1460,1250,-1,-1,-1,-1,-1,-1,-1,-1,-1,-1,-1,-1,
-1,-1,-1,-1,-1,2133,-1,-1,2320,-1,-1,-1,-1,-1,-1,-1,-1,-1,-1,-1,
-1,-1,-1,-1,-1,2137,2605,-1,1121,-1,-1,-1,-1,-1,-1,-1,-1,-1,-1,-1,
-1,-1,-1,-1,-1,2140,-1,-1,1645,-1,-1,-1,-1,-1,-1,-1,-1,-1,-1,-1,
-1,-1,-1,-1,-1,2143,-1,1229,-1,-1,-1,-1,-1,-1,-1,-1,-1,-1,-1,-1,
-1,-1,-1,-1,-1,2144,-1,-1,-1,-1,-1,-1,-1,-1,-1,-1,2551,2358,-1,-1,
-1,-1,-1,-1,-1,2147,-1,-1,-1,-1,-1,-1,-1,-1,-1,-1,-1,-1,2670,-1,
-1,-1,-1,-1,-1,2148,-1,-1,-1,-1,-1,-1,-1,-1,1640,2199,-1,-1,-1,-1,
-1,-1,-1,-1,-1,2150,-1,-1,-1,-1,-1,-1,-1,-1,-1,-1,1124,-1,-1,-1,
-1,-1,-1,-1,-1,2158,-1,-1,-1,-1,-1,1001,-1,-1,-1,2665,-1,-1,-1,-1,
-1,-1,-1,-1,-1,2166,2387,1699,-1,-1,-1,-1,-1,-1,-1,-1,-1,-1,-1,-1,
-1,-1,-1,-1,-1,2169,-1,-1,-1,-1,2198,-1,-1,-1,-1,-1,-1,-1,-1,-1,
-1,-1,-1,-1,-1,2171,1349,-1,-1,-1,-1,-1,-1,-1,-1,2037,1199,-1,-1,-1,
-1,-1,-1,-1,-1,2185,-1,-1,-1,-1,-1,1063,-1,-1,-1,-1,-1,-1,-1,-1,
-1,-1,-1,-1,-1,2211,2951,-1,-1,-1,-1,-1,-1,-1,-1,-1,-1,-1,-1,-1,
-1,-1,-1,-1,-1,2217,1815,-1,1540,-1,-1,-1,-1,-1,-1,-1,-1,865,-1,-1,
-1,-1,-1,-1,-1,2220,-1,-1,-1,-1,-1,-1,-1,2437,-1,-1,-1,-1,-1,-1,
-1,-1,-1,-1,-1,2225,-1,-1,-1,-1,-1,-1,-1,-1,-1,-1,-1,-1,-1,1538,
-1,-1,-1,-1,-1,2227,2407,-1,-1,-1,-1,-1,-1,-1,-1,-1,2540,1448,-1,-1,
-1,-1,-1,-1,-1,2234,-1,-1,-1,-1,-1,-1,1525,2553,-1,-1,-1,-1,-1,-1,
-1,-1,-1,-1,-1,2240,-1,-1,-1,-1,-1,-1,-1,-1,-1,-1,-1,-1,-1,1412,
-1,-1,-1,-1,-1,2241,2021,-1,-1,2815,-1,-1,-1,-1,-1,-1,-1,1829,-1,-1,
-1,-1,-1,-1,-1,2242,-1,-1,-1,-1,-1,-1,1267,1922,-1,-1,-1,-1,-1,-1,
-1,-1,-1,-1,-1,2249,2193,-1,-1,-1,-1,-1,-1,-1,-1,-1,-1,-1,-1,-1,
-1,-1,-1,-1,-1,2253,2785,-1,-1,-1,-1,-1,-1,-1,-1,-1,-1,-1,-1,-1,
-1,-1,-1,-1,-1,2258,2731,-1,-1,-1,-1,-1,-1,-1,-1,-1,-1,-1,-1,-1,
-1,-1,-1,-1,-1,2259,-1,-1,-1,-1,-1,-1,-1,-1,-1,-1,-1,-1,-1,1169,
-1,-1,-1,-1,-1,2262,-1,-1,-1,-1,-1,-1,-1,-1,-1,-1,-1,-1,1205,-1,
-1,-1,-1,-1,-1,2275,-1,-1,-1,-1,-1,-1,-1,1768,-1,-1,-1,-1,-1,-1,
-1,-1,-1,-1,-1,2281,-1,-1,2410,-1,-1,-1,-1,-1,-1,-1,-1,-1,-1,-1,
-1,-1,-1,-1,-1,2298,-1,-1,-1,-1,-1,-1,-1,-1,2501,-1,-1,-1,-1,-1,
-1,-1,-1,-1,-1,2299,1868,-1,-1,-1,-1,-1,-1,-1,-1,-1,-1,-1,-1,-1,
-1,-1,-1,-1,-1,2304,-1,-1,-1,-1,-1,-1,-1,-1,2235,-1,-1,-1,-1,-1,
-1,-1,-1,-1,-1,2311,-1,-1,-1,2406,-1,-1,-1,-1,-1,-1,-1,-1,-1,-1,
-1,-1,-1,-1,-1,2319,-1,1988,-1,-1,-1,-1,-1,-1,-1,-1,-1,-1,-1,-1,
-1,-1,-1,-1,-1,2332,2525,-1,-1,-1,-1,-1,-1,-1,-1,-1,-1,-1,-1,-1,
-1,-1,-1,-1,-1,2342,664,1594,-1,-1,-1,-1,2356,-1,-1,-1,1480,967,-1,-1,
-1,-1,-1,-1,-1,2348,-1,-1,-1,-1,1008,-1,1138,-1,-1,-1,-1,-1,-1,-1,
-1,-1,-1,-1,-1,2350,-1,-1,-1,-1,-1,-1,-1,1815,-1,-1,-1,-1,-1,-1,
-1,-1,-1,-1,-1,2354,-1,-1,-1,-1,-1,-1,-1,-1,-1,-1,-1,-1,1421,-1,
-1,-1,-1,-1,-1,2369,-1,-1,2156,-1,-1,-1,-1,-1,-1,-1,-1,-1,-1,-1,
-1,-1,-1,-1,-1,2371,-1,-1,-1,-1,2679,-1,-1,-1,-1,-1,-1,2218,1561,1706,
-1,-1,-1,-1,-1,2374,-1,2716,-1,-1,-1,-1,-1,-1,-1,-1,-1,-1,-1,-1,
-1,-1,-1,-1,-1,2379,1236,-1,-1,-1,-1,-1,-1,-1,-1,-1,-1,-1,-1,-1,
-1,-1,-1,-1,-1,2390,-1,-1,-1,-1,-1,-1,-1,-1,-1,1189,-1,-1,-1,-1,
-1,-1,-1,-1,-1,2403,1501,-1,1693,-1,-1,-1,-1,-1,-1,-1,1636,1032,-1,1435,
-1,-1,-1,-1,-1,2405,-1,-1,-1,-1,-1,-1,-1,-1,-1,-1,-1,2077,-1,-1,
-1,-1,-1,-1,-1,2420,-1,1524,-1,-1,-1,-1,-1,-1,-1,-1,-1,-1,-1,-1,
-1,-1,-1,-1,-1,2428,2227,-1,-1,-1,-1,-1,-1,-1,-1,-1,-1,-1,-1,-1,
-1,-1,-1,-1,-1,2435,-1,-1,-1,-1,1389,-1,-1,-1,-1,-1,-1,-1,-1,-1,
-1,-1,-1,-1,-1,2436,-1,-1,-1,-1,-1,-1,2582,-1,-1,-1,-1,-1,-1,-1,
-1,-1,-1,-1,-1,2437,2187,-1,-1,2544,-1,-1,-1,-1,-1,-1,-1,-1,-1,-1,
-1,-1,-1,-1,-1,2441,-1,-1,1952,-1,1731,-1,-1,-1,-1,-1,-1,-1,-1,-1,
-1,-1,-1,-1,-1,2450,-1,-1,-1,-1,-1,-1,-1,2779,-1,-1,-1,-1,-1,-1,
-1,-1,-1,-1,-1,2452,-1,-1,-1,-1,-1,1126,-1,-1,-1,-1,2443,1717,-1,-1,
-1,-1,-1,-1,-1,2460,2868,-1,-1,-1,-1,-1,-1,-1,-1,-1,-1,-1,-1,-1,
-1,-1,-1,-1,-1,2467,-1,-1,-1,-1,-1,-1,-1,1603,-1,-1,-1,-1,-1,-1,
-1,-1,-1,-1,-1,2469,-1,1248,-1,-1,-1,-1,-1,-1,-1,-1,-1,-1,-1,-1,
-1,-1,-1,-1,-1,2471,-1,-1,-1,2888,-1,-1,-1,-1,-1,-1,-1,-1,-1,-1,
-1,-1,-1,-1,-1,2479,1810,-1,-1,-1,-1,-1,-1,-1,-1,-1,-1,-1,-1,-1,
-1,-1,-1,-1,-1,2484,-1,-1,1846,-1,-1,-1,-1,-1,-1,-1,-1,-1,-1,-1,
-1,-1,-1,-1,-1,2490,1757,-1,-1,-1,-1,-1,-1,-1,-1,-1,-1,-1,-1,-1,
-1,-1,-1,-1,-1,2492,-1,-1,-1,-1,-1,-1,-1,-1,-1,-1,-1,-1,-1,2492,
-1,-1,-1,-1,-1,2496,-1,-1,-1,-1,-1,1609,-1,-1,-1,-1,-1,-1,-1,-1,
-1,-1,-1,-1,-1,2500,-1,-1,-1,-1,-1,-1,-1,-1,-1,-1,-1,-1,-1,2708,
-1,-1,-1,-1,-1,2512,-1,-1,-1,-1,-1,-1,-1,-1,-1,-1,-1,2392,-1,-1,
-1,-1,-1,-1,-1,2515,-1,-1,-1,1454,-1,-1,-1,-1,-1,-1,-1,-1,-1,-1,
-1,-1,-1,-1,-1,2516,-1,-1,-1,1887,-1,-1,-1,-1,-1,-1,-1,-1,-1,-1,
-1,-1,-1,-1,-1,-1,1202,-1,-1,-1,-1,-1,-1,-1,-1,808,535,-1,-1,-1,
-1,-1,-1,-1,-1,2519,-1,2646,-1,-1,-1,-1,-1,-1,-1,-1,-1,-1,-1,-1,
-1,-1,-1,-1,-1,2521,-1,-1,-1,2098,1499,1254,2097,-1,-1,-1,1647,-1,-1,-1,
-1,-1,-1,-1,-1,2522,1316,1028,1248,-1,-1,-1,-1,-1,-1,-1,-1,-1,1178,-1,
-1,-1,-1,-1,-1,2523,-1,-1,-1,-1,-1,-1,-1,-1,-1,-1,-1,-1,2690,-1,
-1,-1,-1,-1,-1,2525,1199,-1,-1,-1,-1,-1,-1,-1,1326,981,-1,-1,-1,-1,
-1,-1,-1,-1,-1,2526,-1,-1,-1,-1,1177,-1,-1,-1,-1,-1,-1,-1,-1,-1,
-1,-1,-1,-1,-1,2533,-1,-1,-1,-1,-1,2419,-1,-1,-1,-1,-1,-1,-1,-1,
-1,-1,-1,-1,-1,2543,-1,-1,-1,-1,-1,-1,-1,-1,-1,1298,-1,-1,-1,-1,
-1,-1,-1,-1,-1,2545,-1,-1,1742,-1,-1,-1,-1,-1,-1,-1,-1,-1,-1,-1,
-1,-1,-1,-1,-1,2546,-1,2495,-1,-1,2383,-1,-1,-1,-1,-1,-1,-1,-1,-1,
-1,-1,-1,-1,-1,2547,1293,-1,-1,2921,-1,-1,-1,-1,-1,-1,-1,-1,-1,-1,
-1,-1,-1,-1,-1,2557,-1,1962,-1,-1,-1,-1,-1,-1,-1,-1,-1,-1,-1,-1,
-1,-1,-1,-1,-1,2580,2312,-1,-1,1685,-1,-1,-1,-1,-1,-1,-1,-1,-1,-1,
-1,-1,-1,-1,-1,2585,2834,-1,-1,-1,-1,-1,-1,-1,-1,-1,-1,-1,-1,-1,
-1,-1,-1,-1,-1,2587,-1,-1,-1,-1,-1,2039,-1,2320,-1,-1,-1,-1,-1,-1,
-1,-1,-1,-1,-1,2602,-1,-1,-1,-1,-1,-1,-1,-1,-1,2287,-1,-1,-1,-1,
-1,-1,-1,-1,-1,2611,-1,-1,-1,2695,-1,-1,-1,-1,-1,-1,-1,-1,-1,-1,
-1,-1,-1,-1,-1,2612,2051,-1,-1,-1,-1,-1,-1,-1,-1,-1,-1,-1,-1,-1,
-1,-1,-1,-1,-1,2614,-1,-1,-1,-1,2629,-1,-1,-1,-1,-1,-1,-1,-1,-1,
-1,-1,-1,-1,-1,2617,1609,-1,-1,-1,-1,-1,-1,-1,-1,-1,-1,-1,-1,-1,
-1,-1,-1,-1,-1,2618,1569,2105,967,-1,-1,756,-1,-1,-1,-1,-1,-1,-1,-1,
-1,-1,-1,-1,-1,2620,2065,-1,-1,-1,-1,-1,-1,-1,-1,-1,-1,-1,-1,-1,
-1,-1,-1,-1,-1,2626,-1,-1,-1,-1,-1,-1,-1,-1,-1,2050,-1,-1,-1,-1,
-1,-1,-1,-1,-1,2641,-1,-1,-1,-1,-1,-1,-1,-1,-1,-1,-1,-1,-1,1502,
-1,-1,-1,-1,-1,2649,1667,-1,-1,-1,-1,-1,-1,-1,2481,-1,1549,-1,-1,-1,
-1,-1,-1,-1,-1,2656,-1,-1,-1,-1,-1,-1,-1,-1,2591,-1,-1,-1,-1,2531,
-1,-1,-1,-1,-1,2662,-1,2881,-1,-1,-1,-1,-1,-1,-1,-1,-1,-1,-1,-1,
-1,-1,-1,-1,-1,2666,-1,-1,-1,2628,-1,-1,-1,-1,-1,-1,-1,-1,-1,-1,
-1,-1,-1,-1,-1,2669,1427,-1,-1,-1,-1,-1,-1,-1,-1,-1,-1,-1,-1,-1,
-1,-1,-1,-1,-1,2674,-1,-1,-1,-1,-1,-1,-1,-1,-1,-1,1430,-1,-1,-1,
-1,-1,-1,-1,-1,2680,-1,-1,-1,-1,-1,-1,-1,2068,2381,2213,2880,-1,-1,2375,
-1,-1,-1,-1,-1,2683,-1,-1,-1,1445,-1,-1,-1,-1,-1,-1,-1,-1,-1,-1,
-1,-1,-1,-1,-1,2697,-1,-1,1610,-1,-1,-1,-1,-1,-1,-1,-1,-1,-1,-1,
-1,-1,-1,-1,-1,2703,2265,-1,-1,-1,-1,-1,-1,-1,-1,-1,-1,-1,-1,-1,
-1,-1,-1,-1,-1,2713,1647,-1,-1,-1,-1,-1,-1,-1,-1,-1,-1,-1,-1,-1,
-1,-1,-1,-1,-1,2717,-1,-1,-1,-1,2203,-1,-1,-1,-1,-1,-1,-1,-1,-1,
-1,-1,-1,-1,-1,2728,2518,-1,-1,-1,-1,-1,-1,-1,-1,-1,-1,-1,-1,-1,
-1,-1,-1,-1,-1,2740,1877,1924,-1,-1,-1,-1,-1,-1,2350,-1,-1,-1,-1,-1,
-1,-1,-1,-1,-1,2745,-1,-1,-1,-1,-1,-1,-1,-1,-1,-1,2408,-1,-1,-1,
-1,-1,-1,-1,-1,2750,-1,2310,2238,2510,-1,-1,-1,-1,-1,-1,-1,-1,-1,-1,
-1,-1,-1,-1,-1,2766,-1,-1,-1,-1,-1,-1,-1,-1,-1,-1,1379,-1,-1,-1,
-1,-1,-1,-1,-1,2767,1718,-1,-1,-1,-1,-1,-1,-1,-1,-1,-1,-1,-1,-1,
-1,-1,-1,-1,-1,2776,2627,-1,-1,-1,-1,-1,-1,-1,-1,-1,-1,-1,-1,-1,
-1,-1,-1,-1,-1,2777,2240,-1,-1,-1,-1,-1,-1,-1,-1,-1,-1,-1,-1,-1,
-1,-1,-1,-1,-1,2784,1884,2866,2007,2335,-1,-1,-1,-1,-1,-1,-1,2191,-1,-1,
-1,-1,-1,-1,-1,2787,-1,-1,-1,1995,-1,-1,-1,-1,-1,-1,-1,-1,-1,-1,
-1,-1,-1,-1,-1,2794,-1,-1,-1,-1,-1,-1,-1,-1,-1,-1,-1,-1,1358,-1,
-1,-1,-1,-1,-1,2813,2538,-1,-1,-1,-1,-1,-1,-1,-1,-1,-1,-1,-1,-1,
-1,-1,-1,-1,-1,2827,2655,-1,-1,-1,1405,-1,-1,-1,-1,-1,-1,-1,-1,-1,
-1,-1,-1,-1,-1,2828,2242,1340,-1,-1,-1,-1,-1,-1,-1,-1,-1,-1,-1,-1,
-1,-1,-1,-1,-1,2830,-1,-1,-1,-1,-1,-1,-1,-1,-1,-1,2844,-1,1067,-1,
-1,-1,-1,-1,-1,2840,1866,-1,-1,-1,-1,-1,-1,-1,-1,-1,-1,-1,-1,-1,
-1,-1,-1,-1,-1,2844,-1,2435,-1,-1,1628,2914,1715,2802,1194,-1,-1,-1,-1,-1,
-1,-1,-1,-1,-1,2845,2891,-1,-1,-1,-1,-1,-1,-1,-1,-1,-1,-1,-1,-1,
-1,-1,-1,-1,-1,2859,1488,-1,-1,-1,-1,-1,-1,-1,-1,-1,-1,-1,-1,-1,
-1,-1,-1,-1,-1,2865,2553,-1,-1,-1,-1,-1,-1,-1,-1,-1,-1,-1,-1,-1,
-1,-1,-1,-1,-1,2871,2818,-1,-1,-1,-1,-1,-1,-1,-1,-1,-1,-1,-1,-1,
-1,-1,-1,-1,-1,2874,-1,-1,-1,-1,-1,-1,-1,-1,-1,2651,-1,-1,-1,-1,
-1,-1,-1,-1,-1,2887,1583,-1,-1,-1,-1,-1,-1,-1,-1,-1,-1,-1,-1,-1,
-1,-1,-1,-1,-1,2890,-1,-1,-1,-1,-1,-1,-1,2875,-1,-1,-1,-1,-1,-1,
-1,-1,-1,-1,-1,2893,-1,-1,-1,-1,-1,-1,-1,-1,1582,-1,-1,-1,-1,-1,
-1,-1,-1,-1,-1,2895,2751,-1,2307,-1,-1,-1,-1,-1,-1,-1,-1,-1,-1,-1,
-1,-1,-1,-1,-1,2901,2315,-1,2424,-1,-1,-1,-1,-1,-1,-1,-1,-1,-1,-1,
-1,-1,-1,-1,-1,2905,-1,-1,-1,-1,-1,-1,-1,-1,-1,1992,-1,-1,-1,-1,
-1,-1,-1,-1,-1,2923,-1,-1,-1,-1,-1,-1,-1,-1,-1,-1,-1,-1,-1,1734,
-1,-1,-1,-1,-1,2925,-1,-1,-1,-1,-1,-1,-1,-1,-1,-1,-1,-1,-1,1914,
-1,-1,-1,-1,-1,2933,1522,-1,-1,-1,-1,-1,-1,-1,-1,-1,-1,-1,-1,-1,
-1,-1,-1,-1,-1,2935,-1,-1,-1,-1,-1,-1,-1,-1,-1,-1,-1,-1,-1,2866,
-1,-1,-1,-1,-1,2937,1752,1428,-1,-1,-1,-1,-1,-1,-1,-1,-1,-1,-1,-1,
-1,-1,-1,-1,-1,2947,2482,-1,-1,-1,-1,-1,-1,-1,-1,-1,-1,-1,-1,-1,
-1,-1,-1,-1,-1,-1,10,40,-1,-1,-1,-1,-1,-1,-1,-1,-1,-1,-1,-1,
-1,-1,-1,-1,-1,-1,42,36,84,28,-1,-1,-1,-1,-1,-1,-1,-1,-1,-1,
-1,-1,-1,40,-1,-1,47,93,-1,-1,-1,-1,-1,-1,-1,-1,-1,-1,-1,-1,
-1,-1,-1,-1,-1,-1,50,158,-1,-1,-1,-1,-1,-1,-1,-1,102,-1,-1,-1,
-1,-1,-1,-1,-1,-1,57,70,-1,-1,-1,90,130,84,-1,-1,-1,51,-1,-1,
-1,-1,-1,-1,-1,-1,85,-1,-1,-1,-1,-1,-1,-1,-1,-1,-1,231,444,-1,
-1,-1,-1,-1,-1,-1,89,130,-1,-1,-1,-1,-1,-1,-1,-1,-1,-1,-1,-1,
-1,-1,-1,-1,-1,-1,90,263,-1,-1,-1,-1,-1,-1,-1,-1,-1,-1,-1,-1,
-1,-1,-1,-1,-1,-1,93,-1,-1,335,-1,-1,-1,-1,-1,-1,-1,-1,-1,-1,
-1,-1,-1,-1,-1,-1,95,-1,247,157,74,-1,-1,-1,-1,-1,-1,-1,-1,-1,
-1,-1,-1,-1,-1,-1,114,-1,205,217,-1,-1,-1,201,615,-1,573,403,231,697,
-1,-1,-1,-1,-1,-1,122,362,-1,-1,-1,-1,-1,-1,-1,-1,-1,-1,-1,-1,
-1,-1,-1,-1,-1,-1,128,44,-1,-1,-1,-1,-1,-1,-1,-1,-1,-1,-1,-1,
-1,-1,-1,-1,-1,-1,129,-1,-1,-1,-1,-1,-1,-1,-1,192,-1,-1,-1,-1,
-1,-1,-1,-1,-1,-1,135,-1,-1,190,56,73,119,-1,-1,-1,-1,-1,-1,-1,
-1,-1,-1,-1,-1,-1,149,115,-1,29,161,-1,147,-1,-1,-1,-1,-1,-1,-1,
-1,-1,-1,-1,-1,-1,153,-1,-1,-1,-1,-1,368,391,-1,87,-1,-1,-1,146,
-1,-1,-1,-1,-1,-1,157,-1,-1,-1,-1,-1,-1,-1,-1,-1,198,62,-1,-1,
-1,-1,-1,-1,-1,-1,163,255,-1,-1,-1,-1,-1,-1,-1,-1,-1,-1,-1,-1,
-1,-1,-1,-1,-1,-1,174,286,50,67,66,39,25,-1,-1,-1,-1,-1,-1,-1,
-1,-1,-1,-1,-1,-1,195,277,-1,-1,-1,-1,-1,-1,-1,558,-1,-1,-1,-1,
-1,-1,-1,-1,-1,-1,225,-1,-1,-1,-1,-1,-1,-1,-1,611,612,-1,-1,-1,
-1,-1,-1,-1,-1,-1,235,-1,-1,-1,-1,-1,-1,334,-1,-1,-1,-1,-1,458,
-1,-1,-1,-1,-1,-1,239,-1,-1,-1,-1,-1,-1,-1,188,-1,-1,-1,-1,-1,
-1,-1,-1,-1,-1,-1,247,-1,-1,-1,-1,-1,-1,-1,-1,-1,191,-1,152,151,
-1,-1,-1,-1,-1,-1,251,759,-1,-1,-1,-1,-1,-1,-1,-1,-1,-1,-1,-1,
-1,-1,-1,-1,-1,-1,252,213,-1,-1,-1,-1,-1,-1,-1,-1,-1,-1,-1,-1,
358,-1,-1,-1,-1,-1,255,218,-1,641,-1,193,318,284,433,350,719,-1,-1,-1,
-1,-1,-1,-1,-1,-1,256,765,-1,-1,-1,-1,-1,-1,-1,-1,-1,-1,-1,-1,
-1,-1,-1,-1,-1,-1,263,238,-1,-1,-1,-1,-1,-1,-1,-1,-1,-1,-1,-1,
-1,-1,-1,-1,-1,-1,270,234,386,-1,-1,-1,-1,-1,-1,-1,-1,-1,-1,790,
-1,-1,-1,-1,-1,-1,271,-1,-1,-1,-1,-1,-1,181,-1,-1,-1,-1,-1,-1,
-1,-1,-1,-1,-1,-1,289,757,-1,-1,-1,-1,-1,-1,-1,-1,-1,-1,-1,-1,
-1,-1,-1,-1,-1,-1,303,-1,-1,-1,-1,-1,-1,-1,-1,-1,-1,373,-1,-1,
-1,-1,-1,-1,-1,-1,304,-1,-1,-1,-1,-1,-1,50,169,-1,-1,-1,-1,-1,
-1,-1,-1,-1,-1,-1,319,88,64,-1,-1,-1,-1,81,-1,-1,-1,-1,-1,-1,
-1,-1,-1,-1,-1,-1,320,-1,-1,-1,-1,-1,539,-1,310,202,221,-1,-1,-1,
-1,-1,-1,-1,-1,-1,321,194,-1,-1,-1,-1,-1,-1,-1,186,-1,-1,-1,-1,
-1,-1,-1,-1,-1,-1,327,297,-1,-1,-1,-1,-1,-1,-1,-1,-1,-1,-1,-1,
-1,-1,-1,-1,-1,-1,337,-1,-1,-1,-1,221,-1,-1,627,-1,-1,-1,-1,-1,
-1,-1,-1,-1,-1,-1,344,-1,-1,-1,-1,-1,-1,799,-1,-1,-1,-1,-1,-1,
-1,-1,-1,-1,-1,-1,357,369,-1,-1,-1,-1,-1,-1,-1,-1,-1,-1,-1,-1,
-1,-1,-1,-1,-1,-1,360,-1,-1,264,-1,-1,-1,-1,-1,-1,-1,-1,-1,-1,
-1,-1,-1,-1,-1,221,362,-1,-1,-1,811,-1,-1,1136,-1,-1,-1,-1,-1,-1,
-1,-1,-1,-1,-1,-1,374,-1,-1,499,-1,-1,-1,-1,-1,-1,261,885,-1,-1,
-1,-1,-1,-1,-1,-1,382,717,-1,1159,1109,310,1248,-1,-1,241,449,809,795,1099,
-1,-1,-1,-1,-1,-1,386,561,590,-1,-1,-1,524,-1,-1,-1,-1,-1,-1,-1,
-1,-1,-1,-1,-1,-1,388,-1,-1,-1,-1,-1,-1,399,-1,-1,-1,-1,-1,-1,
-1,-1,-1,-1,-1,-1,389,-1,1024,-1,-1,-1,-1,709,1431,1180,778,-1,-1,-1,
-1,-1,-1,-1,-1,-1,390,-1,610,-1,-1,-1,-1,-1,-1,-1,-1,-1,-1,-1,
-1,-1,-1,-1,-1,-1,392,-1,288,-1,-1,-1,-1,-1,-1,-1,-1,-1,-1,-1,
-1,-1,-1,-1,-1,-1,393,-1,-1,656,-1,428,-1,674,-1,-1,-1,-1,-1,-1,
-1,-1,-1,-1,-1,-1,402,246,-1,-1,-1,-1,-1,-1,-1,-1,-1,-1,-1,-1,
-1,-1,-1,-1,-1,-1,405,-1,-1,-1,-1,-1,-1,-1,-1,-1,1238,1152,776,-1,
-1,-1,-1,-1,-1,-1,415,185,-1,358,-1,339,379,301,404,280,718,-1,573,592,
-1,-1,-1,-1,-1,-1,417,-1,-1,-1,-1,-1,-1,-1,-1,433,324,728,-1,341,
-1,-1,-1,-1,-1,-1,419,-1,91,-1,-1,-1,-1,-1,-1,-1,-1,294,283,-1,
-1,-1,-1,-1,-1,-1,421,680,-1,-1,-1,1151,-1,-1,-1,-1,-1,-1,-1,-1,
-1,-1,-1,-1,-1,-1,422,183,-1,-1,129,1094,-1,-1,695,760,-1,-1,-1,849,
-1,-1,-1,-1,-1,-1,424,465,-1,-1,-1,-1,-1,-1,-1,-1,-1,-1,-1,-1,
-1,-1,-1,-1,-1,-1,429,176,147,-1,-1,-1,-1,-1,-1,-1,-1,-1,-1,-1,
-1,-1,-1,-1,-1,-1,431,451,187,-1,-1,-1,-1,-1,-1,768,-1,674,500,682,
-1,-1,-1,-1,-1,-1,432,-1,1077,551,-1,-1,-1,-1,-1,-1,-1,-1,-1,-1,
-1,-1,-1,-1,-1,-1,433,721,1362,-1,-1,-1,-1,-1,-1,-1,-1,-1,-1,-1,
-1,-1,-1,-1,-1,-1,434,-1,776,-1,-1,-1,275,737,-1,-1,-1,-1,-1,-1,
-1,-1,-1,-1,-1,-1,436,579,549,-1,-1,-1,-1,-1,-1,-1,-1,-1,-1,-1,
-1,-1,-1,-1,-1,-1,440,1425,-1,-1,-1,-1,-1,1122,-1,-1,-1,-1,-1,-1,
-1,-1,-1,-1,-1,-1,468,556,-1,-1,575,-1,-1,-1,-1,733,-1,-1,-1,-1,
-1,-1,-1,-1,-1,-1,476,703,-1,-1,-1,-1,-1,-1,-1,-1,-1,-1,-1,-1,
-1,-1,-1,-1,-1,-1,478,-1,252,-1,-1,-1,-1,-1,-1,790,-1,-1,-1,-1,
-1,-1,-1,-1,-1,-1,483,242,229,904,-1,-1,-1,-1,-1,-1,479,271,480,289,
-1,-1,-1,-1,-1,-1,484,528,-1,-1,-1,-1,-1,-1,-1,-1,-1,-1,-1,-1,
-1,-1,-1,-1,-1,-1,497,621,-1,-1,-1,-1,-1,-1,-1,-1,-1,323,-1,-1,
-1,-1,-1,-1,-1,-1,504,739,-1,-1,-1,-1,-1,-1,-1,-1,-1,-1,-1,-1,
-1,-1,-1,-1,-1,-1,515,-1,-1,-1,-1,-1,-1,-1,-1,-1,-1,1078,-1,-1,
-1,-1,-1,-1,-1,-1,561,1211,-1,-1,-1,-1,-1,-1,-1,-1,-1,-1,-1,-1,
-1,-1,-1,-1,-1,-1,568,-1,748,-1,871,-1,-1,-1,-1,-1,-1,-1,-1,-1,
-1,-1,-1,-1,-1,-1,573,-1,-1,-1,-1,-1,-1,-1,-1,-1,-1,1237,-1,-1,
-1,-1,-1,-1,-1,-1,591,-1,-1,-1,-1,-1,-1,-1,-1,-1,582,-1,-1,-1,
-1,-1,-1,-1,-1,-1,592,971,-1,-1,-1,1343,-1,-1,-1,-1,-1,-1,-1,-1,
-1,-1,-1,-1,-1,-1,598,418,-1,-1,-1,-1,-1,-1,-1,-1,-1,-1,-1,-1,
-1,-1,-1,-1,-1,-1,606,-1,-1,-1,-1,1028,-1,-1,-1,-1,569,-1,-1,-1,
-1,-1,-1,-1,-1,-1,610,-1,631,456,341,653,-1,-1,-1,-1,-1,-1,-1,-1,
-1,-1,-1,-1,-1,-1,617,620,977,-1,-1,-1,-1,-1,-1,-1,-1,-1,-1,-1,
-1,-1,-1,-1,-1,-1,618,-1,-1,-1,-1,-1,-1,-1,1233,1217,-1,-1,-1,-1,
-1,-1,1767,-1,-1,-1,620,911,-1,-1,-1,-1,-1,-1,-1,-1,-1,-1,-1,-1,
-1,-1,-1,-1,-1,-1,622,-1,-1,-1,-1,-1,-1,-1,-1,-1,1141,-1,-1,-1,
-1,-1,-1,-1,-1,-1,623,-1,-1,-1,-1,-1,808,-1,-1,-1,-1,-1,-1,-1,
-1,-1,-1,-1,-1,-1,625,-1,-1,-1,-1,-1,-1,-1,-1,-1,1360,-1,-1,-1,
-1,-1,-1,-1,-1,-1,628,-1,-1,-1,-1,-1,-1,701,-1,-1,-1,-1,-1,546,
-1,-1,-1,-1,-1,-1,640,288,-1,-1,-1,-1,-1,-1,-1,-1,-1,-1,-1,-1,
-1,-1,-1,-1,-1,-1,641,-1,-1,-1,927,-1,-1,-1,-1,-1,-1,-1,-1,-1,
-1,-1,-1,-1,-1,-1,647,897,-1,-1,528,-1,-1,-1,-1,-1,839,-1,-1,-1,
-1,-1,-1,-1,-1,-1,648,1041,-1,-1,-1,-1,-1,-1,-1,-1,-1,-1,-1,-1,
-1,-1,-1,-1,-1,-1,651,395,263,683,-1,-1,-1,-1,-1,-1,-1,-1,-1,-1,
-1,-1,-1,-1,-1,-1,657,1237,-1,-1,-1,-1,-1,-1,-1,-1,-1,-1,-1,-1,
-1,-1,-1,-1,-1,-1,661,-1,-1,-1,-1,-1,-1,-1,-1,-1,-1,-1,-1,1079,
-1,-1,-1,-1,-1,-1,662,-1,-1,995,452,754,-1,-1,949,-1,-1,-1,-1,-1,
-1,-1,-1,-1,-1,-1,675,175,237,-1,-1,-1,-1,-1,-1,-1,-1,-1,600,-1,
-1,-1,-1,-1,-1,-1,676,329,-1,408,-1,-1,-1,-1,-1,-1,-1,-1,-1,-1,
-1,-1,-1,-1,-1,-1,678,693,-1,1711,495,-1,289,1079,-1,-1,-1,-1,-1,-1,
-1,-1,-1,-1,-1,-1,681,-1,-1,-1,-1,-1,-1,-1,-1,-1,957,-1,-1,-1,
-1,-1,-1,-1,-1,-1,684,-1,-1,-1,551,-1,-1,-1,-1,-1,-1,-1,-1,-1,
-1,-1,-1,-1,-1,-1,685,-1,-1,-1,313,-1,271,-1,-1,-1,-1,-1,-1,-1,
-1,-1,-1,-1,-1,-1,696,-1,-1,-1,-1,-1,-1,-1,296,453,-1,-1,-1,-1,
-1,-1,-1,-1,-1,-1,702,-1,1138,-1,-1,-1,-1,-1,-1,-1,-1,-1,-1,-1,
-1,-1,-1,-1,-1,-1,714,595,-1,-1,-1,-1,-1,-1,-1,-1,-1,-1,-1,-1,
-1,-1,-1,-1,-1,-1,725,-1,453,911,-1,-1,-1,-1,-1,-1,-1,-1,1309,1565,
-1,-1,-1,-1,-1,-1,727,-1,-1,-1,254,-1,-1,-1,-1,-1,-1,-1,-1,-1,
-1,-1,-1,-1,-1,-1,730,-1,-1,1605,-1,-1,-1,-1,-1,-1,-1,-1,-1,-1,
-1,-1,-1,-1,-1,1327,732,296,438,-1,-1,-1,-1,192,-1,-1,-1,-1,763,-1,
-1,-1,-1,-1,-1,-1,734,1035,-1,-1,-1,-1,-1,-1,-1,-1,-1,-1,-1,-1,
-1,-1,-1,-1,-1,-1,741,1942,-1,1019,-1,-1,-1,-1,-1,-1,-1,-1,-1,2295,
-1,-1,-1,-1,-1,-1,747,-1,-1,-1,-1,-1,-1,-1,-1,-1,-1,-1,-1,394,
-1,-1,-1,-1,-1,-1,751,-1,-1,-1,-1,-1,-1,1338,-1,-1,-1,-1,-1,-1,
-1,-1,-1,-1,-1,-1,765,605,-1,-1,-1,-1,-1,-1,-1,-1,-1,-1,-1,-1,
-1,-1,-1,-1,-1,-1,766,1170,-1,-1,-1,-1,-1,-1,-1,-1,1931,-1,-1,-1,
-1,-1,-1,-1,-1,-1,779,336,-1,-1,-1,-1,-1,-1,-1,-1,-1,-1,-1,-1,
-1,-1,-1,-1,-1,-1,781,1523,-1,-1,-1,-1,-1,-1,-1,-1,-1,-1,-1,-1,
-1,-1,-1,-1,-1,-1,787,-1,-1,-1,-1,-1,-1,-1,-1,-1,1236,372,-1,-1,
-1,-1,-1,-1,-1,-1,788,-1,-1,-1,-1,-1,-1,-1,-1,-1,759,-1,323,-1,
-1,-1,-1,-1,-1,-1,790,-1,1304,-1,-1,-1,-1,-1,-1,-1,-1,-1,-1,-1,
-1,-1,-1,-1,-1,-1,792,-1,-1,-1,686,415,-1,-1,-1,-1,483,-1,-1,-1,
-1,-1,-1,-1,-1,-1,798,1449,-1,-1,-1,-1,-1,-1,-1,-1,-1,-1,-1,-1,
-1,-1,-1,-1,-1,-1,800,484,-1,-1,-1,-1,-1,-1,-1,-1,-1,-1,-1,-1,
-1,-1,-1,-1,-1,-1,803,846,-1,-1,-1,-1,-1,-1,-1,-1,-1,-1,-1,-1,
-1,-1,-1,-1,-1,-1,805,-1,-1,-1,-1,698,-1,-1,-1,-1,-1,-1,-1,-1,
-1,-1,-1,-1,-1,-1,808,-1,-1,1315,-1,-1,-1,-1,-1,-1,-1,-1,-1,-1,
-1,-1,-1,-1,-1,-1,810,-1,-1,-1,1703,1497,-1,-1,-1,-1,-1,-1,-1,-1,
-1,-1,-1,-1,-1,-1,815,-1,1292,-1,-1,-1,-1,-1,657,-1,-1,-1,-1,-1,
-1,-1,-1,-1,-1,-1,818,314,-1,-1,-1,-1,-1,-1,-1,-1,-1,-1,-1,-1,
-1,-1,-1,-1,-1,-1,819,755,-1,-1,-1,-1,-1,-1,-1,-1,-1,-1,-1,-1,
-1,-1,-1,-1,-1,-1,822,-1,-1,-1,-1,-1,-1,-1,-1,-1,-1,-1,1173,-1,
-1,-1,-1,-1,-1,-1,828,-1,295,359,-1,-1,629,-1,-1,-1,-1,-1,-1,-1,
-1,-1,-1,-1,-1,-1,838,-1,-1,-1,-1,-1,-1,-1,-1,1823,-1,-1,-1,-1,
-1,-1,-1,-1,-1,-1,841,906,-1,-1,-1,-1,-1,-1,-1,-1,-1,-1,-1,-1,
-1,-1,-1,-1,-1,-1,846,585,-1,-1,-1,-1,-1,-1,-1,-1,-1,-1,-1,-1,
-1,-1,-1,-1,-1,-1,863,-1,-1,-1,-1,-1,-1,1605,-1,-1,-1,-1,-1,-1,
-1,-1,-1,-1,-1,-1,864,-1,593,-1,-1,-1,-1,-1,-1,-1,-1,-1,-1,-1,
-1,-1,-1,-1,-1,-1,865,-1,-1,-1,-1,-1,-1,-1,-1,-1,1907,-1,-1,-1,
-1,-1,-1,-1,-1,-1,876,454,-1,-1,415,610,803,-1,-1,-1,-1,-1,-1,-1,
-1,-1,-1,-1,-1,-1,904,-1,-1,-1,-1,-1,-1,-1,672,-1,-1,-1,-1,-1,
-1,-1,-1,-1,-1,-1,912,-1,1577,-1,2495,2095,-1,-1,-1,-1,-1,-1,-1,-1,
-1,-1,-1,-1,-1,-1,913,874,-1,-1,1355,1675,2415,-1,-1,-1,-1,-1,-1,1249,
-1,-1,-1,-1,-1,-1,918,-1,1098,-1,-1,-1,-1,-1,-1,-1,-1,-1,-1,-1,
-1,-1,-1,-1,-1,-1,920,-1,-1,-1,-1,-1,-1,-1,1159,1809,-1,-1,-1,-1,
-1,-1,-1,-1,-1,-1,926,1053,-1,-1,-1,-1,-1,-1,-1,-1,-1,-1,-1,-1,
-1,-1,-1,-1,-1,-1,933,2085,2027,-1,-1,-1,-1,-1,-1,-1,-1,-1,2041,-1,
-1,-1,-1,-1,-1,-1,934,-1,-1,-1,1012,447,-1,861,856,688,-1,-1,-1,-1,
-1,-1,-1,-1,-1,-1,941,1793,-1,-1,-1,-1,-1,-1,-1,-1,-1,-1,-1,-1,
-1,-1,-1,-1,-1,-1,963,-1,-1,-1,1671,-1,-1,-1,-1,2274,-1,-1,-1,-1,
-1,-1,-1,-1,-1,-1,966,-1,-1,-1,-1,-1,-1,-1,-1,-1,-1,-1,493,-1,
-1,-1,-1,-1,-1,-1,967,-1,708,-1,-1,-1,-1,-1,-1,-1,-1,-1,-1,-1,
-1,-1,-1,-1,-1,-1,968,-1,1679,-1,-1,-1,-1,-1,-1,-1,-1,-1,-1,-1,
-1,-1,-1,-1,-1,-1,969,-1,566,-1,-1,-1,-1,-1,-1,-1,-1,-1,-1,-1,
-1,-1,-1,-1,-1,-1,970,-1,-1,-1,-1,-1,961,-1,-1,-1,-1,-1,-1,-1,
-1,-1,-1,-1,-1,-1,972,1071,-1,-1,-1,-1,-1,-1,-1,-1,-1,-1,-1,-1,
-1,-1,-1,-1,-1,-1,983,-1,-1,-1,1086,-1,-1,-1,-1,-1,-1,-1,-1,-1,
-1,-1,-1,-1,-1,-1,984,-1,-1,-1,-1,-1,-1,-1,-1,-1,1774,-1,-1,-1,
-1,-1,-1,-1,-1,-1,987,645,-1,-1,-1,-1,-1,-1,-1,-1,-1,-1,-1,-1,
-1,-1,-1,-1,-1,-1,989,-1,-1,-1,-1,-1,-1,-1,2223,-1,-1,-1,-1,-1,
-1,-1,-1,-1,-1,-1,996,-1,-1,-1,-1,-1,-1,-1,-1,-1,-1,-1,-1,452,
-1,-1,-1,-1,-1,-1,997,-1,-1,1704,-1,-1,-1,-1,-1,-1,419,-1,-1,-1,
-1,-1,-1,-1,-1,-1,1003,-1,-1,-1,-1,-1,-1,-1,2258,-1,-1,-1,-1,438,
-1,-1,-1,-1,-1,-1,1004,-1,-1,-1,-1,-1,-1,-1,-1,-1,1433,-1,-1,-1,
-1,-1,-1,-1,-1,-1,1011,1626,-1,-1,-1,-1,-1,-1,-1,-1,-1,-1,-1,-1,
-1,-1,-1,-1,-1,-1,1012,-1,-1,-1,918,-1,-1,-1,-1,-1,-1,-1,-1,-1,
-1,-1,-1,-1,-1,-1,1020,-1,-1,-1,-1,1488,-1,2354,-1,-1,-1,-1,-1,-1,
-1,-1,-1,-1,-1,-1,1024,-1,-1,-1,-1,-1,-1,-1,-1,-1,-1,578,2407,-1,
-1,-1,-1,-1,-1,-1,1026,-1,1113,-1,-1,-1,-1,648,-1,-1,-1,-1,-1,-1,
-1,-1,-1,-1,-1,-1,1027,-1,1866,1716,-1,-1,-1,-1,1954,-1,1577,-1,-1,-1,
-1,-1,-1,-1,-1,-1,1034,2274,1573,-1,-1,-1,-1,-1,-1,-1,-1,-1,-1,-1,
-1,-1,-1,-1,-1,-1,1036,1669,-1,-1,-1,-1,-1,-1,-1,-1,-1,-1,-1,-1,
-1,-1,-1,-1,-1,-1,1048,823,-1,-1,-1,-1,-1,-1,-1,-1,-1,-1,-1,-1,
-1,-1,-1,-1,-1,-1,1051,483,-1,-1,-1,-1,-1,1760,-1,1675,-1,-1,-1,-1,
-1,-1,-1,-1,-1,-1,1053,1532,-1,-1,-1,-1,-1,-1,-1,-1,-1,-1,-1,-1,
-1,-1,-1,-1,-1,-1,1061,1621,-1,-1,-1,-1,-1,-1,-1,-1,-1,-1,-1,-1,
-1,-1,-1,-1,-1,-1,1076,-1,-1,-1,-1,-1,-1,952,-1,-1,-1,-1,-1,-1,
-1,-1,1187,-1,-1,-1,1081,-1,1142,-1,-1,-1,-1,-1,-1,-1,-1,-1,-1,-1,
-1,-1,-1,-1,-1,-1,1087,-1,-1,-1,-1,-1,-1,-1,-1,-1,-1,-1,-1,1207,
-1,-1,-1,-1,-1,-1,1094,-1,2096,-1,-1,-1,-1,-1,-1,-1,-1,-1,-1,-1,
-1,-1,-1,-1,-1,-1,1095,-1,-1,2208,-1,1543,798,-1,-1,-1,-1,-1,-1,-1,
-1,-1,-1,-1,-1,-1,1099,-1,1941,-1,-1,-1,-1,-1,-1,-1,-1,-1,-1,-1,
-1,-1,-1,-1,-1,-1,1102,-1,-1,-1,758,2225,1805,-1,-1,-1,1597,-1,-1,-1,
-1,-1,-1,-1,-1,-1,1106,1645,-1,-1,-1,-1,-1,-1,-1,-1,-1,-1,-1,-1,
-1,-1,-1,-1,-1,-1,1114,-1,-1,559,-1,-1,-1,-1,-1,-1,-1,-1,-1,-1,
-1,-1,-1,-1,-1,-1,1117,-1,-1,-1,-1,1191,-1,1087,-1,-1,-1,-1,-1,-1,
-1,-1,-1,-1,-1,-1,1125,1200,1215,-1,-1,-1,-1,-1,-1,-1,-1,-1,-1,-1,
-1,-1,-1,-1,-1,-1,1126,-1,-1,-1,-1,-1,-1,-1,-1,2254,-1,-1,-1,-1,
-1,-1,-1,-1,-1,-1,1136,796,-1,-1,-1,-1,-1,-1,-1,-1,-1,-1,-1,-1,
-1,-1,-1,-1,-1,-1,1140,788,-1,-1,-1,-1,-1,-1,-1,-1,-1,-1,-1,-1,
-1,-1,-1,-1,-1,-1,1142,-1,-1,-1,-1,-1,812,-1,-1,1049,1091,-1,-1,-1,
-1,-1,-1,-1,-1,-1,1145,-1,1086,-1,-1,-1,-1,-1,-1,-1,-1,-1,-1,-1,
-1,-1,-1,-1,-1,-1,1153,-1,1967,-1,-1,-1,-1,-1,-1,-1,-1,-1,-1,-1,
-1,-1,-1,-1,-1,-1,1167,-1,-1,2528,-1,-1,-1,-1,-1,-1,-1,-1,-1,-1,
-1,-1,-1,-1,-1,-1,1169,-1,359,659,-1,380,637,-1,-1,-1,-1,-1,-1,-1,
-1,-1,-1,-1,-1,-1,1170,-1,-1,-1,-1,-1,-1,-1,547,1376,-1,590,447,314,
-1,-1,-1,-1,-1,-1,1177,-1,1070,-1,-1,-1,-1,-1,-1,-1,-1,-1,-1,-1,
-1,-1,-1,-1,-1,-1,1181,-1,-1,-1,-1,814,1733,-1,-1,-1,-1,-1,925,-1,
-1,-1,-1,-1,-1,-1,1185,-1,-1,-1,-1,-1,-1,-1,-1,2527,-1,-1,-1,-1,
-1,-1,-1,-1,-1,-1,1189,-1,1753,-1,-1,-1,-1,-1,-1,-1,-1,-1,-1,-1,
-1,-1,-1,-1,-1,-1,1198,1581,-1,-1,-1,-1,-1,-1,-1,-1,-1,-1,-1,-1,
-1,-1,-1,-1,-1,-1,1204,-1,-1,-1,542,-1,-1,-1,-1,-1,-1,-1,-1,-1,
-1,-1,-1,-1,-1,-1,1205,-1,-1,-1,-1,-1,662,837,-1,-1,-1,-1,-1,2071,
-1,-1,-1,-1,-1,-1,1216,1366,-1,-1,-1,-1,-1,-1,-1,-1,-1,-1,-1,-1,
-1,-1,-1,-1,-1,-1,1218,-1,-1,-1,-1,-1,-1,1085,-1,-1,-1,-1,-1,-1,
-1,-1,-1,-1,-1,-1,1220,2176,-1,-1,1885,-1,-1,-1,-1,-1,-1,-1,-1,-1,
-1,-1,-1,-1,-1,-1,1224,-1,714,-1,-1,-1,-1,-1,-1,-1,-1,-1,-1,-1,
-1,-1,-1,-1,-1,-1,1247,-1,-1,-1,-1,-1,-1,-1,-1,1413,1730,-1,-1,-1,
-1,-1,-1,-1,-1,-1,1248,-1,-1,-1,1268,-1,-1,-1,-1,-1,-1,-1,-1,-1,
-1,-1,-1,-1,-1,-1,1259,-1,1378,-1,-1,-1,-1,-1,-1,1791,-1,-1,-1,-1,
-1,-1,-1,-1,-1,-1,1262,847,-1,-1,-1,-1,-1,-1,-1,-1,-1,-1,-1,-1,
-1,-1,-1,-1,-1,-1,1273,845,613,-1,1862,-1,-1,-1,-1,-1,-1,-1,-1,-1,
-1,-1,-1,-1,-1,-1,1275,-1,-1,-1,-1,-1,-1,-1,-1,-1,-1,930,-1,-1,
-1,-1,-1,-1,-1,-1,1277,-1,-1,-1,-1,2413,-1,-1,-1,-1,-1,-1,-1,-1,
-1,-1,-1,-1,-1,-1,1282,-1,-1,-1,2612,-1,-1,2386,-1,-1,-1,-1,-1,2109,
-1,-1,-1,-1,-1,-1,1283,-1,-1,-1,-1,-1,-1,-1,-1,-1,-1,469,-1,-1,
-1,-1,-1,-1,-1,-1,1287,-1,-1,-1,-1,-1,743,-1,892,-1,-1,-1,-1,-1,
-1,-1,-1,-1,-1,-1,1297,1103,-1,-1,-1,-1,-1,-1,-1,-1,-1,-1,-1,-1,
-1,-1,-1,-1,-1,-1,1298,-1,2006,-1,-1,-1,-1,-1,-1,-1,-1,-1,-1,-1,
-1,-1,-1,-1,-1,-1,1301,2559,-1,-1,-1,-1,-1,-1,-1,-1,-1,-1,-1,-1,
-1,-1,-1,-1,-1,-1,1312,-1,-1,-1,-1,-1,-1,-1,-1,2695,-1,-1,-1,-1,
-1,-1,-1,-1,-1,-1,1315,-1,-1,-1,-1,-1,-1,-1,795,-1,-1,-1,-1,-1,
-1,-1,-1,-1,-1,-1,1319,-1,-1,-1,-1,-1,-1,-1,-1,-1,-1,-1,1722,540,
-1,-1,-1,-1,-1,-1,1322,951,523,966,-1,-1,-1,-1,-1,-1,-1,-1,-1,-1,
-1,-1,-1,-1,-1,-1,1327,1788,-1,-1,-1,-1,-1,-1,-1,-1,1702,-1,-1,-1,
-1,-1,-1,-1,-1,-1,1330,-1,-1,-1,-1,-1,1591,-1,-1,-1,-1,-1,-1,-1,
-1,-1,-1,-1,-1,-1,1331,612,660,675,1604,1199,-1,897,595,-1,-1,-1,-1,-1,
-1,-1,-1,-1,-1,-1,1339,1864,-1,-1,-1,-1,-1,-1,-1,-1,-1,-1,-1,-1,
-1,-1,-1,-1,-1,-1,1346,-1,1659,-1,-1,-1,-1,-1,-1,-1,-1,-1,-1,-1,
-1,-1,-1,-1,-1,-1,1350,-1,-1,-1,-1,-1,-1,-1,-1,887,-1,-1,-1,2388,
-1,-1,-1,-1,-1,-1,1351,-1,-1,-1,-1,-1,-1,-1,-1,-1,982,-1,-1,-1,
-1,-1,-1,-1,-1,-1,1367,775,-1,-1,-1,-1,-1,-1,-1,-1,-1,-1,-1,-1,
-1,-1,-1,-1,-1,-1,1398,-1,-1,-1,-1,-1,1535,-1,-1,-1,-1,-1,-1,-1,
-1,-1,-1,-1,-1,-1,1402,-1,1876,1535,1685,-1,-1,-1,-1,-1,-1,-1,-1,-1,
-1,-1,-1,-1,-1,-1,1404,-1,-1,-1,2266,-1,-1,-1,-1,-1,-1,-1,-1,-1,
-1,-1,-1,-1,-1,-1,1415,-1,-1,-1,-1,-1,-1,-1,-1,1223,-1,2516,1370,2047,
-1,-1,-1,-1,-1,-1,1422,-1,-1,-1,-1,-1,-1,-1,-1,-1,-1,-1,2237,-1,
-1,-1,-1,-1,-1,-1,1423,-1,-1,-1,-1,458,-1,734,-1,-1,-1,-1,-1,-1,
-1,-1,-1,-1,-1,-1,1431,-1,-1,-1,-1,-1,-1,-1,-1,-1,-1,-1,-1,558,
-1,-1,-1,-1,-1,-1,1439,-1,-1,-1,-1,996,-1,-1,-1,-1,-1,-1,-1,-1,
-1,-1,-1,-1,-1,-1,1440,-1,2209,-1,-1,-1,-1,-1,-1,-1,-1,-1,-1,-1,
-1,-1,-1,-1,-1,-1,1441,-1,-1,-1,-1,-1,-1,-1,-1,-1,-1,-1,2763,-1,
-1,-1,-1,-1,-1,-1,1445,-1,-1,-1,-1,-1,-1,-1,1595,971,-1,2019,-1,-1,
-1,-1,-1,-1,-1,-1,1452,1080,-1,1423,-1,-1,-1,-1,-1,-1,-1,-1,-1,-1,
-1,-1,-1,-1,-1,-1,1461,1459,-1,-1,-1,-1,-1,-1,-1,-1,-1,-1,-1,-1,
-1,-1,-1,-1,-1,-1,1474,1960,-1,-1,-1,-1,-1,-1,-1,-1,2381,-1,-1,759,
-1,-1,-1,-1,-1,-1,1492,-1,-1,2317,-1,-1,-1,-1,-1,-1,-1,-1,-1,-1,
-1,-1,-1,-1,-1,-1,1497,-1,-1,-1,-1,2735,-1,2522,1747,-1,-1,-1,-1,-1,
-1,-1,-1,-1,-1,-1,1499,-1,948,-1,-1,-1,-1,-1,-1,-1,-1,-1,-1,-1,
-1,-1,-1,-1,-1,-1,1510,1392,-1,-1,-1,-1,-1,-1,-1,-1,-1,-1,-1,-1,
-1,-1,-1,-1,-1,-1,1511,2774,-1,-1,-1,-1,-1,-1,-1,-1,-1,-1,-1,-1,
-1,-1,-1,-1,-1,-1,1515,-1,-1,2400,-1,-1,-1,-1,-1,-1,-1,-1,-1,-1,
-1,-1,-1,-1,-1,-1,1520,-1,1439,-1,2593,-1,-1,-1,-1,-1,-1,-1,-1,-1,
-1,-1,-1,-1,-1,-1,1521,-1,-1,-1,-1,-1,-1,-1,2445,1510,-1,-1,-1,-1,
-1,-1,-1,-1,-1,-1,1526,-1,1426,1313,1134,1062,-1,-1,-1,-1,-1,-1,-1,-1,
-1,-1,-1,-1,-1,-1,1527,833,-1,-1,-1,-1,-1,-1,-1,-1,-1,-1,-1,928,
-1,-1,-1,-1,-1,-1,1532,-1,-1,-1,-1,-1,-1,1158,-1,-1,-1,-1,-1,-1,
-1,-1,-1,-1,-1,-1,1534,-1,-1,-1,-1,-1,-1,-1,-1,-1,-1,-1,2268,-1,
-1,-1,-1,-1,-1,-1,1541,-1,726,1896,-1,741,-1,-1,-1,-1,-1,-1,-1,-1,
-1,-1,-1,-1,-1,-1,1547,2476,-1,-1,-1,-1,-1,-1,-1,-1,-1,-1,-1,-1,
-1,-1,-1,-1,-1,-1,1552,1643,-1,-1,-1,-1,-1,-1,-1,-1,-1,-1,-1,-1,
-1,-1,-1,-1,-1,-1,1554,1206,1197,2564,2465,-1,-1,998,1742,2450,1723,2428,2013,1840,
-1,-1,-1,-1,-1,-1,1558,979,1768,-1,-1,-1,-1,2242,-1,-1,-1,-1,-1,-1,
-1,-1,-1,-1,-1,-1,1559,-1,-1,-1,-1,-1,-1,-1,-1,2754,-1,-1,-1,-1,
-1,-1,-1,-1,-1,-1,1567,-1,-1,-1,-1,-1,875,-1,-1,-1,-1,-1,-1,-1,
-1,-1,-1,-1,-1,-1,1568,1500,-1,-1,-1,-1,-1,-1,-1,-1,-1,-1,-1,-1,
-1,-1,-1,-1,-1,-1,1574,-1,1568,-1,2762,-1,-1,-1,-1,-1,-1,-1,-1,-1,
-1,-1,-1,-1,-1,-1,1576,1998,-1,-1,-1,-1,-1,-1,-1,-1,-1,-1,-1,-1,
-1,-1,-1,-1,-1,-1,1578,-1,-1,2037,-1,-1,-1,-1,-1,-1,-1,-1,-1,-1,
-1,-1,-1,-1,-1,-1,1581,1542,-1,-1,-1,-1,-1,-1,-1,-1,-1,-1,-1,-1,
-1,-1,-1,-1,-1,-1,1584,-1,-1,-1,-1,600,-1,-1,1403,-1,-1,-1,-1,-1,
-1,-1,-1,-1,-1,-1,1587,1082,-1,-1,-1,-1,-1,-1,-1,-1,-1,-1,-1,-1,
-1,-1,-1,-1,2210,-1,1596,1303,1339,-1,-1,-1,-1,-1,-1,-1,-1,-1,-1,-1,
-1,-1,-1,-1,-1,-1,1601,676,-1,-1,-1,-1,-1,-1,-1,-1,-1,-1,-1,-1,
-1,-1,-1,-1,-1,-1,1618,842,710,2707,-1,-1,-1,-1,-1,-1,-1,-1,-1,-1,
-1,-1,-1,-1,-1,-1,1621,-1,-1,-1,-1,-1,-1,-1,1033,-1,-1,-1,-1,-1,
-1,-1,-1,-1,-1,-1,1623,-1,-1,-1,2019,1278,-1,-1,-1,-1,-1,-1,-1,-1,
-1,-1,-1,-1,-1,-1,1629,-1,2227,1101,-1,-1,-1,-1,-1,-1,-1,-1,-1,-1,
-1,-1,-1,-1,-1,-1,1636,-1,-1,-1,-1,-1,-1,-1,852,997,-1,-1,-1,691,
-1,-1,-1,-1,-1,-1,1637,1305,-1,-1,-1,-1,-1,-1,-1,-1,-1,-1,-1,-1,
-1,-1,-1,-1,-1,-1,1638,2019,1266,-1,-1,-1,-1,-1,-1,-1,-1,-1,2239,1902,
-1,-1,-1,-1,-1,-1,1648,-1,-1,-1,-1,2114,-1,-1,-1,-1,-1,-1,-1,-1,
-1,-1,-1,-1,-1,-1,1654,-1,-1,-1,-1,-1,-1,2065,-1,1609,-1,-1,-1,-1,
-1,-1,-1,-1,-1,-1,1655,1744,-1,1094,-1,820,-1,-1,-1,-1,-1,-1,-1,-1,
-1,-1,-1,-1,-1,-1,1658,-1,-1,-1,-1,-1,-1,-1,-1,-1,-1,2409,-1,-1,
-1,-1,-1,-1,-1,-1,1662,-1,-1,-1,-1,-1,-1,-1,-1,-1,-1,1075,-1,-1,
-1,-1,-1,-1,-1,-1,1663,1785,-1,-1,-1,-1,-1,-1,-1,-1,-1,1838,-1,-1,
-1,-1,-1,-1,-1,-1,1665,-1,-1,-1,717,-1,-1,-1,-1,-1,-1,-1,-1,-1,
-1,-1,-1,-1,-1,-1,1666,-1,2189,-1,-1,-1,-1,-1,-1,-1,-1,-1,-1,-1,
-1,-1,-1,-1,-1,-1,1668,-1,1231,-1,-1,-1,-1,1671,-1,-1,-1,-1,-1,-1,
-1,-1,-1,-1,-1,-1,1681,-1,-1,-1,-1,-1,-1,-1,-1,-1,1402,1272,-1,-1,
-1,-1,-1,-1,-1,-1,1686,2664,2575,2809,2925,2699,-1,-1,-1,-1,-1,-1,-1,-1,
-1,-1,-1,-1,-1,-1,1687,-1,-1,-1,-1,-1,-1,2166,-1,1288,2141,-1,-1,-1,
-1,-1,-1,-1,-1,-1,1689,-1,-1,-1,-1,-1,1537,-1,-1,-1,-1,-1,-1,-1,
-1,-1,-1,-1,-1,-1,1694,1638,-1,-1,-1,-1,-1,-1,-1,-1,-1,-1,-1,-1,
-1,-1,-1,-1,-1,-1,1695,1195,1576,-1,1892,-1,-1,-1,-1,-1,-1,-1,-1,-1,
-1,-1,-1,-1,-1,-1,1703,-1,-1,-1,-1,-1,-1,-1,-1,-1,-1,-1,-1,2063,
-1,-1,-1,-1,-1,-1,1705,1956,-1,-1,-1,-1,-1,-1,-1,-1,-1,-1,-1,-1,
-1,-1,-1,-1,-1,-1,1707,-1,-1,-1,-1,-1,-1,-1,-1,2496,-1,-1,-1,-1,
-1,-1,-1,-1,-1,-1,1710,-1,-1,-1,1738,-1,-1,-1,-1,-1,-1,-1,-1,-1,
-1,-1,-1,-1,-1,-1,1713,-1,-1,-1,1508,2213,-1,-1,-1,-1,-1,-1,2047,-1,
-1,-1,-1,-1,-1,-1,1714,-1,2622,-1,-1,-1,-1,-1,-1,-1,-1,-1,-1,-1,
-1,-1,-1,-1,-1,-1,1725,-1,2380,-1,-1,-1,-1,-1,-1,-1,-1,-1,-1,-1,
-1,-1,-1,-1,-1,-1,1728,-1,812,-1,-1,-1,-1,-1,-1,-1,-1,-1,-1,-1,
-1,-1,-1,-1,-1,-1,1729,-1,-1,-1,-1,-1,-1,-1,-1,2225,-1,-1,-1,-1,
-1,-1,-1,-1,-1,-1,1753,2045,-1,-1,-1,-1,-1,-1,-1,-1,-1,-1,-1,-1,
-1,-1,-1,-1,-1,-1,1761,-1,-1,-1,-1,2889,-1,-1,-1,-1,-1,-1,-1,-1,
-1,-1,-1,-1,-1,-1,1767,1979,-1,-1,-1,-1,-1,-1,-1,-1,-1,-1,-1,-1,
-1,-1,-1,-1,-1,-1,1772,-1,2178,-1,2457,-1,-1,-1,-1,-1,-1,-1,-1,-1,
-1,-1,-1,-1,-1,-1,1777,-1,-1,-1,-1,795,551,-1,-1,1439,-1,-1,-1,-1,
-1,-1,-1,-1,-1,-1,1780,-1,-1,-1,-1,-1,-1,2719,-1,-1,-1,-1,-1,-1,
-1,-1,-1,-1,-1,-1,1782,-1,-1,-1,-1,-1,-1,-1,-1,-1,-1,-1,-1,888,
-1,-1,-1,-1,-1,-1,1783,1163,-1,-1,-1,-1,-1,-1,-1,-1,-1,-1,-1,-1,
-1,-1,-1,-1,-1,-1,1785,2072,1212,2420,-1,-1,-1,-1,-1,-1,-1,1248,-1,-1,
-1,-1,-1,-1,-1,-1,1786,-1,-1,2228,-1,-1,-1,-1,-1,-1,-1,-1,-1,-1,
-1,-1,-1,-1,-1,-1,1789,1691,-1,-1,-1,-1,-1,-1,-1,-1,-1,-1,-1,-1,
-1,-1,-1,-1,-1,-1,1790,-1,-1,-1,-1,-1,-1,-1,-1,2369,-1,-1,-1,-1,
-1,-1,-1,-1,-1,-1,1795,-1,2771,-1,1932,1965,-1,-1,-1,-1,-1,-1,2439,-1,
-1,-1,-1,-1,-1,-1,1797,-1,-1,-1,-1,-1,-1,-1,2249,2428,-1,-1,-1,-1,
-1,-1,-1,-1,-1,-1,1800,-1,-1,-1,2150,-1,-1,-1,-1,-1,-1,-1,-1,-1,
-1,-1,-1,-1,-1,-1,1805,2610,-1,-1,-1,-1,-1,-1,-1,-1,-1,-1,-1,-1,
-1,-1,-1,-1,-1,-1,1806,-1,2393,-1,-1,-1,-1,-1,-1,-1,-1,-1,-1,-1,
-1,-1,-1,-1,-1,-1,1809,-1,1279,-1,-1,-1,-1,-1,-1,-1,-1,-1,-1,-1,
-1,-1,-1,-1,-1,-1,1813,-1,-1,-1,-1,-1,-1,-1,-1,-1,-1,-1,-1,921,
-1,-1,-1,-1,-1,-1,1814,1701,-1,-1,2126,-1,-1,-1,-1,-1,-1,-1,-1,-1,
-1,-1,-1,-1,-1,-1,1816,-1,-1,-1,-1,-1,-1,-1,-1,1993,-1,-1,-1,-1,
-1,-1,-1,-1,-1,-1,1819,-1,-1,-1,1616,-1,-1,-1,-1,-1,-1,-1,-1,-1,
-1,-1,-1,-1,-1,-1,1839,-1,-1,-1,1595,1889,1425,-1,-1,2344,-1,-1,-1,2547,
-1,-1,-1,-1,-1,-1,1846,2512,-1,-1,-1,-1,-1,-1,-1,-1,-1,-1,-1,-1,
-1,-1,-1,-1,-1,-1,1853,-1,-1,-1,2671,-1,-1,-1,-1,-1,-1,-1,-1,-1,
-1,-1,-1,-1,-1,-1,1862,1189,-1,-1,-1,-1,-1,1716,-1,-1,-1,-1,-1,-1,
-1,-1,-1,-1,-1,-1,1872,-1,1044,-1,-1,-1,-1,-1,-1,-1,-1,1286,2943,-1,
-1,-1,-1,-1,-1,-1,1875,-1,2055,-1,-1,-1,-1,-1,-1,-1,-1,-1,-1,-1,
-1,-1,-1,-1,-1,-1,1878,-1,-1,-1,-1,-1,-1,-1,-1,-1,-1,1764,-1,-1,
-1,-1,-1,-1,-1,-1,1889,1353,-1,-1,-1,-1,-1,-1,-1,-1,-1,-1,-1,-1,
-1,-1,-1,-1,-1,-1,1892,-1,-1,-1,-1,-1,-1,-1,1768,-1,995,-1,-1,-1,
-1,-1,-1,-1,-1,2398,1893,-1,-1,-1,-1,-1,-1,-1,-1,-1,-1,-1,-1,2611,
-1,-1,-1,-1,-1,-1,1901,1278,-1,-1,-1,-1,-1,-1,-1,-1,-1,-1,-1,-1,
-1,-1,-1,-1,2630,-1,1902,829,-1,-1,-1,-1,-1,-1,-1,-1,-1,-1,-1,-1,
-1,-1,-1,-1,-1,-1,1914,1555,-1,-1,-1,-1,-1,-1,2154,-1,-1,-1,-1,-1,
-1,-1,-1,-1,-1,-1,1920,-1,-1,2533,-1,-1,-1,-1,-1,-1,-1,-1,-1,-1,
-1,-1,-1,-1,-1,-1,1927,2680,1860,2448,2339,2851,-1,-1,-1,-1,-1,-1,-1,-1,
-1,-1,-1,-1,-1,-1,1932,-1,2778,-1,1428,1807,-1,-1,-1,-1,-1,-1,1945,2236,
-1,-1,-1,-1,-1,-1,1935,-1,-1,-1,-1,-1,-1,-1,-1,-1,-1,-1,-1,2232,
-1,-1,-1,-1,-1,-1,1936,-1,-1,-1,-1,-1,-1,-1,-1,-1,-1,-1,892,-1,
-1,-1,-1,-1,-1,-1,1941,-1,1299,-1,-1,-1,-1,-1,-1,-1,-1,-1,-1,-1,
-1,-1,-1,-1,-1,-1,1953,-1,-1,-1,-1,-1,-1,-1,-1,-1,-1,2279,-1,-1,
-1,-1,-1,-1,-1,-1,1956,-1,-1,-1,-1,-1,2723,-1,-1,-1,-1,-1,-1,-1,
-1,-1,-1,-1,-1,-1,1963,-1,-1,-1,-1,-1,-1,-1,1629,-1,-1,2924,-1,-1,
-1,-1,-1,-1,-1,-1,1964,-1,-1,2595,-1,-1,-1,-1,-1,-1,-1,-1,-1,-1,
-1,-1,-1,-1,-1,-1,1984,-1,-1,-1,-1,-1,-1,-1,-1,-1,-1,993,-1,-1,
-1,-1,-1,-1,-1,-1,1995,-1,-1,-1,-1,-1,-1,-1,-1,-1,-1,2215,-1,-1,
-1,-1,-1,-1,-1,-1,1999,-1,1045,912,-1,-1,-1,-1,-1,-1,-1,-1,-1,-1,
-1,-1,-1,-1,-1,-1,2000,638,712,1585,-1,-1,-1,-1,-1,-1,-1,-1,-1,-1,
-1,-1,-1,-1,-1,-1,2006,2391,-1,-1,-1,-1,-1,-1,-1,-1,-1,-1,-1,-1,
-1,-1,-1,-1,-1,-1,2007,2063,-1,-1,-1,-1,-1,-1,-1,-1,-1,-1,-1,-1,
-1,-1,-1,-1,-1,-1,2011,-1,2117,-1,-1,-1,-1,-1,-1,-1,-1,-1,-1,-1,
-1,-1,-1,-1,-1,-1,2015,965,-1,-1,-1,-1,-1,-1,-1,-1,-1,-1,-1,-1,
-1,-1,-1,-1,-1,-1,2020,-1,-1,-1,2269,1313,1869,1631,-1,-1,-1,-1,-1,-1,
-1,-1,-1,-1,-1,-1,2028,1119,2250,-1,-1,-1,-1,-1,-1,-1,-1,-1,-1,-1,
-1,-1,-1,-1,-1,-1,2033,1667,-1,-1,-1,-1,-1,-1,-1,-1,-1,-1,-1,-1,
-1,-1,-1,-1,-1,-1,2056,2440,-1,-1,-1,-1,-1,-1,-1,-1,-1,-1,-1,-1,
-1,-1,-1,-1,-1,-1,2058,-1,-1,-1,-1,-1,-1,-1,-1,2458,-1,-1,-1,-1,
-1,-1,-1,-1,-1,-1,2063,-1,-1,-1,-1,-1,-1,-1,-1,-1,-1,-1,2221,2090,
-1,-1,-1,-1,-1,-1,2068,-1,-1,-1,-1,-1,-1,-1,-1,-1,-1,-1,1015,-1,
-1,-1,-1,-1,-1,-1,2070,-1,-1,-1,-1,-1,-1,-1,-1,2198,1891,-1,-1,-1,
-1,-1,-1,-1,-1,-1,2071,-1,-1,1833,2003,2214,708,808,1010,1877,-1,-1,-1,-1,
-1,-1,-1,-1,-1,-1,2072,-1,-1,-1,-1,-1,-1,-1,-1,-1,-1,-1,2306,-1,
-1,-1,-1,-1,-1,-1,2073,1922,-1,-1,-1,-1,-1,-1,1618,-1,-1,-1,-1,-1,
-1,-1,-1,-1,-1,-1,2074,2075,-1,-1,-1,-1,-1,-1,-1,-1,1824,-1,-1,-1,
-1,-1,-1,-1,-1,-1,2078,1835,-1,-1,-1,-1,-1,-1,-1,-1,-1,-1,-1,-1,
-1,-1,-1,-1,-1,-1,2079,1017,-1,-1,-1,-1,-1,-1,-1,-1,-1,-1,-1,-1,
-1,-1,-1,-1,-1,-1,2081,-1,-1,689,1217,-1,-1,-1,-1,-1,-1,-1,-1,-1,
-1,-1,-1,-1,-1,-1,2092,2423,-1,-1,-1,-1,-1,-1,-1,-1,-1,-1,-1,-1,
-1,-1,-1,-1,-1,-1,2101,-1,-1,-1,995,-1,-1,-1,-1,-1,-1,-1,-1,-1,
-1,-1,-1,-1,-1,-1,2103,-1,-1,-1,-1,-1,1072,-1,-1,-1,-1,-1,-1,-1,
-1,-1,-1,-1,-1,-1,2108,-1,-1,-1,-1,-1,-1,-1,-1,-1,2122,-1,-1,-1,
-1,-1,-1,-1,-1,-1,2115,-1,-1,-1,-1,-1,-1,-1,-1,-1,1746,2269,-1,-1,
-1,-1,-1,-1,-1,-1,2119,-1,-1,1637,-1,-1,2758,2289,1452,-1,-1,-1,-1,-1,
-1,-1,-1,-1,-1,-1,2129,-1,-1,1962,-1,-1,-1,-1,-1,-1,-1,-1,-1,-1,
-1,-1,-1,-1,-1,-1,2136,1820,-1,-1,-1,-1,-1,-1,-1,-1,-1,-1,-1,-1,
-1,-1,-1,-1,-1,-1,2145,2870,-1,-1,-1,-1,-1,-1,-1,-1,-1,-1,-1,-1,
-1,-1,-1,-1,-1,-1,2152,-1,-1,-1,-1,-1,-1,-1,-1,2434,2134,-1,-1,-1,
-1,-1,-1,-1,-1,-1,2153,-1,1569,-1,-1,-1,-1,2367,-1,-1,-1,-1,-1,-1,
-1,-1,-1,-1,-1,-1,2155,-1,-1,2066,-1,-1,-1,-1,-1,-1,1041,-1,-1,2406,
-1,-1,-1,-1,-1,-1,2161,1588,-1,-1,-1,-1,-1,-1,-1,-1,-1,-1,-1,-1,
-1,-1,-1,-1,-1,-1,2162,2883,-1,-1,-1,-1,-1,-1,-1,-1,-1,-1,-1,-1,
-1,-1,-1,-1,-1,-1,2164,1476,-1,1668,-1,-1,-1,-1,-1,-1,-1,-1,-1,-1,
-1,-1,-1,-1,-1,-1,2165,-1,-1,-1,-1,-1,-1,2873,-1,-1,-1,-1,-1,-1,
-1,-1,-1,-1,-1,-1,2171,-1,2260,-1,-1,-1,2420,-1,-1,-1,-1,-1,-1,-1,
-1,-1,-1,-1,-1,-1,2172,-1,2409,1843,1212,1930,-1,-1,-1,-1,-1,-1,-1,-1,
-1,-1,-1,-1,-1,-1,2192,-1,2613,-1,-1,-1,-1,-1,-1,-1,-1,-1,-1,-1,
-1,-1,-1,-1,-1,-1,2196,-1,-1,-1,-1,-1,-1,-1,-1,-1,2008,-1,-1,-1,
-1,-1,-1,-1,-1,-1,2205,-1,1063,-1,-1,-1,-1,-1,-1,-1,-1,-1,-1,-1,
-1,-1,-1,-1,-1,-1,2207,-1,-1,-1,-1,2595,-1,-1,2380,-1,-1,-1,-1,2036,
-1,-1,-1,-1,-1,-1,2216,-1,-1,-1,-1,-1,-1,2409,-1,-1,-1,-1,-1,-1,
-1,-1,-1,-1,-1,-1,2218,-1,2888,-1,-1,-1,-1,-1,-1,-1,-1,-1,-1,-1,
-1,-1,-1,-1,-1,-1,2225,1364,1738,-1,-1,-1,-1,-1,-1,-1,788,-1,1127,869,
-1,-1,-1,-1,-1,-1,2230,2737,-1,-1,-1,-1,-1,-1,-1,-1,-1,-1,-1,-1,
-1,-1,-1,-1,-1,-1,-1,-1,-1,2282,1611,723,1161,1585,714,-1,-1,-1,-1,-1,
-1,-1,-1,-1,-1,-1,2243,2287,-1,-1,-1,-1,-1,-1,-1,-1,-1,-1,-1,-1,
-1,-1,-1,-1,-1,-1,2247,-1,-1,2596,2865,-1,-1,-1,-1,-1,-1,-1,-1,-1,
-1,-1,-1,-1,-1,-1,2248,2772,-1,-1,-1,-1,-1,-1,-1,-1,-1,-1,-1,-1,
-1,-1,-1,-1,-1,-1,2256,-1,-1,-1,-1,-1,2710,-1,-1,-1,-1,-1,-1,-1,
-1,-1,-1,-1,-1,-1,2266,-1,-1,-1,-1,-1,-1,-1,-1,1481,-1,-1,-1,-1,
-1,-1,-1,-1,-1,-1,2279,2083,2385,1953,-1,-1,-1,-1,-1,-1,-1,-1,-1,-1,
-1,-1,-1,-1,-1,-1,2287,-1,-1,-1,-1,-1,-1,-1,-1,-1,-1,-1,1602,-1,
-1,-1,-1,-1,-1,-1,2298,2174,-1,-1,-1,-1,-1,-1,-1,-1,-1,-1,-1,-1,
-1,-1,-1,-1,-1,-1,2313,-1,-1,-1,-1,-1,-1,1175,936,-1,-1,-1,-1,-1,
-1,-1,-1,-1,-1,2632,2317,1020,-1,-1,-1,-1,-1,-1,-1,1315,-1,-1,-1,-1,
-1,-1,-1,-1,-1,-1,2327,1531,-1,-1,-1,-1,-1,-1,-1,-1,-1,-1,-1,-1,
-1,-1,-1,-1,-1,-1,2328,2672,-1,-1,-1,-1,-1,-1,-1,-1,-1,-1,-1,-1,
-1,-1,-1,-1,1328,-1,2329,-1,-1,-1,-1,-1,-1,-1,-1,-1,-1,-1,-1,-1,
-1,-1,-1,-1,-1,-1,2342,-1,-1,-1,-1,-1,-1,-1,-1,-1,-1,-1,2565,-1,
-1,-1,-1,-1,-1,-1,2343,2636,-1,-1,-1,-1,-1,-1,-1,-1,-1,-1,-1,-1,
-1,-1,-1,-1,-1,-1,2354,-1,1899,2424,1878,2470,-1,-1,-1,-1,-1,2586,-1,-1,
-1,-1,-1,-1,-1,-1,2364,2152,-1,-1,-1,-1,-1,-1,-1,-1,-1,-1,-1,-1,
-1,-1,-1,-1,-1,-1,2369,-1,-1,-1,-1,-1,-1,-1,-1,-1,1981,-1,-1,-1,
-1,-1,-1,-1,-1,-1,2380,-1,-1,2106,-1,-1,-1,-1,-1,-1,-1,-1,-1,-1,
-1,-1,-1,-1,-1,-1,2395,-1,-1,-1,-1,2181,-1,-1,-1,-1,-1,-1,-1,-1,
-1,-1,-1,-1,-1,-1,2399,-1,-1,-1,-1,-1,-1,1779,-1,-1,-1,-1,-1,-1,
-1,-1,-1,-1,-1,-1,2402,1617,1489,2130,-1,-1,-1,-1,-1,-1,-1,-1,-1,-1,
-1,-1,-1,-1,-1,-1,2405,-1,-1,-1,-1,2055,-1,-1,-1,-1,-1,-1,-1,-1,
-1,-1,-1,-1,-1,-1,2406,-1,-1,-1,-1,-1,-1,-1,-1,-1,1155,-1,-1,-1,
-1,-1,-1,-1,-1,-1,2415,-1,-1,-1,1145,-1,-1,1463,1879,-1,-1,-1,-1,-1,
-1,-1,-1,-1,-1,-1,2417,-1,-1,2561,-1,-1,-1,-1,-1,-1,-1,-1,-1,-1,
-1,-1,-1,-1,-1,-1,2426,1326,-1,-1,-1,-1,1668,1259,-1,-1,-1,-1,-1,-1,
-1,-1,-1,-1,-1,-1,2430,-1,-1,2859,-1,-1,-1,-1,-1,-1,-1,-1,-1,-1,
-1,-1,-1,-1,-1,-1,2439,-1,-1,1349,2132,1904,-1,-1,1972,-1,-1,-1,-1,-1,
-1,-1,-1,-1,-1,-1,2442,-1,-1,2387,-1,1507,-1,-1,-1,-1,-1,-1,-1,-1,
-1,-1,-1,-1,-1,-1,2465,2492,-1,-1,-1,-1,-1,-1,-1,-1,-1,-1,-1,-1,
-1,-1,-1,-1,-1,-1,2466,-1,-1,-1,-1,-1,-1,-1,1856,-1,-1,-1,-1,-1,
-1,-1,-1,-1,-1,-1,2469,-1,-1,-1,-1,-1,-1,-1,-1,1563,-1,-1,-1,-1,
-1,-1,-1,-1,-1,-1,2474,856,-1,-1,-1,-1,603,2179,1315,802,-1,-1,-1,-1,
-1,-1,-1,-1,-1,-1,2481,-1,-1,-1,1951,-1,-1,1116,-1,-1,-1,-1,-1,-1,
-1,-1,-1,-1,-1,-1,2492,2361,-1,-1,-1,-1,-1,-1,-1,-1,-1,-1,-1,-1,
-1,-1,-1,-1,-1,-1,2493,-1,-1,-1,-1,-1,-1,-1,-1,-1,-1,-1,2364,-1,
-1,-1,-1,-1,-1,-1,2497,1110,-1,-1,-1,-1,-1,-1,-1,-1,-1,-1,-1,-1,
-1,-1,-1,-1,-1,-1,2498,-1,-1,1724,-1,-1,-1,-1,-1,-1,-1,-1,-1,-1,
-1,-1,-1,-1,-1,-1,2508,2330,-1,-1,-1,-1,-1,-1,-1,-1,-1,-1,-1,-1,
-1,-1,-1,-1,-1,-1,2509,-1,-1,-1,-1,-1,-1,-1,-1,1683,2130,-1,-1,-1,
-1,-1,-1,-1,-1,-1,2512,-1,-1,-1,-1,-1,-1,-1,-1,-1,-1,-1,-1,2114,
-1,-1,-1,-1,-1,-1,2523,1804,-1,-1,-1,-1,-1,-1,-1,-1,-1,-1,-1,-1,
-1,-1,-1,-1,-1,-1,2530,2125,-1,-1,-1,-1,-1,-1,-1,-1,-1,-1,-1,-1,
-1,-1,-1,-1,-1,-1,2540,-1,-1,-1,-1,-1,-1,-1,-1,-1,-1,-1,-1,2838,
-1,-1,-1,-1,-1,-1,2541,2264,-1,-1,-1,-1,-1,-1,-1,-1,-1,-1,-1,-1,
-1,-1,-1,-1,-1,-1,2542,2101,-1,-1,-1,-1,-1,-1,-1,-1,-1,-1,-1,-1,
-1,-1,-1,-1,-1,-1,2549,1997,-1,-1,-1,-1,-1,-1,-1,-1,-1,-1,-1,-1,
-1,-1,-1,-1,-1,-1,2559,1663,1223,-1,-1,-1,-1,-1,-1,-1,-1,-1,-1,-1,
-1,-1,-1,-1,-1,-1,2564,-1,-1,-1,-1,-1,-1,-1,2861,-1,-1,-1,-1,-1,
-1,-1,-1,-1,-1,-1,2565,-1,2188,-1,-1,1872,2299,-1,-1,-1,-1,-1,-1,-1,
-1,-1,-1,-1,-1,-1,2580,-1,-1,-1,-1,-1,-1,-1,-1,-1,-1,2755,-1,-1,
-1,-1,-1,-1,-1,-1,2581,-1,-1,1503,2775,-1,-1,-1,-1,-1,-1,-1,-1,-1,
-1,-1,-1,-1,-1,-1,2586,2097,1935,-1,-1,-1,-1,-1,-1,-1,-1,-1,-1,-1,
-1,-1,-1,-1,-1,-1,2610,-1,-1,-1,-1,-1,-1,-1,-1,-1,-1,-1,-1,2013,
-1,-1,-1,-1,-1,-1,2614,-1,-1,-1,-1,-1,-1,-1,1551,-1,-1,-1,-1,-1,
-1,-1,-1,-1,-1,-1,2618,-1,-1,-1,2693,-1,-1,2400,2257,-1,-1,-1,-1,-1,
-1,-1,-1,-1,-1,-1,2628,-1,-1,-1,-1,-1,-1,-1,-1,-1,-1,-1,-1,2392,
-1,-1,-1,-1,-1,-1,2630,2611,1422,-1,-1,-1,-1,-1,-1,-1,-1,-1,-1,-1,
-1,-1,-1,-1,-1,-1,2631,-1,-1,-1,-1,-1,-1,-1,-1,-1,-1,-1,1881,-1,
-1,-1,-1,-1,-1,-1,2640,-1,1222,1513,1906,-1,-1,-1,-1,-1,-1,-1,-1,-1,
-1,-1,-1,-1,-1,-1,2649,2777,-1,2568,2242,-1,1726,-1,-1,-1,-1,-1,2427,-1,
-1,-1,-1,-1,-1,-1,2656,2528,-1,-1,-1,-1,-1,-1,-1,-1,-1,-1,-1,-1,
-1,-1,-1,-1,-1,-1,2668,-1,-1,-1,1627,-1,-1,-1,-1,-1,-1,-1,-1,-1,
-1,-1,-1,-1,-1,-1,2678,-1,-1,2431,-1,-1,-1,-1,-1,-1,-1,-1,-1,-1,
-1,-1,-1,-1,-1,-1,2687,2446,-1,-1,-1,-1,-1,-1,-1,-1,-1,-1,-1,-1,
-1,-1,-1,-1,-1,-1,2690,-1,-1,-1,2249,1940,-1,-1,-1,-1,-1,-1,-1,-1,
-1,-1,-1,-1,-1,-1,2702,-1,-1,2118,-1,-1,-1,-1,-1,-1,-1,-1,-1,-1,
-1,-1,-1,-1,-1,-1,2717,-1,1881,1676,-1,-1,-1,-1,-1,-1,-1,-1,1529,1061,
-1,-1,-1,-1,-1,-1,2734,-1,-1,-1,-1,-1,-1,-1,-1,-1,-1,2247,2696,-1,
-1,-1,-1,-1,-1,-1,2740,-1,-1,-1,2062,-1,-1,-1,-1,-1,-1,-1,-1,-1,
-1,-1,-1,-1,-1,-1,2759,-1,-1,-1,-1,-1,-1,-1,-1,-1,2626,-1,-1,-1,
-1,-1,-1,-1,-1,-1,2762,2389,-1,-1,-1,-1,-1,-1,-1,-1,-1,-1,-1,-1,
-1,-1,-1,-1,-1,-1,2766,-1,1022,1537,-1,-1,-1,-1,-1,-1,-1,-1,-1,-1,
-1,-1,-1,-1,-1,-1,2776,-1,-1,1452,-1,-1,-1,-1,-1,-1,-1,-1,-1,-1,
-1,-1,-1,-1,-1,-1,2780,-1,2819,-1,-1,-1,-1,-1,-1,-1,-1,-1,-1,-1,
-1,-1,-1,-1,-1,-1,2801,-1,-1,-1,-1,-1,-1,-1,-1,-1,-1,-1,1423,-1,
-1,-1,-1,-1,-1,-1,2807,-1,-1,1743,-1,-1,-1,-1,-1,-1,-1,1724,-1,-1,
-1,-1,-1,-1,-1,-1,2813,-1,-1,-1,-1,-1,-1,-1,1940,-1,-1,-1,-1,-1,
-1,-1,-1,-1,-1,-1,2823,-1,1865,-1,-1,-1,-1,-1,-1,-1,-1,-1,-1,-1,
-1,-1,-1,-1,-1,-1,2833,2545,-1,-1,-1,-1,-1,-1,-1,-1,-1,-1,-1,-1,
-1,-1,-1,-1,-1,-1,2840,2249,1767,-1,-1,-1,-1,-1,-1,-1,-1,-1,-1,-1,
-1,-1,-1,-1,-1,-1,2844,-1,-1,-1,-1,-1,-1,-1,2149,-1,-1,-1,-1,-1,
-1,-1,-1,-1,-1,-1,2866,2830,-1,-1,-1,-1,-1,-1,-1,-1,-1,-1,-1,-1,
-1,-1,-1,-1,-1,-1,2871,1664,-1,-1,-1,-1,-1,-1,-1,-1,-1,-1,-1,-1,
-1,-1,-1,-1,-1,-1,2874,-1,-1,-1,-1,-1,2512,-1,-1,-1,-1,-1,-1,-1,
-1,-1,-1,-1,-1,-1,2875,-1,1892,-1,-1,-1,-1,-1,-1,-1,-1,-1,-1,-1,
-1,-1,-1,-1,-1,-1,2876,-1,-1,-1,-1,-1,-1,-1,-1,-1,2508,-1,-1,-1,
-1,-1,-1,-1,-1,-1,2881,2532,2471,-1,-1,-1,-1,-1,2472,-1,-1,-1,-1,-1,
-1,-1,-1,-1,-1,-1,2910,-1,-1,-1,-1,-1,-1,-1,1554,-1,2866,-1,2990,-1,
-1,-1,-1,-1,-1,-1,2911,2757,-1,2422,2869,-1,-1,-1,-1,-1,2704,-1,-1,-1,
-1,-1,-1,-1,-1,-1,2913,1947,-1,-1,-1,-1,-1,-1,-1,-1,-1,-1,-1,-1,
-1,-1,-1,-1,-1,-1,2931,-1,-1,-1,-1,2014,-1,-1,-1,-1,-1,-1,-1,-1,
-1,-1,-1,-1,-1,-1,2961,-1,-1,2571,2180,-1,-1,-1,-1,-1,-1,-1,-1,-1,
-1,-1,-1,-1,-1,-1,2966,-1,-1,-1,-1,1622,-1,-1,-1,-1,-1,-1,-1,-1,
-1,-1,-1,-1,-1,-1,2971,-1,2254,-1,-1,-1,-1,-1,-1,-1,-1,-1,-1,-1,
-1,-1,-1,-1,-1,-1,2973,-1,2641,-1,-1,-1,-1,-1,-1,-1,-1,-1,-1,-1,
-1,-1,-1,-1,-1,-1,2979,-1,-1,1596,2138,-1,-1,-1,-1,-1,-1,-1,-1,-1,
-1,-1,-1,-1,-1,-1,2982,-1,-1,-1,2100,-1,-1,-1,-1,-1,-1,-1,-1,-1,
-1,-1,-1,-1,-1,-1,-1,11,2,-1,-1,-1,-1,-1,13,-1,-1,-1,-1,-1,
-1,-1,-1,-1,-1,-1,-1,13,4,-1,-1,-1,-1,-1,-1,-1,-1,-1,-1,-1,
-1,-1,-1,-1,-1,-1,-1,14,-1,-1,116,47,-1,-1,-1,-1,-1,-1,-1,-1,
-1,-1,-1,-1,-1,-1,-1,20,112,-1,-1,-1,-1,-1,-1,-1,-1,-1,-1,-1,
-1,-1,-1,-1,-1,-1,-1,24,-1,26,-1,-1,-1,-1,-1,-1,-1,-1,-1,-1,
-1,-1,-1,-1,-1,-1,-1,29,39,-1,-1,-1,-1,-1,-1,-1,-1,-1,-1,-1,
-1,-1,-1,-1,-1,-1,-1,42,-1,-1,-1,-1,-1,-1,-1,-1,177,92,166,-1,
-1,-1,-1,-1,-1,-1,-1,49,-1,27,-1,-1,-1,-1,-1,138,-1,-1,-1,-1,
-1,-1,-1,-1,-1,-1,-1,56,145,-1,-1,-1,-1,-1,-1,-1,-1,-1,-1,-1,
-1,-1,-1,-1,-1,-1,-1,58,77,-1,-1,-1,-1,-1,-1,-1,-1,-1,-1,-1,
-1,-1,-1,-1,-1,-1,-1,72,44,-1,-1,100,-1,-1,-1,-1,-1,-1,-1,-1,
-1,-1,-1,-1,-1,-1,-1,75,55,-1,-1,-1,-1,-1,-1,-1,-1,-1,-1,-1,
-1,-1,-1,-1,-1,-1,-1,82,128,167,-1,-1,-1,-1,-1,-1,-1,-1,-1,-1,
-1,-1,-1,-1,-1,-1,-1,83,98,-1,-1,-1,-1,-1,-1,-1,-1,-1,-1,-1,
-1,-1,-1,-1,-1,-1,-1,96,58,-1,-1,-1,-1,-1,-1,-1,227,-1,-1,-1,
-1,-1,-1,-1,-1,-1,-1,102,76,-1,-1,-1,-1,-1,-1,-1,-1,-1,-1,-1,
-1,-1,-1,-1,-1,-1,-1,106,134,-1,-1,-1,-1,-1,-1,-1,-1,-1,-1,-1,
-1,-1,-1,-1,-1,-1,-1,109,93,282,-1,-1,-1,-1,-1,-1,-1,-1,-1,-1,
-1,-1,-1,-1,-1,-1,-1,126,65,-1,-1,-1,-1,-1,-1,-1,-1,-1,-1,-1,
-1,-1,-1,-1,-1,-1,-1,134,138,-1,-1,-1,-1,-1,-1,-1,-1,-1,-1,-1,
-1,-1,-1,-1,-1,-1,-1,144,-1,-1,-1,187,402,-1,-1,-1,-1,-1,-1,-1,
-1,-1,-1,-1,-1,-1,-1,148,-1,-1,-1,-1,-1,-1,-1,-1,169,206,-1,-1,
-1,-1,-1,-1,-1,-1,-1,159,-1,-1,30,-1,14,-1,37,-1,-1,-1,-1,-1,
-1,-1,-1,-1,-1,-1,-1,161,-1,-1,-1,-1,-1,-1,-1,-1,-1,-1,-1,37,
-1,-1,-1,-1,-1,-1,-1,163,148,-1,-1,-1,-1,-1,-1,-1,-1,-1,265,-1,
-1,-1,-1,-1,-1,-1,-1,168,62,301,-1,-1,-1,-1,-1,250,190,-1,-1,398,
-1,-1,-1,-1,-1,-1,-1,177,-1,-1,-1,-1,312,-1,-1,-1,-1,-1,-1,-1,
-1,-1,-1,-1,-1,-1,-1,184,366,-1,-1,-1,-1,-1,-1,-1,-1,190,91,-1,
-1,-1,-1,-1,-1,-1,-1,201,-1,186,-1,-1,-1,-1,-1,-1,-1,-1,-1,-1,
-1,-1,-1,-1,-1,-1,-1,203,125,-1,-1,-1,-1,-1,-1,-1,-1,-1,-1,-1,
-1,-1,-1,-1,-1,-1,-1,207,-1,33,-1,-1,-1,-1,-1,-1,-1,-1,-1,-1,
-1,-1,-1,-1,-1,-1,-1,215,224,-1,-1,-1,-1,-1,-1,-1,-1,-1,-1,-1,
-1,-1,-1,-1,-1,-1,-1,239,470,-1,-1,-1,-1,-1,-1,-1,-1,-1,-1,-1,
-1,-1,-1,-1,-1,-1,-1,248,-1,62,-1,-1,-1,-1,-1,-1,-1,-1,-1,-1,
-1,-1,-1,-1,-1,-1,-1,252,328,-1,391,-1,-1,-1,-1,-1,-1,-1,-1,-1,
-1,-1,-1,-1,-1,-1,-1,265,-1,-1,-1,-1,-1,-1,-1,555,-1,-1,-1,-1,
-1,-1,-1,-1,-1,-1,-1,274,346,857,-1,-1,-1,-1,-1,-1,-1,-1,-1,-1,
-1,-1,-1,-1,-1,-1,-1,275,261,475,-1,-1,-1,-1,-1,-1,-1,-1,-1,-1,
-1,-1,-1,-1,-1,-1,-1,276,-1,-1,-1,-1,-1,-1,-1,-1,-1,-1,559,-1,
-1,-1,-1,-1,-1,-1,-1,289,-1,-1,-1,-1,-1,-1,-1,-1,-1,-1,261,428,
-1,-1,-1,-1,-1,-1,-1,293,-1,216,-1,-1,-1,-1,-1,-1,-1,-1,-1,-1,
-1,-1,-1,-1,-1,-1,-1,295,-1,722,640,259,1077,-1,-1,-1,-1,-1,-1,-1,
-1,-1,-1,-1,-1,-1,-1,298,-1,-1,123,-1,277,-1,-1,-1,-1,-1,-1,-1,
-1,-1,-1,-1,-1,-1,-1,302,300,-1,-1,-1,-1,-1,-1,-1,-1,-1,-1,-1,
-1,-1,-1,-1,-1,-1,-1,311,854,-1,-1,-1,-1,-1,-1,-1,-1,-1,-1,-1,
-1,-1,-1,-1,-1,-1,-1,325,-1,-1,569,-1,-1,-1,-1,-1,-1,-1,-1,-1,
-1,-1,-1,-1,-1,-1,-1,330,-1,152,-1,213,-1,-1,-1,-1,-1,-1,-1,-1,
-1,-1,-1,-1,-1,-1,-1,342,-1,773,-1,-1,-1,-1,-1,-1,552,-1,-1,-1,
-1,-1,-1,-1,-1,-1,-1,349,-1,920,-1,-1,395,-1,-1,-1,-1,-1,-1,-1,
-1,-1,-1,-1,-1,-1,-1,355,745,-1,1093,1581,-1,-1,-1,-1,-1,-1,-1,-1,
-1,-1,-1,-1,-1,-1,-1,359,-1,-1,-1,-1,-1,680,-1,-1,-1,-1,-1,-1,
-1,-1,-1,-1,-1,-1,-1,363,618,1344,-1,-1,-1,-1,-1,-1,-1,-1,-1,-1,
-1,-1,-1,-1,-1,-1,-1,375,-1,-1,-1,-1,-1,-1,-1,-1,-1,-1,-1,610,
-1,-1,-1,-1,-1,-1,-1,377,797,-1,-1,-1,-1,-1,-1,-1,-1,-1,-1,-1,
-1,-1,-1,-1,-1,-1,-1,381,-1,-1,-1,658,-1,-1,-1,-1,-1,-1,-1,-1,
-1,-1,-1,-1,-1,-1,-1,392,-1,90,102,-1,142,-1,107,82,58,265,42,-1,
-1,-1,-1,-1,-1,-1,-1,406,585,-1,-1,-1,-1,-1,-1,-1,-1,-1,-1,-1,
-1,-1,-1,-1,-1,-1,-1,413,177,-1,-1,-1,-1,-1,-1,-1,-1,-1,-1,-1,
-1,-1,-1,-1,-1,-1,-1,421,173,-1,-1,-1,-1,-1,-1,-1,-1,-1,-1,-1,
-1,-1,-1,-1,-1,-1,-1,424,690,-1,-1,-1,-1,-1,-1,-1,-1,-1,-1,-1,
-1,-1,-1,-1,-1,-1,-1,431,-1,-1,-1,1046,-1,-1,-1,-1,-1,-1,-1,-1,
-1,-1,-1,-1,-1,-1,-1,434,234,534,711,-1,-1,-1,-1,-1,-1,-1,-1,-1,
-1,-1,-1,-1,-1,-1,-1,441,-1,-1,-1,-1,-1,-1,441,660,-1,-1,-1,-1,
-1,-1,-1,-1,-1,-1,-1,447,-1,-1,-1,140,82,210,-1,-1,-1,-1,-1,-1,
-1,-1,-1,-1,-1,-1,-1,450,-1,1167,637,-1,-1,-1,-1,-1,-1,-1,-1,-1,
-1,-1,-1,-1,-1,-1,-1,456,150,-1,-1,-1,-1,-1,-1,-1,-1,-1,-1,-1,
-1,-1,-1,-1,-1,-1,-1,458,-1,-1,-1,-1,-1,-1,-1,-1,-1,-1,806,-1,
-1,-1,-1,-1,-1,-1,-1,469,689,615,312,578,414,291,-1,715,-1,-1,738,-1,
-1,-1,-1,-1,-1,-1,-1,472,650,-1,-1,-1,-1,-1,-1,-1,-1,-1,-1,-1,
-1,-1,-1,-1,-1,-1,-1,475,859,-1,-1,-1,-1,-1,-1,-1,-1,-1,-1,-1,
-1,-1,-1,-1,-1,-1,-1,477,624,-1,-1,-1,-1,-1,-1,-1,-1,-1,-1,-1,
-1,-1,-1,-1,-1,-1,-1,478,-1,-1,407,944,-1,-1,-1,-1,-1,-1,-1,-1,
-1,-1,-1,-1,-1,-1,-1,480,-1,898,-1,-1,-1,-1,-1,-1,-1,-1,-1,-1,
-1,-1,-1,-1,-1,-1,-1,485,392,-1,-1,-1,-1,-1,-1,-1,-1,-1,-1,-1,
-1,-1,-1,-1,-1,-1,-1,491,-1,-1,-1,-1,-1,-1,-1,-1,-1,826,-1,-1,
-1,-1,-1,-1,-1,-1,-1,497,-1,-1,-1,-1,-1,-1,656,666,-1,-1,-1,-1,
-1,-1,-1,-1,-1,-1,-1,499,1027,1092,730,613,423,1285,-1,-1,-1,-1,-1,-1,
-1,-1,-1,-1,-1,-1,-1,504,963,-1,-1,-1,-1,-1,1095,-1,-1,-1,-1,-1,
-1,-1,-1,-1,-1,-1,-1,510,-1,-1,-1,-1,-1,-1,475,-1,-1,-1,-1,-1,
-1,-1,-1,-1,-1,-1,-1,511,608,-1,-1,-1,-1,-1,-1,-1,-1,-1,-1,-1,
-1,-1,-1,-1,-1,-1,-1,518,862,-1,-1,-1,-1,-1,-1,-1,-1,-1,-1,-1,
-1,-1,-1,-1,-1,-1,-1,521,360,-1,-1,-1,-1,-1,-1,-1,-1,-1,-1,-1,
-1,-1,-1,-1,-1,-1,-1,530,407,-1,-1,-1,-1,-1,-1,-1,-1,-1,-1,-1,
-1,-1,-1,-1,-1,-1,-1,536,-1,-1,-1,-1,-1,-1,1133,-1,-1,-1,-1,-1,
-1,-1,-1,-1,-1,-1,-1,543,-1,-1,-1,998,195,-1,-1,-1,-1,-1,-1,-1,
-1,-1,-1,-1,-1,-1,-1,544,-1,836,-1,-1,-1,-1,-1,-1,-1,-1,-1,-1,
-1,-1,-1,-1,-1,-1,-1,553,467,844,-1,605,634,-1,-1,-1,-1,-1,-1,-1,
-1,-1,-1,-1,-1,-1,-1,555,226,-1,-1,-1,-1,-1,207,-1,271,-1,139,-1,
-1,-1,-1,-1,-1,-1,-1,564,-1,-1,-1,-1,-1,-1,-1,604,-1,-1,-1,-1,
-1,-1,-1,-1,-1,-1,-1,566,511,-1,-1,-1,-1,-1,-1,649,654,507,-1,-1,
-1,-1,-1,-1,-1,-1,-1,573,-1,776,-1,-1,-1,-1,-1,-1,-1,-1,-1,-1,
-1,-1,-1,-1,-1,-1,-1,574,-1,-1,-1,-1,897,596,888,-1,-1,-1,766,-1,
-1,-1,-1,-1,-1,-1,-1,575,622,-1,-1,-1,-1,-1,-1,-1,-1,-1,-1,-1,
-1,-1,-1,-1,-1,-1,-1,582,-1,-1,-1,-1,-1,-1,-1,832,1432,-1,-1,670,
-1,-1,-1,-1,-1,-1,-1,584,-1,-1,-1,-1,-1,-1,-1,1003,-1,-1,-1,-1,
-1,-1,-1,-1,-1,-1,-1,588,592,1297,-1,-1,-1,-1,-1,-1,-1,-1,-1,-1,
-1,-1,-1,-1,-1,-1,-1,592,-1,-1,-1,-1,-1,-1,-1,-1,293,-1,-1,-1,
-1,-1,-1,-1,-1,-1,-1,596,-1,-1,-1,-1,-1,-1,-1,-1,-1,-1,385,-1,
-1,-1,-1,-1,-1,-1,-1,597,-1,-1,-1,-1,504,-1,-1,-1,-1,-1,-1,-1,
-1,-1,-1,-1,-1,-1,-1,609,375,413,1149,-1,-1,-1,-1,-1,-1,-1,-1,-1,
-1,-1,-1,-1,-1,-1,-1,614,-1,-1,-1,-1,-1,-1,1000,-1,-1,-1,-1,-1,
-1,-1,-1,-1,-1,-1,-1,631,385,-1,883,891,-1,1218,-1,-1,-1,-1,-1,-1,
-1,-1,-1,-1,-1,-1,-1,640,-1,563,-1,-1,-1,-1,-1,-1,-1,-1,-1,-1,
-1,-1,-1,-1,-1,-1,-1,651,546,-1,-1,-1,-1,-1,454,445,-1,-1,-1,-1,
-1,-1,-1,-1,-1,-1,-1,661,568,-1,-1,-1,-1,-1,-1,-1,-1,-1,-1,-1,
-1,-1,-1,-1,-1,-1,-1,670,-1,-1,-1,-1,-1,-1,288,-1,-1,-1,-1,-1,
-1,-1,-1,-1,-1,-1,-1,673,1488,-1,-1,-1,-1,-1,-1,-1,-1,-1,-1,-1,
-1,-1,-1,-1,-1,-1,-1,674,-1,1599,-1,1136,1246,1098,-1,-1,-1,-1,-1,-1,
-1,-1,-1,-1,-1,-1,-1,675,464,1042,-1,-1,-1,-1,-1,-1,-1,-1,-1,-1,
-1,-1,-1,-1,-1,-1,-1,677,-1,-1,-1,-1,-1,-1,532,385,-1,-1,-1,-1,
-1,-1,-1,-1,-1,-1,-1,686,-1,-1,-1,-1,-1,-1,-1,313,-1,-1,-1,-1,
-1,-1,-1,-1,-1,-1,-1,690,361,-1,-1,-1,-1,-1,-1,-1,-1,-1,-1,-1,
-1,-1,-1,-1,-1,-1,-1,695,1431,548,-1,-1,-1,-1,-1,-1,-1,-1,-1,-1,
-1,-1,-1,-1,-1,-1,-1,700,1020,-1,-1,-1,-1,-1,-1,-1,-1,334,-1,-1,
-1,-1,-1,-1,-1,-1,-1,702,-1,-1,-1,-1,-1,-1,-1,-1,-1,-1,-1,1268,
-1,-1,-1,-1,-1,-1,-1,709,-1,-1,-1,-1,-1,-1,676,-1,-1,-1,-1,-1,
-1,-1,-1,-1,-1,-1,-1,710,907,-1,-1,-1,-1,-1,-1,-1,-1,-1,-1,-1,
-1,-1,-1,-1,-1,-1,-1,711,739,-1,-1,-1,-1,-1,-1,-1,-1,-1,-1,-1,
-1,-1,-1,-1,-1,-1,-1,714,558,-1,-1,-1,-1,-1,-1,-1,-1,-1,-1,-1,
-1,-1,-1,-1,-1,-1,-1,727,-1,1140,582,987,371,433,-1,512,478,-1,-1,227,
-1,-1,-1,-1,-1,-1,-1,728,-1,-1,-1,-1,-1,295,-1,-1,-1,-1,-1,-1,
-1,-1,-1,-1,-1,-1,-1,740,-1,-1,490,-1,-1,-1,1502,1205,-1,-1,-1,-1,
-1,-1,-1,-1,-1,-1,-1,743,1379,-1,-1,-1,-1,-1,-1,-1,-1,-1,-1,-1,
-1,-1,-1,-1,-1,-1,-1,752,232,-1,-1,-1,-1,-1,-1,566,-1,-1,1219,-1,
-1,-1,-1,-1,-1,-1,-1,758,-1,-1,-1,-1,-1,-1,-1,-1,-1,-1,711,-1,
-1,-1,-1,-1,-1,-1,-1,766,-1,-1,-1,647,-1,-1,-1,-1,-1,-1,-1,-1,
-1,-1,-1,-1,-1,-1,-1,771,1376,-1,1057,425,-1,-1,-1,-1,-1,-1,-1,-1,
-1,-1,-1,-1,-1,-1,-1,792,-1,-1,-1,-1,1594,-1,-1,-1,-1,-1,-1,-1,
-1,-1,-1,-1,-1,-1,-1,800,-1,-1,-1,-1,-1,-1,359,-1,-1,-1,-1,-1,
-1,-1,-1,-1,-1,-1,-1,828,-1,-1,-1,-1,-1,-1,-1,-1,-1,641,-1,-1,
-1,-1,-1,-1,-1,-1,-1,832,-1,-1,-1,-1,1414,819,-1,-1,-1,-1,-1,-1,
-1,-1,-1,-1,-1,-1,-1,834,971,-1,-1,-1,-1,-1,-1,-1,268,-1,-1,-1,
-1,-1,-1,-1,-1,-1,-1,841,-1,-1,-1,1174,1817,-1,-1,-1,-1,-1,-1,-1,
-1,-1,-1,-1,-1,-1,-1,850,336,343,520,495,-1,-1,-1,788,386,-1,-1,-1,
-1,-1,-1,-1,-1,-1,-1,860,-1,-1,-1,-1,-1,1892,-1,-1,-1,-1,-1,-1,
-1,-1,-1,-1,-1,-1,-1,876,-1,597,-1,-1,-1,-1,-1,-1,-1,-1,-1,-1,
-1,-1,-1,-1,-1,-1,-1,878,396,-1,-1,-1,-1,-1,-1,-1,-1,550,-1,-1,
-1,-1,-1,-1,-1,-1,-1,893,-1,-1,919,-1,-1,-1,-1,-1,1151,-1,-1,-1,
-1,-1,-1,-1,-1,-1,-1,894,2462,2323,2193,1381,-1,-1,-1,-1,-1,1477,2810,1971,
-1,-1,-1,-1,-1,-1,-1,896,-1,-1,-1,-1,1466,-1,2471,-1,-1,-1,1774,-1,
-1,-1,-1,-1,-1,-1,-1,916,1082,-1,-1,-1,-1,-1,-1,-1,-1,-1,-1,-1,
-1,-1,-1,-1,-1,-1,-1,926,1015,-1,-1,-1,-1,-1,-1,-1,-1,-1,-1,-1,
-1,-1,-1,-1,-1,-1,-1,929,1392,-1,-1,-1,-1,-1,-1,-1,-1,-1,-1,-1,
-1,-1,-1,-1,-1,-1,-1,933,-1,-1,2816,-1,2207,-1,-1,2168,-1,2746,-1,1943,
-1,-1,-1,-1,-1,-1,-1,934,-1,-1,-1,-1,-1,-1,-1,-1,458,-1,-1,-1,
-1,-1,-1,-1,-1,-1,-1,935,1391,-1,-1,-1,-1,-1,-1,-1,-1,-1,-1,-1,
-1,-1,-1,-1,-1,-1,-1,938,-1,839,-1,-1,-1,-1,-1,-1,-1,-1,-1,-1,
-1,-1,-1,-1,-1,-1,-1,939,1656,-1,-1,-1,-1,-1,-1,-1,-1,-1,-1,-1,
-1,-1,-1,-1,-1,-1,-1,940,1442,-1,-1,-1,-1,-1,-1,-1,-1,-1,-1,-1,
-1,-1,-1,-1,-1,-1,-1,943,-1,-1,-1,-1,-1,-1,-1,-1,-1,-1,-1,1359,
-1,-1,-1,-1,-1,-1,-1,948,-1,1356,-1,-1,-1,-1,-1,-1,-1,-1,-1,-1,
-1,-1,-1,-1,-1,-1,-1,952,428,-1,-1,-1,-1,-1,-1,-1,-1,-1,-1,-1,
-1,-1,-1,-1,-1,-1,-1,958,1036,1418,-1,-1,-1,-1,-1,-1,-1,-1,-1,-1,
-1,-1,-1,-1,-1,-1,-1,961,1480,-1,-1,-1,-1,-1,-1,-1,-1,-1,-1,-1,
-1,-1,-1,-1,-1,-1,-1,963,-1,-1,-1,-1,-1,-1,373,-1,-1,-1,-1,-1,
-1,-1,-1,-1,-1,-1,-1,973,1452,-1,-1,-1,-1,-1,-1,-1,-1,-1,-1,-1,
-1,-1,-1,-1,-1,-1,-1,980,-1,-1,-1,-1,918,414,738,-1,-1,-1,-1,-1,
-1,-1,-1,-1,-1,-1,-1,984,441,1029,1032,-1,513,-1,-1,-1,-1,-1,-1,-1,
-1,-1,-1,-1,-1,-1,-1,1003,403,364,-1,-1,-1,-1,-1,-1,-1,-1,-1,-1,
-1,-1,-1,-1,-1,-1,-1,1013,-1,1488,-1,-1,-1,-1,-1,-1,-1,-1,-1,-1,
-1,-1,-1,-1,-1,-1,-1,1014,737,472,654,1220,1609,-1,-1,-1,-1,-1,-1,-1,
-1,-1,-1,-1,-1,-1,-1,1018,-1,-1,-1,838,854,-1,-1,-1,-1,-1,-1,-1,
-1,-1,-1,-1,-1,-1,-1,1022,-1,-1,1216,916,-1,-1,-1,-1,-1,-1,-1,-1,
-1,-1,-1,-1,-1,-1,-1,1023,1889,-1,-1,-1,-1,-1,-1,-1,-1,-1,-1,-1,
-1,-1,-1,-1,-1,-1,-1,1025,-1,-1,1683,971,-1,-1,-1,-1,-1,-1,-1,-1,
-1,-1,-1,-1,-1,-1,-1,1027,-1,-1,-1,-1,-1,-1,-1,-1,-1,-1,-1,602,
-1,-1,-1,-1,-1,-1,-1,1030,1699,-1,-1,-1,-1,-1,1536,-1,-1,-1,-1,-1,
-1,-1,-1,-1,-1,-1,-1,1042,720,-1,-1,-1,-1,-1,-1,-1,-1,-1,-1,-1,
-1,-1,-1,-1,-1,-1,-1,1044,2339,1626,-1,-1,-1,2527,-1,1553,-1,-1,-1,-1,
-1,-1,-1,-1,-1,-1,-1,1047,-1,632,-1,-1,-1,-1,-1,-1,-1,-1,-1,1277,
-1,-1,-1,-1,-1,-1,-1,1048,562,-1,-1,-1,-1,-1,-1,-1,-1,-1,-1,-1,
-1,-1,-1,-1,-1,-1,-1,1055,-1,-1,-1,-1,-1,-1,-1,-1,-1,-1,1255,1131,
-1,-1,-1,-1,-1,-1,-1,1057,742,-1,-1,-1,-1,-1,710,-1,-1,-1,-1,1228,
-1,-1,-1,-1,-1,-1,-1,1062,471,-1,-1,-1,-1,-1,-1,-1,-1,-1,-1,-1,
-1,-1,-1,-1,-1,-1,-1,1063,-1,-1,-1,2031,-1,-1,-1,-1,-1,-1,-1,-1,
2432,-1,-1,-1,-1,-1,-1,1066,1878,-1,-1,-1,-1,-1,-1,-1,-1,-1,-1,-1,
-1,-1,-1,-1,-1,-1,-1,1068,-1,-1,-1,-1,-1,-1,2225,-1,-1,-1,-1,-1,
-1,-1,-1,-1,-1,-1,-1,1086,-1,-1,-1,-1,-1,-1,-1,-1,2038,1047,-1,-1,
-1,-1,-1,-1,-1,-1,-1,1090,2230,-1,-1,-1,-1,-1,-1,-1,1690,-1,-1,-1,
-1,-1,-1,-1,-1,-1,-1,1094,729,-1,-1,-1,-1,-1,-1,-1,-1,-1,-1,-1,
-1,-1,-1,-1,-1,-1,-1,1095,1868,-1,-1,-1,-1,-1,-1,-1,-1,-1,-1,-1,
-1,-1,-1,-1,-1,-1,-1,1104,1631,2306,-1,-1,-1,-1,-1,-1,-1,-1,-1,-1,
-1,-1,-1,-1,-1,-1,-1,1109,-1,-1,-1,-1,958,-1,-1,-1,-1,-1,-1,-1,
-1,-1,-1,-1,-1,-1,-1,1111,-1,-1,-1,-1,-1,-1,-1,-1,-1,-1,1266,-1,
-1,-1,-1,-1,-1,-1,-1,1117,822,693,-1,-1,-1,-1,-1,-1,-1,-1,-1,-1,
-1,-1,-1,-1,-1,-1,-1,1123,1202,-1,-1,-1,-1,-1,-1,-1,-1,-1,-1,-1,
-1,-1,-1,-1,-1,-1,-1,1124,1701,-1,-1,-1,-1,-1,-1,-1,-1,-1,-1,-1,
-1,-1,-1,-1,-1,-1,-1,1125,-1,1898,-1,-1,-1,-1,-1,-1,-1,-1,1809,-1,
-1,-1,-1,-1,-1,-1,-1,1131,1298,-1,-1,-1,-1,-1,-1,-1,-1,-1,-1,-1,
-1,-1,-1,-1,-1,-1,-1,1135,-1,-1,2051,1601,1127,2648,-1,-1,-1,-1,-1,-1,
-1,-1,-1,-1,-1,-1,-1,1136,2412,-1,-1,-1,-1,-1,-1,-1,-1,-1,-1,-1,
-1,-1,-1,-1,-1,-1,-1,1138,-1,1230,-1,-1,-1,-1,-1,-1,-1,-1,-1,-1,
-1,-1,-1,-1,-1,-1,-1,1140,-1,-1,-1,2049,-1,-1,-1,-1,-1,-1,-1,-1,
-1,-1,-1,-1,-1,-1,-1,1141,526,-1,-1,-1,-1,-1,-1,-1,-1,-1,-1,-1,
-1,-1,-1,-1,-1,-1,-1,1143,-1,-1,-1,-1,-1,-1,-1,-1,-1,-1,1693,-1,
-1,-1,-1,-1,-1,-1,-1,1148,-1,1911,-1,-1,-1,-1,837,-1,-1,-1,-1,-1,
-1,-1,-1,-1,-1,-1,-1,1150,-1,-1,-1,-1,-1,-1,903,-1,-1,1310,-1,-1,
-1,-1,-1,-1,-1,-1,-1,1151,502,-1,-1,-1,-1,-1,-1,-1,-1,-1,-1,-1,
-1,-1,-1,-1,-1,-1,-1,1152,-1,-1,-1,-1,-1,-1,-1,-1,-1,-1,1222,-1,
-1,-1,-1,-1,-1,-1,-1,1156,-1,1133,-1,-1,-1,-1,-1,-1,-1,-1,-1,-1,
-1,-1,-1,-1,-1,-1,-1,1157,1999,-1,-1,-1,-1,-1,-1,-1,-1,-1,-1,-1,
-1,-1,-1,-1,-1,-1,-1,1161,-1,2167,-1,-1,-1,-1,-1,-1,-1,-1,-1,-1,
-1,-1,-1,-1,-1,-1,-1,1164,910,-1,-1,-1,-1,-1,-1,-1,-1,-1,-1,-1,
-1,-1,-1,-1,-1,-1,-1,1172,-1,-1,-1,-1,-1,-1,-1,1412,1178,-1,767,-1,
-1,-1,-1,-1,-1,-1,-1,1176,-1,-1,-1,-1,-1,-1,-1,689,917,1431,-1,-1,
-1,-1,-1,-1,-1,-1,-1,1183,-1,-1,-1,-1,1493,-1,-1,-1,-1,-1,-1,-1,
-1,-1,-1,-1,-1,-1,-1,1185,1009,-1,-1,-1,-1,-1,-1,-1,-1,-1,-1,-1,
-1,-1,-1,-1,-1,-1,-1,1201,-1,700,940,-1,-1,-1,-1,-1,-1,-1,-1,-1,
-1,-1,-1,-1,-1,-1,-1,1210,816,-1,-1,-1,-1,-1,-1,-1,-1,-1,-1,-1,
-1,-1,-1,-1,-1,-1,-1,1212,619,-1,-1,-1,-1,-1,-1,-1,-1,-1,-1,-1,
-1,-1,-1,-1,-1,-1,-1,1216,-1,-1,-1,-1,-1,2028,-1,-1,-1,-1,-1,-1,
-1,-1,-1,-1,-1,-1,-1,1221,-1,-1,-1,-1,1208,-1,-1,-1,-1,-1,-1,-1,
-1,-1,-1,-1,-1,-1,-1,1222,-1,-1,954,2100,-1,-1,-1,-1,-1,-1,-1,-1,
-1,-1,-1,-1,-1,-1,-1,1228,715,484,529,-1,640,-1,-1,-1,-1,-1,-1,-1,
-1,-1,-1,-1,-1,-1,-1,1234,-1,-1,2712,2466,-1,-1,-1,-1,-1,-1,-1,-1,
-1,-1,-1,-1,-1,-1,-1,1246,-1,-1,-1,-1,917,-1,-1,-1,-1,-1,-1,-1,
-1,-1,-1,-1,-1,-1,-1,1252,959,1480,-1,-1,-1,-1,-1,-1,-1,-1,2250,-1,
-1,-1,-1,-1,-1,-1,-1,1254,721,-1,-1,-1,-1,-1,-1,-1,-1,-1,-1,-1,
-1,-1,-1,-1,-1,-1,-1,1256,-1,-1,840,1367,-1,-1,-1,-1,-1,-1,1305,-1,
-1,-1,-1,-1,-1,-1,-1,1259,-1,-1,-1,-1,916,453,732,-1,1194,-1,-1,-1,
-1,-1,-1,-1,-1,-1,-1,1261,828,-1,1487,1862,-1,-1,-1,-1,-1,-1,-1,-1,
-1,-1,-1,-1,-1,-1,-1,1266,-1,-1,-1,-1,-1,-1,-1,-1,-1,-1,1573,-1,
-1,-1,-1,-1,-1,-1,-1,1273,2365,-1,-1,-1,-1,-1,-1,-1,-1,-1,-1,-1,
-1,-1,-1,-1,-1,-1,-1,1275,-1,-1,-1,-1,-1,2825,-1,1792,1202,-1,-1,-1,
-1,-1,-1,-1,-1,-1,-1,1277,-1,-1,-1,-1,-1,-1,-1,-1,-1,-1,-1,1046,
-1,-1,-1,-1,-1,-1,-1,1279,-1,2219,-1,-1,-1,-1,-1,535,-1,-1,-1,-1,
-1,-1,-1,-1,-1,-1,-1,1281,-1,-1,-1,-1,1461,641,1377,709,786,1503,-1,-1,
-1,-1,-1,-1,-1,-1,-1,1283,-1,-1,2196,-1,-1,-1,-1,-1,-1,-1,-1,-1,
-1,-1,-1,-1,-1,-1,-1,1285,-1,-1,-1,-1,-1,2017,-1,-1,-1,-1,-1,-1,
-1,-1,-1,-1,-1,-1,-1,1290,-1,-1,-1,-1,-1,-1,541,1476,-1,-1,-1,-1,
-1,-1,-1,-1,-1,-1,-1,1291,1665,-1,2313,-1,-1,-1,-1,-1,-1,-1,-1,-1,
-1,-1,-1,-1,-1,-1,-1,1297,-1,-1,-1,-1,-1,-1,1335,-1,-1,-1,917,-1,
-1,-1,-1,-1,-1,-1,-1,1299,-1,-1,-1,1398,-1,-1,-1,-1,-1,1388,-1,-1,
-1,-1,-1,-1,-1,-1,-1,1300,499,300,-1,-1,-1,-1,-1,-1,-1,-1,-1,-1,
-1,-1,-1,-1,-1,-1,-1,1301,1239,-1,-1,-1,-1,-1,-1,-1,-1,-1,-1,-1,
-1,-1,-1,-1,-1,-1,-1,1302,1425,-1,-1,-1,-1,-1,-1,-1,-1,-1,-1,-1,
-1,-1,-1,-1,-1,-1,-1,1304,-1,-1,989,-1,-1,-1,-1,-1,-1,-1,-1,-1,
-1,-1,-1,-1,-1,-1,-1,1307,-1,-1,2135,-1,-1,-1,-1,-1,-1,-1,-1,-1,
-1,-1,-1,-1,-1,-1,-1,1310,1275,-1,-1,-1,-1,-1,-1,-1,-1,-1,-1,-1,
-1,-1,-1,-1,-1,-1,-1,1315,1587,-1,-1,-1,-1,-1,-1,-1,-1,-1,-1,-1,
-1,-1,-1,-1,-1,-1,-1,1319,-1,-1,-1,-1,1549,-1,-1,-1,1783,-1,-1,-1,
-1,-1,-1,-1,-1,-1,-1,1321,-1,579,-1,-1,-1,-1,-1,-1,-1,-1,-1,-1,
-1,-1,-1,-1,-1,-1,-1,1322,2088,-1,-1,-1,-1,-1,-1,-1,-1,-1,-1,-1,
-1,-1,-1,-1,-1,-1,-1,1323,-1,-1,-1,-1,-1,-1,-1,-1,-1,-1,-1,961,
-1,-1,-1,-1,-1,-1,-1,1324,912,1550,-1,-1,-1,469,-1,-1,-1,-1,-1,-1,
-1,-1,-1,-1,-1,-1,-1,1327,-1,-1,1706,-1,957,-1,-1,-1,-1,-1,1237,-1,
-1,-1,-1,-1,-1,-1,-1,1328,-1,-1,-1,-1,-1,-1,-1,-1,528,-1,-1,-1,
-1,-1,-1,-1,-1,-1,-1,1332,-1,-1,436,789,-1,-1,1395,-1,-1,-1,-1,-1,
-1,-1,-1,-1,-1,-1,-1,1336,-1,-1,-1,-1,1068,1101,987,1444,925,-1,-1,-1,
-1,-1,-1,-1,-1,-1,-1,1337,-1,-1,-1,-1,-1,-1,977,-1,-1,-1,-1,-1,
-1,-1,-1,-1,-1,-1,-1,1349,2483,-1,-1,-1,-1,-1,-1,-1,-1,-1,-1,-1,
-1,-1,-1,-1,-1,-1,-1,1352,556,-1,2502,-1,-1,-1,-1,-1,-1,-1,-1,-1,
-1,-1,-1,-1,-1,-1,-1,1355,-1,-1,-1,2591,-1,-1,-1,-1,-1,-1,2192,2844,
-1,-1,-1,-1,-1,-1,-1,1357,670,-1,-1,-1,-1,-1,-1,-1,-1,-1,-1,-1,
-1,-1,-1,-1,-1,-1,-1,1368,-1,-1,-1,-1,704,-1,-1,-1,-1,-1,-1,-1,
-1,-1,-1,-1,-1,-1,-1,1374,1375,-1,-1,896,1989,-1,-1,-1,-1,-1,-1,-1,
-1,-1,-1,-1,-1,-1,-1,1377,901,-1,-1,-1,-1,1356,-1,-1,-1,-1,-1,-1,
-1,-1,-1,-1,-1,-1,-1,1379,2083,-1,-1,-1,-1,-1,-1,-1,-1,-1,-1,-1,
-1,-1,-1,-1,-1,-1,-1,1386,-1,-1,-1,-1,2670,-1,-1,-1,-1,-1,-1,-1,
-1,-1,-1,-1,-1,-1,-1,1390,2184,-1,714,-1,-1,-1,-1,-1,-1,-1,-1,-1,
-1,-1,-1,-1,-1,-1,-1,1395,-1,493,351,849,-1,-1,-1,-1,-1,-1,1054,1584,
-1,-1,-1,-1,-1,-1,-1,1401,-1,2087,-1,-1,2424,-1,-1,-1,1835,-1,2049,-1,
-1,-1,-1,-1,-1,-1,-1,1402,1985,-1,-1,-1,-1,-1,-1,-1,-1,-1,-1,1118,
-1,-1,-1,-1,-1,-1,-1,1409,-1,-1,1915,-1,-1,2215,-1,-1,-1,-1,-1,-1,
-1,-1,-1,-1,-1,-1,-1,1415,2760,-1,-1,-1,-1,-1,-1,-1,-1,2325,-1,-1,
-1,-1,-1,-1,-1,-1,-1,1424,1558,-1,-1,-1,-1,-1,-1,-1,-1,-1,-1,-1,
-1,-1,-1,-1,-1,-1,-1,1427,1762,1317,1819,-1,-1,2584,-1,-1,-1,-1,-1,-1,
-1,-1,-1,-1,-1,-1,-1,1433,-1,-1,2066,-1,-1,-1,-1,-1,-1,-1,-1,-1,
-1,-1,-1,-1,-1,-1,-1,1435,2363,-1,-1,-1,-1,-1,-1,-1,-1,-1,-1,-1,
-1,-1,-1,-1,-1,-1,-1,1436,-1,644,-1,-1,-1,-1,-1,-1,-1,-1,920,-1,
-1,-1,-1,-1,-1,-1,-1,1440,-1,-1,-1,-1,-1,-1,-1,-1,-1,-1,-1,1377,
-1,-1,-1,-1,-1,-1,-1,1455,827,674,581,-1,-1,-1,-1,-1,-1,-1,-1,-1,
-1,-1,-1,-1,-1,-1,-1,1458,1932,-1,2787,-1,-1,-1,-1,-1,-1,-1,-1,-1,
-1,-1,-1,-1,-1,-1,-1,1464,-1,-1,-1,-1,1992,-1,-1,-1,-1,-1,-1,-1,
-1,-1,-1,-1,-1,-1,-1,1466,-1,-1,-1,-1,-1,-1,-1,1227,-1,-1,-1,-1,
-1,-1,-1,-1,-1,-1,-1,1469,-1,-1,1615,-1,-1,-1,-1,-1,-1,-1,-1,-1,
-1,-1,-1,-1,-1,-1,-1,1475,1685,-1,-1,-1,2113,-1,-1,1616,-1,-1,1795,-1,
-1,-1,-1,-1,-1,-1,-1,1478,-1,1545,-1,-1,-1,-1,-1,-1,-1,-1,-1,-1,
-1,-1,-1,-1,-1,-1,-1,1480,-1,1640,-1,-1,-1,-1,-1,-1,-1,-1,-1,-1,
-1,-1,-1,-1,-1,-1,-1,1482,-1,1086,-1,-1,-1,-1,1558,-1,-1,-1,-1,-1,
-1,-1,-1,-1,-1,-1,-1,1488,-1,-1,-1,-1,-1,2640,-1,-1,-1,-1,-1,-1,
-1,-1,-1,-1,-1,-1,-1,1507,-1,-1,-1,-1,-1,-1,-1,-1,876,-1,-1,-1,
-1,-1,-1,-1,-1,-1,-1,1511,-1,-1,-1,-1,-1,-1,-1,-1,-1,2596,-1,1555,
-1,-1,-1,-1,-1,-1,-1,1512,-1,1005,1025,-1,-1,-1,-1,-1,-1,-1,-1,-1,
-1,-1,-1,-1,-1,-1,-1,1514,1059,-1,608,-1,-1,-1,-1,-1,-1,-1,-1,-1,
-1,-1,-1,-1,-1,-1,-1,1518,1780,-1,-1,-1,-1,-1,-1,-1,-1,-1,-1,-1,
-1,-1,-1,-1,-1,-1,-1,1522,1686,1631,-1,-1,-1,-1,-1,-1,-1,-1,-1,-1,
-1,-1,-1,-1,-1,-1,-1,1528,-1,-1,2473,-1,-1,-1,-1,-1,-1,-1,1071,-1,
-1,-1,-1,-1,-1,-1,-1,1534,-1,-1,-1,-1,-1,-1,-1,-1,-1,-1,592,1059,
-1,-1,-1,-1,-1,-1,-1,1535,2468,-1,-1,-1,-1,-1,-1,-1,-1,-1,-1,-1,
-1,-1,-1,-1,-1,-1,-1,1551,-1,-1,-1,1796,-1,-1,-1,-1,-1,-1,-1,-1,
-1,-1,-1,-1,-1,-1,-1,1562,-1,2170,-1,-1,-1,1040,1735,2023,879,722,-1,-1,
-1,-1,-1,-1,-1,-1,-1,1571,-1,-1,-1,-1,-1,-1,2358,-1,-1,2548,-1,-1,
-1,-1,-1,-1,-1,-1,-1,1587,-1,-1,-1,-1,-1,-1,-1,-1,-1,-1,2957,-1,
-1,-1,-1,-1,-1,-1,-1,1592,2484,-1,-1,-1,-1,-1,-1,-1,-1,-1,-1,-1,
-1,-1,-1,-1,-1,-1,-1,1597,1703,-1,-1,-1,-1,-1,-1,-1,-1,-1,1450,-1,
-1,-1,-1,-1,-1,-1,-1,1602,1103,-1,-1,-1,-1,-1,-1,1661,-1,-1,-1,-1,
-1,-1,-1,-1,-1,-1,-1,1603,-1,-1,2366,1586,-1,-1,-1,-1,-1,-1,-1,-1,
-1,-1,-1,-1,-1,-1,-1,1608,-1,-1,-1,-1,-1,-1,-1,-1,-1,-1,-1,1198,
-1,-1,-1,-1,-1,-1,-1,1609,-1,-1,-1,-1,-1,2561,-1,-1,-1,-1,-1,-1,
-1,-1,-1,-1,-1,-1,-1,1615,-1,-1,-1,-1,-1,-1,-1,-1,-1,-1,1399,-1,
-1,-1,-1,-1,-1,-1,-1,1622,2358,-1,-1,-1,-1,-1,-1,-1,-1,-1,-1,-1,
-1,-1,-1,-1,-1,-1,-1,1624,-1,-1,-1,-1,-1,-1,-1,-1,-1,-1,-1,1611,
-1,-1,-1,-1,-1,-1,-1,1625,704,1311,-1,-1,-1,-1,-1,-1,-1,-1,2127,-1,
-1,-1,-1,-1,-1,-1,-1,1630,-1,1682,-1,-1,1612,940,1953,-1,-1,-1,-1,-1,
-1,-1,-1,-1,-1,-1,-1,1633,2126,-1,-1,2385,-1,-1,-1,-1,-1,-1,-1,-1,
-1,-1,-1,-1,-1,-1,-1,1635,-1,-1,-1,-1,-1,-1,2125,-1,-1,-1,-1,-1,
-1,-1,-1,-1,-1,-1,-1,1636,-1,1350,-1,-1,-1,-1,-1,-1,-1,-1,-1,-1,
-1,-1,-1,-1,-1,-1,-1,1637,2843,-1,-1,-1,-1,-1,-1,-1,-1,-1,-1,-1,
-1,-1,-1,-1,-1,-1,-1,1648,-1,-1,2874,-1,-1,-1,-1,-1,-1,-1,-1,-1,
-1,-1,-1,-1,-1,-1,-1,1654,-1,2142,-1,-1,-1,1827,-1,-1,-1,-1,-1,-1,
-1,-1,-1,-1,-1,-1,-1,1657,792,-1,-1,-1,-1,-1,-1,-1,-1,-1,-1,-1,
-1,-1,-1,-1,-1,-1,-1,1661,-1,-1,-1,-1,-1,748,874,-1,-1,-1,-1,-1,
-1,-1,-1,-1,-1,-1,-1,1666,1225,584,-1,-1,432,1120,1122,-1,-1,-1,-1,-1,
-1,-1,-1,-1,-1,-1,-1,1670,1641,-1,-1,-1,-1,-1,-1,-1,-1,-1,-1,-1,
-1,-1,-1,-1,-1,-1,-1,1673,-1,-1,-1,500,1025,512,598,1366,-1,-1,-1,-1,
-1,-1,-1,-1,-1,-1,-1,1702,-1,2976,-1,-1,-1,-1,-1,-1,-1,-1,-1,1675,
-1,-1,-1,-1,-1,-1,-1,1705,1987,-1,-1,-1,-1,-1,-1,-1,-1,-1,-1,-1,
-1,-1,-1,-1,-1,-1,-1,1706,1798,-1,-1,-1,-1,-1,-1,-1,-1,-1,-1,-1,
-1,-1,-1,-1,-1,-1,-1,1711,-1,-1,-1,-1,-1,2232,-1,-1,-1,-1,-1,-1,
-1,-1,-1,-1,-1,-1,-1,1712,-1,-1,1949,-1,-1,-1,-1,-1,-1,-1,-1,-1,
-1,-1,-1,-1,-1,-1,-1,1715,-1,-1,-1,479,-1,-1,730,794,-1,2080,1376,-1,
-1,-1,-1,-1,-1,-1,-1,1718,-1,807,-1,-1,-1,-1,-1,-1,-1,-1,-1,-1,
-1,-1,-1,-1,-1,-1,-1,1720,815,-1,-1,-1,-1,-1,-1,-1,-1,-1,-1,-1,
-1,-1,-1,-1,-1,-1,-1,1725,-1,-1,-1,-1,-1,-1,-1,2099,-1,-1,-1,-1,
-1,-1,-1,-1,-1,-1,-1,1726,-1,-1,-1,-1,2862,-1,-1,-1,-1,-1,-1,-1,
-1,-1,-1,-1,-1,-1,-1,1727,-1,-1,-1,-1,-1,2300,-1,-1,-1,-1,959,-1,
-1,-1,-1,-1,-1,-1,-1,1730,-1,-1,-1,-1,-1,-1,-1,-1,-1,2056,-1,-1,
-1,-1,-1,-1,-1,-1,-1,1731,-1,-1,-1,-1,-1,-1,-1,-1,-1,-1,1520,-1,
-1,-1,-1,-1,-1,-1,-1,1735,-1,-1,2248,-1,-1,1969,-1,-1,-1,-1,-1,-1,
-1,-1,-1,-1,-1,-1,-1,1741,-1,1265,1902,1476,-1,-1,-1,-1,-1,-1,-1,-1,
-1,-1,-1,-1,-1,-1,-1,1746,-1,-1,-1,-1,-1,-1,-1,812,-1,-1,-1,-1,
-1,-1,-1,-1,-1,-1,-1,1750,-1,-1,1244,1345,-1,-1,-1,-1,-1,-1,-1,-1,
-1,-1,-1,-1,-1,-1,-1,1751,-1,862,1774,-1,1838,-1,-1,-1,-1,-1,-1,-1,
-1,-1,-1,-1,-1,-1,-1,1761,751,-1,-1,-1,-1,-1,-1,-1,-1,-1,-1,-1,
-1,-1,-1,-1,-1,-1,-1,1762,1916,-1,-1,-1,-1,-1,-1,-1,-1,-1,-1,-1,
-1,-1,-1,-1,-1,-1,-1,1767,-1,2711,-1,-1,-1,-1,-1,-1,-1,-1,-1,-1,
-1,-1,1030,-1,-1,-1,-1,1771,1405,-1,-1,-1,-1,-1,-1,-1,-1,-1,-1,-1,
-1,-1,-1,-1,-1,-1,-1,1773,1684,-1,-1,-1,-1,-1,-1,-1,-1,-1,-1,-1,
-1,-1,-1,-1,-1,-1,-1,1779,-1,-1,2417,-1,-1,-1,-1,-1,1424,-1,-1,-1,
-1,-1,-1,-1,-1,-1,-1,1781,-1,935,969,-1,-1,-1,-1,1602,-1,-1,-1,-1,
-1,-1,-1,-1,-1,-1,-1,1782,1446,-1,-1,-1,-1,-1,-1,-1,-1,-1,-1,-1,
-1,-1,-1,-1,-1,-1,-1,1786,1824,-1,-1,-1,-1,-1,-1,2032,-1,-1,-1,-1,
-1,-1,-1,-1,-1,-1,-1,1799,1326,-1,-1,-1,-1,-1,-1,-1,-1,-1,-1,-1,
-1,-1,-1,-1,-1,-1,-1,1814,1313,-1,-1,-1,-1,-1,-1,-1,-1,-1,-1,-1,
-1,-1,-1,-1,-1,-1,-1,1816,1966,2110,-1,-1,-1,-1,-1,-1,-1,-1,-1,-1,
-1,-1,-1,-1,-1,-1,-1,1817,494,869,1910,-1,1917,1840,-1,-1,-1,-1,-1,-1,
-1,-1,-1,-1,-1,-1,-1,1819,894,-1,-1,-1,-1,-1,-1,-1,-1,-1,-1,-1,
-1,-1,-1,-1,-1,-1,-1,1824,2621,-1,-1,-1,-1,-1,-1,-1,-1,-1,-1,-1,
-1,-1,-1,-1,-1,-1,-1,1826,1302,-1,-1,-1,-1,-1,-1,-1,-1,-1,-1,-1,
-1,-1,-1,-1,-1,-1,-1,1829,1854,-1,-1,-1,-1,-1,-1,-1,-1,-1,-1,-1,
-1,-1,-1,-1,-1,-1,-1,1838,-1,-1,-1,-1,-1,-1,-1,-1,-1,2166,1721,-1,
-1,-1,-1,-1,-1,-1,-1,1842,1580,-1,-1,-1,-1,-1,-1,-1,-1,-1,-1,-1,
-1,-1,-1,-1,-1,-1,-1,1845,-1,-1,2711,-1,-1,-1,-1,-1,-1,-1,-1,-1,
-1,-1,-1,-1,-1,-1,-1,1851,1201,-1,-1,-1,-1,-1,-1,-1,-1,-1,-1,-1,
-1,-1,-1,-1,-1,-1,-1,1854,1734,-1,2153,-1,814,-1,-1,2129,2714,-1,-1,-1,
-1,-1,-1,-1,-1,-1,-1,1861,-1,-1,1838,-1,-1,-1,-1,1407,2573,-1,2640,-1,
-1,-1,-1,-1,-1,-1,-1,1863,-1,1175,2643,-1,-1,-1,-1,-1,-1,-1,-1,-1,
-1,-1,-1,-1,-1,-1,-1,1879,1746,-1,-1,-1,-1,-1,-1,-1,-1,-1,-1,-1,
-1,-1,-1,-1,-1,-1,-1,1882,-1,-1,-1,-1,1417,-1,-1,-1,-1,-1,-1,-1,
-1,-1,-1,-1,-1,-1,-1,1890,-1,-1,-1,-1,-1,-1,-1,-1,-1,-1,-1,2273,
-1,-1,-1,-1,-1,-1,-1,1894,764,-1,-1,-1,-1,-1,-1,-1,-1,-1,-1,-1,
-1,-1,-1,-1,-1,-1,-1,1895,-1,-1,-1,-1,2545,-1,-1,-1,-1,-1,-1,-1,
-1,-1,-1,-1,-1,-1,-1,1900,1265,770,1387,-1,-1,-1,-1,-1,-1,-1,-1,-1,
-1,-1,-1,-1,-1,-1,-1,1901,-1,-1,-1,-1,-1,-1,-1,1274,-1,-1,-1,-1,
-1,-1,-1,-1,-1,-1,-1,1904,-1,-1,-1,-1,-1,-1,2642,-1,-1,-1,-1,2181,
-1,-1,-1,-1,-1,-1,-1,1906,1455,1889,-1,-1,-1,-1,-1,-1,-1,-1,-1,-1,
-1,-1,-1,-1,-1,-1,-1,1909,-1,756,1309,-1,706,-1,-1,-1,-1,-1,-1,-1,
-1,-1,-1,-1,-1,-1,-1,1910,1068,2114,-1,-1,-1,-1,-1,-1,-1,-1,-1,-1,
-1,-1,-1,-1,-1,-1,-1,1913,2092,-1,-1,-1,-1,-1,-1,-1,-1,-1,-1,-1,
-1,-1,-1,-1,-1,-1,-1,1915,-1,-1,-1,2490,-1,-1,-1,-1,-1,-1,-1,-1,
-1,-1,-1,-1,-1,-1,-1,1919,2309,-1,-1,-1,-1,-1,-1,-1,-1,-1,-1,-1,
-1,-1,-1,-1,-1,-1,-1,1920,-1,2660,-1,-1,-1,-1,-1,-1,-1,-1,-1,-1,
-1,-1,-1,-1,-1,-1,-1,1925,-1,1912,-1,-1,-1,-1,-1,-1,-1,-1,-1,-1,
-1,-1,-1,-1,-1,-1,-1,1946,900,-1,-1,-1,-1,-1,-1,1167,-1,-1,-1,-1,
-1,-1,-1,-1,-1,-1,-1,1949,773,-1,-1,-1,-1,-1,-1,-1,-1,-1,-1,-1,
-1,-1,-1,-1,-1,-1,-1,1952,2049,-1,-1,-1,-1,-1,-1,-1,-1,-1,-1,-1,
-1,-1,-1,-1,-1,-1,-1,1957,-1,-1,-1,1973,-1,-1,-1,-1,-1,-1,-1,-1,
-1,-1,-1,-1,-1,-1,-1,1966,2108,-1,-1,-1,-1,-1,-1,-1,-1,-1,-1,-1,
-1,-1,-1,-1,-1,-1,-1,1973,-1,-1,-1,-1,-1,-1,1489,-1,-1,-1,-1,-1,
-1,-1,-1,-1,-1,-1,-1,1975,1421,-1,-1,-1,-1,-1,-1,-1,-1,-1,-1,-1,
-1,-1,-1,-1,-1,-1,-1,1981,2892,-1,-1,-1,-1,-1,-1,-1,-1,-1,-1,-1,
-1,-1,-1,-1,-1,-1,-1,1986,-1,1177,-1,-1,-1,-1,-1,-1,-1,-1,-1,-1,
-1,-1,-1,-1,-1,-1,-1,1994,1978,-1,-1,-1,-1,-1,-1,-1,-1,-1,-1,2028,
-1,-1,-1,-1,-1,-1,-1,1996,-1,-1,-1,-1,-1,2655,-1,-1,-1,-1,-1,-1,
-1,-1,-1,-1,-1,-1,-1,2007,-1,-1,-1,-1,-1,-1,-1,647,856,847,-1,-1,
-1,-1,-1,-1,-1,-1,-1,2010,-1,-1,-1,-1,1920,-1,-1,-1,-1,-1,-1,-1,
-1,-1,-1,-1,-1,-1,-1,2011,1487,-1,-1,-1,-1,-1,-1,-1,-1,-1,-1,-1,
-1,-1,-1,-1,-1,-1,-1,2015,951,-1,-1,1075,-1,-1,-1,-1,-1,-1,-1,-1,
-1,-1,-1,-1,-1,-1,-1,2016,1403,1174,-1,-1,-1,2292,-1,-1,-1,1919,2855,1151,
-1,-1,-1,-1,-1,-1,-1,2018,-1,-1,-1,1496,-1,981,-1,-1,-1,-1,-1,-1,
-1,-1,-1,-1,-1,-1,-1,2020,-1,-1,-1,-1,-1,-1,-1,2113,-1,-1,-1,-1,
-1,-1,-1,-1,-1,-1,-1,2025,-1,-1,-1,2372,-1,-1,1625,1781,-1,-1,-1,-1,
-1,-1,-1,-1,-1,-1,-1,2028,2615,2605,-1,-1,-1,-1,-1,1976,-1,-1,-1,-1,
-1,-1,-1,-1,-1,-1,-1,2029,-1,1523,-1,-1,-1,-1,-1,1852,-1,-1,-1,-1,
-1,-1,-1,-1,-1,-1,-1,2034,-1,-1,-1,1509,-1,-1,-1,-1,-1,-1,-1,-1,
-1,-1,-1,-1,-1,-1,-1,2036,2787,-1,-1,-1,-1,-1,-1,-1,-1,-1,-1,-1,
-1,-1,-1,-1,-1,-1,-1,2039,1396,-1,-1,-1,-1,1008,-1,-1,-1,-1,-1,-1,
-1,-1,-1,-1,-1,-1,-1,2046,-1,-1,-1,-1,2247,-1,-1,-1,-1,-1,-1,-1,
-1,-1,-1,-1,-1,-1,-1,2049,-1,2437,-1,2789,-1,-1,-1,-1,-1,-1,-1,-1,
-1,-1,-1,-1,-1,-1,-1,2052,1736,-1,-1,-1,-1,-1,-1,-1,-1,-1,1468,1117,
-1,-1,-1,-1,-1,-1,-1,2062,-1,1457,1852,-1,-1,-1,-1,-1,-1,-1,-1,-1,
-1,-1,-1,-1,-1,-1,-1,2065,-1,-1,-1,-1,-1,-1,-1,-1,2565,-1,-1,-1,
-1,-1,-1,-1,-1,-1,-1,2068,-1,-1,-1,-1,-1,-1,-1,-1,-1,1376,-1,-1,
-1,-1,-1,-1,-1,-1,-1,2073,2064,1218,-1,-1,-1,-1,-1,-1,-1,-1,-1,-1,
-1,-1,-1,-1,-1,-1,-1,2074,-1,-1,-1,-1,-1,1683,-1,-1,-1,-1,-1,-1,
-1,-1,-1,-1,-1,-1,-1,2081,-1,-1,-1,-1,-1,2618,-1,-1,-1,-1,-1,-1,
-1,-1,-1,-1,-1,-1,-1,2093,918,2411,-1,-1,-1,-1,-1,-1,-1,-1,-1,-1,
-1,-1,-1,-1,-1,-1,-1,2103,-1,-1,-1,-1,-1,-1,2620,-1,1291,-1,-1,-1,
-1,-1,-1,-1,-1,-1,-1,2104,-1,-1,-1,1363,-1,-1,-1,-1,-1,-1,-1,-1,
-1,-1,-1,-1,-1,-1,-1,2108,-1,-1,-1,-1,-1,-1,-1,-1,-1,-1,2589,-1,
-1,-1,-1,-1,-1,-1,-1,2112,2774,-1,-1,-1,-1,1237,-1,-1,-1,-1,-1,-1,
-1,-1,-1,-1,-1,-1,-1,2114,-1,-1,-1,-1,-1,-1,-1,-1,-1,1037,-1,-1,
-1,-1,-1,-1,-1,-1,-1,2116,-1,-1,-1,-1,-1,-1,-1,-1,-1,-1,-1,989,
-1,-1,-1,-1,-1,-1,-1,2117,1859,-1,-1,-1,-1,-1,-1,-1,-1,-1,-1,-1,
-1,-1,-1,-1,-1,-1,-1,2119,-1,-1,-1,-1,-1,-1,-1,-1,2788,-1,-1,-1,
-1,-1,-1,-1,-1,-1,-1,2121,1057,-1,-1,-1,-1,-1,-1,-1,-1,-1,-1,-1,
-1,-1,-1,-1,-1,-1,-1,2122,-1,-1,-1,-1,-1,-1,-1,-1,-1,-1,-1,2895,
-1,-1,-1,-1,-1,-1,-1,2126,2880,-1,-1,-1,-1,-1,-1,-1,-1,-1,-1,-1,
-1,-1,-1,-1,-1,-1,-1,2139,-1,1316,-1,-1,-1,-1,-1,-1,2233,-1,-1,-1,
-1,-1,-1,-1,-1,-1,-1,2140,1802,-1,-1,-1,-1,-1,-1,-1,-1,-1,-1,-1,
-1,-1,-1,-1,-1,-1,-1,2141,-1,-1,-1,-1,-1,2352,-1,-1,-1,-1,-1,-1,
-1,-1,-1,-1,-1,-1,-1,2149,2264,-1,2259,-1,-1,-1,-1,-1,-1,-1,-1,-1,
-1,-1,-1,-1,-1,-1,-1,2165,1157,-1,-1,-1,-1,-1,-1,-1,-1,-1,-1,-1,
-1,-1,-1,-1,-1,-1,-1,2170,-1,-1,-1,-1,-1,-1,-1,-1,-1,-1,-1,2796,
-1,-1,-1,-1,-1,-1,-1,2179,-1,-1,-1,-1,-1,-1,-1,-1,-1,1060,-1,-1,
-1,-1,-1,-1,-1,-1,-1,2182,-1,-1,-1,-1,-1,-1,-1,-1,-1,-1,-1,2703,
-1,-1,-1,-1,-1,-1,-1,2183,-1,2063,-1,-1,-1,-1,-1,-1,-1,-1,-1,-1,
-1,-1,-1,-1,-1,-1,-1,2185,2485,-1,-1,-1,-1,-1,-1,-1,-1,-1,-1,-1,
-1,-1,-1,-1,-1,-1,-1,2200,-1,-1,-1,-1,-1,-1,-1,-1,2397,-1,-1,-1,
-1,-1,-1,-1,-1,-1,-1,2211,-1,-1,-1,-1,-1,-1,-1,-1,1632,-1,-1,-1,
-1,-1,-1,-1,-1,-1,-1,2213,-1,-1,-1,-1,990,-1,-1,-1,-1,-1,-1,-1,
-1,-1,-1,-1,-1,-1,-1,2214,2186,-1,-1,-1,1095,869,1211,-1,-1,2338,-1,-1,
-1,-1,-1,-1,-1,-1,-1,2219,2820,-1,-1,-1,-1,-1,-1,-1,-1,-1,-1,-1,
-1,-1,-1,-1,-1,-1,-1,2220,-1,-1,-1,-1,1108,-1,-1,-1,-1,-1,-1,-1,
-1,-1,-1,-1,-1,-1,-1,2225,1004,-1,-1,-1,-1,-1,-1,-1,-1,-1,-1,-1,
-1,-1,-1,-1,-1,-1,-1,2226,-1,2962,-1,-1,-1,-1,-1,1031,1127,650,1586,-1,
-1,-1,-1,-1,-1,-1,-1,2234,-1,-1,2934,-1,-1,-1,-1,-1,-1,-1,-1,-1,
-1,-1,-1,-1,-1,-1,-1,2240,-1,-1,-1,1318,-1,-1,-1,-1,-1,-1,-1,-1,
-1,-1,-1,-1,-1,-1,-1,2241,-1,-1,-1,-1,1156,1735,-1,-1,-1,-1,-1,-1,
-1,-1,-1,-1,-1,-1,-1,2245,1430,1071,-1,-1,-1,-1,-1,-1,-1,-1,-1,-1,
-1,-1,-1,-1,-1,-1,-1,2246,-1,-1,-1,-1,-1,1248,-1,-1,-1,-1,-1,-1,
-1,-1,-1,-1,-1,-1,-1,2248,1636,-1,-1,2878,-1,-1,-1,-1,-1,-1,-1,-1,
-1,-1,-1,-1,-1,-1,-1,2255,1974,-1,-1,-1,-1,-1,-1,2742,-1,-1,-1,-1,
-1,-1,-1,-1,-1,-1,-1,2256,1481,-1,-1,-1,-1,-1,-1,-1,-1,-1,-1,-1,
-1,-1,-1,-1,-1,-1,-1,2259,-1,2599,-1,-1,-1,-1,-1,-1,-1,-1,-1,-1,
-1,-1,-1,-1,-1,-1,-1,2265,-1,-1,-1,-1,-1,-1,-1,-1,2748,1656,-1,-1,
-1,-1,-1,-1,-1,-1,-1,2266,-1,-1,-1,-1,-1,-1,-1,-1,2147,-1,-1,-1,
-1,-1,-1,-1,-1,-1,-1,2273,-1,2068,1076,1096,-1,-1,-1,-1,-1,-1,2483,-1,
-1,-1,-1,-1,-1,-1,-1,2290,-1,-1,2086,-1,-1,-1,-1,-1,-1,-1,-1,-1,
-1,-1,-1,-1,-1,-1,-1,2291,-1,-1,-1,-1,-1,-1,-1,-1,-1,-1,2418,-1,
-1,-1,-1,-1,-1,-1,-1,2294,-1,-1,-1,-1,-1,2679,-1,-1,-1,-1,-1,-1,
-1,-1,-1,-1,-1,-1,-1,2295,-1,-1,-1,-1,-1,-1,-1,-1,2633,-1,-1,-1,
-1,-1,-1,-1,-1,-1,-1,-1,-1,-1,-1,-1,2859,1902,2102,2234,-1,-1,2967,-1,
-1,-1,-1,-1,-1,-1,-1,2317,-1,-1,-1,-1,-1,-1,-1,-1,1154,-1,-1,-1,
-1,-1,-1,-1,-1,-1,-1,2337,-1,-1,-1,-1,-1,-1,2122,-1,-1,-1,-1,-1,
-1,-1,-1,-1,-1,-1,-1,2338,-1,1487,-1,-1,-1,-1,-1,-1,2018,-1,-1,-1,
-1,-1,-1,-1,-1,-1,-1,2348,-1,2030,-1,-1,2387,-1,-1,-1,-1,-1,-1,-1,
-1,-1,-1,-1,-1,-1,-1,2350,-1,1421,-1,-1,-1,-1,-1,-1,-1,-1,-1,-1,
-1,-1,-1,-1,-1,-1,-1,2351,-1,-1,-1,-1,-1,-1,2133,1866,-1,-1,-1,-1,
-1,-1,-1,-1,-1,-1,-1,2357,1591,1506,1572,-1,-1,-1,-1,-1,889,1987,-1,-1,
-1,-1,-1,-1,-1,-1,-1,2360,-1,-1,2753,-1,-1,-1,-1,-1,-1,-1,-1,-1,
-1,-1,-1,-1,-1,-1,-1,2363,1628,2390,1295,1213,-1,-1,2020,-1,-1,1857,1131,-1,
-1,-1,-1,-1,-1,-1,-1,2366,-1,-1,-1,-1,-1,-1,-1,-1,-1,-1,1785,2462,
-1,-1,-1,-1,-1,-1,-1,2377,-1,-1,-1,-1,-1,1090,-1,2740,-1,-1,-1,-1,
-1,-1,-1,-1,-1,-1,-1,2380,-1,2084,-1,-1,-1,-1,-1,-1,-1,-1,-1,-1,
-1,-1,-1,-1,-1,-1,-1,2384,-1,1913,-1,-1,-1,-1,-1,-1,-1,-1,-1,-1,
-1,-1,-1,-1,-1,-1,-1,2393,-1,-1,-1,-1,-1,-1,-1,-1,2029,-1,-1,-1,
-1,-1,-1,-1,-1,-1,-1,2407,2215,-1,-1,-1,-1,-1,-1,-1,-1,-1,-1,-1,
-1,-1,-1,-1,-1,-1,-1,2409,-1,2674,-1,-1,-1,-1,-1,-1,-1,-1,-1,-1,
-1,-1,-1,-1,-1,-1,-1,2414,-1,-1,1972,-1,-1,-1,-1,-1,-1,-1,-1,-1,
-1,-1,-1,-1,-1,-1,-1,2421,-1,-1,-1,2868,-1,-1,-1,-1,-1,-1,-1,-1,
-1,-1,-1,-1,-1,-1,-1,2422,-1,-1,2391,2081,1207,-1,-1,-1,-1,-1,-1,-1,
-1,-1,-1,-1,-1,-1,-1,2430,-1,-1,-1,-1,-1,-1,-1,-1,-1,-1,-1,2773,
-1,-1,-1,-1,-1,-1,-1,2431,-1,-1,-1,1298,-1,-1,-1,-1,-1,-1,-1,-1,
-1,-1,-1,-1,-1,-1,-1,2460,1447,1435,-1,-1,-1,-1,-1,1250,-1,-1,-1,-1,
-1,-1,-1,-1,-1,-1,-1,2463,-1,-1,-1,-1,-1,-1,-1,-1,-1,-1,1102,1777,
-1,-1,-1,-1,-1,-1,-1,2469,2728,-1,-1,-1,-1,-1,-1,-1,-1,-1,-1,-1,
-1,-1,-1,-1,-1,-1,-1,2471,-1,-1,-1,-1,-1,-1,-1,-1,-1,-1,-1,1247,
-1,-1,-1,-1,-1,-1,-1,2474,2098,-1,-1,-1,-1,-1,-1,-1,-1,-1,-1,-1,
-1,-1,-1,-1,-1,-1,-1,2478,-1,-1,-1,-1,-1,-1,-1,-1,2815,-1,-1,-1,
-1,-1,-1,-1,-1,-1,-1,2509,-1,-1,-1,-1,-1,-1,-1,-1,2041,2242,-1,-1,
-1,-1,-1,-1,-1,-1,-1,2510,-1,1629,-1,-1,1424,2342,-1,-1,-1,1794,-1,-1,
-1,-1,-1,-1,-1,-1,-1,2511,-1,1478,-1,-1,-1,-1,-1,1707,-1,-1,-1,-1,
-1,-1,-1,-1,-1,-1,-1,2552,-1,1280,2601,-1,-1,-1,-1,-1,-1,-1,-1,2290,
-1,-1,-1,-1,-1,-1,-1,2553,1861,-1,-1,-1,-1,-1,-1,-1,-1,-1,-1,-1,
-1,-1,-1,-1,-1,-1,-1,2564,-1,-1,-1,-1,-1,-1,-1,-1,-1,-1,2682,-1,
-1,-1,-1,-1,-1,-1,-1,2571,-1,-1,-1,-1,-1,1589,-1,-1,-1,-1,-1,-1,
-1,-1,-1,-1,-1,-1,-1,2573,-1,-1,-1,1593,-1,-1,-1,-1,-1,-1,-1,-1,
-1,-1,-1,-1,-1,-1,-1,2586,-1,-1,-1,2200,-1,-1,-1,-1,-1,-1,1788,-1,
-1,-1,-1,-1,-1,-1,-1,2593,-1,-1,1393,-1,-1,-1,-1,-1,-1,-1,-1,-1,
-1,-1,-1,-1,-1,-1,-1,2597,1243,-1,-1,-1,-1,-1,-1,-1,-1,-1,-1,-1,
-1,-1,-1,-1,-1,-1,-1,2603,-1,-1,-1,-1,-1,-1,-1,-1,1797,-1,-1,-1,
-1,-1,-1,-1,-1,-1,-1,2604,2591,-1,-1,-1,-1,-1,-1,-1,-1,-1,-1,-1,
-1,-1,-1,-1,-1,-1,-1,2622,-1,1957,-1,-1,-1,-1,-1,-1,-1,1100,-1,1212,
-1,-1,-1,-1,-1,-1,-1,2624,-1,-1,-1,-1,-1,-1,2057,-1,945,981,-1,-1,
-1,-1,-1,-1,-1,-1,-1,2633,-1,-1,-1,-1,-1,-1,-1,-1,-1,2020,-1,1497,
-1,-1,-1,-1,-1,-1,-1,2642,-1,2381,-1,-1,-1,-1,-1,-1,-1,-1,-1,-1,
-1,-1,-1,-1,-1,-1,-1,2647,2051,-1,-1,-1,-1,-1,-1,-1,-1,-1,-1,-1,
-1,-1,-1,-1,-1,-1,-1,2648,-1,-1,-1,-1,-1,-1,2310,-1,-1,-1,-1,-1,
-1,-1,-1,-1,-1,-1,-1,2654,915,-1,-1,-1,-1,-1,-1,-1,1357,-1,1720,-1,
-1,-1,-1,-1,-1,-1,-1,2662,1407,-1,-1,-1,-1,-1,-1,-1,-1,-1,-1,-1,
-1,-1,-1,-1,-1,-1,-1,2663,-1,-1,2940,-1,-1,-1,-1,-1,-1,-1,-1,-1,
-1,-1,-1,-1,-1,-1,-1,2665,1644,-1,-1,-1,-1,-1,-1,-1,-1,-1,-1,-1,
-1,-1,-1,-1,-1,-1,-1,2684,-1,-1,-1,-1,-1,2152,-1,-1,-1,-1,-1,-1,
-1,-1,-1,-1,-1,-1,-1,2693,1562,-1,-1,-1,-1,-1,-1,-1,-1,-1,-1,-1,
-1,-1,-1,-1,-1,-1,-1,2694,-1,-1,-1,-1,-1,-1,-1,-1,-1,-1,1927,-1,
-1,-1,-1,-1,-1,-1,-1,2703,-1,-1,2913,-1,-1,-1,-1,-1,-1,-1,-1,-1,
-1,-1,-1,-1,-1,-1,-1,2709,-1,-1,1329,1200,1044,-1,-1,-1,-1,-1,2053,-1,
-1,-1,-1,-1,-1,-1,-1,2725,1714,-1,-1,-1,-1,-1,-1,-1,-1,2060,-1,-1,
-1,-1,-1,-1,-1,-1,-1,2731,-1,-1,-1,-1,-1,-1,-1,2159,-1,-1,-1,-1,
-1,-1,-1,-1,-1,-1,-1,2742,-1,2360,-1,-1,-1,-1,-1,-1,-1,-1,-1,-1,
-1,-1,-1,-1,-1,-1,-1,2744,-1,-1,1466,-1,-1,-1,-1,-1,-1,-1,-1,-1,
-1,-1,-1,-1,-1,-1,-1,2754,-1,-1,-1,-1,-1,-1,-1,2518,-1,-1,1474,-1,
-1,-1,-1,-1,-1,-1,-1,2756,-1,-1,-1,-1,1991,-1,-1,-1,-1,-1,-1,-1,
-1,-1,-1,-1,-1,-1,-1,2761,1936,-1,-1,-1,1160,-1,-1,-1,-1,2432,-1,1148,
-1,-1,-1,-1,-1,-1,-1,2768,-1,-1,-1,-1,1445,-1,-1,-1,-1,-1,-1,-1,
-1,-1,-1,-1,-1,-1,-1,2785,2346,1270,-1,-1,2264,2140,-1,-1,-1,-1,2478,-1,
-1,-1,-1,-1,-1,-1,-1,2796,-1,-1,-1,2774,-1,-1,-1,-1,-1,-1,-1,-1,
-1,-1,-1,-1,-1,-1,-1,2800,-1,-1,-1,-1,-1,-1,2212,-1,-1,-1,-1,-1,
-1,-1,-1,-1,-1,-1,-1,2809,-1,-1,-1,-1,-1,2393,-1,-1,-1,-1,-1,-1,
-1,-1,-1,-1,-1,-1,-1,2818,-1,-1,-1,-1,1519,-1,-1,-1,-1,-1,-1,-1,
-1,-1,-1,-1,-1,-1,-1,2822,-1,2312,-1,-1,-1,-1,1210,1247,-1,-1,-1,-1,
-1,-1,-1,-1,-1,-1,-1,2828,2063,1737,-1,-1,-1,-1,-1,-1,-1,-1,-1,-1,
-1,-1,-1,-1,-1,-1,-1,2832,-1,-1,2870,-1,-1,-1,-1,-1,-1,-1,-1,-1,
-1,-1,-1,-1,-1,-1,-1,2833,2348,-1,-1,-1,-1,-1,-1,-1,-1,-1,-1,-1,
-1,-1,-1,-1,-1,-1,-1,2838,-1,-1,-1,-1,-1,-1,-1,-1,-1,2066,-1,-1,
-1,-1,-1,-1,-1,-1,-1,2849,2826,-1,-1,-1,-1,-1,-1,-1,-1,-1,-1,-1,
-1,-1,-1,-1,-1,-1,-1,2854,1770,-1,-1,-1,-1,-1,-1,-1,-1,-1,-1,-1,
-1,-1,-1,-1,-1,-1,-1,2864,-1,-1,-1,-1,-1,-1,-1,-1,-1,-1,-1,2843,
-1,-1,-1,-1,-1,-1,-1,2889,-1,-1,-1,1745,-1,-1,-1,-1,-1,-1,-1,-1,
-1,-1,-1,-1,-1,-1,-1,2891,2553,-1,-1,-1,-1,-1,-1,-1,-1,-1,-1,-1,
-1,-1,-1,-1,-1,-1,-1,-1,11,117,125,21,33,-1,81,65,-1,-1,-1,187,
-1,-1,-1,-1,-1,-1,-1,-1,12,-1,-1,-1,-1,77,-1,15,-1,-1,65,-1,
-1,-1,-1,-1,-1,-1,-1,-1,16,54,-1,-1,79,-1,-1,-1,-1,-1,-1,-1,
-1,-1,-1,-1,-1,-1,-1,-1,32,-1,3,23,-1,-1,57,-1,-1,-1,-1,-1,
-1,-1,-1,-1,-1,-1,-1,-1,40,-1,159,-1,-1,-1,-1,-1,-1,-1,-1,-1,
-1,-1,-1,-1,-1,-1,-1,-1,45,130,-1,-1,-1,-1,-1,-1,-1,-1,-1,-1,
-1,-1,-1,-1,-1,-1,-1,-1,63,225,113,169,-1,146,335,-1,-1,-1,-1,-1,
-1,-1,-1,-1,-1,-1,-1,92,67,8,9,-1,-1,-1,-1,-1,-1,-1,-1,-1,
-1,-1,-1,-1,-1,-1,-1,-1,68,126,70,197,-1,-1,-1,-1,-1,-1,-1,-1,
-1,-1,-1,-1,-1,-1,-1,-1,82,-1,-1,-1,-1,-1,-1,-1,141,63,185,-1,
-1,-1,-1,-1,-1,-1,-1,-1,85,73,-1,-1,-1,-1,-1,-1,-1,-1,-1,-1,
-1,-1,-1,-1,-1,-1,-1,-1,90,11,-1,-1,-1,-1,-1,-1,-1,-1,-1,-1,
-1,-1,-1,-1,-1,-1,-1,-1,92,-1,174,-1,106,61,45,28,-1,-1,-1,-1,
-1,-1,-1,-1,-1,-1,-1,-1,100,98,-1,-1,-1,-1,-1,-1,-1,-1,-1,-1,
-1,-1,-1,-1,-1,-1,-1,-1,102,79,-1,-1,-1,-1,-1,-1,90,-1,-1,-1,
-1,-1,-1,-1,-1,-1,-1,-1,103,114,29,-1,-1,-1,-1,-1,-1,-1,-1,-1,
-1,-1,-1,-1,-1,-1,-1,-1,105,84,-1,-1,-1,-1,-1,-1,-1,-1,-1,-1,
-1,-1,-1,-1,-1,-1,-1,-1,130,180,72,-1,-1,-1,-1,-1,-1,-1,-1,-1,
-1,-1,-1,-1,-1,-1,-1,-1,133,112,-1,-1,-1,72,-1,-1,-1,-1,-1,79,
-1,-1,-1,-1,-1,-1,-1,-1,135,139,-1,-1,-1,-1,-1,-1,-1,-1,-1,-1,
-1,-1,-1,-1,-1,-1,-1,-1,137,-1,-1,-1,-1,-1,-1,182,-1,-1,-1,-1,
-1,-1,-1,-1,-1,-1,-1,-1,159,410,-1,137,-1,-1,-1,-1,131,47,-1,-1,
-1,-1,-1,-1,-1,-1,-1,-1,160,-1,437,-1,-1,-1,-1,-1,-1,-1,-1,-1,
-1,-1,-1,-1,-1,-1,-1,-1,164,-1,-1,-1,-1,-1,-1,-1,-1,-1,276,-1,
-1,-1,-1,-1,-1,-1,-1,-1,175,-1,-1,-1,-1,-1,-1,547,230,-1,-1,-1,
-1,-1,-1,-1,-1,-1,-1,-1,176,-1,-1,-1,-1,-1,471,-1,-1,-1,-1,-1,
-1,-1,-1,-1,-1,-1,-1,-1,183,-1,-1,-1,-1,80,163,-1,-1,-1,-1,-1,
-1,-1,-1,-1,-1,-1,-1,-1,186,-1,-1,-1,-1,-1,94,-1,-1,-1,-1,-1,
-1,-1,-1,-1,-1,-1,-1,-1,198,174,41,-1,-1,-1,-1,-1,-1,-1,-1,-1,
-1,-1,-1,-1,-1,-1,-1,-1,203,-1,-1,-1,-1,-1,551,-1,-1,-1,-1,203,
-1,-1,-1,-1,-1,-1,-1,-1,204,-1,-1,-1,134,85,-1,-1,-1,-1,-1,-1,
-1,-1,-1,-1,-1,-1,-1,-1,206,232,-1,-1,-1,-1,-1,-1,-1,-1,-1,-1,
-1,-1,-1,-1,-1,-1,-1,-1,207,213,-1,-1,-1,445,-1,-1,-1,-1,-1,-1,
-1,-1,-1,-1,-1,-1,-1,-1,220,-1,-1,-1,-1,-1,660,-1,-1,-1,-1,-1,
-1,-1,-1,-1,-1,-1,-1,-1,230,132,169,-1,-1,-1,-1,-1,-1,-1,-1,-1,
-1,-1,-1,-1,-1,-1,-1,-1,231,-1,-1,480,-1,-1,-1,-1,-1,-1,-1,-1,
-1,-1,-1,-1,-1,-1,-1,-1,240,-1,-1,-1,-1,-1,-1,-1,385,-1,-1,248,
-1,-1,-1,-1,-1,-1,-1,-1,251,-1,-1,476,-1,-1,-1,-1,-1,-1,-1,-1,
-1,-1,-1,-1,-1,-1,-1,-1,257,-1,861,807,638,-1,1289,-1,-1,-1,-1,-1,
-1,-1,-1,-1,-1,-1,-1,-1,262,-1,-1,-1,-1,-1,-1,-1,327,-1,-1,395,
-1,-1,-1,-1,-1,-1,-1,-1,264,473,-1,580,-1,-1,-1,-1,-1,-1,-1,-1,
-1,-1,-1,-1,-1,-1,-1,-1,269,-1,-1,-1,-1,-1,-1,-1,-1,-1,696,225,
-1,-1,-1,-1,-1,-1,-1,-1,271,-1,-1,-1,832,-1,-1,-1,-1,-1,-1,-1,
-1,-1,-1,-1,-1,-1,-1,-1,278,-1,-1,-1,588,-1,-1,-1,-1,-1,-1,-1,
-1,-1,-1,-1,-1,-1,-1,-1,282,-1,-1,-1,-1,-1,-1,-1,-1,-1,-1,102,
-1,-1,-1,-1,-1,-1,-1,-1,287,441,-1,-1,-1,-1,-1,-1,891,-1,-1,-1,
-1,-1,-1,-1,-1,-1,-1,-1,290,-1,922,-1,-1,-1,1422,-1,-1,-1,-1,-1,
-1,-1,-1,-1,-1,-1,-1,-1,309,136,-1,37,185,102,-1,-1,-1,-1,-1,200,
-1,-1,-1,-1,-1,-1,-1,-1,310,173,395,204,300,187,312,-1,-1,-1,-1,148,
-1,-1,-1,-1,-1,-1,-1,-1,315,590,302,508,-1,-1,-1,-1,-1,-1,-1,-1,
-1,-1,-1,-1,-1,-1,-1,-1,316,858,-1,-1,-1,-1,-1,-1,-1,-1,-1,-1,
-1,-1,-1,-1,-1,-1,-1,-1,318,-1,-1,-1,-1,76,313,-1,-1,-1,-1,-1,
-1,-1,-1,-1,-1,-1,-1,-1,324,-1,-1,-1,-1,333,740,507,-1,-1,-1,-1,
-1,-1,-1,-1,-1,-1,-1,-1,325,95,-1,-1,-1,-1,-1,-1,-1,-1,-1,-1,
-1,-1,-1,-1,-1,-1,-1,-1,329,-1,-1,-1,-1,732,-1,-1,-1,-1,-1,-1,
-1,-1,-1,-1,-1,-1,-1,-1,331,-1,237,242,-1,-1,-1,-1,-1,-1,-1,-1,
-1,-1,-1,-1,-1,-1,-1,-1,332,-1,-1,952,-1,-1,173,-1,-1,-1,-1,-1,
-1,-1,-1,-1,-1,-1,-1,-1,339,168,-1,-1,-1,-1,-1,-1,-1,-1,-1,-1,
-1,-1,-1,-1,-1,-1,-1,-1,349,810,-1,-1,-1,264,-1,-1,-1,-1,-1,-1,
-1,-1,-1,-1,-1,-1,-1,-1,353,177,-1,-1,-1,-1,-1,-1,-1,-1,-1,-1,
-1,-1,-1,-1,-1,-1,-1,-1,355,-1,-1,179,-1,-1,-1,-1,-1,-1,-1,-1,
-1,-1,-1,-1,-1,-1,-1,-1,357,-1,713,-1,-1,-1,-1,-1,-1,-1,-1,-1,
-1,-1,-1,-1,-1,-1,-1,-1,358,599,924,-1,-1,-1,-1,-1,-1,-1,-1,-1,
-1,-1,-1,-1,-1,-1,-1,-1,362,-1,-1,-1,-1,-1,-1,-1,794,-1,625,162,
-1,-1,-1,-1,-1,-1,-1,-1,371,1072,-1,-1,-1,-1,-1,-1,-1,-1,-1,-1,
-1,-1,-1,-1,-1,-1,-1,-1,373,1054,755,-1,-1,-1,-1,-1,-1,-1,-1,-1,
-1,-1,-1,-1,-1,-1,-1,-1,376,514,-1,-1,-1,-1,-1,-1,-1,-1,-1,-1,
-1,-1,-1,-1,-1,-1,-1,-1,380,-1,-1,-1,-1,-1,-1,-1,-1,-1,924,-1,
-1,-1,-1,-1,-1,-1,-1,-1,388,1470,325,-1,-1,934,886,-1,-1,-1,-1,-1,
-1,-1,-1,-1,-1,-1,-1,-1,389,894,-1,-1,-1,739,-1,-1,-1,-1,-1,-1,
-1,-1,-1,-1,-1,-1,-1,-1,402,-1,-1,-1,-1,-1,-1,-1,-1,130,-1,-1,
-1,-1,-1,-1,-1,-1,-1,-1,414,1025,-1,-1,-1,-1,-1,-1,-1,-1,-1,-1,
-1,-1,-1,-1,-1,-1,-1,-1,426,224,556,864,-1,234,-1,-1,-1,-1,370,316,
-1,-1,-1,-1,-1,-1,-1,-1,435,442,-1,-1,-1,-1,-1,-1,-1,-1,-1,-1,
-1,-1,-1,-1,-1,-1,-1,-1,440,101,120,-1,-1,-1,-1,-1,128,357,-1,-1,
-1,-1,-1,-1,-1,-1,-1,-1,446,-1,239,305,545,-1,1135,-1,-1,-1,-1,-1,
-1,-1,-1,-1,-1,-1,-1,-1,450,744,-1,-1,-1,-1,-1,-1,-1,-1,-1,-1,
-1,-1,-1,-1,-1,-1,-1,-1,452,-1,-1,-1,-1,-1,-1,-1,-1,-1,797,-1,
-1,-1,-1,-1,-1,-1,-1,-1,455,-1,-1,-1,-1,-1,-1,-1,-1,-1,1323,-1,
-1,-1,-1,-1,-1,-1,-1,-1,456,535,867,-1,-1,-1,-1,-1,-1,-1,243,937,
-1,-1,-1,-1,-1,-1,-1,-1,457,293,334,119,141,228,-1,354,-1,-1,-1,-1,
-1,-1,-1,-1,-1,-1,-1,-1,463,341,400,1108,521,418,343,298,-1,-1,-1,-1,
-1,-1,-1,-1,-1,-1,-1,-1,472,-1,1360,-1,-1,-1,-1,-1,-1,-1,-1,-1,
-1,-1,-1,-1,-1,-1,-1,-1,475,-1,634,-1,-1,-1,-1,-1,-1,-1,-1,-1,
-1,-1,-1,-1,-1,-1,-1,-1,476,-1,-1,-1,-1,-1,-1,-1,-1,979,-1,-1,
-1,-1,-1,-1,-1,-1,-1,-1,484,474,-1,-1,-1,-1,-1,-1,488,439,-1,420,
-1,-1,-1,-1,-1,-1,-1,-1,491,-1,-1,755,-1,-1,-1,1562,-1,-1,-1,-1,
-1,-1,-1,-1,-1,-1,-1,-1,492,-1,-1,1115,-1,-1,-1,-1,-1,-1,-1,-1,
-1,-1,-1,-1,-1,-1,-1,-1,496,-1,775,-1,-1,-1,-1,-1,-1,-1,-1,-1,
-1,-1,-1,-1,-1,-1,-1,-1,497,-1,-1,-1,-1,1069,-1,-1,439,-1,-1,-1,
-1,-1,-1,-1,-1,-1,-1,-1,508,872,398,-1,-1,-1,-1,-1,-1,-1,-1,-1,
-1,-1,-1,-1,-1,-1,-1,-1,512,-1,1122,-1,-1,-1,-1,-1,-1,-1,-1,-1,
-1,-1,-1,-1,-1,-1,-1,-1,517,-1,-1,-1,-1,-1,-1,-1,-1,-1,953,-1,
-1,-1,-1,-1,-1,-1,-1,-1,531,-1,-1,-1,1093,-1,1043,-1,-1,-1,-1,-1,
-1,-1,-1,-1,-1,-1,-1,-1,540,-1,-1,1236,-1,-1,-1,-1,-1,-1,-1,-1,
-1,-1,-1,-1,-1,-1,-1,-1,545,-1,-1,-1,-1,-1,1073,-1,-1,1303,1516,-1,
-1,-1,-1,-1,-1,-1,-1,-1,547,-1,-1,-1,1415,-1,-1,-1,-1,-1,-1,-1,
-1,-1,-1,-1,-1,-1,-1,-1,548,1777,-1,-1,-1,-1,-1,-1,-1,808,-1,-1,
-1,-1,-1,-1,-1,-1,-1,-1,550,783,-1,-1,-1,-1,-1,-1,-1,-1,-1,-1,
-1,-1,-1,-1,-1,-1,-1,-1,555,-1,-1,-1,-1,-1,870,-1,-1,-1,-1,730,
-1,-1,-1,-1,-1,-1,-1,-1,561,-1,1462,-1,-1,-1,-1,-1,-1,-1,-1,-1,
-1,-1,-1,-1,-1,-1,-1,-1,573,-1,-1,-1,-1,1209,1959,2352,-1,-1,-1,-1,
-1,-1,-1,-1,-1,-1,-1,-1,575,1514,441,364,-1,-1,-1,-1,-1,-1,-1,-1,
-1,-1,-1,-1,-1,-1,-1,-1,577,537,-1,-1,-1,-1,-1,-1,-1,-1,-1,350,
-1,-1,-1,-1,-1,-1,-1,-1,581,-1,-1,571,-1,-1,-1,-1,-1,-1,-1,-1,
-1,-1,-1,-1,-1,-1,-1,-1,596,-1,892,-1,-1,-1,-1,-1,-1,-1,-1,-1,
-1,-1,-1,-1,-1,-1,-1,-1,602,-1,-1,-1,1517,-1,-1,-1,-1,-1,-1,-1,
-1,-1,-1,-1,-1,-1,-1,-1,607,589,-1,-1,-1,-1,-1,-1,-1,-1,-1,-1,
-1,-1,-1,-1,-1,-1,-1,-1,623,915,-1,-1,-1,-1,-1,-1,-1,-1,-1,-1,
-1,-1,-1,-1,-1,-1,-1,-1,625,-1,-1,-1,-1,-1,-1,-1,-1,955,1751,-1,
-1,-1,-1,-1,-1,-1,-1,-1,626,416,-1,-1,-1,-1,-1,440,-1,-1,-1,-1,
-1,-1,-1,-1,-1,-1,-1,-1,629,1248,-1,-1,-1,-1,-1,-1,-1,-1,1841,-1,
-1,-1,-1,-1,-1,-1,-1,-1,632,-1,-1,-1,-1,-1,-1,-1,-1,777,1410,-1,
-1,-1,-1,-1,-1,-1,-1,-1,634,266,-1,-1,-1,-1,-1,-1,-1,-1,-1,-1,
-1,-1,-1,-1,-1,-1,-1,-1,635,855,-1,498,-1,-1,-1,248,-1,-1,-1,-1,
-1,-1,-1,-1,-1,-1,-1,-1,640,-1,-1,-1,-1,-1,543,-1,-1,322,-1,-1,
-1,-1,-1,-1,-1,-1,-1,-1,649,-1,-1,-1,354,-1,-1,397,-1,-1,708,-1,
-1,-1,-1,-1,-1,-1,-1,-1,653,253,91,-1,-1,-1,-1,-1,127,-1,-1,-1,
-1,-1,-1,-1,-1,-1,-1,-1,656,1598,1251,-1,1430,-1,-1,-1,-1,-1,-1,-1,
-1,-1,-1,-1,-1,-1,-1,-1,669,536,-1,-1,-1,-1,-1,-1,-1,-1,-1,-1,
-1,-1,-1,-1,-1,-1,-1,-1,671,569,1029,1035,1828,854,-1,-1,-1,-1,-1,-1,
-1,-1,-1,-1,-1,-1,-1,-1,673,-1,864,-1,-1,-1,-1,-1,-1,-1,850,-1,
-1,-1,-1,-1,-1,-1,-1,-1,679,-1,-1,-1,-1,-1,-1,-1,-1,-1,1112,-1,
-1,-1,-1,-1,-1,-1,-1,-1,686,883,-1,-1,-1,-1,-1,-1,-1,-1,-1,-1,
-1,-1,-1,-1,-1,-1,-1,-1,692,701,-1,-1,-1,-1,-1,-1,-1,-1,-1,-1,
-1,-1,-1,-1,-1,-1,-1,-1,694,-1,-1,-1,429,-1,-1,-1,-1,-1,-1,-1,
-1,-1,-1,-1,-1,-1,-1,-1,703,992,-1,-1,-1,-1,-1,-1,-1,-1,-1,-1,
-1,-1,-1,-1,-1,-1,-1,-1,705,1137,751,938,-1,-1,1652,-1,-1,-1,-1,-1,
-1,-1,-1,-1,-1,-1,-1,-1,713,1276,-1,-1,-1,-1,-1,-1,-1,-1,-1,2009,
-1,-1,-1,-1,-1,-1,-1,-1,722,431,203,196,-1,-1,-1,-1,-1,-1,-1,-1,
-1,-1,-1,-1,-1,-1,-1,-1,732,-1,631,292,-1,-1,-1,680,-1,-1,-1,-1,
-1,-1,-1,-1,-1,-1,-1,-1,-1,-1,-1,-1,1341,992,352,513,-1,-1,-1,-1,
-1,-1,-1,-1,-1,-1,-1,-1,743,1525,-1,-1,-1,-1,-1,-1,-1,-1,-1,-1,
-1,-1,-1,-1,-1,-1,1369,-1,746,-1,-1,-1,-1,-1,518,-1,-1,-1,-1,-1,
-1,-1,-1,-1,-1,-1,-1,-1,752,-1,-1,-1,-1,-1,-1,-1,-1,1449,-1,-1,
-1,-1,-1,-1,-1,-1,-1,-1,-1,-1,-1,365,-1,-1,744,434,942,-1,-1,-1,
-1,-1,-1,-1,-1,-1,-1,-1,762,316,-1,-1,-1,499,435,352,687,-1,-1,-1,
-1,-1,-1,-1,-1,-1,-1,-1,768,-1,-1,-1,-1,-1,1944,1257,2007,-1,-1,-1,
-1,-1,-1,-1,-1,-1,-1,-1,780,-1,-1,1055,-1,-1,-1,-1,-1,-1,-1,-1,
-1,-1,-1,-1,-1,-1,-1,-1,783,-1,-1,1002,-1,-1,1180,-1,-1,-1,-1,-1,
-1,-1,-1,-1,-1,-1,-1,-1,786,1268,-1,-1,-1,-1,-1,1120,1666,-1,-1,-1,
-1,-1,-1,-1,-1,-1,-1,-1,789,-1,-1,-1,1102,-1,-1,-1,-1,-1,-1,-1,
-1,-1,-1,-1,-1,-1,-1,-1,805,831,1589,1893,-1,-1,-1,-1,-1,-1,-1,-1,
-1,-1,-1,-1,-1,-1,-1,-1,817,-1,-1,-1,-1,-1,-1,-1,-1,332,-1,-1,
-1,-1,-1,-1,-1,-1,-1,-1,823,1528,-1,-1,-1,-1,1087,-1,-1,-1,-1,-1,
-1,-1,-1,-1,-1,-1,1591,-1,832,-1,-1,-1,-1,-1,-1,-1,-1,-1,-1,-1,
-1,-1,-1,-1,-1,-1,-1,-1,838,436,696,-1,-1,-1,-1,-1,-1,-1,-1,-1,
-1,-1,-1,-1,-1,-1,-1,-1,843,937,1667,-1,-1,-1,-1,-1,-1,-1,-1,-1,
-1,-1,-1,-1,-1,-1,-1,-1,844,849,-1,-1,-1,-1,-1,-1,-1,-1,-1,-1,
-1,-1,-1,-1,-1,-1,-1,-1,849,-1,1243,370,-1,-1,-1,-1,-1,-1,-1,-1,
-1,-1,-1,-1,-1,-1,-1,-1,853,-1,-1,875,-1,-1,-1,-1,-1,-1,-1,-1,
-1,-1,-1,-1,-1,-1,-1,-1,868,330,625,859,-1,-1,-1,-1,-1,-1,-1,-1,
-1,-1,-1,-1,-1,-1,-1,-1,869,-1,-1,-1,-1,-1,-1,-1,472,-1,-1,-1,
-1,-1,-1,-1,-1,-1,-1,-1,871,-1,433,-1,-1,-1,-1,-1,-1,-1,-1,-1,
-1,-1,-1,-1,-1,-1,-1,-1,874,-1,-1,-1,-1,-1,-1,-1,1500,-1,2137,-1,
-1,-1,-1,-1,-1,-1,-1,-1,875,-1,-1,-1,-1,-1,-1,-1,-1,-1,-1,1818,
-1,-1,-1,-1,-1,-1,-1,-1,877,-1,2194,-1,-1,-1,-1,-1,1510,-1,-1,-1,
-1,-1,-1,-1,-1,-1,-1,-1,883,1638,-1,974,-1,-1,-1,-1,-1,-1,-1,-1,
-1,-1,-1,-1,-1,-1,-1,-1,887,-1,-1,-1,-1,-1,584,328,470,1396,-1,-1,
-1,-1,-1,-1,-1,-1,-1,-1,889,-1,1630,2546,2430,2911,-1,-1,-1,-1,-1,-1,
-1,-1,-1,-1,-1,-1,-1,-1,893,1761,-1,-1,-1,-1,-1,-1,-1,-1,-1,-1,
-1,-1,-1,-1,-1,-1,-1,-1,902,863,-1,-1,815,626,322,-1,-1,-1,-1,-1,
-1,-1,-1,-1,-1,-1,-1,-1,904,-1,-1,-1,-1,-1,-1,-1,733,-1,-1,-1,
-1,-1,-1,-1,-1,-1,-1,-1,908,-1,-1,-1,2095,-1,-1,-1,-1,-1,-1,-1,
-1,-1,-1,-1,-1,-1,-1,-1,913,709,-1,-1,-1,-1,-1,-1,-1,-1,-1,-1,
-1,-1,-1,-1,-1,-1,-1,-1,920,1048,987,928,1509,-1,593,1689,-1,-1,-1,-1,
-1,-1,-1,-1,-1,-1,-1,-1,923,1214,779,570,-1,-1,-1,-1,746,-1,-1,-1,
-1,-1,-1,-1,-1,-1,-1,-1,926,-1,-1,-1,-1,-1,-1,2103,-1,-1,1478,-1,
-1,-1,-1,-1,-1,-1,-1,-1,937,1436,-1,-1,-1,1267,-1,-1,-1,-1,1711,-1,
-1,-1,-1,-1,-1,-1,-1,-1,941,-1,-1,-1,1130,-1,-1,-1,-1,-1,-1,-1,
-1,-1,-1,-1,-1,-1,-1,-1,945,-1,-1,644,-1,-1,639,643,-1,-1,-1,-1,
-1,-1,-1,-1,-1,-1,-1,-1,956,421,-1,-1,586,-1,-1,1361,-1,298,-1,1285,
-1,-1,-1,-1,-1,-1,-1,-1,957,2088,603,-1,-1,-1,-1,-1,-1,-1,-1,-1,
-1,-1,-1,-1,-1,-1,-1,-1,958,1220,-1,-1,-1,-1,-1,-1,641,646,-1,-1,
-1,-1,-1,-1,-1,-1,-1,-1,960,-1,1954,-1,-1,-1,-1,-1,-1,-1,-1,-1,
-1,-1,-1,-1,-1,-1,-1,-1,964,880,-1,-1,-1,-1,-1,-1,-1,-1,-1,-1,
-1,-1,-1,-1,-1,-1,-1,-1,965,-1,-1,968,1416,-1,-1,-1,-1,-1,-1,-1,
-1,-1,-1,-1,-1,-1,-1,-1,966,-1,-1,-1,-1,-1,-1,1329,-1,-1,-1,-1,
-1,-1,-1,-1,-1,-1,-1,-1,972,-1,-1,1554,-1,-1,-1,-1,-1,-1,-1,-1,
-1,-1,-1,-1,-1,-1,-1,-1,984,2388,-1,-1,-1,-1,-1,-1,-1,1205,-1,-1,
-1,-1,-1,-1,-1,-1,-1,-1,987,-1,-1,-1,-1,-1,-1,-1,644,-1,971,435,
-1,-1,-1,-1,-1,-1,-1,-1,997,978,1002,432,865,-1,1094,1098,2168,477,-1,1319,
-1,-1,-1,-1,-1,-1,-1,-1,1003,1738,-1,-1,-1,-1,-1,-1,-1,-1,-1,-1,
-1,-1,-1,-1,-1,-1,-1,-1,1008,-1,2905,2078,-1,-1,-1,-1,-1,-1,-1,1766,
-1,-1,-1,-1,-1,-1,-1,-1,1010,-1,804,1478,327,344,-1,-1,-1,-1,-1,-1,
-1,-1,-1,-1,-1,-1,-1,-1,1033,-1,-1,-1,-1,-1,-1,468,-1,-1,300,-1,
-1,-1,-1,-1,-1,-1,-1,-1,1042,704,-1,-1,-1,-1,-1,-1,-1,-1,-1,-1,
-1,-1,-1,-1,-1,-1,-1,-1,1054,-1,-1,-1,-1,-1,-1,-1,-1,-1,437,-1,
-1,-1,-1,-1,-1,-1,-1,-1,1055,-1,-1,688,-1,-1,-1,-1,-1,-1,-1,-1,
-1,-1,-1,-1,-1,-1,-1,-1,1056,-1,-1,-1,-1,1023,-1,543,-1,-1,-1,-1,
-1,-1,-1,-1,-1,-1,-1,-1,1073,-1,-1,-1,-1,-1,-1,-1,-1,800,-1,-1,
-1,-1,-1,-1,-1,-1,-1,-1,1074,678,-1,-1,-1,-1,-1,1123,-1,-1,-1,-1,
-1,-1,-1,-1,-1,-1,-1,-1,1085,-1,2431,2502,-1,-1,-1,-1,-1,-1,-1,-1,
-1,-1,-1,-1,-1,-1,-1,-1,1087,-1,-1,837,-1,-1,-1,-1,-1,-1,-1,-1,
-1,-1,-1,-1,-1,-1,-1,-1,1092,-1,1760,854,1747,-1,-1,-1,-1,-1,-1,-1,
-1,-1,-1,-1,-1,-1,-1,-1,1097,531,-1,-1,684,-1,-1,-1,-1,-1,-1,-1,
964,-1,-1,-1,-1,-1,-1,-1,1105,-1,-1,-1,-1,-1,-1,-1,-1,-1,-1,-1,
-1,-1,-1,-1,-1,-1,-1,-1,1110,523,-1,-1,-1,792,-1,-1,-1,-1,-1,-1,
-1,-1,-1,-1,-1,-1,-1,-1,1111,-1,-1,-1,-1,-1,1020,-1,-1,-1,-1,-1,
-1,-1,-1,-1,2716,-1,-1,-1,1112,-1,-1,-1,-1,-1,1259,-1,-1,-1,-1,1788,
-1,-1,-1,-1,-1,-1,-1,-1,1116,-1,-1,857,-1,-1,-1,-1,-1,-1,-1,-1,
-1,-1,-1,-1,-1,-1,-1,-1,1117,-1,1071,-1,-1,-1,-1,-1,-1,-1,-1,-1,
-1,-1,-1,-1,-1,-1,-1,-1,1118,-1,-1,-1,-1,-1,-1,-1,-1,-1,1591,-1,
-1,-1,-1,-1,-1,-1,-1,-1,1127,1826,2543,1870,-1,-1,-1,-1,-1,-1,-1,-1,
-1,-1,-1,-1,-1,-1,-1,-1,1129,-1,-1,-1,-1,-1,-1,-1,-1,-1,-1,958,
-1,-1,-1,-1,-1,-1,-1,-1,1130,961,-1,-1,-1,-1,-1,-1,866,-1,-1,-1,
-1,-1,-1,-1,-1,-1,-1,-1,1131,-1,-1,-1,-1,-1,950,2078,-1,1031,-1,-1,
-1,-1,-1,-1,-1,-1,-1,-1,1132,1484,-1,-1,-1,-1,-1,-1,-1,-1,-1,-1,
-1,-1,-1,-1,-1,-1,-1,-1,1139,-1,-1,-1,911,-1,-1,-1,-1,-1,-1,-1,
-1,-1,-1,-1,-1,-1,-1,-1,1146,508,304,-1,751,-1,240,-1,-1,-1,-1,-1,
-1,-1,-1,-1,-1,-1,-1,-1,1151,-1,863,-1,-1,1052,-1,-1,-1,-1,-1,-1,
-1,-1,-1,-1,-1,-1,-1,-1,1154,-1,-1,-1,-1,1425,-1,-1,-1,-1,-1,-1,
-1,-1,-1,-1,-1,-1,-1,-1,1156,-1,616,1498,1203,-1,-1,-1,-1,-1,-1,-1,
-1,-1,-1,-1,-1,-1,-1,-1,1161,-1,-1,-1,-1,-1,-1,-1,-1,-1,-1,743,
-1,-1,-1,-1,-1,-1,-1,-1,1179,-1,-1,-1,-1,-1,1661,-1,-1,-1,-1,-1,
-1,-1,-1,-1,-1,-1,-1,-1,1183,-1,470,-1,-1,-1,-1,-1,-1,1175,-1,-1,
-1,-1,-1,-1,-1,-1,-1,-1,1185,-1,-1,-1,-1,-1,-1,-1,-1,2195,-1,-1,
-1,-1,-1,-1,-1,-1,-1,-1,1192,1616,838,642,994,424,928,1355,2148,1910,1648,-1,
-1,-1,-1,-1,-1,-1,-1,-1,1195,1901,1980,-1,-1,-1,2503,2233,1708,-1,1334,-1,
-1,-1,-1,-1,-1,-1,-1,-1,1205,-1,-1,1997,-1,-1,-1,-1,-1,-1,-1,-1,
-1,-1,-1,-1,-1,-1,-1,-1,1208,2102,-1,-1,-1,-1,-1,-1,-1,-1,-1,-1,
-1,-1,-1,-1,-1,-1,-1,-1,1216,695,1074,782,-1,-1,-1,-1,-1,-1,1379,1337,
-1,-1,-1,-1,-1,-1,-1,-1,1218,948,1968,-1,-1,-1,-1,-1,-1,-1,1861,-1,
-1,-1,-1,-1,-1,-1,-1,-1,1226,-1,-1,748,-1,487,-1,1416,-1,485,-1,-1,
-1,-1,-1,-1,-1,-1,-1,-1,1232,-1,-1,-1,-1,-1,-1,-1,1624,-1,771,2033,
-1,-1,-1,-1,-1,-1,-1,-1,1242,-1,-1,-1,-1,-1,-1,-1,-1,-1,-1,1039,
-1,-1,-1,-1,-1,-1,-1,-1,1245,940,-1,-1,-1,-1,-1,-1,-1,-1,-1,-1,
-1,-1,-1,-1,-1,-1,-1,-1,1250,-1,1316,-1,-1,-1,-1,-1,-1,-1,-1,-1,
-1,-1,-1,-1,-1,-1,-1,-1,1257,728,-1,-1,-1,-1,-1,-1,-1,-1,-1,-1,
-1,-1,-1,-1,-1,-1,-1,-1,1259,-1,-1,-1,-1,-1,2418,-1,-1,2192,-1,-1,
-1,-1,-1,-1,-1,-1,-1,-1,1272,1120,-1,-1,-1,-1,-1,-1,-1,-1,-1,-1,
-1,-1,-1,-1,-1,-1,-1,-1,1276,-1,-1,-1,-1,-1,-1,-1,955,1133,563,967,
-1,-1,-1,-1,-1,-1,-1,-1,1283,-1,-1,-1,-1,-1,-1,-1,-1,-1,-1,1271,
-1,-1,-1,-1,-1,-1,-1,-1,1286,1705,-1,-1,-1,-1,-1,-1,-1,-1,-1,-1,
-1,-1,-1,-1,-1,-1,-1,-1,1300,1273,1321,-1,-1,-1,-1,-1,-1,-1,-1,-1,
-1,-1,-1,-1,-1,-1,-1,-1,1305,-1,-1,-1,-1,-1,2204,-1,-1,-1,-1,-1,
-1,-1,-1,-1,-1,-1,-1,-1,1310,1858,-1,-1,-1,-1,-1,-1,-1,-1,-1,-1,
-1,-1,-1,-1,-1,-1,-1,-1,1317,1694,-1,-1,-1,-1,-1,-1,-1,-1,-1,-1,
-1,-1,-1,-1,-1,-1,-1,-1,1321,1825,-1,1830,-1,2286,1748,-1,-1,2510,1830,1299,
-1,-1,-1,-1,-1,-1,-1,-1,1328,-1,1642,866,-1,-1,-1,-1,-1,-1,-1,-1,
-1,-1,-1,-1,-1,-1,-1,-1,1330,2471,-1,2232,2155,-1,-1,-1,-1,-1,-1,-1,
-1,-1,-1,-1,-1,-1,-1,-1,1342,-1,-1,-1,-1,-1,-1,2190,-1,-1,-1,-1,
-1,-1,-1,-1,-1,-1,-1,-1,1344,-1,813,1905,-1,-1,653,-1,-1,-1,-1,-1,
-1,-1,-1,-1,-1,-1,-1,-1,1351,-1,-1,-1,1263,1502,-1,-1,-1,-1,-1,-1,
-1,-1,-1,-1,-1,-1,-1,-1,1358,-1,-1,-1,-1,-1,-1,-1,1363,2759,-1,-1,
-1,-1,-1,-1,-1,-1,-1,-1,1359,1141,752,1052,592,-1,-1,-1,-1,-1,-1,918,
-1,-1,-1,-1,-1,-1,-1,-1,1366,-1,-1,-1,-1,1060,-1,2430,-1,-1,-1,-1,
-1,-1,-1,-1,-1,-1,-1,-1,1368,1633,1099,1160,-1,-1,-1,-1,-1,-1,-1,-1,
-1,-1,-1,-1,-1,-1,-1,-1,1370,-1,-1,-1,-1,-1,-1,663,-1,-1,-1,-1,
-1,-1,-1,-1,-1,-1,-1,-1,1372,-1,-1,-1,2048,-1,-1,-1,-1,-1,-1,-1,
-1,-1,-1,-1,-1,-1,-1,-1,1380,2527,-1,-1,-1,-1,-1,-1,-1,-1,-1,-1,
-1,-1,-1,-1,-1,-1,-1,-1,1388,591,-1,-1,-1,-1,-1,-1,-1,-1,-1,-1,
-1,-1,-1,-1,-1,-1,-1,-1,1401,-1,-1,-1,-1,-1,-1,-1,702,-1,-1,-1,
-1,-1,-1,-1,-1,-1,-1,-1,1413,-1,-1,943,-1,-1,-1,-1,-1,-1,-1,-1,
-1,-1,-1,-1,-1,-1,-1,-1,1417,1285,-1,-1,-1,-1,-1,-1,-1,-1,-1,-1,
-1,-1,-1,-1,-1,-1,-1,-1,1429,-1,-1,-1,-1,-1,-1,-1,-1,-1,2942,1257,
-1,-1,-1,-1,-1,-1,-1,-1,1435,-1,-1,-1,-1,-1,-1,-1,-1,-1,-1,2663,
-1,-1,-1,-1,-1,-1,-1,-1,1445,-1,-1,-1,-1,-1,-1,-1,-1,-1,787,-1,
-1,-1,-1,-1,-1,-1,-1,-1,1450,1997,-1,2729,-1,-1,-1,-1,-1,-1,-1,-1,
-1,-1,-1,-1,-1,-1,-1,-1,1451,699,-1,-1,-1,-1,-1,-1,-1,-1,-1,-1,
-1,-1,-1,-1,-1,-1,-1,-1,1453,662,-1,-1,-1,-1,-1,-1,-1,-1,-1,-1,
-1,-1,-1,-1,-1,-1,-1,-1,1460,-1,-1,-1,-1,2063,-1,-1,-1,-1,-1,-1,
-1,-1,-1,-1,-1,-1,-1,-1,1463,-1,-1,-1,-1,1737,-1,-1,-1,-1,-1,-1,
-1,-1,-1,-1,-1,-1,-1,-1,1471,2309,-1,-1,-1,-1,-1,-1,-1,-1,-1,-1,
-1,-1,-1,-1,-1,-1,-1,-1,1483,-1,-1,-1,-1,2530,-1,-1,843,1551,499,-1,
-1,-1,-1,-1,-1,-1,-1,-1,1485,-1,-1,-1,-1,-1,-1,-1,1300,-1,-1,-1,
-1,-1,-1,-1,-1,-1,-1,-1,1486,1719,-1,-1,-1,-1,-1,-1,-1,-1,-1,-1,
-1,-1,-1,-1,-1,-1,-1,-1,1494,-1,-1,-1,-1,-1,-1,-1,-1,-1,-1,2337,
-1,-1,-1,-1,-1,-1,-1,-1,1499,1076,-1,-1,-1,-1,-1,-1,-1,-1,-1,-1,
-1,-1,-1,-1,-1,-1,-1,-1,1501,2799,-1,-1,-1,-1,-1,-1,-1,-1,-1,-1,
-1,-1,-1,-1,-1,-1,-1,-1,1502,-1,-1,1119,-1,-1,-1,-1,-1,-1,-1,-1,
-1,-1,-1,-1,-1,-1,-1,-1,1510,-1,913,-1,-1,-1,-1,1882,-1,-1,-1,-1,
-1,-1,-1,-1,-1,-1,-1,-1,1522,-1,-1,-1,-1,-1,-1,-1,-1,2612,-1,-1,
-1,-1,-1,-1,-1,-1,-1,-1,1523,1754,-1,-1,-1,-1,-1,-1,-1,-1,-1,-1,
-1,-1,-1,-1,-1,-1,-1,-1,1527,2818,-1,-1,-1,-1,-1,-1,-1,-1,-1,-1,
-1,-1,-1,-1,-1,-1,-1,-1,1533,2339,862,-1,-1,-1,1126,1454,-1,-1,-1,-1,
-1,-1,-1,-1,-1,-1,-1,-1,1544,-1,-1,1302,-1,-1,-1,-1,-1,-1,-1,-1,
-1,-1,-1,-1,-1,-1,-1,-1,1545,2439,-1,2520,-1,-1,-1,-1,-1,-1,-1,-1,
-1,-1,-1,-1,-1,-1,-1,-1,1575,1888,-1,-1,-1,-1,-1,-1,-1,-1,-1,-1,
-1,-1,-1,-1,-1,-1,-1,-1,1582,1518,-1,-1,-1,-1,-1,-1,-1,-1,-1,-1,
-1,-1,-1,-1,-1,-1,-1,-1,1584,2132,-1,-1,-1,-1,-1,-1,-1,-1,-1,-1,
-1,-1,-1,-1,-1,-1,-1,-1,1596,923,-1,-1,-1,-1,-1,-1,-1,-1,-1,-1,
-1,-1,-1,-1,-1,-1,-1,-1,1600,-1,-1,-1,-1,1200,-1,-1,-1,-1,2126,2418,
-1,-1,-1,-1,-1,-1,-1,-1,1626,-1,-1,-1,-1,-1,-1,2437,-1,-1,-1,-1,
-1,-1,-1,-1,-1,-1,-1,-1,1637,-1,-1,-1,-1,-1,-1,-1,1368,-1,-1,-1,
-1,-1,-1,-1,-1,-1,-1,-1,1638,2750,-1,-1,-1,-1,-1,2092,-1,-1,-1,-1,
-1,-1,-1,-1,-1,-1,-1,-1,1639,-1,-1,-1,-1,-1,-1,-1,-1,-1,-1,2754,
-1,-1,-1,-1,-1,-1,-1,-1,1643,-1,-1,-1,-1,-1,-1,-1,2797,-1,-1,-1,
-1,-1,-1,-1,-1,-1,-1,-1,1654,2364,2332,-1,-1,-1,-1,-1,-1,-1,-1,-1,
-1,-1,-1,-1,-1,-1,-1,-1,1657,-1,-1,-1,-1,-1,-1,-1,-1,-1,2740,-1,
-1,-1,-1,-1,-1,-1,-1,-1,1663,-1,-1,-1,-1,-1,-1,1060,-1,-1,-1,-1,
-1,-1,-1,-1,-1,-1,-1,-1,1664,2337,-1,2344,1561,2551,2274,1229,1242,1979,-1,-1,
-1,-1,-1,-1,-1,-1,-1,-1,1667,2043,-1,-1,-1,-1,1611,-1,-1,-1,-1,-1,
-1,-1,-1,-1,-1,-1,-1,-1,1670,-1,-1,-1,786,-1,-1,-1,2581,-1,-1,-1,
-1,-1,-1,-1,-1,-1,-1,-1,1672,-1,-1,2440,-1,-1,-1,-1,-1,-1,-1,-1,
-1,-1,-1,-1,-1,-1,-1,-1,1676,2663,2255,-1,1434,1772,2224,-1,-1,1234,-1,1186,
-1,-1,-1,-1,-1,-1,-1,-1,1678,1583,-1,-1,-1,-1,-1,-1,-1,-1,-1,-1,
-1,-1,-1,-1,-1,-1,-1,-1,1691,758,-1,-1,-1,-1,-1,-1,-1,-1,-1,-1,
-1,-1,-1,-1,-1,-1,-1,-1,1692,-1,-1,-1,-1,-1,2829,-1,-1,-1,-1,-1,
-1,-1,-1,-1,-1,-1,-1,-1,1694,-1,-1,-1,-1,-1,1522,-1,-1,-1,-1,-1,
-1,-1,-1,-1,-1,-1,-1,-1,1697,936,-1,-1,-1,-1,-1,-1,-1,-1,-1,-1,
-1,-1,-1,-1,-1,-1,-1,-1,1713,2459,-1,-1,-1,-1,-1,-1,-1,-1,-1,-1,
-1,-1,-1,-1,-1,-1,-1,-1,1716,2577,-1,-1,-1,-1,-1,-1,-1,-1,-1,-1,
-1,-1,-1,-1,-1,-1,-1,-1,1724,-1,992,-1,1144,-1,-1,-1,-1,-1,-1,-1,
-1,-1,-1,-1,-1,-1,-1,-1,1726,-1,-1,1350,-1,-1,-1,-1,-1,-1,-1,-1,
-1,-1,-1,-1,-1,-1,-1,-1,1729,-1,991,-1,-1,-1,-1,-1,-1,-1,-1,-1,
-1,-1,-1,-1,-1,-1,-1,-1,1730,-1,-1,2126,-1,-1,-1,-1,-1,-1,-1,-1,
-1,-1,-1,-1,-1,-1,-1,-1,1733,-1,-1,-1,-1,-1,-1,-1,-1,-1,-1,2627,
-1,-1,-1,-1,-1,-1,-1,-1,1747,951,-1,-1,-1,-1,-1,-1,-1,-1,-1,-1,
-1,-1,-1,-1,-1,-1,-1,1969,1751,789,-1,-1,-1,-1,-1,-1,-1,-1,-1,-1,
-1,-1,-1,-1,-1,-1,-1,-1,1752,-1,2156,-1,-1,-1,-1,-1,-1,-1,-1,-1,
-1,-1,-1,-1,-1,-1,-1,-1,1756,2054,-1,-1,-1,-1,-1,-1,-1,-1,-1,-1,
-1,-1,-1,-1,-1,-1,-1,-1,1774,908,-1,-1,-1,-1,-1,-1,-1,-1,-1,-1,
-1,-1,-1,-1,-1,-1,-1,-1,1776,-1,-1,-1,-1,-1,1530,-1,-1,-1,-1,-1,
-1,-1,-1,-1,-1,-1,-1,-1,1782,-1,-1,-1,-1,-1,-1,-1,-1,-1,-1,1472,
-1,-1,-1,-1,-1,-1,-1,-1,1784,-1,-1,-1,1944,-1,-1,-1,-1,-1,-1,-1,
-1,-1,-1,-1,-1,-1,-1,-1,1792,1043,1561,1668,-1,-1,-1,-1,-1,-1,-1,-1,
-1,-1,-1,-1,-1,-1,-1,-1,1793,1010,-1,-1,-1,-1,-1,-1,-1,-1,-1,-1,
-1,-1,-1,-1,-1,-1,-1,-1,1804,-1,1581,-1,-1,-1,-1,-1,-1,-1,-1,-1,
-1,-1,-1,-1,-1,-1,-1,-1,1807,-1,2608,-1,-1,-1,-1,-1,-1,-1,-1,-1,
-1,-1,-1,-1,-1,-1,-1,-1,1817,-1,-1,1484,-1,-1,-1,-1,-1,-1,-1,-1,
-1,1602,-1,-1,-1,-1,-1,-1,1818,-1,-1,-1,-1,-1,-1,-1,-1,-1,-1,-1,
-1,-1,-1,-1,-1,-1,-1,-1,1822,-1,2719,-1,-1,-1,-1,-1,-1,-1,-1,-1,
-1,-1,-1,-1,-1,-1,-1,-1,1827,2642,-1,-1,-1,-1,-1,-1,-1,-1,-1,-1,
-1,-1,-1,-1,-1,-1,-1,-1,1828,-1,-1,-1,-1,-1,-1,-1,-1,2263,2558,-1,
-1,-1,-1,-1,-1,-1,-1,-1,1838,-1,-1,-1,-1,-1,-1,-1,-1,-1,-1,2038,
-1,-1,-1,-1,-1,-1,-1,-1,1853,-1,-1,-1,-1,-1,-1,-1,2307,-1,-1,1912,
-1,-1,-1,-1,-1,-1,-1,-1,1863,1876,-1,-1,-1,-1,-1,-1,-1,-1,-1,-1,
-1,-1,-1,-1,-1,-1,-1,-1,1870,-1,2615,-1,-1,1889,-1,-1,-1,-1,-1,-1,
-1,-1,-1,-1,-1,-1,-1,-1,1873,2358,-1,-1,-1,-1,-1,-1,-1,-1,-1,-1,
-1,-1,-1,-1,-1,-1,-1,-1,1875,2009,744,-1,-1,782,-1,-1,-1,-1,-1,-1,
-1,-1,-1,-1,-1,-1,-1,-1,1884,-1,-1,-1,-1,-1,-1,-1,2583,-1,-1,-1,
-1,-1,-1,-1,-1,-1,-1,-1,1900,1073,-1,-1,-1,-1,-1,-1,-1,-1,-1,-1,
-1,-1,-1,-1,-1,-1,-1,-1,1901,-1,-1,-1,-1,-1,-1,2105,-1,-1,-1,-1,
-1,-1,-1,-1,-1,-1,-1,-1,1903,-1,1907,-1,-1,-1,-1,-1,-1,-1,-1,-1,
-1,-1,-1,-1,-1,-1,-1,-1,1905,2272,2071,-1,-1,-1,-1,-1,-1,-1,-1,-1,
-1,-1,-1,-1,-1,-1,-1,-1,1915,-1,-1,-1,-1,760,1278,830,-1,-1,-1,-1,
-1,-1,-1,-1,-1,-1,-1,-1,1921,2359,2695,2277,-1,-1,-1,-1,-1,-1,-1,-1,
-1,-1,-1,-1,-1,-1,-1,-1,1937,2840,-1,-1,-1,-1,-1,-1,-1,-1,-1,-1,
-1,-1,-1,-1,-1,-1,-1,-1,1940,-1,1931,-1,-1,-1,-1,-1,2491,-1,-1,-1,
-1,-1,-1,-1,-1,-1,-1,-1,1944,-1,-1,-1,-1,-1,-1,-1,1140,-1,-1,-1,
-1,-1,-1,-1,-1,-1,-1,-1,1951,2850,1430,-1,-1,-1,2765,-1,2698,-1,-1,-1,
-1,-1,-1,-1,-1,-1,-1,-1,1964,-1,-1,-1,-1,2256,2942,-1,-1,-1,-1,-1,
-1,-1,-1,-1,-1,-1,-1,-1,1968,-1,-1,-1,-1,-1,-1,-1,-1,-1,-1,2709,
-1,-1,-1,-1,-1,-1,-1,-1,1971,-1,895,1361,-1,-1,-1,-1,-1,-1,-1,-1,
-1,-1,-1,-1,-1,-1,-1,-1,1976,1405,1545,2727,-1,-1,-1,-1,-1,-1,-1,-1,
-1,-1,-1,-1,-1,-1,-1,-1,1982,-1,-1,-1,-1,2500,-1,-1,-1,-1,-1,-1,
-1,-1,-1,-1,-1,-1,-1,-1,1986,1960,-1,-1,-1,-1,-1,-1,-1,-1,-1,-1,
-1,-1,-1,-1,-1,-1,-1,-1,1990,-1,-1,-1,-1,-1,-1,-1,2257,-1,-1,-1,
-1,-1,-1,-1,-1,-1,-1,-1,1991,-1,-1,1205,-1,-1,-1,-1,-1,-1,-1,-1,
-1,-1,-1,-1,-1,-1,-1,-1,1993,1564,-1,-1,-1,-1,-1,-1,-1,-1,-1,-1,
-1,-1,-1,-1,-1,-1,-1,-1,1998,-1,-1,-1,-1,-1,-1,1594,1325,-1,-1,-1,
-1,-1,-1,-1,-1,-1,-1,-1,2014,-1,-1,-1,-1,-1,-1,1895,-1,-1,-1,-1,
-1,-1,-1,-1,-1,-1,-1,-1,2016,2148,2589,-1,-1,-1,-1,-1,-1,-1,-1,-1,
-1,-1,-1,-1,-1,-1,-1,-1,2023,2013,-1,-1,1894,-1,-1,-1,-1,1322,-1,-1,
-1,-1,-1,-1,-1,-1,-1,-1,2026,-1,-1,-1,-1,-1,-1,1249,819,1823,-1,-1,
-1,-1,-1,-1,-1,-1,-1,-1,2031,-1,1004,-1,-1,-1,-1,-1,-1,-1,-1,-1,
-1,-1,-1,-1,-1,-1,-1,-1,2035,2926,-1,-1,-1,-1,-1,-1,-1,-1,-1,-1,
-1,-1,-1,-1,-1,-1,-1,-1,2075,-1,1578,-1,-1,-1,-1,-1,-1,-1,-1,-1,
-1,-1,-1,-1,-1,-1,-1,-1,2090,1996,-1,-1,-1,-1,-1,-1,-1,-1,-1,2718,
-1,-1,-1,-1,-1,-1,-1,-1,2101,2773,-1,-1,-1,-1,-1,-1,-1,-1,-1,-1,
-1,-1,-1,-1,-1,-1,-1,-1,2104,-1,2263,-1,-1,-1,-1,-1,-1,-1,1461,-1,
-1,-1,-1,-1,-1,-1,-1,-1,2107,1329,2085,-1,-1,-1,2581,1126,-1,-1,-1,-1,
-1,-1,-1,-1,-1,-1,-1,-1,2120,-1,-1,934,2189,-1,-1,-1,-1,-1,-1,-1,
-1,-1,-1,-1,-1,-1,-1,-1,2122,1261,-1,-1,-1,-1,-1,-1,-1,-1,-1,-1,
-1,-1,-1,-1,-1,-1,-1,-1,2125,1872,-1,-1,-1,-1,-1,-1,-1,-1,-1,-1,
-1,-1,-1,-1,-1,-1,-1,-1,2130,-1,2896,2534,-1,-1,-1,-1,-1,-1,-1,-1,
-1,-1,-1,-1,-1,-1,-1,-1,2136,2974,-1,-1,1756,-1,-1,-1,-1,-1,-1,-1,
-1,-1,-1,-1,-1,-1,-1,-1,2148,1296,-1,-1,-1,-1,-1,-1,-1,-1,-1,-1,
-1,-1,-1,-1,-1,-1,-1,-1,2152,-1,1605,-1,-1,-1,-1,-1,-1,-1,-1,-1,
-1,-1,-1,-1,-1,-1,-1,-1,2153,-1,-1,1217,-1,-1,-1,-1,-1,-1,-1,-1,
-1,-1,-1,-1,-1,-1,-1,-1,2159,-1,-1,-1,-1,-1,-1,-1,-1,-1,2894,-1,
-1,-1,-1,-1,-1,-1,-1,-1,2163,-1,2799,-1,-1,-1,-1,-1,-1,-1,-1,-1,
-1,-1,-1,-1,-1,-1,-1,-1,2164,-1,-1,-1,-1,2725,-1,-1,2389,-1,-1,-1,
-1,-1,-1,-1,-1,-1,-1,-1,2165,1597,1264,-1,-1,-1,-1,-1,-1,1877,-1,-1,
-1,-1,-1,-1,-1,-1,-1,-1,2166,-1,-1,-1,-1,-1,-1,-1,-1,2243,-1,-1,
-1,-1,-1,-1,-1,-1,-1,-1,2177,-1,1834,-1,-1,-1,-1,-1,-1,-1,-1,-1,
-1,-1,-1,-1,-1,-1,-1,-1,2181,815,1769,995,-1,-1,-1,-1,-1,-1,-1,-1,
-1,-1,-1,-1,-1,-1,-1,-1,2183,-1,564,-1,1001,798,1029,1775,-1,-1,-1,-1,
-1,-1,-1,-1,-1,-1,-1,-1,2191,-1,-1,2325,-1,-1,-1,-1,-1,-1,-1,-1,
-1,-1,-1,-1,-1,-1,-1,-1,2192,-1,-1,-1,-1,1228,-1,-1,-1,-1,-1,-1,
-1,-1,-1,-1,-1,-1,-1,-1,2194,-1,-1,1585,-1,1811,1702,-1,-1,-1,-1,-1,
-1,-1,-1,-1,-1,-1,-1,-1,2199,2823,-1,-1,-1,-1,-1,-1,-1,-1,-1,-1,
-1,-1,-1,-1,-1,-1,-1,-1,2200,-1,-1,-1,-1,2252,-1,-1,-1,-1,-1,-1,
-1,-1,-1,-1,-1,-1,-1,-1,2203,2763,-1,-1,-1,-1,-1,-1,-1,-1,-1,-1,
-1,-1,-1,-1,-1,-1,-1,-1,2229,-1,-1,-1,-1,1381,-1,-1,-1,-1,-1,-1,
-1,-1,-1,-1,-1,-1,-1,-1,2233,-1,-1,-1,759,-1,1749,-1,-1,1120,2828,-1,
-1,-1,-1,-1,-1,-1,-1,-1,2245,-1,-1,-1,-1,-1,2733,-1,-1,-1,-1,-1,
-1,-1,-1,-1,-1,-1,-1,-1,2253,1844,1016,-1,-1,-1,-1,-1,-1,-1,-1,-1,
-1,-1,-1,-1,-1,-1,-1,-1,2255,1374,1747,-1,-1,-1,-1,-1,-1,2090,-1,973,
-1,-1,-1,-1,-1,-1,-1,-1,2261,2463,-1,-1,-1,-1,-1,-1,-1,-1,-1,-1,
-1,-1,-1,-1,-1,-1,-1,-1,2270,2689,1482,-1,-1,-1,-1,-1,-1,-1,-1,2881,
-1,-1,-1,-1,-1,-1,-1,-1,2271,2365,2474,-1,-1,-1,-1,-1,-1,-1,-1,-1,
-1,-1,-1,-1,-1,-1,-1,-1,2279,-1,-1,1027,-1,-1,-1,-1,-1,-1,-1,-1,
-1,-1,-1,-1,-1,-1,-1,-1,2281,-1,-1,-1,-1,1017,-1,-1,-1,-1,-1,-1,
-1,-1,-1,-1,-1,-1,-1,-1,2284,2655,-1,-1,-1,-1,-1,-1,-1,-1,-1,-1,
-1,-1,-1,-1,-1,-1,-1,-1,2288,1211,-1,-1,-1,-1,-1,-1,-1,-1,-1,-1,
-1,-1,-1,-1,-1,-1,-1,-1,2300,-1,-1,-1,-1,-1,-1,2398,-1,-1,-1,-1,
-1,-1,-1,-1,-1,-1,-1,-1,2316,-1,-1,-1,-1,-1,-1,1897,-1,-1,-1,2502,
-1,-1,-1,-1,-1,-1,-1,-1,2337,-1,-1,-1,-1,-1,-1,1778,-1,2611,-1,-1,
-1,-1,-1,-1,-1,-1,-1,-1,2355,1249,-1,-1,-1,-1,-1,-1,-1,-1,-1,-1,
-1,-1,-1,-1,-1,-1,-1,-1,2356,2914,-1,-1,-1,-1,-1,-1,-1,-1,-1,-1,
-1,-1,-1,-1,-1,-1,-1,-1,2360,-1,1786,-1,-1,-1,-1,-1,-1,-1,-1,-1,
-1,-1,-1,-1,-1,-1,-1,-1,2361,-1,-1,2713,-1,-1,-1,-1,-1,-1,-1,-1,
-1,-1,-1,-1,-1,-1,-1,-1,2364,-1,1662,-1,-1,-1,-1,-1,-1,-1,-1,-1,
-1,-1,-1,-1,-1,-1,-1,-1,2367,-1,-1,1961,-1,-1,-1,-1,-1,-1,-1,-1,
-1,-1,-1,-1,-1,-1,-1,-1,2373,1309,914,2025,-1,-1,-1,-1,-1,-1,-1,-1,
-1,-1,-1,-1,-1,-1,-1,-1,2400,1897,-1,-1,-1,-1,-1,-1,-1,-1,-1,-1,
-1,-1,-1,-1,-1,-1,-1,-1,2403,-1,2664,-1,-1,-1,-1,-1,-1,-1,-1,-1,
-1,-1,-1,-1,-1,-1,-1,-1,2404,-1,2825,-1,-1,-1,-1,-1,-1,-1,-1,-1,
-1,-1,-1,-1,-1,-1,-1,-1,2421,-1,-1,-1,1364,1497,-1,-1,-1,-1,-1,-1,
-1,-1,-1,-1,-1,-1,-1,-1,2460,-1,-1,-1,-1,-1,-1,-1,2323,-1,-1,-1,
-1,-1,-1,-1,-1,-1,-1,-1,2461,-1,-1,-1,-1,-1,2206,-1,-1,-1,-1,-1,
-1,-1,-1,-1,-1,-1,-1,-1,2466,-1,-1,-1,-1,-1,-1,-1,-1,2884,-1,-1,
-1,-1,-1,-1,-1,-1,-1,-1,2469,1922,2587,-1,-1,-1,-1,-1,-1,-1,-1,-1,
-1,-1,-1,-1,-1,-1,-1,-1,2477,1800,-1,-1,-1,-1,-1,-1,-1,-1,-1,-1,
-1,-1,-1,-1,-1,-1,-1,-1,2488,-1,-1,-1,-1,-1,-1,-1,-1,-1,-1,2662,
-1,-1,-1,-1,-1,-1,-1,-1,2493,-1,-1,2164,-1,-1,-1,-1,-1,-1,-1,-1,
-1,-1,-1,-1,-1,-1,-1,-1,2505,2618,-1,-1,-1,-1,-1,-1,-1,-1,-1,-1,
-1,-1,-1,-1,-1,-1,-1,-1,2509,-1,-1,-1,2137,-1,-1,-1,-1,-1,-1,-1,
-1,-1,-1,-1,-1,-1,-1,-1,2518,-1,2731,-1,-1,-1,-1,-1,-1,-1,-1,-1,
-1,-1,-1,-1,-1,-1,-1,-1,2520,-1,-1,2190,-1,-1,-1,-1,-1,-1,-1,-1,
-1,-1,-1,-1,-1,-1,-1,-1,2523,-1,2687,2123,2824,-1,-1,-1,-1,-1,-1,-1,
-1,-1,-1,-1,-1,-1,-1,-1,2528,1240,1250,-1,-1,-1,-1,-1,-1,-1,-1,-1,
-1,-1,-1,-1,-1,-1,-1,-1,2567,2126,-1,-1,-1,-1,-1,-1,-1,-1,-1,-1,
-1,-1,-1,-1,-1,-1,-1,-1,2568,-1,2349,-1,-1,-1,-1,-1,-1,-1,-1,-1,
-1,-1,-1,-1,-1,-1,-1,-1,2582,2028,-1,-1,-1,-1,-1,-1,-1,-1,-1,-1,
-1,-1,-1,-1,-1,-1,-1,-1,2601,2697,2001,-1,-1,-1,-1,-1,-1,-1,-1,-1,
-1,-1,-1,-1,-1,-1,-1,-1,2602,2285,-1,-1,-1,-1,-1,-1,-1,-1,-1,-1,
-1,-1,-1,-1,-1,-1,-1,-1,2605,-1,1359,-1,-1,-1,-1,-1,-1,-1,-1,-1,
-1,-1,-1,-1,-1,-1,-1,-1,2618,2021,-1,1097,-1,-1,-1,1719,1294,-1,-1,-1,
-1,-1,-1,-1,-1,-1,-1,-1,2631,-1,-1,-1,-1,-1,-1,2084,-1,-1,-1,-1,
-1,-1,-1,-1,-1,-1,-1,-1,2639,1380,-1,-1,-1,-1,-1,-1,-1,-1,2513,2608,
-1,-1,-1,-1,-1,-1,-1,-1,2649,-1,2872,-1,2033,-1,-1,-1,-1,-1,-1,-1,
-1,-1,-1,-1,-1,-1,-1,-1,2651,-1,-1,2231,-1,-1,-1,-1,-1,-1,2619,-1,
-1,-1,-1,-1,-1,-1,-1,-1,2654,2351,-1,-1,-1,-1,-1,1499,2548,-1,-1,-1,
-1,-1,-1,-1,-1,-1,-1,-1,2660,1338,-1,1084,1452,-1,-1,-1,-1,-1,-1,-1,
-1,-1,-1,-1,-1,-1,-1,-1,2670,1395,1607,-1,-1,-1,-1,-1,-1,-1,-1,-1,
-1,-1,-1,-1,-1,-1,-1,-1,2674,2565,-1,-1,-1,-1,-1,-1,-1,-1,-1,-1,
-1,-1,-1,-1,-1,-1,-1,-1,2688,-1,1716,2054,-1,-1,-1,-1,-1,-1,-1,-1,
-1,-1,-1,-1,-1,-1,-1,-1,2701,-1,-1,-1,-1,-1,1924,2858,-1,-1,-1,-1,
-1,-1,-1,-1,-1,-1,-1,-1,2707,-1,-1,-1,-1,-1,-1,-1,-1,-1,-1,2538,
-1,-1,-1,-1,-1,-1,-1,-1,2715,-1,2703,-1,-1,-1,-1,-1,-1,-1,-1,-1,
-1,-1,-1,-1,-1,-1,-1,-1,2718,2159,-1,-1,-1,-1,-1,-1,-1,-1,-1,-1,
-1,-1,-1,-1,-1,-1,-1,-1,2734,-1,-1,-1,2445,-1,-1,-1,-1,-1,-1,-1,
-1,-1,-1,-1,-1,-1,-1,-1,2735,2091,-1,2028,2715,2504,1713,2635,-1,-1,-1,-1,
-1,-1,-1,-1,-1,-1,-1,-1,2744,2096,-1,1730,-1,-1,-1,-1,-1,-1,-1,-1,
-1,-1,-1,-1,-1,-1,-1,-1,2749,2078,-1,-1,-1,-1,-1,-1,-1,-1,-1,-1,
-1,-1,-1,-1,-1,-1,-1,-1,2761,-1,-1,-1,-1,-1,-1,-1,-1,-1,-1,2493,
-1,-1,-1,-1,-1,-1,-1,-1,2762,2771,2761,-1,-1,-1,-1,1941,1528,-1,-1,-1,
-1,-1,-1,-1,-1,-1,-1,-1,2764,-1,2067,831,-1,1094,-1,-1,-1,-1,-1,-1,
-1,-1,-1,-1,-1,-1,-1,-1,2773,1191,-1,-1,-1,-1,-1,-1,-1,-1,1558,-1,
-1,-1,-1,-1,-1,-1,-1,-1,2777,-1,-1,-1,-1,-1,-1,-1,-1,-1,2433,1683,
-1,-1,-1,-1,-1,-1,-1,-1,2779,-1,-1,-1,-1,-1,-1,1352,-1,-1,-1,-1,
-1,-1,-1,-1,-1,-1,-1,-1,2793,-1,-1,-1,-1,-1,-1,1885,1595,-1,-1,-1,
-1,-1,-1,-1,-1,-1,-1,-1,2803,-1,-1,-1,2324,-1,-1,-1,-1,-1,-1,-1,
-1,-1,-1,-1,-1,-1,-1,-1,2810,2934,-1,1763,-1,-1,-1,-1,-1,-1,-1,-1,
-1,-1,-1,-1,-1,-1,-1,-1,2833,-1,-1,1673,-1,-1,-1,-1,-1,-1,-1,-1,
-1,-1,-1,-1,-1,-1,-1,-1,2854,-1,-1,1576,1120,-1,-1,-1,-1,-1,-1,-1,
-1,-1,-1,-1,-1,-1,-1,-1,2858,-1,2725,-1,-1,-1,-1,-1,-1,-1,-1,-1,
-1,-1,-1,-1,-1,-1,-1,-1,2861,-1,-1,-1,-1,-1,-1,-1,-1,-1,-1,2425,
-1,-1,-1,-1,-1,-1,-1,-1,2864,-1,-1,-1,-1,-1,-1,-1,2192,-1,-1,-1,
-1,-1,-1,-1,-1,-1,-1,-1,2865,-1,-1,-1,-1,1490,-1,-1,-1,-1,-1,-1,
-1,-1,-1,-1,-1,-1,-1,-1,2870,-1,-1,-1,-1,-1,-1,-1,-1,-1,-1,2004,
-1,-1,-1,-1,-1,-1,-1,-1,2889,-1,-1,-1,2788,-1,-1,-1,-1,-1,-1,-1,
-1,-1,-1,-1,-1,-1,-1,-1,-1,12,22,-1,-1,-1,-1,-1,-1,-1,-1,-1,
-1,-1,-1,-1,-1,-1,-1,-1,-1,34,-1,-1,-1,32,-1,34,-1,-1,-1,-1,
-1,-1,-1,-1,-1,-1,-1,-1,-1,39,8,11,-1,-1,-1,-1,-1,-1,-1,-1,
-1,-1,-1,-1,-1,-1,-1,-1,161,43,131,-1,183,-1,-1,-1,-1,-1,-1,-1,
-1,-1,-1,-1,-1,-1,-1,-1,-1,45,33,-1,-1,-1,-1,-1,-1,-1,-1,-1,
-1,-1,-1,-1,-1,-1,-1,-1,-1,48,23,-1,-1,-1,-1,-1,-1,-1,-1,-1,
-1,-1,-1,-1,-1,-1,-1,-1,-1,49,62,-1,-1,-1,-1,-1,-1,-1,-1,-1,
-1,-1,-1,-1,-1,-1,-1,-1,-1,56,-1,-1,-1,-1,118,-1,-1,-1,-1,-1,
-1,-1,-1,-1,-1,-1,-1,-1,-1,76,268,473,-1,-1,-1,-1,-1,-1,-1,-1,
-1,-1,-1,-1,-1,-1,-1,-1,-1,88,31,272,-1,-1,-1,-1,-1,-1,-1,-1,
-1,-1,-1,-1,-1,-1,-1,-1,-1,96,109,111,87,-1,400,-1,-1,-1,-1,-1,
-1,-1,-1,300,-1,-1,-1,-1,-1,106,-1,-1,-1,-1,69,-1,-1,-1,-1,-1,
-1,-1,-1,-1,-1,-1,-1,-1,-1,108,291,-1,92,-1,-1,-1,-1,-1,-1,-1,
-1,-1,-1,-1,-1,-1,-1,-1,-1,116,-1,57,-1,-1,-1,-1,-1,-1,-1,-1,
-1,-1,-1,-1,-1,-1,-1,-1,-1,123,-1,-1,-1,-1,227,130,-1,-1,-1,-1,
-1,-1,-1,-1,-1,-1,-1,-1,-1,129,-1,25,180,29,85,-1,-1,171,-1,-1,
-1,-1,-1,-1,-1,-1,-1,-1,-1,133,-1,24,-1,-1,-1,-1,-1,-1,-1,-1,
-1,-1,-1,-1,-1,-1,-1,-1,-1,134,253,-1,-1,-1,-1,-1,-1,-1,-1,-1,
-1,-1,-1,-1,-1,-1,-1,-1,-1,142,-1,-1,-1,-1,-1,-1,316,-1,-1,-1,
-1,-1,-1,-1,-1,-1,-1,-1,-1,146,43,155,160,-1,-1,-1,-1,-1,-1,-1,
-1,-1,-1,-1,-1,-1,-1,-1,-1,161,-1,-1,-1,-1,515,113,-1,-1,-1,-1,
-1,-1,-1,-1,-1,-1,-1,-1,-1,162,226,-1,-1,-1,-1,-1,-1,-1,-1,-1,
-1,-1,-1,-1,-1,-1,-1,-1,-1,166,-1,-1,-1,-1,-1,222,-1,-1,-1,-1,
-1,-1,-1,-1,-1,-1,-1,-1,-1,175,-1,553,-1,-1,-1,-1,-1,-1,-1,-1,
-1,-1,-1,-1,-1,-1,-1,-1,-1,184,-1,-1,-1,-1,-1,406,-1,-1,-1,-1,
-1,-1,-1,-1,-1,-1,-1,-1,-1,201,-1,-1,-1,-1,-1,209,-1,-1,-1,-1,
-1,-1,-1,-1,-1,-1,-1,-1,-1,207,181,184,-1,224,-1,-1,-1,-1,-1,-1,
-1,-1,-1,-1,-1,-1,-1,-1,-1,212,385,-1,-1,-1,-1,-1,-1,409,-1,-1,
-1,-1,-1,-1,-1,-1,-1,-1,-1,214,563,-1,-1,398,-1,-1,-1,-1,-1,-1,
-1,-1,-1,-1,-1,-1,-1,-1,-1,215,478,-1,270,158,-1,-1,325,-1,-1,-1,
-1,-1,-1,-1,-1,-1,-1,-1,-1,218,-1,-1,-1,286,-1,-1,-1,-1,-1,-1,
-1,-1,-1,-1,-1,-1,-1,-1,-1,222,920,483,881,567,424,-1,666,333,-1,-1,
-1,-1,-1,-1,-1,-1,-1,-1,-1,227,-1,-1,-1,-1,103,-1,-1,-1,-1,-1,
-1,-1,-1,-1,-1,-1,-1,-1,-1,229,332,-1,-1,-1,-1,-1,-1,-1,-1,-1,
-1,-1,-1,-1,-1,-1,-1,-1,-1,246,-1,-1,-1,651,-1,-1,-1,-1,-1,-1,
-1,-1,-1,-1,-1,-1,-1,-1,-1,247,-1,-1,313,-1,-1,-1,-1,-1,-1,-1,
-1,-1,-1,-1,-1,-1,-1,-1,-1,249,500,-1,-1,-1,-1,-1,-1,-1,-1,-1,
-1,-1,-1,-1,-1,-1,-1,-1,-1,250,128,376,-1,-1,-1,-1,-1,-1,-1,-1,
-1,-1,-1,-1,-1,-1,-1,-1,-1,251,-1,-1,-1,277,-1,-1,-1,-1,-1,-1,
-1,-1,-1,-1,-1,-1,-1,-1,-1,270,539,-1,-1,-1,-1,-1,-1,-1,-1,-1,
-1,-1,-1,-1,-1,-1,-1,-1,-1,273,176,-1,-1,-1,-1,-1,-1,-1,-1,-1,
-1,-1,-1,-1,-1,-1,-1,-1,-1,277,774,263,-1,-1,-1,-1,-1,-1,-1,-1,
-1,-1,-1,-1,-1,-1,-1,-1,-1,279,-1,-1,-1,-1,-1,-1,-1,-1,-1,774,
-1,-1,-1,-1,-1,-1,-1,-1,-1,280,327,-1,-1,-1,-1,-1,-1,-1,-1,-1,
-1,-1,-1,-1,-1,-1,-1,-1,-1,285,270,-1,-1,-1,-1,-1,-1,-1,-1,-1,
-1,-1,-1,-1,-1,-1,-1,-1,-1,286,-1,-1,-1,-1,-1,-1,-1,-1,-1,764,
-1,-1,-1,-1,-1,-1,-1,-1,-1,291,-1,-1,158,-1,-1,-1,-1,-1,-1,-1,
-1,-1,-1,-1,-1,-1,-1,-1,-1,299,-1,594,-1,-1,-1,-1,-1,471,-1,-1,
-1,-1,-1,-1,-1,-1,-1,-1,-1,302,-1,669,-1,-1,-1,-1,-1,-1,-1,-1,
-1,-1,-1,-1,-1,-1,-1,-1,-1,321,-1,400,-1,-1,-1,-1,-1,-1,-1,-1,
-1,-1,-1,-1,-1,-1,-1,-1,-1,325,-1,-1,-1,-1,-1,69,-1,-1,-1,-1,
-1,-1,-1,-1,-1,-1,-1,-1,-1,327,531,-1,-1,-1,-1,-1,-1,-1,-1,345,
-1,-1,-1,-1,-1,-1,-1,-1,-1,334,-1,506,268,-1,-1,-1,-1,-1,-1,-1,
-1,-1,-1,-1,-1,-1,-1,-1,-1,337,265,363,344,-1,232,246,-1,-1,114,334,
-1,-1,-1,-1,-1,-1,-1,-1,-1,338,-1,-1,-1,-1,-1,-1,-1,-1,384,-1,
-1,-1,-1,-1,-1,-1,-1,-1,-1,342,82,-1,450,-1,-1,-1,-1,-1,930,-1,
-1,-1,-1,-1,-1,-1,-1,-1,-1,347,462,572,105,-1,-1,-1,-1,-1,-1,-1,
-1,-1,-1,-1,-1,-1,-1,-1,-1,357,527,-1,-1,-1,-1,-1,-1,-1,-1,-1,
-1,-1,-1,-1,-1,-1,-1,-1,-1,362,349,-1,-1,-1,-1,-1,-1,-1,-1,-1,
-1,-1,-1,-1,-1,-1,-1,-1,-1,368,543,-1,-1,-1,-1,-1,-1,-1,-1,-1,
-1,-1,-1,-1,-1,-1,-1,-1,-1,369,453,281,-1,-1,-1,-1,-1,-1,-1,-1,
-1,-1,-1,-1,-1,-1,-1,-1,-1,371,245,-1,-1,-1,-1,-1,-1,-1,-1,875,
-1,-1,-1,-1,-1,-1,-1,-1,646,374,-1,-1,-1,-1,-1,550,114,-1,-1,-1,
-1,-1,-1,-1,-1,-1,-1,-1,-1,378,-1,-1,-1,-1,594,-1,-1,-1,-1,-1,
-1,-1,-1,-1,-1,-1,-1,-1,-1,401,-1,-1,-1,-1,305,-1,-1,-1,-1,-1,
-1,-1,-1,-1,-1,-1,-1,-1,-1,415,-1,-1,-1,-1,-1,-1,-1,-1,-1,348,
-1,-1,-1,-1,-1,-1,-1,-1,-1,420,673,-1,-1,-1,-1,-1,-1,-1,-1,-1,
-1,-1,-1,-1,-1,-1,-1,-1,-1,426,1067,-1,-1,-1,-1,-1,-1,783,-1,-1,
-1,-1,-1,-1,-1,-1,-1,-1,-1,435,812,-1,200,-1,487,-1,-1,-1,-1,-1,
-1,-1,-1,-1,-1,-1,-1,-1,-1,448,-1,-1,1142,-1,-1,-1,-1,-1,690,-1,
-1,-1,-1,-1,-1,-1,-1,-1,-1,450,-1,1123,767,561,-1,-1,-1,312,-1,-1,
-1,-1,-1,-1,-1,-1,-1,-1,-1,455,-1,-1,-1,-1,-1,-1,-1,-1,646,-1,
-1,-1,-1,-1,-1,-1,-1,-1,-1,459,-1,455,-1,-1,-1,-1,-1,-1,-1,-1,
-1,-1,-1,-1,-1,-1,-1,-1,-1,462,505,868,-1,-1,360,366,-1,-1,-1,-1,
-1,-1,-1,-1,-1,-1,-1,-1,-1,463,483,-1,976,-1,549,-1,-1,-1,-1,-1,
-1,-1,-1,-1,-1,-1,-1,-1,-1,479,524,-1,-1,-1,-1,-1,-1,-1,-1,-1,
-1,-1,-1,-1,-1,-1,-1,-1,-1,494,408,-1,-1,-1,-1,-1,-1,-1,-1,-1,
-1,-1,-1,-1,-1,-1,-1,-1,-1,495,1110,-1,-1,-1,-1,-1,-1,363,-1,-1,
-1,-1,-1,-1,-1,-1,-1,-1,-1,498,238,-1,-1,-1,-1,-1,-1,-1,-1,-1,
-1,-1,-1,-1,-1,-1,-1,-1,-1,507,-1,-1,-1,-1,-1,-1,-1,-1,-1,692,
-1,-1,-1,-1,-1,-1,-1,-1,-1,515,975,-1,-1,-1,-1,-1,849,-1,-1,-1,
-1,-1,-1,-1,-1,-1,-1,-1,-1,518,423,-1,-1,-1,-1,-1,-1,1015,-1,-1,
-1,-1,-1,-1,-1,-1,-1,-1,-1,519,-1,326,-1,-1,-1,-1,350,-1,-1,-1,
-1,-1,-1,-1,-1,-1,-1,-1,-1,526,-1,-1,-1,-1,-1,-1,-1,-1,252,-1,
-1,-1,-1,-1,-1,-1,-1,-1,-1,538,834,-1,-1,684,-1,-1,-1,378,-1,-1,
-1,-1,-1,-1,-1,-1,-1,-1,-1,539,473,-1,-1,-1,-1,-1,-1,1627,1501,-1,
-1,-1,-1,-1,-1,-1,-1,-1,-1,543,324,-1,-1,-1,-1,-1,-1,658,-1,-1,
-1,-1,-1,-1,-1,-1,-1,-1,-1,550,-1,880,-1,-1,-1,-1,-1,-1,-1,-1,
-1,-1,-1,-1,-1,-1,-1,-1,-1,553,-1,-1,-1,-1,-1,-1,-1,-1,1137,462,
-1,-1,-1,-1,-1,-1,-1,-1,-1,555,791,-1,-1,-1,-1,-1,-1,-1,-1,-1,
-1,-1,-1,-1,-1,-1,-1,-1,-1,561,741,-1,-1,-1,-1,-1,-1,-1,-1,-1,
-1,-1,-1,-1,-1,-1,-1,-1,-1,562,-1,347,-1,-1,-1,-1,-1,-1,-1,-1,
-1,-1,-1,-1,-1,-1,-1,-1,-1,572,206,-1,-1,-1,-1,-1,-1,-1,-1,-1,
-1,-1,-1,-1,-1,-1,-1,-1,-1,575,358,218,-1,-1,-1,-1,-1,-1,-1,-1,
-1,-1,-1,-1,-1,-1,-1,-1,-1,580,-1,-1,-1,584,-1,-1,-1,-1,-1,-1,
-1,-1,-1,-1,-1,-1,-1,-1,-1,598,383,503,-1,-1,-1,-1,-1,-1,-1,-1,
-1,-1,-1,-1,-1,-1,-1,-1,-1,601,1541,818,-1,-1,-1,-1,-1,-1,-1,-1,
-1,-1,-1,-1,-1,-1,-1,-1,-1,610,-1,-1,-1,-1,-1,-1,-1,-1,-1,512,
-1,-1,-1,-1,-1,-1,-1,-1,-1,611,727,-1,324,-1,-1,-1,-1,-1,-1,-1,
-1,-1,-1,-1,-1,-1,-1,-1,-1,614,-1,-1,-1,-1,-1,-1,-1,-1,-1,983,
-1,-1,-1,-1,-1,-1,-1,-1,-1,623,434,-1,-1,-1,-1,-1,758,-1,-1,-1,
-1,-1,-1,-1,-1,-1,-1,-1,-1,628,-1,-1,126,198,336,198,-1,-1,-1,-1,
-1,-1,-1,-1,-1,-1,-1,-1,-1,638,-1,419,-1,-1,-1,-1,-1,-1,-1,-1,
-1,-1,-1,-1,-1,-1,-1,-1,-1,643,-1,-1,-1,-1,-1,-1,-1,-1,429,-1,
-1,-1,-1,-1,-1,-1,-1,-1,-1,648,-1,-1,-1,-1,-1,-1,874,-1,-1,825,
-1,-1,-1,-1,-1,-1,-1,-1,-1,658,-1,666,-1,-1,-1,-1,-1,-1,-1,-1,
-1,334,-1,-1,-1,-1,-1,-1,-1,665,-1,-1,-1,-1,-1,-1,-1,-1,-1,840,
-1,-1,-1,-1,-1,-1,-1,-1,-1,666,-1,-1,882,-1,-1,-1,-1,-1,-1,-1,
-1,-1,-1,-1,-1,-1,-1,-1,-1,668,-1,443,-1,-1,-1,-1,-1,-1,-1,-1,
-1,-1,-1,-1,-1,-1,-1,-1,-1,669,765,-1,1421,679,-1,-1,-1,1510,-1,-1,
-1,-1,-1,-1,-1,-1,-1,-1,-1,670,1108,-1,-1,-1,582,894,1128,-1,-1,-1,
-1,-1,-1,-1,-1,-1,-1,-1,-1,671,-1,-1,-1,692,-1,-1,-1,-1,-1,-1,
-1,-1,-1,-1,-1,-1,-1,-1,-1,681,-1,-1,-1,-1,-1,-1,1026,-1,-1,1098,
-1,-1,-1,-1,-1,-1,-1,-1,-1,682,209,512,-1,-1,-1,-1,-1,-1,-1,-1,
-1,-1,-1,-1,-1,-1,-1,-1,-1,691,-1,-1,-1,1597,-1,-1,-1,-1,-1,-1,
-1,-1,-1,-1,-1,-1,-1,-1,-1,692,1437,-1,2259,-1,1379,-1,-1,-1,-1,-1,
-1,-1,-1,-1,-1,-1,-1,-1,-1,698,-1,-1,-1,-1,-1,-1,-1,-1,390,-1,
-1,-1,-1,-1,-1,-1,-1,-1,-1,705,-1,-1,-1,-1,1462,-1,-1,-1,-1,-1,
-1,-1,-1,-1,-1,-1,1825,-1,-1,707,1436,912,-1,-1,-1,-1,-1,535,-1,-1,
-1,-1,-1,-1,-1,-1,-1,-1,-1,711,-1,-1,959,-1,-1,826,-1,-1,-1,-1,
-1,-1,-1,-1,-1,-1,-1,-1,-1,712,-1,-1,-1,-1,-1,564,-1,1018,-1,-1,
-1,-1,-1,-1,-1,-1,-1,-1,-1,713,-1,-1,-1,-1,-1,1532,-1,-1,-1,-1,
-1,-1,-1,-1,-1,-1,-1,-1,-1,716,-1,-1,-1,-1,-1,-1,-1,-1,-1,1612,
-1,-1,-1,-1,-1,-1,-1,-1,-1,727,-1,-1,-1,-1,-1,-1,-1,-1,-1,585,
-1,-1,-1,-1,-1,-1,-1,-1,-1,730,-1,-1,-1,-1,-1,-1,865,-1,-1,-1,
-1,-1,-1,-1,-1,-1,-1,-1,-1,742,623,513,-1,-1,-1,-1,-1,-1,-1,-1,
-1,-1,-1,-1,-1,-1,-1,-1,-1,743,-1,-1,780,-1,-1,-1,-1,-1,-1,-1,
-1,-1,-1,-1,-1,-1,-1,-1,-1,751,1550,-1,-1,-1,-1,-1,-1,-1,-1,-1,
-1,-1,-1,-1,-1,-1,-1,1831,-1,752,-1,1019,-1,-1,-1,-1,-1,-1,-1,-1,
-1,-1,-1,-1,-1,-1,-1,-1,-1,755,-1,729,-1,-1,-1,-1,-1,-1,-1,-1,
-1,-1,-1,-1,-1,-1,-1,-1,-1,763,-1,-1,-1,-1,-1,-1,1074,-1,-1,-1,
-1,-1,-1,-1,-1,-1,-1,-1,-1,765,-1,-1,-1,-1,-1,-1,-1,664,-1,-1,
-1,-1,-1,-1,-1,-1,-1,-1,-1,767,-1,519,-1,-1,-1,-1,-1,-1,-1,-1,
-1,-1,-1,-1,-1,-1,-1,-1,-1,775,1028,-1,-1,-1,-1,-1,-1,-1,-1,-1,
-1,-1,-1,-1,-1,-1,-1,-1,-1,782,-1,-1,-1,519,-1,-1,-1,-1,-1,-1,
-1,-1,-1,-1,-1,-1,-1,-1,-1,787,426,-1,-1,-1,-1,-1,-1,-1,-1,-1,
-1,-1,-1,-1,-1,-1,-1,-1,-1,792,-1,-1,-1,-1,-1,-1,-1,-1,1831,874,
-1,-1,-1,-1,-1,-1,-1,-1,-1,799,1840,-1,-1,-1,-1,-1,-1,-1,-1,-1,
-1,-1,-1,-1,-1,-1,-1,-1,-1,801,-1,-1,-1,-1,-1,-1,-1,1348,-1,-1,
-1,-1,-1,-1,-1,-1,-1,-1,-1,802,607,-1,-1,-1,-1,-1,-1,-1,-1,-1,
-1,-1,-1,-1,-1,-1,-1,-1,-1,823,-1,585,-1,-1,1455,-1,-1,-1,-1,-1,
-1,-1,-1,-1,-1,-1,-1,-1,-1,827,1422,-1,-1,-1,-1,-1,-1,-1,-1,-1,
-1,-1,-1,-1,-1,-1,-1,-1,-1,832,277,-1,-1,-1,-1,-1,-1,-1,-1,-1,
-1,-1,-1,-1,-1,-1,-1,-1,-1,843,665,984,-1,-1,-1,-1,-1,-1,-1,-1,
-1,-1,-1,-1,-1,-1,-1,-1,-1,873,446,-1,-1,-1,-1,-1,-1,-1,-1,-1,
-1,-1,-1,-1,-1,-1,-1,-1,-1,874,-1,1610,-1,-1,-1,-1,-1,-1,1641,712,
-1,-1,-1,-1,-1,-1,-1,-1,-1,875,1046,1214,-1,-1,-1,-1,-1,-1,-1,-1,
-1,-1,-1,-1,-1,-1,-1,-1,-1,887,-1,1322,-1,-1,-1,-1,-1,-1,-1,-1,
-1,-1,-1,-1,-1,-1,-1,-1,-1,888,-1,-1,-1,-1,-1,-1,-1,1599,-1,-1,
-1,-1,-1,-1,-1,-1,-1,-1,-1,892,-1,-1,1496,-1,-1,-1,-1,-1,-1,-1,
-1,-1,-1,-1,-1,-1,-1,-1,-1,893,750,496,370,1179,-1,-1,-1,-1,-1,-1,
-1,-1,-1,-1,-1,-1,-1,-1,-1,895,-1,-1,-1,721,-1,-1,-1,-1,-1,-1,
-1,-1,-1,-1,-1,-1,-1,-1,-1,899,-1,-1,-1,-1,719,-1,-1,-1,-1,-1,
-1,-1,-1,-1,-1,-1,-1,-1,-1,900,-1,-1,-1,-1,-1,-1,435,514,1023,-1,
-1,-1,-1,-1,-1,-1,-1,-1,-1,903,-1,-1,-1,-1,-1,1858,-1,-1,-1,1619,
-1,-1,-1,-1,-1,-1,-1,-1,-1,906,-1,-1,-1,-1,-1,-1,-1,-1,-1,789,
-1,-1,-1,-1,-1,-1,-1,-1,-1,921,1479,-1,-1,-1,-1,-1,-1,-1,-1,-1,
-1,-1,-1,-1,-1,-1,-1,-1,-1,924,-1,-1,745,-1,-1,-1,-1,-1,-1,-1,
-1,-1,-1,-1,-1,-1,-1,-1,-1,925,-1,-1,-1,-1,-1,-1,-1,-1,-1,1482,
-1,-1,-1,-1,-1,-1,-1,-1,-1,930,-1,1317,-1,-1,-1,-1,-1,-1,-1,-1,
-1,-1,-1,-1,-1,-1,-1,-1,-1,941,-1,-1,-1,-1,-1,-1,-1,-1,1714,756,
-1,-1,-1,-1,-1,-1,-1,-1,-1,949,-1,316,-1,-1,-1,-1,-1,418,-1,-1,
-1,-1,-1,-1,-1,-1,-1,-1,-1,956,-1,-1,1879,-1,-1,-1,-1,-1,-1,-1,
-1,-1,-1,-1,-1,-1,-1,-1,-1,964,517,448,-1,-1,-1,-1,-1,-1,-1,-1,
-1,-1,-1,-1,-1,-1,-1,-1,-1,965,-1,526,-1,-1,-1,-1,-1,-1,-1,-1,
-1,-1,-1,-1,-1,-1,-1,-1,-1,975,-1,-1,-1,-1,-1,-1,-1,-1,-1,430,
-1,-1,-1,-1,-1,-1,-1,-1,-1,979,-1,-1,-1,-1,-1,-1,559,-1,1513,2091,
-1,-1,-1,-1,-1,-1,-1,-1,-1,983,-1,638,-1,-1,-1,-1,-1,-1,-1,-1,
-1,-1,-1,-1,-1,-1,-1,-1,-1,986,921,514,-1,-1,-1,-1,-1,-1,-1,-1,
-1,-1,-1,-1,-1,-1,-1,-1,-1,1002,1133,-1,-1,-1,-1,-1,-1,-1,-1,-1,
-1,-1,-1,-1,-1,-1,-1,-1,-1,1003,1241,-1,-1,-1,-1,-1,-1,-1,-1,-1,
-1,-1,-1,-1,-1,-1,-1,-1,-1,1007,-1,-1,556,1206,-1,-1,-1,-1,-1,-1,
-1,-1,-1,-1,-1,-1,-1,-1,-1,1011,-1,-1,565,-1,-1,477,-1,-1,-1,-1,
-1,-1,-1,-1,-1,-1,-1,-1,-1,1012,2225,840,-1,-1,-1,1131,-1,-1,-1,-1,
-1,-1,-1,-1,-1,-1,-1,-1,-1,1014,-1,564,-1,-1,-1,-1,-1,-1,-1,-1,
-1,-1,-1,-1,-1,-1,-1,-1,-1,1016,851,-1,-1,-1,-1,-1,-1,-1,-1,-1,
-1,-1,-1,-1,-1,-1,-1,-1,-1,1026,583,-1,-1,-1,-1,-1,-1,-1,-1,-1,
-1,-1,-1,-1,-1,-1,-1,-1,-1,1027,-1,-1,-1,-1,-1,-1,927,-1,927,-1,
-1,-1,-1,-1,-1,-1,-1,-1,-1,1036,-1,-1,-1,-1,-1,980,-1,1195,-1,-1,
-1,-1,-1,-1,-1,-1,-1,-1,-1,1037,-1,-1,-1,-1,-1,-1,-1,-1,-1,748,
-1,-1,-1,-1,-1,-1,-1,-1,-1,1039,1453,2287,-1,-1,-1,-1,-1,-1,-1,-1,
-1,-1,-1,-1,-1,-1,-1,-1,-1,1041,1860,-1,-1,-1,-1,-1,-1,-1,-1,-1,
-1,-1,-1,-1,-1,-1,-1,-1,-1,1047,-1,-1,-1,-1,-1,-1,-1,-1,-1,1129,
-1,-1,-1,-1,-1,-1,-1,-1,-1,1063,-1,-1,-1,1364,564,1002,-1,-1,356,1009,
-1,-1,-1,-1,-1,-1,-1,-1,-1,1065,-1,-1,-1,-1,-1,-1,-1,-1,-1,919,
-1,-1,-1,-1,-1,-1,-1,-1,-1,1066,-1,-1,-1,711,-1,-1,-1,-1,-1,-1,
-1,-1,-1,-1,-1,-1,-1,-1,-1,1075,-1,1106,-1,-1,-1,-1,-1,-1,-1,-1,
-1,-1,-1,-1,-1,-1,-1,-1,-1,1079,1566,-1,-1,-1,-1,-1,-1,-1,-1,-1,
-1,-1,-1,-1,-1,-1,-1,-1,-1,1080,-1,655,-1,-1,-1,-1,-1,-1,-1,-1,
-1,-1,-1,-1,-1,-1,-1,-1,-1,1083,-1,-1,-1,-1,-1,-1,1719,2764,-1,-1,
-1,-1,-1,-1,-1,-1,-1,-1,-1,1084,-1,632,-1,-1,-1,-1,-1,-1,-1,-1,
-1,-1,-1,-1,-1,-1,-1,-1,-1,1085,-1,-1,-1,2207,-1,-1,-1,-1,-1,-1,
-1,-1,-1,-1,-1,-1,-1,-1,-1,1089,-1,-1,-1,-1,-1,-1,1000,-1,-1,-1,
-1,-1,-1,-1,-1,-1,-1,-1,-1,1090,-1,-1,-1,-1,-1,-1,-1,-1,-1,1283,
-1,-1,-1,-1,-1,-1,-1,-1,-1,1093,1285,-1,-1,-1,-1,-1,625,-1,-1,-1,
-1,-1,-1,-1,-1,-1,-1,-1,-1,1096,818,637,-1,-1,-1,-1,-1,-1,-1,-1,
-1,-1,-1,-1,-1,-1,-1,-1,-1,1097,525,-1,-1,-1,-1,-1,-1,-1,748,-1,
-1,-1,-1,-1,-1,-1,-1,-1,-1,1098,907,-1,-1,-1,-1,-1,-1,-1,-1,-1,
-1,-1,-1,-1,-1,-1,-1,-1,-1,1100,1102,543,-1,-1,-1,-1,-1,-1,-1,-1,
-1,-1,-1,-1,-1,-1,-1,-1,-1,1105,386,-1,-1,-1,-1,-1,-1,-1,-1,-1,
-1,-1,-1,-1,-1,-1,-1,-1,-1,1111,1496,1194,-1,-1,-1,-1,-1,-1,-1,-1,
-1,-1,-1,-1,-1,-1,-1,-1,-1,1124,782,-1,-1,-1,-1,-1,-1,-1,-1,-1,
-1,-1,-1,-1,-1,-1,-1,-1,-1,1127,1260,-1,-1,-1,-1,-1,-1,-1,-1,-1,
-1,-1,-1,-1,-1,-1,-1,-1,-1,1129,566,-1,-1,-1,-1,1547,-1,2135,-1,-1,
-1,-1,-1,-1,-1,-1,-1,-1,-1,1131,-1,-1,-1,-1,-1,2012,-1,-1,-1,-1,
-1,-1,-1,-1,-1,-1,-1,-1,-1,1138,-1,1877,-1,-1,2139,-1,-1,666,-1,-1,
-1,-1,-1,-1,-1,-1,-1,-1,-1,1155,-1,-1,2388,-1,-1,-1,2190,-1,-1,-1,
-1,-1,-1,-1,-1,-1,-1,-1,-1,1158,-1,-1,517,-1,-1,-1,498,-1,-1,-1,
-1,-1,-1,-1,-1,-1,-1,-1,-1,1161,-1,-1,-1,-1,-1,-1,-1,-1,2301,1941,
-1,-1,-1,-1,-1,-1,-1,-1,-1,1162,-1,933,-1,-1,-1,-1,-1,-1,-1,-1,
-1,-1,-1,-1,-1,-1,-1,-1,-1,1163,726,-1,-1,-1,-1,-1,-1,-1,-1,-1,
-1,-1,-1,-1,-1,-1,-1,-1,-1,1169,-1,-1,-1,-1,-1,-1,-1,-1,-1,934,
-1,-1,-1,-1,-1,-1,-1,-1,-1,1171,1785,-1,-1,-1,-1,-1,-1,-1,-1,-1,
-1,-1,-1,-1,-1,-1,-1,-1,-1,1179,-1,-1,417,-1,-1,-1,-1,-1,-1,-1,
-1,-1,-1,-1,-1,-1,-1,-1,-1,1180,-1,-1,392,1075,-1,-1,-1,-1,-1,-1,
-1,-1,-1,-1,-1,-1,-1,-1,-1,1186,2478,-1,-1,-1,-1,-1,-1,-1,-1,-1,
-1,-1,-1,-1,-1,-1,-1,-1,-1,1194,1527,-1,-1,-1,-1,-1,-1,-1,-1,-1,
-1,-1,-1,-1,-1,-1,-1,-1,-1,1200,1880,-1,-1,-1,-1,-1,-1,-1,-1,-1,
-1,-1,-1,-1,-1,-1,-1,-1,-1,1215,-1,-1,-1,-1,-1,-1,-1,-1,1158,-1,
-1,-1,-1,-1,-1,-1,-1,-1,-1,1224,-1,1468,-1,-1,-1,-1,-1,-1,-1,-1,
-1,-1,-1,-1,-1,-1,-1,-1,-1,1231,619,-1,-1,-1,-1,-1,-1,-1,-1,-1,
-1,-1,-1,-1,-1,-1,-1,-1,-1,1235,-1,622,-1,423,-1,-1,-1,-1,617,-1,
-1,-1,-1,-1,-1,-1,-1,-1,-1,1239,-1,797,-1,-1,-1,-1,-1,-1,-1,-1,
-1,-1,-1,-1,-1,-1,-1,-1,-1,1242,-1,1218,-1,-1,-1,-1,-1,-1,-1,-1,
-1,-1,-1,-1,-1,-1,-1,-1,-1,1243,-1,-1,-1,-1,-1,706,-1,-1,-1,-1,
-1,-1,-1,-1,-1,-1,-1,-1,-1,1262,1680,-1,-1,-1,-1,-1,-1,-1,-1,-1,
-1,-1,-1,-1,-1,-1,-1,-1,-1,1263,925,936,950,1657,-1,897,-1,1009,-1,-1,
-1,-1,-1,-1,-1,-1,-1,-1,-1,1264,1203,-1,-1,-1,-1,-1,-1,-1,-1,-1,
-1,-1,-1,-1,-1,-1,-1,-1,-1,1312,-1,1934,-1,-1,981,-1,-1,-1,-1,-1,
-1,-1,-1,-1,-1,-1,-1,-1,-1,1319,-1,-1,-1,2044,-1,-1,-1,-1,-1,-1,
-1,-1,-1,-1,-1,-1,-1,-1,-1,1326,-1,-1,-1,-1,-1,1057,-1,749,-1,375,
-1,-1,-1,-1,-1,-1,-1,-1,-1,-1,-1,510,235,247,408,-1,-1,-1,291,123,
-1,-1,-1,-1,-1,-1,-1,-1,-1,1331,-1,1049,1403,-1,-1,-1,-1,-1,-1,-1,
-1,-1,-1,-1,-1,-1,-1,-1,-1,1336,-1,-1,-1,-1,-1,-1,-1,2712,-1,-1,
-1,-1,-1,-1,-1,-1,-1,-1,-1,1337,1975,1569,-1,-1,-1,-1,-1,-1,-1,-1,
-1,-1,-1,-1,-1,-1,-1,-1,-1,1341,1526,-1,-1,-1,-1,-1,-1,-1,1359,-1,
-1,-1,-1,-1,-1,-1,-1,-1,-1,1348,-1,-1,-1,1365,-1,-1,-1,-1,-1,-1,
-1,-1,-1,-1,-1,-1,-1,-1,-1,1362,-1,2271,-1,-1,-1,-1,-1,-1,-1,-1,
-1,-1,-1,-1,-1,-1,-1,-1,-1,1369,2201,-1,1645,-1,-1,-1,-1,-1,-1,-1,
-1,-1,-1,-1,-1,-1,-1,-1,-1,1373,-1,-1,-1,-1,-1,-1,-1,1512,-1,-1,
-1,-1,-1,-1,-1,-1,-1,-1,-1,1375,-1,-1,-1,1103,1385,1482,1374,1364,-1,2156,
-1,-1,-1,-1,-1,-1,-1,-1,-1,1376,1672,-1,-1,-1,-1,-1,-1,-1,-1,-1,
1151,-1,-1,-1,-1,-1,-1,-1,-1,1377,-1,-1,-1,-1,-1,-1,-1,-1,-1,-1,
-1,-1,-1,-1,-1,-1,-1,-1,-1,1385,-1,1209,2535,1681,1720,-1,-1,-1,2867,-1,
-1,-1,-1,-1,-1,-1,-1,-1,-1,1387,902,-1,-1,-1,-1,-1,-1,-1,-1,-1,
-1,-1,-1,-1,-1,-1,-1,-1,-1,1389,-1,-1,-1,881,-1,-1,-1,-1,-1,-1,
-1,-1,-1,-1,-1,-1,-1,-1,-1,1390,2300,-1,-1,-1,-1,1417,-1,-1,-1,-1,
-1,-1,-1,-1,-1,-1,-1,-1,-1,1399,2017,1299,-1,-1,-1,-1,-1,-1,-1,2921,
-1,-1,-1,-1,-1,-1,-1,-1,-1,1404,555,-1,-1,-1,-1,-1,-1,-1,-1,-1,
-1,-1,-1,-1,-1,-1,-1,-1,-1,1407,1039,1078,1469,-1,-1,-1,-1,-1,-1,-1,
-1,-1,-1,-1,-1,-1,-1,-1,-1,1412,-1,-1,-1,-1,-1,-1,-1,-1,1871,-1,
-1,-1,-1,-1,-1,-1,-1,-1,-1,1413,-1,-1,-1,-1,2575,-1,-1,-1,-1,-1,
-1,-1,-1,-1,-1,-1,-1,-1,-1,1416,1317,-1,-1,-1,-1,-1,-1,-1,-1,-1,
-1,-1,-1,-1,-1,-1,-1,-1,-1,1417,-1,-1,-1,-1,-1,1549,-1,-1,-1,-1,
-1,-1,-1,-1,-1,-1,-1,-1,-1,1426,-1,1410,-1,1898,-1,-1,-1,-1,-1,-1,
-1,-1,-1,-1,-1,-1,-1,-1,-1,1431,-1,-1,-1,2290,-1,-1,-1,-1,-1,1508,
-1,-1,-1,-1,-1,-1,-1,-1,-1,1442,822,530,-1,-1,-1,-1,-1,-1,-1,-1,
-1,-1,-1,-1,-1,-1,-1,-1,-1,1447,2835,-1,-1,-1,-1,-1,-1,-1,-1,-1,
-1,-1,-1,-1,-1,-1,-1,-1,-1,1449,2613,-1,-1,-1,-1,-1,-1,-1,-1,-1,
-1,-1,-1,-1,-1,-1,-1,-1,-1,1450,-1,-1,857,-1,-1,-1,-1,-1,-1,-1,
-1,-1,-1,-1,-1,-1,-1,-1,-1,1451,-1,-1,-1,-1,-1,-1,-1,-1,-1,1141,
-1,-1,-1,-1,-1,-1,-1,-1,-1,1453,-1,1639,-1,-1,-1,-1,-1,-1,-1,-1,
-1,-1,-1,-1,-1,-1,-1,-1,-1,1461,-1,-1,-1,-1,-1,-1,-1,-1,-1,1903,
-1,-1,-1,-1,-1,-1,-1,-1,-1,1462,-1,-1,-1,2512,-1,-1,-1,-1,-1,-1,
-1,-1,-1,-1,-1,-1,-1,-1,-1,1466,1674,-1,-1,-1,-1,-1,-1,-1,-1,-1,
-1,-1,-1,-1,-1,-1,-1,-1,-1,1471,-1,-1,2739,-1,-1,-1,-1,-1,-1,-1,
-1,-1,-1,-1,-1,-1,-1,-1,-1,1474,1719,-1,802,811,-1,-1,-1,-1,-1,-1,
-1,-1,-1,-1,-1,-1,-1,-1,-1,1476,-1,2519,-1,-1,-1,-1,-1,-1,-1,-1,
-1,-1,-1,-1,-1,-1,-1,-1,-1,1499,2909,-1,-1,-1,-1,-1,-1,-1,-1,-1,
-1,-1,-1,-1,-1,-1,-1,-1,-1,1500,-1,-1,1214,-1,-1,-1,-1,-1,-1,-1,
-1,-1,-1,-1,-1,-1,-1,-1,-1,1507,928,827,-1,-1,-1,-1,-1,-1,1068,-1,
-1,-1,-1,-1,-1,-1,-1,-1,-1,1516,-1,-1,-1,-1,2542,-1,-1,-1,-1,-1,
-1,-1,-1,-1,-1,-1,-1,-1,-1,1522,-1,-1,1270,1028,-1,-1,-1,-1,-1,-1,
-1,-1,-1,-1,-1,-1,-1,-1,-1,1527,2364,-1,-1,-1,-1,-1,-1,-1,-1,-1,
-1,-1,-1,-1,-1,-1,-1,-1,-1,1542,1087,-1,-1,-1,-1,-1,-1,-1,-1,-1,
-1,-1,-1,-1,-1,-1,-1,-1,-1,1548,-1,-1,-1,-1,-1,2658,-1,-1,-1,-1,
-1,-1,-1,-1,-1,-1,-1,-1,-1,1556,-1,-1,-1,-1,-1,-1,-1,-1,-1,2891,
-1,-1,-1,-1,-1,-1,-1,-1,-1,1560,1469,-1,-1,-1,-1,-1,-1,-1,-1,-1,
-1,-1,-1,-1,-1,-1,-1,-1,-1,1566,1252,-1,-1,-1,-1,-1,-1,-1,-1,-1,
-1,-1,-1,-1,-1,-1,-1,-1,-1,1568,-1,-1,-1,-1,-1,-1,-1,-1,-1,879,
-1,-1,-1,-1,-1,-1,-1,-1,-1,-1,900,1310,1183,1722,1028,1371,844,-1,-1,-1,
-1,-1,-1,-1,-1,-1,-1,-1,-1,1570,-1,-1,-1,-1,-1,-1,-1,-1,2307,650,
-1,-1,-1,-1,-1,-1,-1,-1,-1,1571,1023,1828,2521,-1,-1,-1,-1,-1,-1,-1,
-1,-1,-1,-1,-1,-1,-1,-1,-1,1572,798,-1,-1,-1,-1,-1,-1,-1,-1,-1,
-1,-1,-1,-1,-1,-1,-1,-1,-1,1573,1381,-1,-1,2651,-1,-1,-1,-1,-1,-1,
-1,-1,-1,-1,-1,-1,-1,-1,-1,1574,824,-1,2359,-1,-1,-1,-1,-1,-1,-1,
-1,-1,-1,-1,-1,-1,-1,-1,-1,1578,-1,-1,2798,-1,-1,-1,-1,-1,-1,-1,
-1,-1,-1,-1,-1,-1,-1,-1,-1,1579,1242,-1,-1,-1,-1,-1,-1,-1,-1,-1,
-1,-1,-1,-1,-1,-1,-1,-1,-1,1586,2096,-1,-1,-1,-1,-1,-1,-1,884,2415,
-1,-1,-1,-1,-1,-1,-1,-1,-1,1589,-1,1090,-1,2633,1331,1428,-1,-1,-1,-1,
-1,-1,-1,-1,-1,-1,-1,-1,-1,1594,-1,-1,1953,-1,-1,-1,-1,-1,-1,-1,
-1,-1,-1,-1,-1,-1,-1,-1,-1,1595,-1,608,-1,-1,-1,-1,-1,-1,-1,-1,
-1,-1,-1,-1,-1,-1,-1,-1,-1,1602,1668,-1,-1,-1,-1,-1,-1,-1,-1,-1,
-1,-1,-1,-1,-1,-1,-1,-1,-1,1611,2583,-1,-1,1764,-1,-1,-1,1796,-1,-1,
-1,-1,-1,-1,-1,-1,-1,-1,-1,1615,-1,-1,-1,-1,-1,1762,-1,-1,-1,-1,
-1,-1,-1,-1,-1,-1,-1,-1,-1,1617,-1,-1,2566,-1,-1,-1,-1,-1,-1,-1,
-1,-1,-1,-1,-1,-1,-1,-1,-1,1618,-1,-1,2334,-1,-1,-1,-1,-1,-1,-1,
-1,-1,-1,-1,-1,-1,-1,-1,-1,1619,-1,-1,-1,-1,-1,-1,-1,923,-1,-1,
-1,-1,-1,-1,-1,-1,-1,-1,-1,1635,-1,2392,-1,1688,-1,-1,-1,-1,-1,-1,
-1,-1,-1,-1,-1,-1,-1,-1,-1,1636,-1,-1,-1,-1,1809,-1,-1,-1,-1,-1,
-1,-1,-1,-1,-1,-1,-1,-1,-1,1639,-1,2038,-1,-1,2038,-1,-1,-1,-1,-1,
-1,-1,-1,-1,-1,-1,-1,-1,-1,1643,-1,-1,-1,-1,-1,1962,-1,-1,-1,-1,
-1,-1,-1,-1,-1,-1,-1,-1,-1,1651,-1,-1,-1,-1,2734,1777,-1,-1,-1,-1,
-1,-1,-1,-1,-1,-1,-1,-1,-1,1666,-1,-1,-1,775,-1,-1,-1,-1,-1,-1,
-1,-1,-1,-1,-1,-1,-1,-1,-1,1667,1394,1771,927,-1,-1,-1,-1,-1,-1,-1,
-1,-1,-1,-1,-1,-1,-1,-1,-1,1671,508,785,-1,768,-1,-1,-1,-1,-1,-1,
-1,-1,-1,-1,-1,-1,-1,-1,-1,1674,1656,1523,-1,-1,-1,-1,-1,-1,-1,-1,
-1,-1,-1,-1,-1,-1,-1,-1,-1,1675,-1,-1,-1,-1,-1,-1,-1,1023,-1,-1,
-1,-1,-1,-1,-1,-1,-1,-1,-1,1677,-1,-1,-1,-1,-1,-1,1231,-1,-1,-1,
-1,-1,-1,-1,-1,-1,-1,-1,-1,1691,728,-1,-1,-1,-1,-1,-1,-1,-1,-1,
-1,-1,-1,-1,-1,-1,-1,-1,-1,1697,-1,-1,-1,-1,-1,2502,-1,-1,-1,-1,
-1,-1,-1,-1,-1,-1,-1,-1,-1,1699,1182,-1,-1,-1,-1,-1,-1,-1,-1,-1,
-1,-1,-1,-1,-1,-1,-1,-1,-1,1700,-1,-1,-1,-1,2524,-1,-1,2388,-1,1130,
-1,-1,-1,-1,-1,-1,-1,-1,-1,1709,1030,-1,-1,-1,-1,-1,-1,-1,-1,-1,
-1,-1,-1,-1,-1,-1,-1,-1,-1,1714,-1,-1,-1,-1,937,-1,-1,-1,-1,-1,
-1,-1,-1,-1,-1,-1,-1,-1,-1,1715,-1,-1,-1,-1,-1,1498,1564,1832,-1,-1,
-1,-1,-1,-1,-1,-1,-1,-1,-1,1726,2338,-1,-1,-1,-1,-1,-1,-1,-1,-1,
-1,-1,-1,-1,-1,-1,-1,-1,-1,1727,-1,-1,-1,-1,-1,2276,-1,-1,-1,-1,
-1,-1,-1,-1,-1,-1,-1,-1,-1,1732,2882,-1,-1,-1,-1,-1,-1,-1,-1,-1,
-1,-1,-1,-1,-1,-1,-1,-1,-1,1736,1740,1527,-1,-1,-1,-1,-1,-1,-1,-1,
-1,-1,-1,-1,-1,-1,-1,-1,-1,1745,-1,-1,-1,-1,-1,-1,-1,-1,-1,2897,
-1,-1,-1,-1,-1,-1,-1,-1,-1,1756,-1,2563,-1,-1,-1,-1,-1,-1,-1,-1,
-1,-1,-1,-1,-1,-1,-1,-1,-1,1757,2023,-1,-1,-1,-1,-1,-1,-1,-1,-1,
-1,-1,-1,-1,-1,-1,-1,-1,-1,1763,-1,994,-1,-1,-1,-1,-1,-1,-1,-1,
-1,-1,-1,-1,-1,-1,-1,-1,-1,1765,-1,-1,-1,-1,-1,-1,768,-1,-1,-1,
-1,-1,-1,-1,-1,-1,-1,-1,-1,1779,2345,2477,1988,-1,-1,-1,-1,-1,-1,-1,
-1,-1,-1,-1,-1,-1,-1,-1,-1,1784,-1,2401,-1,-1,-1,-1,-1,-1,-1,-1,
-1,-1,-1,-1,-1,-1,-1,-1,-1,1786,-1,-1,-1,-1,-1,-1,2036,-1,-1,-1,
-1,-1,-1,-1,-1,-1,-1,-1,-1,1797,1723,-1,-1,-1,-1,-1,-1,-1,-1,-1,
-1,-1,-1,-1,-1,-1,-1,-1,-1,1802,788,2006,-1,1947,-1,-1,-1,-1,-1,-1,
-1,-1,-1,-1,-1,-1,-1,-1,-1,1809,-1,-1,-1,-1,1067,585,-1,-1,-1,-1,
-1,-1,-1,-1,-1,-1,-1,-1,-1,1815,-1,-1,-1,1053,-1,2329,-1,1702,2390,-1,
-1,-1,-1,-1,-1,-1,-1,-1,-1,1821,-1,-1,-1,-1,887,1324,1033,-1,-1,-1,
-1,-1,-1,-1,-1,-1,-1,-1,-1,1828,2008,-1,-1,-1,-1,-1,-1,-1,-1,-1,
-1,-1,-1,-1,-1,-1,-1,-1,-1,1834,2553,-1,-1,-1,-1,-1,-1,-1,-1,-1,
-1,-1,-1,-1,-1,-1,-1,-1,-1,1835,1320,-1,-1,-1,-1,-1,-1,-1,-1,-1,
-1,-1,-1,-1,-1,-1,-1,-1,-1,1840,1584,-1,-1,-1,-1,-1,-1,-1,-1,-1,
-1,-1,-1,-1,-1,-1,-1,-1,-1,1845,-1,1701,-1,-1,-1,-1,-1,-1,-1,-1,
-1,-1,-1,-1,-1,-1,-1,-1,-1,1851,-1,1433,-1,-1,-1,-1,-1,-1,-1,-1,
-1,-1,-1,-1,-1,-1,-1,-1,-1,1855,-1,-1,-1,2423,-1,2314,-1,-1,-1,-1,
-1,-1,-1,-1,-1,-1,-1,-1,-1,1862,1845,-1,-1,-1,-1,-1,-1,-1,-1,-1,
-1,-1,-1,-1,-1,-1,-1,-1,-1,1870,-1,-1,-1,-1,-1,-1,-1,-1,801,-1,
-1,-1,-1,-1,-1,-1,-1,-1,-1,1879,1135,-1,-1,-1,-1,-1,-1,1445,-1,-1,
-1,-1,-1,-1,-1,-1,-1,-1,-1,1884,-1,-1,-1,-1,-1,-1,2646,-1,-1,-1,
-1,-1,-1,-1,-1,-1,-1,-1,-1,1899,2379,-1,-1,-1,-1,-1,-1,-1,-1,-1,
-1,-1,-1,-1,-1,-1,-1,-1,-1,1902,-1,-1,-1,-1,-1,-1,-1,1731,-1,-1,
-1,-1,-1,-1,-1,-1,-1,-1,-1,1910,-1,1069,-1,-1,-1,-1,-1,-1,-1,-1,
-1,-1,-1,-1,-1,-1,-1,-1,-1,1918,2638,-1,-1,1503,915,686,-1,-1,-1,-1,
-1,-1,-1,-1,-1,-1,-1,-1,-1,1925,-1,-1,-1,-1,-1,-1,-1,-1,2938,-1,
-1,-1,-1,-1,-1,-1,-1,-1,-1,1930,2385,1722,-1,-1,-1,-1,-1,-1,-1,-1,
-1,-1,-1,-1,-1,-1,-1,-1,-1,1933,2713,2197,-1,-1,-1,-1,-1,-1,-1,-1,
-1,-1,-1,-1,-1,-1,-1,-1,-1,1938,-1,-1,-1,-1,-1,-1,1268,744,1424,-1,
-1,-1,-1,-1,-1,-1,-1,-1,-1,1945,1712,-1,-1,-1,-1,-1,-1,-1,-1,-1,
-1,-1,-1,-1,-1,-1,-1,-1,-1,1959,-1,-1,-1,1155,1905,-1,-1,-1,-1,-1,
-1,-1,-1,-1,-1,-1,-1,-1,-1,1969,1513,-1,-1,-1,-1,-1,-1,-1,-1,-1,
-1,2485,-1,-1,-1,-1,-1,-1,-1,1972,-1,-1,-1,-1,-1,2153,-1,-1,-1,-1,
-1,-1,-1,-1,-1,-1,-1,-1,-1,1981,1636,-1,-1,-1,-1,-1,-1,-1,-1,-1,
-1,-1,-1,-1,-1,-1,-1,-1,-1,1983,946,-1,-1,-1,-1,-1,-1,-1,-1,-1,
-1,-1,-1,-1,-1,-1,-1,-1,-1,2003,-1,1158,1198,1957,1206,-1,1912,2189,2518,-1,
-1,-1,-1,-1,-1,-1,-1,-1,-1,2010,1658,-1,-1,2011,-1,-1,-1,-1,-1,-1,
-1,-1,-1,-1,-1,-1,-1,-1,-1,2050,-1,-1,1634,-1,-1,-1,-1,-1,-1,-1,
-1,-1,-1,-1,-1,-1,-1,-1,-1,2053,-1,-1,-1,1389,-1,-1,-1,-1,-1,-1,
-1,-1,-1,-1,-1,-1,-1,-1,-1,2062,2757,-1,-1,-1,-1,-1,-1,-1,-1,-1,
-1,-1,-1,-1,-1,-1,-1,-1,-1,2077,-1,-1,2152,2882,-1,-1,-1,-1,-1,-1,
-1,-1,-1,-1,-1,-1,-1,-1,-1,2092,1879,-1,-1,-1,-1,-1,-1,-1,-1,-1,
-1,-1,-1,-1,-1,-1,-1,-1,-1,2097,-1,2437,-1,-1,-1,-1,-1,-1,-1,-1,
-1,-1,-1,-1,-1,-1,-1,-1,-1,2100,-1,-1,-1,2763,-1,-1,-1,1366,-1,-1,
-1,-1,-1,-1,-1,-1,-1,-1,-1,2104,1107,-1,-1,-1,-1,821,-1,-1,-1,-1,
-1,-1,-1,-1,-1,-1,-1,-1,-1,2108,-1,-1,-1,-1,-1,2593,-1,-1,-1,-1,
-1,-1,-1,-1,-1,-1,-1,-1,-1,2115,-1,-1,-1,-1,-1,-1,-1,-1,-1,2673,
-1,-1,-1,-1,-1,-1,-1,-1,-1,2119,939,1879,-1,-1,-1,-1,-1,-1,-1,-1,
-1,-1,-1,-1,-1,-1,-1,-1,-1,2121,-1,-1,-1,-1,2668,-1,-1,-1,-1,-1,
-1,-1,-1,-1,-1,-1,-1,-1,-1,2122,-1,-1,-1,-1,-1,1306,1094,-1,-1,-1,
-1,-1,-1,-1,-1,-1,-1,-1,-1,2124,2755,-1,-1,-1,-1,-1,-1,-1,-1,-1,
-1,-1,-1,-1,-1,-1,-1,-1,-1,2127,-1,-1,868,-1,1662,885,978,-1,-1,-1,
-1,-1,-1,-1,-1,-1,-1,-1,-1,2155,-1,-1,-1,2654,-1,-1,-1,-1,-1,-1,
-1,-1,-1,-1,-1,-1,-1,-1,2841,2172,-1,-1,-1,-1,-1,-1,-1,-1,939,-1,
-1,-1,-1,-1,-1,-1,-1,-1,-1,2177,1934,-1,-1,-1,-1,-1,-1,-1,-1,-1,
-1,-1,-1,-1,-1,-1,-1,-1,-1,2185,1188,-1,-1,-1,-1,-1,-1,-1,-1,-1,
-1,-1,-1,-1,-1,-1,-1,-1,-1,2186,-1,-1,-1,-1,2911,-1,-1,1718,-1,-1,
-1,-1,-1,-1,-1,-1,-1,-1,-1,2190,-1,-1,-1,-1,-1,-1,1169,1849,1706,-1,
-1,-1,-1,-1,-1,-1,-1,-1,-1,2191,2772,-1,-1,-1,-1,-1,-1,-1,-1,-1,
-1,-1,-1,-1,-1,-1,-1,-1,-1,2192,-1,-1,-1,-1,-1,1467,-1,-1,-1,-1,
-1,-1,-1,-1,-1,-1,-1,-1,-1,2198,1730,-1,-1,-1,-1,-1,-1,-1,-1,-1,
-1,-1,-1,-1,-1,-1,-1,-1,-1,2209,-1,2737,-1,-1,-1,-1,-1,-1,-1,-1,
-1,-1,-1,-1,-1,-1,-1,-1,-1,2217,-1,-1,-1,-1,-1,-1,-1,1011,-1,-1,
-1,-1,-1,-1,-1,-1,-1,-1,-1,2220,-1,-1,-1,-1,1632,-1,-1,-1,-1,-1,
-1,-1,-1,-1,-1,-1,-1,-1,-1,2222,-1,-1,-1,-1,-1,1102,-1,-1,-1,-1,
-1,-1,-1,-1,-1,-1,-1,-1,-1,2234,-1,1411,-1,-1,2198,-1,-1,-1,-1,-1,
-1,-1,-1,-1,-1,-1,-1,-1,-1,2236,-1,-1,-1,2049,-1,-1,-1,-1,-1,-1,
-1,-1,-1,-1,-1,-1,-1,-1,-1,2244,-1,-1,-1,-1,-1,-1,-1,-1,2460,-1,
-1,-1,-1,-1,-1,-1,-1,-1,-1,2246,-1,-1,-1,-1,-1,-1,-1,-1,-1,2694,
-1,-1,-1,-1,-1,-1,-1,-1,-1,2251,-1,-1,-1,-1,2162,-1,-1,-1,-1,-1,
-1,-1,-1,-1,-1,-1,-1,-1,-1,2262,-1,-1,-1,-1,-1,-1,-1,-1,2457,-1,
-1,-1,-1,-1,-1,-1,-1,-1,-1,2270,-1,1671,-1,-1,-1,-1,-1,-1,-1,-1,
-1,-1,-1,-1,-1,-1,-1,-1,-1,2279,-1,-1,1725,-1,-1,-1,-1,-1,-1,-1,
-1,-1,-1,-1,-1,-1,-1,-1,-1,2291,2754,2650,-1,1525,-1,-1,-1,-1,-1,2052,
-1,-1,-1,-1,-1,-1,-1,-1,-1,2294,2559,-1,-1,-1,-1,-1,-1,-1,-1,-1,
-1,-1,-1,-1,-1,-1,-1,-1,-1,2299,-1,-1,-1,2535,-1,-1,-1,-1,-1,-1,
-1,-1,-1,-1,-1,-1,-1,-1,-1,2302,-1,-1,-1,-1,-1,-1,-1,2009,1065,-1,
-1,-1,-1,-1,-1,-1,-1,-1,-1,2305,-1,-1,-1,-1,-1,-1,-1,1351,-1,-1,
-1,-1,-1,-1,-1,-1,-1,-1,-1,2320,-1,2121,-1,-1,-1,-1,-1,-1,-1,-1,
-1,-1,-1,-1,-1,-1,-1,-1,-1,2321,1599,-1,-1,-1,-1,-1,-1,-1,-1,-1,
-1,-1,-1,-1,-1,-1,-1,-1,-1,2326,-1,-1,-1,1332,-1,-1,-1,-1,-1,-1,
-1,-1,-1,-1,-1,-1,-1,-1,-1,2329,-1,-1,-1,-1,-1,-1,-1,1600,-1,-1,
-1,-1,-1,-1,-1,-1,-1,-1,-1,2346,-1,2335,-1,-1,-1,-1,-1,-1,-1,-1,
-1,-1,-1,-1,-1,-1,-1,-1,-1,2353,2267,-1,-1,-1,-1,-1,-1,-1,-1,-1,
-1,-1,-1,-1,-1,-1,-1,-1,-1,2362,2167,1804,-1,-1,-1,-1,-1,-1,-1,-1,
-1,-1,-1,-1,-1,-1,-1,-1,-1,2368,1957,-1,-1,-1,-1,-1,-1,-1,-1,-1,
-1,-1,-1,-1,-1,-1,-1,-1,-1,2369,-1,-1,-1,-1,-1,-1,-1,1316,-1,-1,
-1,-1,-1,-1,-1,-1,-1,-1,-1,2376,-1,-1,-1,1358,-1,-1,-1,-1,-1,-1,
-1,-1,-1,-1,-1,-1,-1,-1,-1,2380,-1,2343,-1,-1,-1,-1,-1,-1,-1,-1,
-1,-1,-1,-1,-1,-1,-1,-1,-1,2389,2181,2723,-1,-1,-1,-1,-1,-1,-1,-1,
-1,-1,-1,-1,-1,-1,-1,-1,-1,2393,-1,-1,-1,-1,-1,-1,-1,-1,1893,-1,
-1,-1,-1,-1,-1,-1,-1,-1,-1,2395,-1,-1,-1,-1,-1,-1,2780,-1,-1,-1,
-1,-1,-1,-1,-1,-1,-1,-1,-1,2396,2645,-1,-1,-1,-1,-1,-1,-1,-1,-1,
-1,-1,-1,-1,-1,-1,-1,-1,-1,2432,2507,-1,-1,-1,-1,-1,-1,-1,-1,-1,
-1,-1,-1,-1,-1,-1,-1,-1,-1,2434,2531,-1,-1,-1,-1,-1,-1,-1,-1,-1,
-1,-1,-1,-1,-1,-1,-1,-1,-1,2444,1895,-1,-1,-1,-1,-1,-1,-1,-1,-1,
-1,-1,-1,-1,-1,-1,-1,-1,-1,2458,2603,-1,-1,-1,-1,-1,-1,-1,-1,-1,
-1,-1,-1,-1,-1,-1,-1,-1,-1,2462,-1,2159,-1,-1,-1,-1,-1,-1,-1,-1,
-1,-1,-1,-1,-1,-1,-1,-1,-1,2464,-1,-1,-1,-1,-1,-1,-1,2947,1807,-1,
-1,-1,-1,-1,-1,-1,-1,-1,-1,2488,-1,2174,-1,-1,-1,-1,-1,-1,-1,-1,
-1,-1,-1,-1,-1,-1,-1,-1,-1,2491,2219,-1,1933,-1,-1,-1,-1,-1,-1,-1,
-1,-1,-1,-1,-1,-1,-1,-1,-1,2494,1961,-1,-1,-1,-1,-1,-1,-1,-1,-1,
-1,-1,-1,-1,-1,-1,-1,-1,-1,2497,2590,-1,-1,-1,-1,-1,-1,-1,-1,-1,
-1,-1,-1,-1,-1,-1,-1,-1,-1,2507,-1,1624,-1,-1,-1,-1,-1,-1,-1,-1,
-1,-1,-1,-1,-1,-1,-1,-1,-1,2513,-1,-1,2482,-1,-1,-1,-1,-1,-1,1306,
-1,-1,-1,-1,-1,-1,-1,-1,-1,2519,2766,-1,-1,-1,-1,-1,-1,-1,-1,-1,
-1,-1,-1,-1,-1,-1,-1,-1,-1,2521,2521,-1,-1,-1,-1,-1,-1,-1,-1,-1,
-1,-1,-1,-1,-1,-1,-1,-1,-1,2522,-1,-1,-1,-1,-1,-1,-1,1346,2375,-1,
-1,-1,-1,-1,-1,-1,-1,-1,-1,2525,-1,-1,-1,-1,-1,-1,-1,-1,-1,2430,
-1,-1,-1,-1,-1,-1,-1,-1,-1,2534,2858,-1,1772,-1,-1,-1,-1,-1,-1,-1,
-1,-1,-1,-1,-1,-1,-1,-1,-1,2535,1517,1412,-1,1607,-1,-1,1145,2251,-1,2494,
-1,-1,-1,-1,-1,-1,-1,-1,-1,2551,-1,-1,-1,-1,-1,-1,2469,-1,2188,-1,
-1,-1,-1,-1,-1,-1,-1,-1,-1,2552,977,1099,1018,-1,-1,-1,-1,2036,-1,2189,
-1,-1,-1,-1,-1,-1,-1,-1,-1,2559,-1,-1,-1,-1,2577,2001,-1,-1,-1,-1,
-1,-1,-1,-1,-1,-1,-1,-1,-1,2574,-1,-1,-1,-1,-1,-1,-1,2887,-1,-1,
-1,-1,-1,-1,-1,-1,-1,-1,-1,2576,-1,2862,-1,-1,-1,-1,-1,-1,-1,-1,
-1,-1,-1,-1,-1,-1,-1,-1,-1,2579,-1,-1,-1,-1,-1,-1,-1,-1,1238,-1,
-1,-1,-1,-1,-1,-1,-1,-1,-1,2593,-1,1449,-1,-1,-1,-1,-1,-1,-1,-1,
-1,-1,-1,-1,-1,-1,-1,-1,-1,2597,2781,2538,-1,2708,-1,-1,-1,-1,-1,-1,
-1,-1,-1,-1,-1,-1,-1,-1,-1,2607,2806,-1,-1,-1,-1,-1,-1,-1,-1,-1,
-1,-1,-1,-1,-1,-1,-1,-1,-1,2610,-1,1460,-1,-1,-1,-1,-1,-1,-1,-1,
-1,-1,-1,-1,-1,-1,-1,-1,-1,2619,2284,2500,-1,-1,-1,-1,-1,-1,-1,-1,
-1,-1,-1,-1,-1,-1,-1,-1,-1,2622,-1,-1,-1,-1,-1,2543,-1,-1,-1,-1,
-1,-1,-1,-1,-1,-1,-1,-1,-1,2638,1267,-1,-1,-1,-1,-1,-1,-1,-1,-1,
-1,-1,-1,-1,-1,-1,-1,-1,-1,2639,1269,-1,-1,-1,-1,-1,-1,-1,-1,-1,
-1,-1,-1,-1,-1,-1,-1,-1,-1,2643,-1,-1,-1,-1,-1,-1,-1,1882,-1,-1,
-1,-1,-1,-1,-1,-1,-1,-1,-1,2646,-1,-1,-1,2616,-1,-1,-1,-1,-1,-1,
-1,-1,-1,-1,-1,-1,-1,-1,-1,2648,-1,-1,-1,1894,-1,-1,-1,-1,-1,-1,
-1,-1,-1,-1,-1,-1,-1,-1,-1,2649,1227,-1,-1,-1,-1,-1,-1,-1,-1,-1,
-1,-1,-1,-1,-1,-1,-1,-1,-1,2650,-1,-1,-1,-1,-1,-1,1652,-1,-1,1598,
-1,-1,-1,-1,-1,-1,-1,-1,-1,2651,-1,-1,-1,2096,-1,-1,-1,-1,-1,-1,
-1,-1,-1,-1,-1,-1,-1,-1,-1,2661,1713,-1,-1,-1,-1,-1,-1,-1,-1,-1,
-1,-1,-1,-1,-1,-1,-1,-1,-1,2662,1307,2461,-1,-1,-1,-1,-1,-1,-1,-1,
-1,-1,-1,-1,-1,-1,-1,-1,-1,2664,-1,-1,-1,-1,-1,-1,-1,-1,-1,1390,
-1,-1,-1,-1,-1,-1,-1,-1,-1,2670,2288,-1,-1,-1,-1,-1,-1,-1,-1,-1,
-1,-1,-1,-1,-1,-1,-1,-1,-1,2671,2121,-1,-1,-1,-1,-1,-1,-1,-1,-1,
-1,-1,-1,-1,-1,-1,-1,-1,-1,2673,-1,-1,-1,-1,-1,2286,-1,-1,-1,-1,
-1,-1,-1,-1,-1,-1,-1,-1,-1,2675,2241,-1,-1,-1,-1,-1,-1,-1,-1,-1,
-1,-1,-1,-1,-1,-1,-1,-1,-1,2690,-1,-1,2223,-1,-1,-1,-1,-1,-1,-1,
-1,-1,-1,-1,-1,-1,-1,-1,-1,2692,-1,-1,-1,-1,-1,-1,1603,938,1757,2877,
-1,-1,-1,-1,-1,-1,-1,-1,-1,2709,2216,2573,-1,-1,-1,-1,-1,-1,-1,-1,
-1,-1,-1,-1,-1,-1,-1,-1,-1,2710,1984,-1,-1,-1,-1,-1,-1,-1,-1,-1,
-1,-1,-1,-1,-1,-1,-1,-1,-1,2723,-1,2750,-1,-1,-1,-1,-1,-1,-1,-1,
-1,-1,-1,-1,-1,-1,-1,-1,-1,2730,-1,2512,-1,-1,-1,-1,-1,-1,-1,-1,
-1,-1,-1,-1,-1,-1,-1,-1,-1,2747,-1,-1,-1,-1,-1,1814,2627,-1,-1,-1,
-1,-1,-1,-1,-1,-1,-1,-1,-1,2752,1085,2034,-1,-1,-1,-1,-1,-1,-1,-1,
-1,-1,-1,-1,-1,-1,-1,-1,-1,2761,-1,1909,-1,-1,-1,-1,-1,-1,-1,-1,
-1,-1,-1,-1,-1,-1,-1,-1,-1,2765,-1,-1,-1,-1,-1,-1,-1,-1,-1,2416,
-1,-1,-1,-1,-1,-1,-1,-1,-1,2766,-1,-1,-1,-1,-1,-1,1974,-1,-1,-1,
-1,-1,-1,-1,-1,-1,-1,-1,-1,2768,-1,-1,-1,-1,-1,-1,2149,-1,-1,-1,
-1,-1,-1,-1,-1,-1,-1,-1,-1,2775,-1,1375,-1,-1,-1,-1,-1,-1,-1,-1,
-1,-1,-1,-1,-1,-1,-1,-1,-1,2786,1939,-1,1965,-1,-1,-1,-1,-1,-1,-1,
-1,-1,-1,-1,-1,-1,-1,-1,-1,2788,2718,-1,-1,-1,-1,-1,-1,-1,-1,-1,
-1,-1,-1,-1,-1,-1,-1,-1,-1,2792,-1,-1,1362,-1,-1,-1,-1,-1,-1,-1,
-1,-1,-1,-1,-1,-1,-1,-1,-1,2831,-1,-1,-1,-1,-1,-1,1909,-1,-1,-1,
-1,-1,-1,-1,-1,-1,-1,-1,-1,2836,2598,-1,-1,-1,-1,-1,-1,-1,-1,-1,
-1,-1,-1,-1,-1,-1,-1,-1,-1,2847,-1,2145,-1,-1,-1,-1,-1,-1,-1,-1,
-1,-1,-1,-1,-1,-1,-1,-1,-1,2856,1851,1558,-1,-1,-1,-1,-1,-1,-1,-1,
-1,-1,-1,-1,-1,-1,-1,-1,-1,2857,2906,-1,-1,-1,-1,-1,-1,-1,-1,-1,
-1,-1,-1,-1,-1,-1,-1,-1,-1,2858,2657,-1,-1,-1,-1,-1,-1,-1,-1,-1,
-1,-1,-1,-1,-1,-1,-1,-1,-1,2869,2673,-1,-1,-1,-1,-1,-1,-1,-1,-1,
-1,-1,-1,-1,-1,-1,-1,-1,-1,2875,2514,-1,-1,-1,-1,-1,-1,-1,-1,-1,
-1,-1,-1,-1,-1,-1,-1,-1,-1,2891,2557,-1,-1,-1,-1,-1,-1,-1,-1,-1,
-1,-1,-1,-1,-1,-1,-1,-1,-1,2893,2125,-1,-1,-1,-1,-1,-1,-1,-1,-1,
-1,-1,-1,-1,-1,-1,-1,-1,-1,2894,-1,1304,-1,-1,-1,-1,-1,1991,-1,-1,
-1,-1,-1,-1,-1,-1,-1,-1,-1,2903,-1,-1,-1,-1,-1,-1,1443,-1,-1,-1,
-1,-1,-1,-1,-1,-1,-1,-1,-1,2907,-1,-1,-1,-1,-1,-1,-1,-1,-1,1931,
-1,-1,-1,-1,-1,-1,-1,-1,-1,2916,-1,906,-1,-1,-1,2081,1673,2551,1473,-1,
-1,-1,-1,-1,-1,-1,-1,-1,-1,2935,2311,2786,-1,-1,-1,-1,-1,-1,-1,-1,
-1,-1,-1,-1,-1,-1,-1,-1,-1,2936,-1,-1,-1,1495,-1,-1,-1,-1,-1,-1,
-1,-1,-1,-1,-1,-1,-1,-1,-1,2960,-1,-1,1774,-1,-1,-1,-1,-1,-1,-1,
-1,-1,-1,-1,-1,-1,-1,-1,-1,2972,-1,-1,-1,-1,-1,-1,2105,-1,-1,-1,
-1,-1,-1,-1,-1,-1,-1,-1,-1,2973,-1,1881,-1,-1,-1,-1,-1,-1,-1,-1,
-1,-1,-1,-1,-1,-1,-1,-1,-1,2979,-1,-1,-1,-1,1347,1999,2765,-1,-1,-1,
-1,-1,-1,-1,-1,-1,-1,-1,-1,2983,-1,-1,-1,-1,-1,-1,-1,1623,-1,-1,
-1,-1,-1,-1,-1,-1,-1,-1,-1,-1,14,-1,-1,-1,-1,-1,-1,52,-1,-1,
-1,-1,-1,-1,-1,-1,-1,-1,-1,-1,20,46,5,-1,-1,-1,-1,-1,-1,-1,
-1,-1,-1,-1,-1,-1,-1,-1,-1,-1,24,-1,-1,-1,12,11,24,17,53,-1,
-1,-1,-1,-1,-1,-1,-1,-1,-1,-1,35,14,84,149,-1,-1,-1,-1,-1,-1,
-1,-1,-1,-1,-1,-1,-1,-1,-1,-1,53,175,169,68,-1,-1,-1,-1,-1,-1,
-1,-1,-1,-1,-1,-1,-1,-1,-1,-1,60,-1,132,98,175,112,-1,-1,92,75,
-1,-1,-1,-1,-1,-1,-1,-1,-1,-1,79,98,-1,-1,-1,-1,-1,-1,-1,-1,
-1,-1,-1,-1,-1,-1,-1,-1,-1,-1,86,70,-1,-1,-1,-1,57,-1,-1,-1,
-1,-1,-1,-1,-1,-1,-1,-1,-1,-1,95,606,-1,-1,-1,452,-1,198,241,-1,
-1,-1,-1,-1,-1,-1,-1,-1,-1,-1,99,236,-1,342,-1,-1,-1,-1,-1,-1,
-1,-1,-1,-1,-1,-1,-1,-1,-1,-1,100,165,222,-1,-1,-1,-1,-1,-1,-1,
-1,-1,-1,-1,-1,-1,-1,-1,-1,-1,106,306,-1,361,220,581,-1,-1,-1,-1,
-1,-1,-1,-1,-1,-1,-1,-1,-1,-1,110,-1,-1,124,-1,142,-1,-1,-1,-1,
-1,-1,-1,-1,-1,-1,-1,-1,-1,-1,135,-1,-1,-1,-1,-1,-1,-1,88,-1,
-1,-1,-1,-1,-1,-1,-1,-1,-1,-1,138,-1,-1,-1,-1,734,-1,-1,-1,492,
-1,-1,-1,-1,-1,-1,-1,-1,-1,-1,151,-1,412,336,-1,-1,-1,-1,-1,-1,
-1,-1,-1,-1,-1,-1,-1,-1,-1,-1,164,322,-1,259,282,-1,-1,-1,-1,-1,
-1,-1,-1,-1,-1,-1,-1,-1,-1,-1,165,-1,-1,-1,-1,-1,249,-1,-1,-1,
-1,-1,-1,-1,-1,-1,-1,-1,-1,-1,167,406,-1,-1,-1,-1,-1,-1,-1,-1,
-1,-1,-1,-1,-1,-1,-1,-1,-1,-1,170,48,-1,-1,-1,63,-1,-1,-1,-1,
-1,-1,-1,-1,-1,-1,-1,-1,-1,-1,173,427,-1,-1,-1,-1,-1,-1,45,244,
-1,-1,-1,-1,-1,-1,-1,-1,-1,-1,184,110,515,-1,682,-1,-1,216,-1,-1,
-1,-1,-1,-1,-1,-1,-1,-1,-1,-1,185,86,-1,-1,-1,-1,-1,-1,-1,-1,
-1,-1,-1,-1,-1,-1,-1,-1,-1,-1,187,724,705,242,-1,-1,-1,-1,-1,-1,
-1,-1,-1,-1,-1,-1,-1,-1,-1,-1,188,-1,-1,-1,214,83,-1,-1,-1,-1,
-1,-1,-1,-1,-1,-1,-1,-1,-1,-1,200,-1,95,-1,-1,-1,-1,-1,-1,-1,
-1,-1,-1,-1,-1,-1,-1,-1,-1,-1,202,56,-1,-1,-1,-1,-1,-1,-1,-1,
-1,-1,-1,-1,-1,-1,-1,-1,-1,-1,204,639,-1,-1,-1,-1,-1,-1,-1,-1,
-1,-1,-1,-1,-1,-1,-1,-1,-1,-1,210,104,-1,-1,-1,-1,-1,-1,309,596,
-1,-1,-1,-1,-1,-1,-1,-1,-1,-1,212,219,220,-1,-1,-1,-1,-1,-1,-1,
-1,-1,-1,-1,-1,-1,-1,-1,-1,-1,229,671,-1,-1,-1,-1,-1,-1,-1,-1,
-1,-1,-1,-1,-1,-1,-1,-1,-1,-1,231,-1,-1,-1,155,-1,-1,-1,-1,-1,
-1,-1,-1,-1,-1,-1,-1,-1,-1,-1,236,-1,-1,-1,-1,-1,-1,-1,-1,51,
-1,-1,-1,-1,-1,-1,-1,-1,-1,-1,241,301,-1,-1,-1,-1,-1,-1,-1,-1,
-1,-1,-1,-1,-1,-1,-1,-1,-1,-1,244,-1,68,535,-1,-1,-1,-1,674,-1,
-1,-1,-1,-1,-1,-1,-1,-1,-1,-1,246,266,-1,-1,-1,-1,-1,-1,-1,-1,
-1,-1,-1,-1,-1,-1,-1,-1,-1,-1,251,413,-1,-1,883,-1,-1,-1,-1,-1,
-1,-1,-1,-1,-1,-1,-1,-1,-1,-1,258,577,1041,-1,-1,-1,-1,-1,-1,-1,
-1,-1,-1,-1,-1,-1,-1,-1,-1,-1,262,-1,-1,-1,-1,485,-1,-1,-1,-1,
-1,-1,-1,-1,-1,-1,-1,-1,-1,-1,264,531,587,722,-1,-1,-1,-1,-1,-1,
-1,-1,-1,-1,-1,-1,-1,-1,-1,-1,267,144,-1,-1,-1,-1,-1,-1,-1,-1,
-1,-1,-1,-1,-1,-1,-1,-1,-1,-1,271,231,-1,-1,-1,-1,-1,-1,285,-1,
-1,-1,-1,-1,-1,-1,-1,-1,-1,-1,280,-1,-1,-1,25,196,149,88,-1,-1,
-1,-1,-1,-1,-1,-1,-1,-1,-1,-1,283,374,-1,-1,-1,-1,-1,-1,-1,-1,
-1,-1,-1,-1,-1,-1,-1,-1,-1,-1,288,-1,-1,-1,-1,-1,-1,-1,714,-1,
-1,-1,-1,-1,-1,-1,-1,-1,-1,-1,298,651,-1,-1,-1,-1,-1,-1,-1,-1,
-1,-1,-1,-1,-1,-1,-1,-1,-1,-1,299,454,-1,-1,-1,-1,-1,-1,-1,-1,
-1,-1,-1,-1,-1,-1,-1,-1,-1,-1,303,248,422,-1,-1,-1,-1,-1,-1,-1,
-1,-1,-1,-1,-1,-1,-1,-1,-1,-1,307,-1,155,-1,-1,-1,-1,-1,-1,-1,
346,-1,-1,-1,-1,-1,-1,-1,-1,-1,316,-1,-1,-1,-1,-1,-1,-1,-1,-1,
-1,-1,-1,-1,-1,-1,-1,-1,-1,-1,317,-1,-1,-1,-1,-1,-1,-1,-1,711,
-1,-1,-1,-1,-1,-1,-1,-1,-1,-1,321,-1,-1,-1,150,-1,-1,-1,-1,-1,
-1,-1,-1,-1,-1,-1,-1,-1,-1,-1,336,-1,-1,-1,-1,134,-1,-1,-1,-1,
-1,-1,-1,-1,-1,-1,-1,-1,-1,-1,337,786,-1,-1,-1,-1,-1,-1,-1,-1,
-1,-1,-1,-1,-1,-1,-1,-1,-1,-1,339,521,-1,642,-1,-1,-1,-1,-1,-1,
-1,-1,-1,-1,-1,-1,-1,-1,-1,-1,340,-1,-1,-1,275,-1,-1,-1,-1,-1,
-1,-1,-1,-1,-1,-1,-1,-1,-1,-1,342,-1,-1,-1,733,991,-1,-1,-1,-1,
-1,-1,-1,-1,-1,-1,-1,-1,-1,-1,359,330,-1,-1,198,-1,-1,-1,-1,-1,
-1,-1,-1,-1,-1,-1,-1,-1,-1,-1,367,654,-1,-1,-1,-1,-1,-1,-1,-1,
-1,-1,-1,-1,-1,-1,-1,-1,-1,-1,370,509,374,-1,-1,-1,-1,-1,-1,-1,
-1,-1,-1,-1,-1,-1,-1,-1,-1,-1,373,-1,-1,-1,-1,632,-1,-1,-1,-1,
-1,-1,-1,-1,-1,-1,-1,-1,-1,-1,384,-1,-1,-1,-1,-1,-1,-1,436,-1,
-1,-1,-1,-1,-1,-1,-1,-1,-1,-1,393,-1,830,-1,-1,-1,-1,-1,-1,-1,
-1,-1,-1,-1,-1,-1,-1,-1,-1,-1,396,-1,530,-1,-1,-1,-1,-1,-1,-1,
-1,-1,-1,-1,-1,-1,-1,-1,-1,-1,401,-1,-1,-1,-1,316,-1,-1,-1,-1,
-1,-1,-1,-1,-1,-1,-1,-1,-1,-1,412,-1,744,-1,-1,-1,-1,-1,-1,-1,
-1,-1,-1,-1,-1,-1,-1,-1,-1,-1,422,-1,1256,-1,-1,-1,962,-1,-1,-1,
-1,-1,-1,-1,-1,-1,-1,-1,-1,-1,438,-1,-1,-1,929,-1,-1,-1,-1,-1,
-1,-1,-1,-1,-1,-1,-1,-1,-1,-1,445,-1,-1,-1,-1,-1,-1,-1,-1,976,
-1,-1,-1,-1,-1,-1,-1,-1,-1,-1,450,762,-1,-1,-1,-1,-1,-1,-1,-1,
-1,-1,-1,-1,-1,-1,-1,-1,-1,-1,463,314,-1,-1,-1,-1,-1,-1,-1,-1,
-1,-1,-1,-1,-1,-1,-1,-1,-1,-1,467,1114,-1,-1,-1,-1,-1,-1,-1,-1,
-1,-1,-1,-1,-1,-1,-1,-1,-1,-1,480,-1,-1,-1,1049,-1,-1,-1,-1,-1,
-1,-1,-1,-1,-1,-1,-1,-1,-1,-1,486,403,-1,-1,131,296,-1,-1,-1,-1,
-1,-1,-1,-1,-1,-1,-1,-1,-1,-1,489,-1,-1,-1,300,1042,-1,-1,-1,-1,
-1,-1,-1,-1,-1,-1,-1,-1,-1,-1,498,160,-1,-1,-1,-1,-1,-1,-1,-1,
-1,-1,-1,-1,-1,-1,-1,-1,-1,-1,509,398,742,-1,-1,-1,-1,-1,-1,-1,
-1,-1,-1,-1,-1,-1,-1,-1,-1,-1,511,-1,-1,-1,628,388,621,-1,-1,-1,
-1,-1,-1,-1,-1,-1,-1,-1,-1,-1,513,295,-1,-1,-1,-1,-1,-1,-1,-1,
-1,-1,-1,-1,-1,-1,-1,-1,-1,-1,522,948,-1,-1,-1,-1,-1,-1,-1,-1,
-1,-1,-1,-1,-1,-1,-1,-1,-1,-1,523,-1,659,-1,-1,-1,-1,-1,-1,-1,
-1,-1,-1,-1,-1,-1,-1,-1,-1,-1,535,826,667,472,-1,-1,-1,-1,-1,-1,
-1,-1,-1,-1,-1,-1,-1,-1,-1,-1,545,693,-1,-1,-1,-1,-1,-1,464,1192,
-1,-1,-1,-1,-1,-1,-1,-1,-1,-1,557,300,-1,-1,-1,-1,-1,-1,-1,-1,
-1,-1,-1,-1,-1,-1,-1,-1,-1,-1,565,825,-1,-1,-1,-1,-1,-1,-1,-1,
-1,-1,-1,-1,-1,-1,-1,-1,-1,-1,568,-1,-1,-1,-1,-1,-1,-1,-1,885,
-1,-1,-1,-1,-1,-1,-1,-1,-1,-1,572,243,-1,131,-1,-1,-1,-1,-1,-1,
-1,-1,-1,-1,-1,-1,-1,-1,-1,-1,574,589,535,403,-1,671,543,-1,-1,-1,
-1,-1,-1,-1,-1,-1,-1,-1,-1,-1,576,340,476,-1,-1,-1,-1,-1,-1,-1,
-1,-1,-1,-1,-1,-1,-1,-1,-1,-1,586,-1,447,-1,-1,-1,-1,-1,-1,-1,
-1,-1,-1,-1,-1,-1,-1,-1,-1,-1,597,-1,-1,-1,262,-1,-1,-1,-1,-1,
-1,-1,-1,-1,-1,-1,-1,-1,-1,-1,604,685,1048,-1,-1,-1,-1,-1,-1,-1,
-1,-1,-1,-1,-1,-1,-1,-1,-1,-1,605,457,-1,-1,-1,-1,-1,-1,527,-1,
-1,-1,-1,-1,-1,-1,-1,-1,-1,-1,615,463,-1,-1,-1,-1,-1,-1,-1,1243,
-1,-1,-1,-1,-1,-1,-1,-1,-1,-1,618,472,-1,-1,-1,-1,-1,-1,-1,-1,
-1,-1,-1,-1,-1,-1,-1,-1,-1,-1,628,440,286,-1,-1,-1,-1,-1,-1,-1,
-1,-1,-1,-1,-1,-1,-1,-1,-1,-1,641,-1,-1,972,-1,-1,-1,-1,-1,-1,
-1,-1,-1,-1,-1,-1,-1,-1,-1,-1,644,-1,-1,633,-1,-1,-1,-1,-1,-1,
-1,-1,-1,-1,-1,-1,-1,-1,-1,-1,645,634,1245,1314,749,333,-1,-1,-1,-1,
-1,-1,-1,-1,-1,-1,-1,-1,-1,-1,646,-1,-1,-1,-1,-1,-1,-1,1216,-1,
-1,-1,-1,-1,-1,-1,-1,-1,-1,-1,651,569,-1,-1,-1,-1,-1,-1,-1,-1,
-1,-1,-1,-1,-1,-1,-1,-1,-1,-1,652,-1,-1,-1,-1,-1,-1,-1,-1,475,
-1,-1,-1,-1,-1,-1,-1,-1,-1,-1,666,930,-1,-1,-1,-1,-1,-1,-1,-1,
-1,-1,-1,-1,-1,-1,-1,-1,-1,-1,667,-1,-1,-1,-1,-1,-1,-1,-1,501,
-1,-1,-1,-1,-1,-1,-1,-1,-1,-1,676,1025,519,-1,-1,-1,-1,-1,-1,-1,
-1,-1,-1,-1,-1,-1,-1,-1,-1,-1,677,1356,-1,-1,-1,-1,-1,-1,-1,-1,
-1,-1,-1,-1,-1,-1,-1,-1,-1,-1,679,664,663,-1,-1,-1,-1,-1,-1,-1,
-1,-1,-1,-1,-1,-1,-1,-1,-1,-1,685,890,-1,-1,-1,-1,-1,-1,-1,-1,
-1,-1,-1,-1,-1,-1,-1,-1,-1,-1,687,985,-1,-1,-1,-1,-1,-1,-1,-1,
-1,-1,-1,-1,-1,-1,-1,-1,-1,-1,689,-1,954,-1,-1,-1,-1,-1,-1,-1,
-1,-1,-1,-1,-1,-1,-1,-1,-1,-1,700,356,-1,-1,-1,-1,-1,-1,-1,-1,
-1,-1,-1,-1,-1,-1,-1,-1,-1,-1,702,-1,-1,-1,-1,-1,-1,1141,-1,-1,
-1,-1,-1,-1,-1,-1,-1,-1,-1,-1,703,-1,-1,-1,-1,-1,-1,1681,-1,-1,
-1,-1,-1,-1,-1,-1,-1,-1,-1,-1,706,539,-1,-1,-1,-1,-1,-1,-1,-1,
-1,-1,-1,-1,-1,-1,-1,-1,-1,-1,710,939,-1,-1,-1,-1,-1,-1,-1,-1,
-1,-1,-1,-1,-1,-1,-1,-1,-1,-1,712,-1,-1,-1,1624,-1,-1,-1,-1,-1,
-1,-1,-1,-1,-1,-1,-1,-1,-1,-1,722,-1,-1,-1,-1,-1,292,-1,-1,-1,
-1,-1,-1,-1,-1,-1,-1,-1,-1,-1,731,1330,-1,-1,-1,-1,-1,-1,-1,-1,
-1,-1,-1,-1,-1,-1,-1,-1,-1,-1,732,607,-1,-1,-1,-1,-1,-1,-1,-1,
-1,-1,-1,-1,-1,-1,-1,-1,-1,-1,734,-1,714,-1,-1,-1,-1,-1,-1,-1,
-1,-1,-1,-1,-1,-1,-1,-1,-1,-1,736,1104,-1,-1,-1,-1,-1,-1,-1,-1,
-1,-1,-1,-1,-1,-1,-1,-1,-1,-1,772,471,-1,-1,-1,-1,-1,-1,-1,-1,
-1,-1,-1,-1,-1,-1,-1,-1,-1,-1,773,1470,-1,-1,-1,-1,-1,-1,-1,-1,
-1,-1,-1,-1,-1,-1,-1,-1,-1,-1,781,1605,-1,-1,-1,-1,-1,-1,-1,-1,
-1,-1,-1,-1,-1,-1,-1,-1,-1,-1,784,595,-1,771,641,-1,-1,-1,-1,-1,
-1,-1,-1,-1,-1,-1,-1,-1,-1,-1,792,1486,-1,-1,-1,-1,-1,-1,-1,-1,
-1,-1,-1,-1,-1,-1,-1,-1,-1,-1,793,-1,329,-1,-1,-1,-1,-1,-1,-1,
-1,-1,-1,-1,-1,-1,-1,-1,-1,-1,796,493,-1,-1,-1,-1,-1,-1,-1,-1,
-1,-1,-1,-1,-1,-1,-1,-1,-1,-1,802,-1,-1,-1,-1,-1,490,-1,-1,-1,
-1,-1,-1,-1,-1,-1,-1,-1,-1,-1,809,1036,-1,-1,-1,-1,-1,-1,-1,618,
-1,-1,-1,-1,-1,-1,-1,-1,-1,-1,817,1098,-1,-1,-1,-1,-1,-1,-1,-1,
-1,-1,-1,-1,-1,-1,-1,-1,-1,-1,832,-1,-1,1658,-1,-1,-1,-1,-1,-1,
-1,-1,-1,-1,-1,-1,-1,-1,-1,-1,837,1014,-1,-1,-1,-1,290,-1,-1,-1,
-1,-1,-1,-1,-1,-1,-1,-1,-1,-1,847,1821,-1,-1,697,-1,-1,-1,675,1002,
-1,-1,-1,-1,-1,-1,-1,-1,-1,-1,848,-1,356,-1,-1,-1,-1,-1,-1,-1,
-1,-1,-1,-1,-1,-1,-1,-1,-1,-1,872,-1,509,-1,492,-1,-1,-1,-1,-1,
-1,-1,-1,-1,-1,-1,-1,-1,-1,-1,879,-1,455,588,-1,-1,-1,-1,-1,-1,
-1,-1,-1,-1,-1,-1,-1,-1,-1,-1,881,319,-1,479,-1,393,-1,-1,-1,-1,
-1,-1,-1,-1,-1,-1,-1,-1,-1,-1,886,736,-1,-1,-1,-1,-1,-1,-1,-1,
-1,-1,-1,-1,-1,-1,-1,-1,-1,-1,889,1760,-1,-1,704,-1,-1,-1,-1,-1,
-1,-1,-1,-1,-1,-1,-1,-1,-1,-1,897,763,-1,-1,602,-1,-1,-1,-1,-1,
-1,-1,-1,-1,-1,-1,-1,-1,-1,-1,898,1428,1238,-1,-1,-1,-1,-1,-1,-1,
-1,-1,-1,-1,-1,-1,-1,-1,-1,-1,899,1358,-1,-1,-1,-1,-1,-1,-1,-1,
-1,-1,-1,-1,-1,-1,-1,-1,-1,-1,905,740,-1,-1,-1,-1,-1,-1,-1,912,
-1,-1,-1,-1,-1,-1,-1,-1,-1,-1,911,-1,-1,1546,-1,-1,-1,-1,-1,-1,
-1,-1,-1,-1,-1,-1,-1,-1,-1,-1,926,-1,-1,-1,-1,-1,1366,-1,-1,-1,
-1,-1,-1,-1,-1,-1,-1,-1,-1,-1,930,-1,1943,-1,-1,-1,-1,-1,-1,-1,
-1,-1,-1,-1,-1,-1,-1,-1,-1,-1,935,524,-1,-1,-1,-1,-1,-1,-1,-1,
-1,-1,-1,-1,-1,-1,-1,-1,-1,-1,948,733,625,-1,-1,-1,-1,-1,-1,-1,
-1,-1,-1,-1,-1,-1,-1,-1,-1,-1,956,878,466,-1,-1,-1,-1,-1,-1,-1,
-1,-1,-1,-1,-1,-1,-1,-1,-1,-1,958,1900,1011,-1,-1,-1,-1,-1,-1,-1,
-1,-1,-1,-1,-1,-1,-1,-1,-1,-1,960,2170,-1,-1,-1,-1,-1,-1,-1,-1,
-1,-1,-1,-1,-1,-1,-1,-1,-1,-1,961,-1,-1,-1,-1,1301,-1,-1,407,-1,
-1,-1,-1,-1,-1,-1,-1,-1,-1,-1,965,623,-1,-1,-1,-1,-1,2129,-1,-1,
-1,-1,-1,-1,-1,-1,-1,-1,-1,636,968,-1,-1,-1,1109,-1,-1,-1,-1,-1,
-1,-1,-1,-1,-1,-1,-1,-1,-1,-1,970,529,980,-1,-1,-1,-1,-1,-1,-1,
-1,-1,-1,-1,-1,-1,-1,-1,-1,-1,973,1580,-1,-1,-1,-1,-1,-1,-1,-1,
-1,-1,-1,-1,-1,-1,-1,-1,-1,-1,981,1165,-1,-1,-1,-1,-1,-1,-1,-1,
-1,-1,-1,-1,-1,-1,-1,-1,-1,-1,982,-1,-1,-1,-1,-1,-1,1401,718,-1,
-1,-1,-1,-1,-1,-1,-1,-1,-1,-1,986,1429,-1,406,-1,-1,-1,-1,-1,-1,
-1,-1,-1,-1,-1,-1,-1,-1,-1,-1,1000,-1,-1,-1,-1,-1,897,1895,-1,-1,
-1,-1,-1,-1,-1,-1,-1,-1,-1,-1,1003,1088,-1,-1,-1,-1,-1,-1,-1,-1,
-1,-1,-1,-1,-1,-1,-1,-1,-1,-1,1006,-1,-1,-1,-1,-1,-1,-1,1828,-1,
-1,-1,-1,-1,-1,-1,-1,-1,-1,-1,1011,2208,-1,-1,-1,-1,-1,-1,-1,-1,
-1,-1,-1,-1,-1,-1,-1,-1,-1,-1,1015,-1,-1,-1,-1,1292,820,-1,-1,-1,
-1,-1,-1,-1,-1,-1,-1,-1,-1,-1,1024,2259,-1,-1,-1,-1,-1,-1,-1,-1,
-1,-1,-1,-1,-1,-1,-1,-1,-1,-1,1036,-1,-1,-1,-1,-1,1027,1276,-1,-1,
-1,-1,-1,-1,-1,-1,-1,-1,-1,-1,1056,2035,2511,-1,-1,-1,-1,-1,-1,-1,
-1,-1,-1,-1,-1,-1,-1,-1,-1,-1,1058,932,-1,-1,-1,-1,-1,-1,-1,-1,
-1,-1,-1,-1,-1,-1,-1,-1,-1,-1,1059,858,1232,712,-1,-1,-1,-1,-1,-1,
-1,-1,-1,-1,-1,-1,-1,-1,-1,-1,1066,2098,-1,-1,-1,-1,-1,-1,-1,-1,
-1,-1,-1,-1,-1,-1,-1,-1,-1,2636,1075,-1,1393,-1,-1,-1,-1,-1,-1,-1,
-1,-1,-1,-1,-1,-1,-1,-1,-1,-1,1082,-1,-1,-1,2431,-1,-1,-1,-1,-1,
-1,-1,-1,-1,-1,-1,-1,-1,-1,-1,1083,-1,924,-1,-1,-1,-1,-1,-1,-1,
-1,-1,-1,-1,-1,-1,-1,-1,-1,-1,1098,905,-1,-1,-1,-1,-1,-1,-1,-1,
-1,-1,-1,-1,-1,-1,-1,-1,-1,-1,1100,-1,1181,-1,432,-1,-1,1492,377,-1,
-1,-1,-1,-1,-1,-1,-1,-1,-1,-1,1106,1503,-1,-1,-1,-1,-1,836,-1,-1,
-1,-1,-1,-1,-1,-1,-1,-1,-1,-1,1115,-1,-1,-1,-1,593,1073,464,-1,-1,
-1,-1,-1,-1,-1,-1,-1,-1,-1,-1,1116,1436,-1,-1,-1,-1,-1,-1,-1,-1,
-1,-1,-1,-1,-1,-1,-1,-1,-1,-1,1119,1244,-1,-1,-1,-1,-1,-1,-1,-1,
-1,-1,-1,-1,-1,-1,-1,-1,-1,-1,1123,772,-1,-1,-1,-1,-1,-1,-1,-1,
-1,-1,-1,-1,-1,-1,-1,-1,-1,-1,1124,1837,-1,-1,-1,-1,-1,-1,-1,-1,
-1,-1,-1,-1,-1,-1,-1,-1,-1,-1,1127,-1,-1,-1,-1,-1,-1,2127,-1,-1,
-1,-1,-1,-1,-1,-1,-1,-1,-1,-1,1139,1618,-1,-1,-1,-1,-1,-1,-1,527,
-1,-1,-1,-1,-1,-1,-1,-1,-1,-1,1141,-1,-1,1080,-1,-1,-1,-1,874,-1,
-1,-1,-1,-1,-1,-1,-1,-1,-1,-1,1142,-1,-1,-1,-1,1560,1911,2085,-1,-1,
-1,-1,-1,-1,-1,-1,-1,-1,-1,-1,1144,-1,-1,1661,-1,-1,-1,-1,-1,-1,
-1,-1,-1,-1,-1,-1,-1,-1,-1,-1,1146,1914,-1,-1,-1,-1,-1,-1,-1,-1,
-1,-1,-1,-1,-1,-1,-1,-1,-1,-1,1151,-1,-1,-1,-1,-1,-1,-1,1790,-1,
-1,-1,-1,-1,-1,-1,-1,-1,-1,-1,1156,-1,-1,-1,-1,-1,-1,-1,-1,2101,
-1,-1,-1,-1,-1,-1,-1,-1,-1,-1,1167,1282,1276,2499,-1,-1,-1,-1,-1,-1,
-1,-1,-1,-1,-1,-1,-1,-1,-1,-1,1168,-1,2172,-1,-1,-1,2436,-1,-1,-1,
-1,-1,-1,-1,-1,-1,-1,-1,-1,-1,1173,1635,-1,-1,-1,-1,-1,-1,-1,-1,
-1,-1,-1,-1,-1,-1,-1,-1,-1,-1,1175,1894,-1,-1,-1,-1,-1,-1,-1,-1,
-1,-1,-1,-1,-1,-1,-1,-1,-1,-1,1185,964,-1,-1,-1,-1,-1,-1,-1,-1,
-1,-1,-1,-1,-1,-1,-1,-1,-1,-1,1195,-1,-1,-1,-1,-1,858,-1,-1,-1,
-1,-1,-1,-1,-1,-1,-1,-1,-1,-1,1199,-1,568,-1,333,-1,-1,1218,290,541,
-1,-1,-1,-1,-1,-1,-1,-1,-1,-1,1201,1058,-1,-1,-1,-1,-1,-1,-1,-1,
-1,-1,-1,-1,-1,-1,-1,-1,-1,-1,1206,1658,-1,-1,-1,-1,-1,-1,-1,-1,
-1,-1,-1,-1,-1,-1,-1,-1,-1,-1,1208,354,737,-1,-1,-1,-1,1250,-1,-1,
-1,-1,-1,-1,-1,-1,-1,-1,-1,-1,1214,1093,618,-1,-1,-1,-1,-1,-1,-1,
-1,-1,-1,-1,-1,-1,-1,-1,-1,-1,1218,-1,-1,-1,-1,1708,-1,-1,-1,-1,
-1,-1,-1,-1,-1,-1,-1,-1,-1,-1,1220,907,-1,-1,-1,-1,-1,-1,-1,-1,
-1,-1,-1,-1,-1,-1,-1,-1,-1,-1,1231,803,-1,-1,-1,-1,-1,-1,-1,-1,
-1,-1,-1,-1,-1,-1,-1,-1,-1,-1,1236,2104,1188,-1,-1,1314,1939,1083,-1,1999,
-1,-1,-1,-1,-1,-1,-1,-1,-1,-1,1237,1943,2215,-1,-1,-1,-1,-1,-1,-1,
-1,-1,-1,-1,-1,-1,-1,-1,-1,-1,1238,806,656,-1,-1,-1,-1,-1,-1,-1,
-1,-1,-1,-1,-1,-1,-1,-1,-1,-1,1239,2242,-1,-1,-1,-1,-1,-1,-1,-1,
-1,-1,-1,-1,-1,-1,-1,-1,-1,-1,1240,2496,-1,-1,1754,-1,-1,-1,-1,-1,
-1,-1,-1,-1,-1,-1,-1,-1,-1,-1,1249,1640,2718,1559,-1,2637,-1,-1,-1,-1,
-1,-1,-1,-1,-1,-1,-1,-1,-1,-1,1253,593,-1,-1,-1,-1,-1,-1,-1,-1,
-1,-1,-1,-1,-1,-1,-1,-1,-1,-1,1254,541,-1,-1,999,739,-1,-1,-1,-1,
-1,-1,-1,-1,-1,-1,-1,-1,-1,-1,1259,1801,-1,-1,-1,-1,-1,-1,-1,-1,
-1,-1,-1,-1,-1,-1,-1,-1,-1,-1,1261,-1,-1,-1,1521,-1,-1,-1,-1,-1,
-1,-1,-1,-1,-1,-1,-1,-1,-1,-1,1263,1167,-1,-1,-1,-1,-1,-1,-1,-1,
-1,-1,-1,-1,-1,-1,-1,-1,-1,-1,1265,-1,-1,-1,-1,2624,-1,-1,-1,-1,
-1,-1,-1,-1,-1,-1,-1,-1,-1,-1,1273,1861,-1,-1,-1,-1,-1,-1,-1,-1,
-1,-1,-1,-1,-1,-1,-1,-1,-1,-1,1281,660,-1,-1,-1,-1,-1,-1,-1,-1,
-1,-1,-1,-1,-1,-1,-1,-1,-1,-1,1288,715,-1,-1,-1,-1,-1,-1,-1,-1,
-1,-1,-1,-1,-1,-1,-1,-1,-1,-1,1299,-1,-1,-1,1164,-1,-1,-1,-1,2246,
-1,-1,-1,-1,-1,-1,-1,-1,-1,-1,1310,1628,-1,-1,-1,-1,-1,-1,-1,-1,
-1,-1,-1,-1,-1,-1,-1,-1,-1,-1,1313,601,-1,-1,-1,-1,-1,-1,-1,-1,
-1,-1,-1,-1,-1,-1,-1,-1,-1,-1,1323,544,511,-1,1042,-1,-1,-1,-1,-1,
-1,-1,-1,-1,-1,-1,-1,-1,-1,-1,1324,2308,-1,-1,-1,-1,-1,-1,-1,-1,
-1,-1,-1,-1,-1,-1,-1,-1,-1,-1,1328,1448,-1,-1,-1,-1,-1,-1,-1,-1,
-1,-1,-1,-1,-1,-1,-1,-1,-1,-1,1330,1989,-1,-1,-1,-1,-1,-1,-1,-1,
-1,-1,-1,-1,-1,-1,-1,-1,-1,-1,1334,1524,1336,-1,-1,-1,-1,-1,-1,-1,
-1,-1,-1,-1,-1,-1,-1,-1,-1,-1,1336,-1,-1,-1,-1,-1,-1,-1,2310,-1,
-1,-1,-1,-1,-1,-1,-1,-1,-1,-1,1341,1226,-1,-1,-1,-1,801,-1,-1,-1,
-1,-1,-1,-1,-1,-1,-1,-1,-1,-1,1346,-1,-1,-1,-1,-1,-1,842,-1,-1,
-1,-1,-1,-1,-1,-1,-1,-1,-1,-1,1358,1071,816,-1,-1,-1,-1,-1,-1,436,
-1,-1,-1,-1,-1,-1,-1,-1,-1,-1,1364,-1,-1,-1,-1,-1,1943,-1,-1,-1,
-1,-1,-1,-1,-1,-1,-1,-1,-1,-1,1365,-1,-1,-1,-1,1191,-1,-1,-1,-1,
-1,-1,-1,-1,-1,-1,-1,-1,-1,-1,1366,1600,2849,-1,-1,-1,-1,-1,-1,-1,
-1,-1,-1,-1,-1,-1,-1,-1,-1,-1,1371,2297,-1,-1,-1,-1,-1,-1,-1,-1,
-1,-1,-1,-1,-1,-1,-1,-1,-1,-1,1376,-1,2091,2376,-1,-1,-1,-1,-1,-1,
-1,-1,-1,-1,-1,-1,-1,-1,-1,-1,1380,-1,574,1006,1141,-1,-1,-1,-1,-1,
-1,-1,-1,-1,-1,-1,-1,-1,-1,-1,1388,-1,-1,-1,-1,-1,-1,-1,-1,1806,
-1,-1,-1,-1,-1,-1,-1,-1,-1,-1,1392,1261,-1,-1,-1,-1,-1,-1,-1,-1,
-1,-1,-1,-1,-1,-1,-1,-1,-1,-1,1396,-1,-1,1929,-1,-1,-1,-1,-1,-1,
-1,-1,-1,-1,-1,-1,-1,-1,-1,-1,1398,-1,2600,-1,-1,-1,-1,-1,-1,-1,
-1,-1,-1,-1,-1,-1,-1,-1,-1,-1,1401,1954,2728,-1,2479,1704,-1,-1,-1,-1,
-1,-1,-1,-1,-1,-1,-1,-1,-1,-1,1403,-1,-1,-1,-1,-1,-1,-1,-1,1313,
-1,-1,-1,-1,-1,-1,-1,-1,-1,-1,1404,2024,-1,-1,-1,-1,-1,-1,-1,1681,
-1,-1,-1,-1,-1,-1,-1,-1,-1,-1,1406,927,-1,-1,-1,-1,-1,-1,-1,-1,
-1,-1,-1,-1,-1,-1,-1,-1,-1,-1,1408,1474,-1,-1,-1,-1,-1,-1,-1,-1,
-1,-1,-1,-1,-1,-1,-1,-1,-1,-1,1417,800,575,764,1052,1980,-1,-1,-1,-1,
-1,-1,-1,-1,-1,-1,-1,-1,-1,-1,1420,-1,-1,-1,-1,-1,-1,2395,848,-1,
-1,-1,-1,-1,-1,-1,-1,-1,-1,-1,1423,904,-1,-1,-1,-1,-1,-1,-1,-1,
-1,-1,-1,-1,-1,-1,-1,-1,-1,-1,1431,369,787,-1,-1,-1,-1,-1,-1,-1,
-1,-1,-1,-1,-1,-1,-1,-1,-1,-1,1433,-1,-1,-1,-1,1515,-1,-1,-1,-1,
-1,-1,-1,-1,-1,-1,-1,-1,-1,-1,1434,-1,-1,-1,-1,1935,-1,-1,-1,-1,
-1,-1,-1,-1,-1,-1,-1,-1,-1,-1,1442,2594,-1,-1,-1,-1,-1,-1,-1,-1,
-1,-1,-1,-1,-1,-1,-1,-1,-1,-1,1444,-1,-1,-1,-1,835,-1,-1,-1,-1,
-1,-1,-1,-1,-1,-1,-1,-1,-1,-1,1458,-1,2002,-1,-1,-1,-1,-1,-1,-1,
-1,-1,-1,-1,-1,-1,-1,-1,-1,-1,1460,-1,-1,-1,-1,2881,-1,-1,-1,-1,
-1,-1,-1,-1,-1,-1,-1,-1,-1,-1,1465,-1,-1,2557,-1,-1,-1,-1,-1,-1,
-1,-1,-1,-1,-1,-1,-1,-1,-1,-1,1467,-1,-1,-1,-1,-1,-1,-1,2834,-1,
-1,-1,-1,-1,-1,-1,-1,-1,-1,-1,1470,-1,1542,-1,-1,-1,-1,-1,-1,-1,
-1,-1,-1,-1,-1,-1,-1,-1,-1,-1,1471,-1,-1,-1,-1,-1,698,-1,-1,-1,
-1,-1,-1,-1,-1,-1,-1,-1,-1,-1,1472,-1,-1,635,-1,-1,-1,-1,-1,-1,
-1,-1,-1,-1,-1,-1,-1,-1,-1,-1,1473,695,850,340,1861,-1,-1,-1,-1,-1,
-1,-1,-1,-1,-1,-1,-1,-1,-1,-1,1477,-1,-1,1933,-1,-1,-1,1573,-1,-1,
-1,-1,-1,-1,-1,-1,-1,-1,-1,-1,1483,2263,-1,-1,1801,-1,-1,-1,-1,-1,
-1,-1,-1,-1,-1,-1,-1,-1,-1,-1,1485,-1,2870,-1,-1,-1,-1,-1,-1,-1,
-1,-1,-1,-1,-1,-1,-1,-1,-1,-1,1488,962,2242,-1,2016,-1,-1,-1,-1,-1,
-1,-1,-1,-1,-1,-1,-1,-1,-1,-1,1490,2171,-1,-1,-1,-1,-1,-1,-1,-1,
-1,-1,-1,-1,-1,-1,-1,-1,-1,-1,1498,2094,-1,-1,-1,-1,-1,-1,-1,-1,
-1,-1,-1,-1,-1,-1,-1,-1,-1,-1,1506,-1,-1,-1,-1,-1,-1,-1,1349,2201,
-1,-1,-1,-1,-1,-1,-1,-1,-1,-1,1512,2355,-1,-1,-1,-1,-1,-1,-1,-1,
-1,-1,-1,-1,-1,-1,-1,-1,-1,-1,1521,-1,-1,-1,-1,2235,-1,-1,-1,-1,
-1,-1,-1,-1,-1,-1,-1,-1,-1,-1,1523,579,-1,-1,-1,-1,-1,-1,2746,-1,
-1,-1,-1,-1,-1,-1,-1,-1,-1,-1,1532,-1,-1,-1,-1,-1,961,661,-1,-1,
-1,-1,-1,-1,-1,-1,-1,-1,-1,-1,1533,1570,-1,-1,-1,-1,-1,-1,-1,-1,
-1,-1,-1,-1,-1,-1,-1,-1,-1,-1,1535,990,-1,-1,-1,-1,-1,-1,-1,-1,
-1,-1,-1,-1,-1,-1,-1,-1,-1,-1,1536,1315,-1,-1,-1,-1,-1,-1,-1,-1,
-1,-1,-1,-1,-1,-1,-1,-1,-1,-1,1538,752,-1,-1,-1,-1,-1,-1,-1,-1,
-1,-1,-1,-1,-1,-1,-1,-1,-1,-1,1555,-1,2770,-1,-1,-1,-1,-1,-1,-1,
-1,-1,-1,-1,-1,-1,-1,-1,-1,-1,1556,1150,1385,-1,-1,-1,-1,-1,-1,-1,
-1,-1,-1,-1,-1,-1,-1,-1,-1,-1,1557,-1,-1,-1,-1,-1,-1,-1,-1,1012,
-1,-1,-1,-1,-1,-1,-1,-1,-1,-1,1567,-1,-1,2108,-1,-1,-1,-1,-1,-1,
-1,-1,-1,-1,-1,-1,-1,-1,-1,-1,1573,-1,-1,973,-1,-1,-1,-1,-1,-1,
-1,-1,-1,-1,-1,-1,-1,-1,-1,-1,1576,-1,-1,-1,-1,-1,-1,2058,-1,-1,
-1,-1,-1,-1,-1,-1,-1,-1,-1,-1,1580,1751,-1,-1,-1,-1,-1,-1,-1,-1,
-1,-1,-1,-1,-1,-1,-1,-1,-1,-1,1583,1616,2410,2840,-1,-1,-1,-1,-1,-1,
-1,-1,-1,-1,-1,-1,-1,-1,-1,-1,1588,-1,-1,2638,-1,-1,-1,-1,-1,-1,
-1,-1,-1,-1,-1,-1,-1,-1,-1,-1,1591,-1,426,-1,-1,-1,763,-1,-1,-1,
-1,-1,-1,-1,-1,-1,-1,-1,-1,-1,1617,-1,-1,-1,-1,-1,-1,-1,-1,1328,
-1,-1,-1,-1,-1,-1,-1,-1,-1,-1,1622,-1,-1,1640,-1,-1,-1,-1,-1,-1,
-1,-1,-1,-1,-1,-1,-1,-1,-1,-1,1625,2294,-1,-1,-1,-1,-1,-1,759,-1,
-1,-1,-1,-1,-1,-1,-1,-1,-1,-1,1643,2570,-1,-1,-1,-1,-1,-1,-1,-1,
-1,-1,-1,-1,-1,-1,-1,-1,-1,-1,1647,1177,501,-1,1793,957,-1,-1,-1,1276,
-1,-1,-1,-1,-1,-1,-1,-1,-1,-1,1648,-1,-1,-1,572,1071,989,-1,946,-1,
-1,-1,-1,-1,-1,-1,-1,-1,-1,-1,1651,-1,-1,1746,-1,1686,-1,-1,-1,-1,
-1,-1,-1,-1,-1,-1,-1,-1,-1,-1,1659,-1,1950,-1,-1,938,-1,709,-1,-1,
-1,-1,-1,-1,-1,-1,-1,-1,-1,-1,1663,-1,1384,1577,-1,-1,-1,-1,-1,-1,
-1,-1,-1,-1,-1,-1,-1,-1,-1,-1,1673,704,-1,-1,-1,-1,-1,-1,-1,-1,
-1,-1,-1,-1,-1,-1,-1,-1,-1,-1,1676,-1,2558,-1,-1,-1,-1,-1,-1,-1,
-1,-1,-1,-1,-1,-1,-1,-1,-1,-1,1690,-1,-1,-1,-1,695,-1,-1,-1,-1,
-1,-1,-1,-1,-1,-1,-1,-1,-1,-1,1691,1143,-1,-1,-1,-1,-1,-1,-1,-1,
-1,-1,-1,-1,-1,-1,-1,-1,-1,-1,1697,-1,-1,-1,-1,-1,-1,-1,-1,2495,
-1,-1,-1,-1,-1,-1,-1,-1,-1,-1,1707,1463,-1,1568,-1,-1,-1,-1,-1,-1,
-1,-1,-1,-1,-1,-1,-1,-1,-1,-1,1709,2216,-1,-1,-1,-1,-1,-1,-1,-1,
-1,-1,-1,-1,-1,-1,-1,-1,-1,-1,1710,-1,-1,-1,1300,-1,-1,-1,-1,-1,
-1,-1,-1,-1,-1,-1,-1,-1,-1,-1,1725,-1,1834,-1,-1,-1,-1,-1,-1,-1,
-1,-1,-1,-1,-1,-1,-1,-1,-1,-1,1748,2229,-1,-1,-1,-1,-1,-1,-1,-1,
-1,-1,-1,-1,-1,-1,-1,-1,-1,-1,1750,1135,-1,-1,-1,-1,-1,-1,-1,-1,
-1,-1,-1,-1,-1,-1,-1,-1,-1,-1,1762,-1,-1,-1,-1,-1,-1,1380,-1,-1,
-1,-1,-1,-1,-1,-1,-1,-1,-1,-1,1767,-1,-1,-1,1066,-1,-1,-1,-1,-1,
-1,-1,-1,-1,-1,-1,-1,-1,-1,-1,1772,-1,-1,-1,1425,-1,-1,-1,-1,-1,
-1,-1,-1,-1,-1,-1,-1,-1,-1,-1,1775,1705,-1,-1,-1,-1,-1,-1,-1,-1,
-1,-1,-1,-1,-1,-1,-1,-1,-1,-1,1782,1892,-1,-1,-1,-1,-1,-1,-1,-1,
-1,-1,-1,-1,-1,-1,-1,-1,-1,-1,1790,-1,-1,789,-1,-1,-1,-1,-1,-1,
-1,-1,-1,-1,-1,-1,-1,-1,-1,-1,1792,-1,-1,-1,-1,1271,-1,-1,-1,-1,
-1,-1,-1,-1,-1,-1,-1,-1,-1,-1,1798,-1,2105,1945,-1,-1,-1,-1,-1,-1,
-1,-1,-1,-1,-1,-1,-1,-1,-1,-1,1806,-1,-1,-1,-1,-1,2534,-1,-1,-1,
-1,-1,-1,-1,-1,-1,-1,-1,-1,-1,1817,2620,-1,-1,-1,-1,-1,-1,-1,-1,
-1,-1,-1,-1,-1,-1,-1,-1,-1,-1,1836,2256,-1,-1,-1,-1,-1,-1,-1,-1,
-1,-1,-1,-1,-1,-1,-1,-1,-1,-1,1849,2311,-1,2901,-1,-1,-1,-1,-1,-1,
-1,-1,-1,-1,-1,-1,-1,-1,-1,-1,1870,1439,-1,-1,-1,-1,-1,-1,-1,-1,
-1,-1,-1,-1,-1,-1,-1,-1,-1,-1,1871,1986,-1,-1,-1,-1,-1,-1,-1,-1,
-1,-1,-1,-1,-1,-1,-1,-1,-1,-1,1876,-1,-1,-1,-1,-1,2781,-1,-1,-1,
-1,-1,-1,-1,-1,-1,-1,-1,-1,-1,1881,872,-1,2110,-1,-1,-1,-1,-1,-1,
-1,-1,-1,-1,-1,-1,-1,-1,-1,-1,1897,2447,-1,-1,-1,-1,-1,-1,-1,2366,
-1,-1,-1,-1,-1,-1,-1,-1,-1,-1,1898,2515,-1,-1,-1,-1,-1,-1,-1,-1,
-1,-1,-1,-1,-1,-1,-1,-1,-1,-1,1901,-1,-1,-1,-1,-1,-1,-1,1132,1354,
-1,-1,-1,-1,-1,-1,-1,-1,-1,-1,1905,-1,-1,-1,-1,1372,-1,-1,-1,-1,
-1,-1,-1,-1,-1,-1,-1,-1,-1,-1,1911,2215,-1,-1,-1,-1,-1,-1,-1,-1,
-1,-1,-1,-1,-1,-1,-1,-1,-1,-1,1918,2026,-1,-1,-1,-1,-1,-1,-1,-1,
-1,-1,-1,-1,-1,-1,-1,-1,-1,-1,1922,-1,-1,-1,-1,-1,-1,-1,1547,-1,
-1,-1,-1,-1,-1,-1,-1,-1,-1,-1,1929,-1,-1,-1,-1,-1,-1,1653,-1,-1,
-1,-1,-1,-1,-1,-1,-1,-1,-1,-1,1938,1878,2675,2903,1968,1255,-1,-1,-1,-1,
-1,-1,-1,-1,-1,-1,-1,-1,-1,-1,1945,-1,2868,-1,-1,-1,-1,-1,-1,-1,
-1,-1,-1,-1,-1,-1,-1,-1,-1,-1,1948,897,-1,-1,-1,-1,-1,-1,-1,-1,
-1,-1,-1,-1,-1,-1,-1,-1,-1,-1,1955,-1,-1,-1,-1,1580,-1,-1,-1,-1,
-1,-1,-1,-1,-1,-1,-1,-1,-1,-1,1965,2304,-1,-1,-1,-1,-1,-1,-1,-1,
-1,-1,-1,-1,-1,-1,-1,-1,-1,-1,1973,-1,-1,-1,-1,-1,-1,1099,530,-1,
-1,-1,-1,-1,-1,-1,-1,-1,-1,-1,1979,-1,-1,-1,1006,1175,-1,958,-1,-1,
-1,-1,-1,-1,-1,-1,-1,-1,-1,-1,1992,-1,-1,-1,-1,-1,-1,2549,-1,2447,
-1,-1,-1,-1,-1,-1,-1,-1,-1,-1,1998,2617,-1,-1,1030,-1,-1,1460,-1,-1,
-1,-1,-1,-1,-1,-1,-1,-1,-1,-1,2007,-1,-1,-1,-1,2155,-1,-1,-1,-1,
-1,-1,-1,-1,-1,-1,-1,-1,-1,-1,2010,2086,-1,-1,-1,-1,-1,2529,1521,1755,
-1,-1,-1,-1,-1,-1,-1,-1,-1,-1,2012,2448,-1,-1,-1,-1,-1,-1,-1,-1,
-1,-1,-1,-1,-1,-1,-1,-1,-1,-1,2015,-1,1379,-1,-1,-1,-1,-1,-1,-1,
-1,-1,-1,-1,-1,-1,-1,-1,-1,-1,2030,-1,-1,1455,2345,-1,-1,-1,-1,-1,
-1,-1,-1,-1,-1,-1,-1,-1,-1,-1,2035,-1,-1,856,-1,-1,-1,-1,-1,-1,
-1,-1,-1,-1,-1,-1,-1,-1,-1,-1,2043,-1,1883,-1,-1,-1,-1,-1,-1,-1,
-1,-1,-1,-1,-1,-1,-1,-1,-1,-1,2044,-1,-1,-1,-1,-1,-1,-1,2751,-1,
-1,-1,-1,-1,-1,-1,-1,-1,-1,-1,2045,1312,-1,1129,-1,-1,-1,-1,2796,-1,
-1,-1,-1,-1,-1,-1,-1,-1,-1,-1,2049,-1,2613,-1,-1,-1,-1,-1,-1,-1,
-1,-1,-1,-1,-1,-1,-1,-1,-1,-1,2052,-1,-1,-1,1776,-1,2251,-1,-1,-1,
-1,-1,-1,-1,-1,-1,-1,-1,-1,-1,2055,-1,1067,-1,-1,-1,-1,-1,-1,-1,
-1,-1,-1,-1,-1,-1,-1,-1,-1,-1,2065,-1,-1,-1,-1,-1,1125,1166,-1,672,
-1,-1,-1,-1,-1,-1,-1,-1,-1,-1,2070,-1,-1,1550,-1,-1,-1,-1,-1,-1,
-1,-1,-1,-1,-1,-1,-1,-1,-1,-1,2074,1800,-1,-1,-1,-1,-1,-1,-1,-1,
-1,-1,-1,-1,-1,-1,-1,-1,-1,-1,2075,1183,-1,-1,-1,-1,-1,-1,-1,-1,
-1,-1,-1,-1,-1,-1,-1,-1,-1,-1,2082,-1,-1,1318,-1,-1,-1,-1,-1,-1,
-1,-1,-1,-1,-1,-1,-1,-1,-1,-1,2091,-1,-1,-1,-1,2511,-1,-1,-1,-1,
-1,-1,-1,-1,-1,-1,-1,-1,-1,-1,2094,-1,-1,-1,-1,-1,-1,-1,2791,-1,
-1,-1,-1,-1,-1,-1,-1,-1,-1,-1,2098,2322,-1,-1,-1,-1,-1,-1,-1,-1,
-1,-1,-1,-1,-1,-1,-1,-1,-1,-1,2107,2752,-1,1687,-1,-1,-1,-1,-1,-1,
-1,-1,-1,-1,-1,-1,-1,-1,-1,-1,2112,-1,1057,-1,-1,-1,-1,-1,-1,-1,
-1,-1,-1,-1,-1,-1,-1,-1,-1,-1,2115,-1,-1,2743,-1,-1,-1,-1,-1,-1,
-1,-1,-1,-1,-1,-1,-1,-1,-1,-1,2116,-1,-1,-1,1581,-1,-1,-1,2637,-1,
-1,-1,-1,-1,-1,-1,-1,-1,-1,-1,2118,1690,2646,-1,-1,-1,-1,-1,-1,-1,
-1,-1,-1,-1,-1,-1,-1,-1,-1,-1,2152,2667,1197,-1,-1,-1,-1,-1,-1,-1,
-1,-1,-1,-1,-1,-1,-1,-1,-1,-1,2159,-1,-1,-1,1399,-1,-1,-1,-1,-1,
-1,-1,-1,-1,-1,-1,-1,-1,-1,-1,2165,-1,2869,-1,-1,-1,-1,-1,-1,-1,
-1,-1,-1,-1,-1,-1,-1,-1,-1,-1,2170,-1,-1,-1,-1,1475,1319,1802,2523,-1,
-1,-1,-1,-1,-1,-1,-1,-1,-1,-1,2172,-1,-1,-1,-1,-1,-1,-1,2376,-1,
-1,-1,-1,-1,-1,-1,-1,-1,-1,-1,2183,1087,-1,-1,-1,2018,-1,-1,-1,-1,
-1,-1,-1,-1,-1,-1,-1,-1,-1,-1,2190,-1,-1,-1,-1,-1,-1,-1,2508,-1,
-1,-1,-1,-1,-1,-1,-1,-1,-1,-1,2211,-1,-1,-1,-1,-1,-1,-1,-1,2343,
-1,-1,-1,-1,-1,-1,-1,-1,-1,-1,2214,-1,-1,-1,-1,1201,-1,-1,-1,-1,
-1,-1,-1,-1,-1,-1,-1,-1,-1,-1,2218,1443,-1,-1,-1,-1,1826,-1,-1,-1,
-1,-1,-1,-1,-1,-1,-1,-1,-1,-1,2224,1275,-1,-1,-1,-1,-1,-1,-1,-1,
-1,-1,-1,-1,-1,-1,-1,-1,-1,-1,2229,-1,-1,-1,-1,-1,-1,1210,-1,1272,
-1,-1,-1,-1,-1,-1,-1,-1,-1,-1,2232,-1,-1,2184,-1,-1,-1,1642,-1,-1,
-1,-1,-1,-1,-1,-1,-1,-1,-1,-1,2243,1506,-1,-1,-1,-1,-1,-1,-1,-1,
-1,-1,-1,-1,-1,-1,-1,-1,-1,-1,2244,1641,-1,1050,-1,-1,-1,-1,-1,-1,
-1,-1,-1,-1,-1,-1,-1,-1,-1,-1,2245,-1,-1,-1,-1,-1,2795,-1,-1,-1,
-1,-1,-1,-1,-1,-1,-1,-1,-1,-1,2247,-1,2801,-1,-1,-1,-1,-1,-1,-1,
-1,-1,-1,-1,-1,-1,-1,-1,-1,-1,2251,1493,1476,-1,-1,-1,-1,-1,-1,-1,
-1,-1,-1,-1,-1,-1,-1,-1,-1,-1,2252,1337,-1,-1,-1,2043,-1,-1,-1,-1,
-1,-1,-1,-1,-1,-1,-1,-1,-1,-1,2262,2391,-1,-1,-1,-1,-1,-1,-1,-1,
-1,-1,-1,-1,-1,-1,-1,-1,-1,-1,2273,2736,2186,-1,-1,-1,-1,-1,-1,-1,
-1,-1,-1,-1,-1,-1,-1,-1,-1,-1,2277,2577,-1,-1,-1,-1,-1,-1,-1,-1,
-1,-1,-1,-1,-1,-1,-1,-1,-1,-1,2283,2541,-1,-1,-1,-1,-1,-1,-1,-1,
-1,-1,-1,-1,-1,-1,-1,-1,-1,-1,2287,2856,-1,-1,-1,-1,-1,-1,-1,-1,
-1,-1,-1,-1,-1,-1,-1,-1,-1,-1,2291,-1,2068,-1,2252,-1,-1,-1,-1,-1,
-1,-1,-1,-1,-1,-1,-1,-1,-1,-1,2292,-1,-1,-1,-1,-1,-1,1377,-1,-1,
-1,-1,-1,-1,-1,-1,-1,-1,-1,-1,2294,-1,1738,-1,-1,-1,-1,-1,-1,-1,
-1,-1,-1,-1,-1,-1,-1,-1,-1,-1,2295,1225,-1,-1,-1,-1,-1,-1,-1,-1,
-1,-1,-1,-1,-1,-1,-1,-1,-1,-1,2299,2583,-1,-1,-1,-1,-1,-1,-1,-1,
-1,-1,-1,-1,-1,-1,-1,-1,-1,-1,2308,-1,2732,-1,-1,-1,-1,-1,-1,-1,
-1,-1,-1,-1,-1,-1,-1,-1,-1,-1,2309,-1,1201,-1,-1,-1,-1,-1,-1,-1,
-1,-1,-1,-1,-1,-1,-1,-1,-1,-1,2310,2409,-1,-1,-1,-1,-1,-1,-1,-1,
-1,-1,-1,-1,-1,-1,-1,-1,-1,-1,2315,1360,-1,-1,-1,-1,-1,-1,-1,-1,
-1,-1,-1,-1,-1,-1,-1,-1,-1,-1,2318,-1,-1,-1,2764,-1,-1,-1,-1,-1,
-1,-1,-1,-1,-1,-1,-1,-1,-1,-1,2321,-1,-1,-1,-1,-1,2530,-1,-1,-1,
-1,-1,-1,-1,-1,-1,-1,-1,-1,-1,2327,1834,-1,-1,-1,-1,-1,-1,-1,1887,
-1,-1,-1,-1,-1,-1,-1,-1,-1,-1,2348,-1,-1,2859,-1,-1,-1,-1,-1,-1,
-1,-1,-1,-1,-1,-1,-1,-1,-1,-1,2357,2211,-1,-1,1696,1845,1290,1163,-1,-1,
-1,-1,-1,-1,-1,-1,-1,-1,-1,-1,2367,1937,-1,-1,-1,-1,-1,-1,-1,-1,
-1,-1,-1,-1,-1,-1,-1,-1,-1,-1,2373,-1,-1,-1,-1,-1,-1,-1,1138,1401,
-1,-1,-1,-1,-1,-1,-1,-1,-1,-1,2374,2020,-1,1999,1983,1810,-1,-1,-1,-1,
-1,-1,-1,-1,-1,-1,-1,-1,-1,-1,2377,-1,-1,-1,-1,2820,-1,-1,-1,-1,
-1,-1,-1,-1,-1,-1,-1,-1,-1,-1,2378,-1,-1,2885,-1,-1,-1,-1,-1,-1,
-1,-1,-1,-1,-1,-1,-1,-1,-1,-1,2392,-1,1588,-1,-1,-1,-1,883,2334,-1,
-1,-1,-1,-1,-1,-1,-1,-1,-1,-1,2399,-1,-1,-1,-1,-1,-1,-1,-1,1171,
-1,-1,-1,-1,-1,-1,-1,-1,-1,-1,2415,1777,-1,-1,-1,-1,-1,-1,-1,-1,
-1,-1,-1,-1,-1,-1,-1,-1,-1,-1,2421,2580,-1,-1,-1,-1,-1,-1,-1,-1,
-1,-1,-1,-1,-1,-1,-1,-1,-1,-1,2424,1617,-1,-1,-1,-1,-1,-1,-1,-1,
-1,-1,-1,-1,-1,-1,-1,-1,-1,-1,2441,1091,-1,-1,-1,-1,-1,-1,-1,-1,
-1,-1,-1,-1,-1,-1,-1,-1,-1,-1,2447,-1,-1,-1,-1,1437,-1,-1,-1,-1,
-1,-1,-1,-1,-1,-1,-1,-1,-1,-1,2454,2167,-1,-1,-1,-1,-1,-1,-1,-1,
-1,-1,-1,-1,-1,-1,-1,-1,-1,-1,2483,2135,2738,-1,-1,-1,-1,-1,-1,-1,
-1,-1,-1,-1,-1,-1,-1,-1,-1,-1,2488,-1,-1,-1,-1,-1,2908,-1,-1,-1,
-1,-1,-1,-1,-1,-1,-1,-1,-1,-1,2504,1273,-1,-1,-1,-1,-1,-1,2272,-1,
-1,-1,-1,-1,-1,-1,-1,-1,-1,-1,2510,2196,-1,-1,-1,-1,-1,-1,-1,-1,
-1,-1,-1,-1,-1,-1,-1,-1,-1,-1,2516,2328,-1,-1,-1,-1,-1,-1,-1,-1,
-1,-1,-1,-1,-1,-1,-1,-1,-1,-1,2519,-1,-1,-1,-1,1242,-1,-1,-1,-1,
-1,-1,-1,-1,-1,-1,-1,-1,-1,-1,2522,1401,-1,-1,-1,-1,-1,-1,-1,-1,
-1,-1,-1,-1,-1,-1,-1,-1,-1,-1,2524,2265,-1,-1,-1,-1,-1,-1,-1,-1,
-1,-1,-1,-1,-1,-1,-1,-1,-1,-1,2539,2336,-1,-1,-1,-1,-1,1690,-1,-1,
-1,-1,-1,-1,-1,-1,-1,-1,-1,-1,2542,-1,2251,-1,-1,-1,-1,-1,-1,-1,
-1,-1,-1,-1,-1,-1,-1,-1,-1,-1,2549,-1,-1,-1,-1,-1,-1,-1,2772,1591,
-1,-1,-1,-1,-1,-1,-1,-1,-1,-1,2552,2395,-1,-1,-1,-1,-1,-1,-1,-1,
-1,-1,-1,-1,-1,-1,-1,-1,-1,-1,2574,1386,-1,-1,-1,-1,1355,870,-1,-1,
-1,-1,-1,-1,-1,-1,-1,-1,-1,-1,2575,-1,-1,1479,-1,-1,-1,-1,-1,-1,
-1,-1,-1,-1,-1,-1,-1,-1,-1,-1,2579,-1,-1,-1,-1,-1,1400,-1,-1,-1,
-1,-1,-1,-1,-1,-1,-1,-1,-1,-1,2585,2330,-1,-1,-1,-1,-1,-1,-1,-1,
-1,-1,-1,-1,-1,-1,-1,-1,-1,-1,2591,1287,-1,-1,-1,-1,-1,-1,-1,-1,
-1,-1,-1,-1,-1,-1,-1,-1,-1,-1,2594,2759,-1,-1,-1,-1,-1,-1,-1,-1,
-1,-1,-1,-1,-1,-1,-1,-1,-1,-1,2595,-1,-1,-1,2669,-1,-1,-1,-1,-1,
-1,-1,-1,-1,-1,-1,-1,-1,-1,-1,2602,-1,-1,2602,-1,-1,-1,2272,-1,-1,
-1,-1,-1,-1,-1,-1,-1,-1,-1,-1,2607,-1,-1,-1,-1,-1,-1,-1,-1,1402,
-1,-1,-1,-1,-1,-1,-1,-1,-1,-1,2611,-1,-1,-1,-1,-1,-1,-1,-1,1543,
-1,-1,-1,-1,-1,-1,-1,-1,-1,-1,2619,-1,-1,-1,-1,-1,-1,2519,-1,-1,
-1,-1,-1,-1,-1,-1,-1,-1,-1,-1,2620,-1,1897,-1,-1,-1,-1,-1,-1,-1,
-1,-1,-1,-1,-1,-1,-1,-1,-1,-1,2644,1425,-1,2154,-1,-1,-1,-1,-1,-1,
-1,-1,-1,-1,-1,-1,-1,-1,-1,-1,2646,1652,-1,-1,-1,-1,-1,-1,2283,-1,
-1,-1,-1,-1,-1,-1,-1,-1,-1,-1,2655,-1,1808,-1,-1,-1,-1,-1,-1,-1,
-1,-1,-1,-1,-1,-1,-1,-1,-1,-1,2656,-1,-1,-1,-1,1780,-1,-1,-1,-1,
-1,-1,-1,-1,-1,-1,-1,-1,-1,-1,2663,1648,-1,-1,-1,-1,-1,-1,-1,-1,
-1,-1,-1,-1,-1,-1,-1,-1,-1,-1,2667,-1,-1,-1,-1,-1,-1,-1,-1,2533,
-1,-1,-1,-1,-1,-1,-1,-1,-1,-1,2674,-1,-1,-1,-1,2016,-1,-1,-1,-1,
-1,-1,-1,-1,-1,-1,-1,-1,-1,-1,2686,1746,-1,-1,-1,-1,-1,-1,-1,-1,
-1,-1,-1,-1,-1,-1,-1,-1,-1,-1,2696,2720,-1,-1,-1,-1,-1,-1,-1,-1,
-1,-1,-1,-1,-1,-1,-1,-1,-1,-1,2717,1192,-1,-1,-1,-1,1660,-1,-1,-1,
-1,-1,-1,-1,-1,-1,-1,-1,-1,-1,2724,-1,-1,-1,1707,1523,1965,1571,-1,-1,
-1,-1,-1,-1,-1,-1,-1,-1,-1,-1,2735,1457,-1,-1,-1,-1,-1,-1,-1,-1,
-1,-1,-1,-1,-1,-1,-1,-1,-1,-1,2737,2746,-1,-1,-1,-1,-1,-1,-1,-1,
-1,-1,-1,-1,-1,-1,-1,-1,-1,-1,2738,2376,-1,1816,2452,-1,-1,-1,-1,-1,
-1,-1,-1,-1,-1,-1,-1,-1,-1,-1,2747,2360,-1,2413,-1,-1,-1,-1,-1,-1,
-1,-1,-1,-1,-1,-1,-1,-1,-1,-1,2767,1795,-1,-1,-1,-1,-1,-1,-1,-1,
-1,-1,-1,-1,-1,-1,-1,-1,-1,-1,2774,-1,2185,-1,-1,-1,-1,-1,-1,-1,
-1,-1,-1,-1,-1,-1,-1,-1,-1,-1,2796,-1,-1,-1,-1,-1,-1,-1,-1,1915,
-1,-1,-1,-1,-1,-1,-1,-1,-1,-1,2802,2547,-1,-1,-1,-1,-1,-1,-1,-1,
-1,-1,-1,-1,-1,-1,-1,-1,-1,-1,2803,2298,-1,-1,-1,-1,-1,-1,-1,-1,
-1,-1,-1,-1,-1,-1,-1,-1,-1,-1,2821,2329,1581,1880,-1,2755,-1,-1,-1,-1,
-1,-1,-1,-1,-1,-1,-1,-1,-1,-1,2827,-1,-1,-1,-1,-1,2853,-1,-1,-1,
-1,-1,-1,-1,-1,-1,-1,-1,-1,-1,2832,-1,2746,-1,-1,-1,-1,-1,-1,-1,
-1,-1,-1,-1,-1,-1,-1,-1,-1,-1,2840,-1,-1,-1,2610,-1,-1,-1,-1,-1,
-1,-1,-1,-1,-1,-1,-1,-1,-1,-1,2852,-1,2664,1938,-1,-1,-1,-1,-1,-1,
-1,-1,-1,-1,-1,-1,-1,-1,-1,-1,2854,-1,-1,-1,2735,-1,1569,-1,-1,1884,
-1,-1,-1,-1,-1,-1,-1,-1,-1,-1,2860,2778,-1,-1,-1,-1,-1,-1,-1,-1,
-1,-1,-1,-1,-1,-1,-1,-1,-1,-1,2883,-1,-1,2732,-1,-1,-1,-1,-1,-1,
-1,-1,-1,-1,-1,-1,-1,-1,-1,-1,2898,-1,-1,-1,-1,-1,1634,-1,-1,-1,
-1,-1,-1,-1,-1,-1,-1,-1,-1,-1,2919,-1,-1,-1,-1,-1,2672,-1,-1,-1,
-1,-1,-1,-1,-1,-1,-1,-1,-1,-1,2923,2240,-1,-1,-1,-1,-1,-1,-1,-1,
-1,-1,-1,-1,-1,-1,-1,-1,-1,-1,2935,-1,-1,-1,-1,-1,-1,-1,-1,1626,
-1,-1,-1,-1,-1,-1,-1,-1,-1,-1,2937,1980,-1,-1,-1,-1,-1,-1,-1,-1,
-1,-1,-1,-1,-1,-1,-1,-1,-1,-1,2942,-1,-1,-1,1491,-1,-1,-1,-1,-1,
-1,-1,-1,-1,-1,-1,-1,-1,-1,-1,2945,2771,-1,-1,-1,-1,-1,-1,-1,-1,
-1,-1,-1,-1,-1,-1,-1,-1,-1,-1,-1,34,-1,-1,-1,-1,-1,-1,109,-1,
-1,-1,-1,-1,-1,-1,-1,-1,-1,-1,-1,49,70,-1,-1,-1,-1,-1,-1,-1,
-1,-1,-1,-1,-1,-1,-1,-1,-1,-1,-1,53,44,-1,-1,-1,-1,-1,-1,-1,
-1,-1,-1,-1,-1,-1,-1,-1,-1,-1,-1,66,94,-1,-1,-1,-1,-1,-1,-1,
-1,-1,-1,-1,-1,-1,-1,-1,-1,-1,-1,82,230,136,314,-1,-1,-1,-1,-1,
-1,-1,-1,-1,-1,-1,-1,-1,-1,-1,-1,83,-1,-1,29,-1,-1,-1,-1,71,
-1,-1,-1,-1,-1,-1,-1,-1,-1,-1,-1,84,-1,125,-1,-1,-1,-1,-1,-1,
-1,-1,-1,-1,-1,-1,-1,-1,-1,-1,-1,93,-1,-1,-1,-1,-1,-1,14,28,
-1,-1,-1,-1,-1,-1,-1,-1,-1,-1,-1,99,35,16,104,-1,111,-1,46,62,
-1,-1,-1,-1,-1,-1,-1,-1,-1,-1,-1,103,247,-1,-1,-1,-1,-1,-1,-1,
-1,-1,-1,-1,-1,-1,-1,-1,-1,-1,-1,108,-1,168,-1,-1,-1,-1,-1,-1,
-1,-1,-1,-1,-1,-1,-1,-1,-1,-1,-1,118,265,93,181,-1,-1,-1,74,-1,
-1,-1,-1,-1,-1,-1,-1,-1,-1,-1,-1,125,116,-1,-1,-1,-1,-1,-1,-1,
-1,-1,-1,-1,-1,-1,-1,-1,-1,-1,-1,129,-1,341,-1,-1,-1,-1,-1,-1,
-1,-1,-1,-1,-1,-1,-1,-1,-1,-1,-1,142,152,-1,-1,-1,-1,-1,-1,-1,
-1,-1,-1,-1,-1,-1,-1,-1,-1,-1,-1,156,89,-1,-1,-1,-1,-1,-1,-1,
-1,-1,-1,-1,-1,-1,-1,-1,-1,-1,-1,198,621,-1,-1,-1,-1,-1,-1,-1,
-1,-1,-1,-1,-1,-1,-1,-1,-1,-1,-1,200,648,-1,-1,-1,-1,-1,-1,-1,
649,-1,-1,-1,-1,-1,-1,-1,-1,-1,-1,208,-1,-1,-1,-1,-1,-1,-1,396,
-1,-1,-1,-1,-1,-1,-1,-1,-1,-1,-1,225,-1,720,-1,-1,200,-1,491,-1,
-1,-1,-1,-1,-1,-1,-1,-1,-1,-1,-1,234,-1,362,203,92,-1,-1,-1,-1,
-1,-1,-1,-1,-1,-1,-1,-1,-1,-1,-1,241,-1,116,301,-1,-1,-1,-1,-1,
-1,-1,-1,-1,-1,-1,-1,-1,-1,-1,-1,257,599,-1,423,-1,83,-1,-1,476,
-1,-1,-1,-1,-1,-1,-1,-1,-1,-1,-1,258,-1,-1,125,-1,-1,-1,-1,-1,
-1,-1,-1,-1,-1,-1,-1,-1,-1,-1,-1,277,311,-1,-1,-1,-1,-1,-1,-1,
-1,-1,-1,-1,-1,-1,-1,-1,-1,-1,-1,289,736,356,-1,-1,-1,-1,-1,-1,
-1,-1,-1,-1,-1,-1,-1,-1,-1,-1,-1,291,353,-1,-1,-1,-1,-1,-1,-1,
-1,-1,-1,-1,-1,-1,-1,-1,-1,-1,-1,293,-1,-1,-1,-1,520,-1,177,-1,
-1,-1,-1,-1,-1,-1,-1,-1,-1,-1,-1,304,-1,-1,560,-1,-1,-1,-1,-1,
-1,-1,-1,-1,-1,-1,-1,-1,-1,-1,-1,307,-1,-1,95,-1,-1,-1,-1,-1,
-1,-1,-1,-1,-1,-1,-1,-1,-1,-1,-1,313,-1,-1,-1,444,-1,-1,-1,-1,
-1,-1,-1,-1,-1,-1,-1,-1,-1,-1,-1,321,-1,326,-1,-1,-1,-1,-1,-1,
-1,-1,-1,-1,-1,-1,-1,-1,-1,-1,-1,334,340,389,-1,-1,-1,-1,-1,-1,
-1,-1,-1,-1,-1,-1,-1,-1,-1,-1,-1,338,-1,-1,-1,-1,604,-1,-1,-1,
-1,-1,-1,-1,-1,-1,-1,-1,-1,-1,-1,342,489,-1,-1,-1,-1,-1,-1,-1,
-1,-1,-1,-1,-1,-1,-1,-1,-1,-1,-1,346,408,-1,-1,-1,-1,-1,-1,-1,
-1,-1,-1,-1,-1,-1,-1,-1,-1,-1,-1,355,733,-1,-1,-1,-1,-1,-1,-1,
-1,-1,-1,-1,-1,-1,-1,-1,-1,-1,-1,366,-1,173,182,-1,-1,-1,-1,-1,
-1,-1,-1,-1,-1,-1,-1,-1,-1,-1,1164,368,-1,-1,-1,-1,-1,-1,857,-1,
-1,-1,-1,-1,-1,-1,-1,-1,-1,-1,-1,373,690,128,-1,-1,-1,-1,-1,-1,
-1,-1,-1,-1,-1,-1,-1,-1,-1,-1,-1,385,-1,-1,286,-1,-1,-1,-1,-1,
-1,-1,-1,-1,-1,-1,-1,-1,-1,-1,-1,387,228,-1,-1,-1,-1,-1,-1,-1,
-1,-1,-1,-1,-1,-1,-1,-1,-1,-1,-1,405,-1,-1,-1,409,-1,-1,1117,-1,
-1,-1,-1,-1,-1,-1,-1,-1,-1,-1,-1,412,-1,-1,230,-1,-1,-1,-1,-1,
-1,-1,-1,-1,-1,-1,-1,-1,-1,-1,-1,416,-1,-1,-1,-1,1100,-1,-1,-1,
-1,-1,-1,-1,-1,-1,-1,-1,-1,-1,-1,444,572,-1,-1,-1,-1,-1,-1,-1,
-1,-1,-1,-1,-1,-1,-1,-1,-1,-1,-1,449,596,-1,750,-1,-1,-1,-1,-1,
-1,-1,-1,-1,-1,-1,-1,-1,-1,-1,-1,453,386,-1,-1,-1,188,-1,297,127,
-1,-1,-1,-1,-1,-1,-1,-1,-1,-1,-1,465,74,78,469,-1,-1,-1,-1,-1,
-1,-1,-1,-1,-1,-1,-1,-1,-1,-1,-1,466,-1,-1,-1,1012,-1,-1,642,-1,
-1,-1,-1,-1,-1,-1,-1,-1,-1,-1,-1,468,636,-1,246,-1,-1,180,-1,-1,
-1,-1,-1,-1,-1,-1,-1,-1,-1,-1,-1,470,-1,501,546,-1,-1,-1,-1,-1,
-1,-1,-1,-1,-1,-1,-1,-1,-1,-1,-1,475,1135,-1,-1,-1,-1,-1,-1,-1,
-1,-1,-1,-1,-1,-1,-1,-1,-1,-1,-1,494,471,-1,-1,-1,-1,-1,-1,-1,
-1,-1,-1,-1,-1,-1,-1,-1,-1,-1,-1,499,407,-1,-1,-1,924,-1,-1,-1,
-1,-1,-1,-1,-1,-1,-1,-1,-1,-1,-1,501,497,-1,-1,356,-1,-1,-1,-1,
-1,-1,-1,-1,-1,-1,-1,-1,-1,-1,-1,504,566,-1,-1,-1,-1,-1,-1,-1,
-1,-1,-1,-1,-1,-1,-1,-1,-1,-1,-1,515,-1,-1,-1,-1,-1,-1,-1,529,
-1,-1,-1,-1,-1,-1,-1,-1,-1,-1,-1,516,-1,-1,782,-1,-1,-1,-1,-1,
-1,-1,-1,-1,-1,-1,-1,-1,-1,-1,-1,520,480,-1,-1,-1,-1,-1,-1,-1,
-1,-1,-1,-1,-1,-1,-1,-1,-1,-1,-1,525,-1,177,196,-1,-1,-1,-1,-1,
-1,-1,-1,-1,-1,-1,-1,-1,-1,-1,-1,537,338,386,1001,244,575,799,-1,-1,
-1,-1,-1,-1,-1,-1,-1,-1,-1,-1,-1,566,-1,-1,709,-1,-1,-1,-1,517,
-1,-1,-1,-1,-1,-1,-1,-1,-1,-1,-1,573,-1,-1,-1,939,-1,1947,-1,1461,
-1,-1,-1,-1,-1,-1,-1,-1,-1,-1,-1,576,669,-1,-1,-1,-1,-1,-1,-1,
-1,-1,-1,-1,-1,-1,-1,-1,-1,-1,-1,583,-1,-1,712,-1,-1,-1,-1,-1,
-1,-1,-1,-1,-1,-1,-1,-1,-1,-1,-1,591,-1,-1,-1,-1,499,-1,-1,-1,
-1,-1,-1,-1,-1,-1,-1,-1,-1,-1,-1,599,613,-1,-1,-1,-1,-1,-1,-1,
-1,-1,-1,-1,-1,-1,-1,-1,-1,-1,-1,620,-1,-1,-1,-1,-1,-1,-1,1045,
-1,-1,-1,-1,-1,-1,-1,-1,-1,-1,-1,650,983,-1,-1,-1,-1,-1,-1,-1,
-1,-1,-1,-1,-1,-1,-1,-1,-1,-1,-1,659,-1,-1,468,-1,-1,-1,-1,-1,
-1,-1,-1,-1,-1,-1,-1,-1,-1,-1,-1,665,298,-1,-1,-1,-1,-1,-1,-1,
-1,-1,-1,-1,-1,-1,-1,-1,-1,-1,-1,686,889,-1,-1,-1,-1,-1,-1,-1,
-1,-1,-1,-1,-1,-1,-1,-1,-1,-1,-1,700,1076,-1,-1,1491,558,-1,-1,-1,
-1,-1,-1,-1,-1,-1,-1,-1,-1,-1,-1,725,1492,-1,-1,-1,-1,-1,-1,-1,
-1,-1,-1,-1,-1,-1,-1,-1,-1,-1,-1,737,1303,-1,942,-1,-1,-1,-1,-1,
-1,-1,-1,-1,-1,-1,-1,-1,-1,-1,-1,747,-1,-1,-1,-1,-1,1645,-1,-1,
-1,-1,-1,-1,-1,-1,-1,-1,-1,-1,-1,760,1221,-1,-1,-1,-1,-1,-1,-1,
-1,-1,-1,-1,-1,-1,-1,-1,-1,-1,-1,765,479,-1,-1,-1,-1,-1,-1,-1,
-1,-1,-1,-1,-1,-1,-1,-1,-1,-1,-1,802,797,-1,1570,-1,-1,-1,-1,-1,
-1,-1,-1,-1,-1,-1,-1,-1,-1,-1,-1,816,333,-1,-1,-1,-1,-1,373,-1,
-1,-1,-1,-1,-1,-1,-1,-1,-1,-1,-1,823,-1,1031,-1,-1,-1,-1,-1,-1,
-1,-1,-1,-1,-1,-1,-1,-1,-1,-1,-1,833,281,-1,-1,-1,-1,-1,-1,-1,
-1,-1,-1,-1,-1,-1,-1,-1,-1,-1,-1,836,380,-1,-1,-1,-1,-1,730,645,
-1,-1,-1,-1,-1,-1,-1,-1,-1,-1,-1,841,-1,-1,1340,-1,-1,-1,-1,-1,
-1,-1,-1,-1,-1,-1,-1,-1,-1,-1,-1,844,478,-1,-1,-1,-1,542,-1,-1,
-1,-1,-1,-1,-1,-1,-1,-1,-1,-1,-1,848,-1,-1,-1,-1,-1,-1,-1,884,
-1,-1,-1,-1,-1,-1,-1,-1,-1,-1,-1,853,-1,-1,-1,697,-1,-1,-1,-1,
-1,-1,-1,-1,-1,-1,-1,-1,-1,-1,-1,856,998,-1,-1,-1,-1,-1,-1,-1,
-1,-1,-1,-1,-1,-1,-1,-1,-1,-1,-1,862,561,-1,-1,-1,-1,-1,-1,-1,
-1,-1,-1,-1,-1,-1,-1,-1,-1,-1,-1,863,-1,-1,-1,-1,-1,1321,-1,-1,
-1,-1,-1,-1,-1,-1,-1,-1,-1,-1,-1,871,1443,-1,-1,-1,-1,-1,-1,-1,
-1,-1,-1,-1,-1,-1,-1,-1,-1,-1,-1,887,328,-1,-1,-1,-1,-1,-1,-1,
-1,-1,-1,-1,-1,-1,-1,-1,-1,-1,-1,913,754,508,-1,762,-1,-1,-1,-1,
-1,-1,-1,-1,-1,-1,-1,-1,-1,-1,-1,917,363,-1,-1,-1,-1,-1,-1,-1,
-1,-1,-1,-1,-1,-1,-1,-1,-1,-1,-1,919,-1,-1,-1,-1,1093,-1,-1,-1,
-1,-1,-1,-1,-1,-1,-1,-1,-1,-1,-1,929,1527,-1,-1,-1,-1,-1,-1,-1,
-1,-1,-1,-1,-1,-1,-1,-1,-1,-1,-1,941,866,371,526,193,1183,249,723,-1,
-1,-1,-1,-1,-1,-1,-1,-1,-1,-1,-1,965,-1,-1,813,-1,-1,-1,-1,-1,
-1,-1,-1,-1,-1,-1,-1,-1,-1,-1,-1,969,-1,1782,-1,-1,-1,-1,-1,-1,
-1,-1,-1,-1,-1,-1,-1,-1,-1,-1,-1,973,-1,517,826,-1,-1,-1,-1,-1,
-1,-1,-1,-1,-1,-1,-1,-1,-1,-1,-1,982,1630,-1,1185,2035,-1,-1,-1,-1,
-1,-1,-1,-1,-1,-1,-1,-1,-1,-1,-1,986,878,-1,1594,-1,-1,-1,-1,-1,
-1,-1,-1,-1,-1,-1,-1,-1,-1,-1,-1,997,1511,-1,-1,2567,-1,-1,-1,-1,
-1,-1,-1,-1,-1,-1,-1,-1,-1,-1,-1,999,492,-1,-1,-1,-1,-1,-1,-1,
-1,-1,-1,-1,-1,-1,-1,-1,-1,-1,-1,1004,580,-1,-1,-1,-1,944,-1,-1,
-1,-1,-1,-1,-1,-1,-1,-1,-1,-1,-1,1005,-1,-1,-1,-1,-1,1806,-1,-1,
-1,-1,-1,-1,-1,-1,-1,-1,-1,-1,-1,1007,1674,1166,-1,-1,-1,-1,-1,-1,
-1,-1,-1,-1,-1,-1,-1,-1,-1,-1,-1,1020,-1,-1,-1,-1,1262,1110,-1,-1,
-1,-1,-1,-1,-1,-1,-1,-1,-1,-1,-1,1026,951,-1,-1,-1,-1,-1,-1,-1,
-1,-1,-1,-1,-1,-1,-1,-1,-1,-1,-1,1042,-1,1743,-1,1995,1082,-1,-1,-1,
-1,-1,-1,-1,-1,-1,-1,-1,-1,-1,-1,1060,-1,1967,-1,-1,-1,-1,-1,-1,
-1,-1,-1,-1,-1,-1,-1,-1,-1,-1,-1,1066,-1,2220,-1,-1,-1,-1,-1,-1,
-1,-1,-1,-1,-1,-1,-1,-1,-1,-1,-1,1067,1752,1805,1318,-1,-1,-1,-1,-1,
-1,-1,-1,-1,-1,-1,-1,-1,-1,-1,-1,1068,2028,-1,1556,-1,-1,-1,-1,-1,
-1,-1,-1,-1,-1,-1,-1,-1,-1,-1,-1,1121,806,-1,-1,-1,-1,-1,-1,-1,
-1,-1,-1,-1,-1,-1,-1,-1,-1,-1,-1,1127,-1,-1,-1,2237,-1,-1,-1,-1,
-1,-1,-1,-1,-1,-1,-1,-1,-1,-1,-1,1129,-1,-1,-1,-1,-1,-1,-1,2043,
-1,-1,-1,-1,-1,-1,-1,-1,-1,-1,-1,1131,-1,1161,-1,-1,-1,-1,-1,-1,
-1,-1,-1,-1,-1,-1,-1,-1,-1,-1,-1,1147,1205,-1,-1,-1,-1,-1,-1,-1,
-1,-1,-1,-1,-1,-1,-1,-1,-1,-1,-1,1148,617,1344,-1,-1,-1,-1,-1,-1,
-1,-1,-1,-1,-1,-1,-1,-1,-1,-1,-1,1149,-1,-1,476,-1,-1,-1,-1,-1,
-1,-1,-1,-1,-1,-1,-1,-1,-1,-1,2625,1154,1467,2566,-1,-1,-1,-1,-1,-1,
-1,-1,-1,-1,-1,-1,-1,-1,-1,-1,-1,1156,-1,-1,-1,-1,-1,1350,-1,-1,
-1,-1,-1,-1,-1,-1,-1,-1,-1,-1,-1,1162,1477,1575,-1,-1,-1,1597,-1,-1,
-1,-1,-1,-1,-1,-1,-1,-1,-1,-1,-1,1164,928,-1,-1,-1,1293,-1,-1,-1,
-1,-1,-1,-1,-1,-1,-1,-1,-1,-1,-1,1168,791,-1,-1,-1,-1,-1,-1,-1,
-1,-1,-1,-1,-1,-1,-1,-1,-1,-1,-1,1171,2441,-1,-1,-1,-1,-1,-1,-1,
-1,-1,-1,-1,-1,-1,-1,-1,-1,-1,-1,1179,-1,-1,-1,-1,-1,2022,-1,-1,
-1,-1,-1,-1,-1,-1,-1,-1,-1,-1,-1,1184,2037,-1,2306,-1,-1,-1,-1,-1,
-1,-1,-1,-1,-1,-1,-1,-1,-1,-1,-1,1186,1091,-1,-1,-1,-1,-1,-1,-1,
-1,-1,-1,-1,-1,-1,-1,-1,-1,-1,-1,1187,-1,-1,-1,-1,-1,959,1280,1329,
-1,-1,-1,-1,-1,-1,-1,-1,-1,-1,-1,1197,2281,-1,-1,-1,-1,-1,-1,-1,
-1,-1,-1,-1,-1,-1,-1,-1,-1,-1,-1,1201,1489,-1,-1,-1,-1,-1,-1,-1,
-1,-1,-1,-1,-1,-1,-1,-1,-1,-1,-1,1207,1957,1548,1393,1768,-1,-1,-1,-1,
-1,-1,-1,-1,-1,-1,-1,-1,-1,-1,-1,1215,554,1167,-1,-1,-1,-1,-1,-1,
-1,-1,-1,-1,-1,-1,-1,-1,-1,-1,-1,1228,1373,-1,-1,-1,-1,-1,-1,-1,
-1,-1,-1,-1,-1,-1,-1,-1,-1,-1,-1,1230,2086,-1,-1,-1,-1,-1,-1,-1,
-1,-1,-1,-1,-1,-1,-1,-1,-1,-1,-1,1234,-1,1609,-1,-1,-1,-1,-1,-1,
-1,-1,-1,-1,-1,-1,-1,-1,-1,-1,-1,1239,-1,1252,-1,-1,-1,-1,-1,-1,
-1,-1,-1,-1,-1,-1,-1,-1,-1,-1,-1,1241,1286,1078,-1,-1,-1,-1,-1,-1,
-1,-1,-1,-1,-1,-1,-1,-1,-1,-1,-1,1243,-1,579,-1,-1,-1,-1,-1,-1,
-1,-1,-1,-1,-1,-1,-1,-1,-1,-1,-1,1247,-1,1755,-1,-1,-1,-1,-1,-1,
-1,-1,-1,-1,-1,-1,-1,-1,-1,-1,-1,1258,-1,1789,-1,-1,-1,-1,-1,-1,
-1,-1,-1,-1,-1,-1,-1,-1,-1,-1,-1,1268,1784,-1,-1,-1,-1,-1,-1,-1,
-1,-1,-1,-1,-1,-1,-1,-1,-1,-1,-1,1270,-1,2041,2120,-1,-1,-1,2652,-1,
-1,-1,-1,-1,-1,-1,-1,-1,-1,-1,-1,1271,692,485,-1,-1,-1,-1,-1,-1,
-1,-1,-1,-1,-1,-1,-1,-1,-1,-1,-1,1274,-1,-1,964,674,-1,-1,-1,-1,
-1,-1,-1,-1,-1,-1,-1,-1,-1,-1,-1,1281,1855,-1,-1,-1,-1,-1,-1,-1,
-1,-1,-1,-1,-1,-1,-1,-1,-1,-1,-1,1285,-1,2304,-1,-1,-1,-1,1269,-1,
-1,-1,-1,-1,-1,-1,-1,-1,-1,-1,-1,1293,2031,2583,992,548,-1,-1,-1,-1,
-1,-1,-1,-1,-1,-1,-1,-1,-1,-1,-1,1294,1150,1342,2253,-1,-1,-1,-1,-1,
-1,-1,-1,-1,-1,-1,-1,-1,-1,-1,-1,1305,2138,2486,2314,-1,-1,-1,-1,-1,
-1,-1,-1,-1,-1,-1,-1,-1,-1,-1,-1,1306,1694,-1,-1,-1,-1,-1,-1,-1,
-1,-1,-1,-1,-1,-1,-1,-1,-1,-1,-1,1307,-1,-1,-1,1262,-1,-1,-1,-1,
-1,-1,-1,-1,-1,-1,-1,-1,-1,-1,-1,1320,-1,-1,-1,-1,-1,1256,-1,-1,
-1,-1,-1,-1,-1,-1,-1,-1,-1,-1,-1,1321,505,-1,-1,-1,-1,-1,-1,-1,
-1,-1,-1,-1,-1,-1,-1,-1,-1,-1,-1,1327,1394,-1,-1,-1,-1,-1,-1,-1,
-1,-1,-1,-1,-1,-1,-1,-1,-1,-1,-1,1328,2651,-1,-1,-1,-1,-1,-1,-1,
-1,-1,-1,-1,-1,-1,-1,-1,-1,-1,-1,1335,-1,-1,-1,-1,-1,537,-1,-1,
-1,-1,-1,-1,-1,-1,-1,-1,-1,-1,-1,1341,2474,2466,-1,-1,-1,-1,-1,-1,
-1,-1,-1,-1,-1,-1,-1,-1,-1,-1,-1,1346,-1,-1,-1,-1,-1,1127,-1,-1,
-1,-1,-1,-1,-1,-1,-1,-1,-1,-1,-1,1348,-1,-1,-1,-1,-1,597,-1,-1,
-1,-1,-1,-1,-1,-1,-1,-1,-1,-1,-1,1364,-1,2136,-1,-1,-1,-1,-1,-1,
-1,-1,-1,-1,-1,-1,-1,-1,-1,-1,-1,1368,2195,834,-1,-1,-1,-1,-1,-1,
-1,-1,-1,-1,-1,-1,-1,-1,-1,-1,-1,1370,-1,-1,667,-1,-1,-1,463,-1,
-1,-1,-1,-1,-1,-1,-1,-1,-1,-1,-1,1374,2277,-1,2127,-1,-1,1650,-1,-1,
-1,-1,-1,-1,-1,-1,-1,-1,-1,-1,-1,1387,1004,-1,-1,-1,-1,-1,-1,-1,
-1,-1,-1,-1,-1,-1,-1,-1,-1,-1,-1,1389,872,-1,-1,-1,-1,-1,-1,-1,
-1,-1,-1,-1,-1,-1,-1,-1,-1,-1,-1,1390,-1,-1,-1,-1,-1,1476,-1,-1,
-1,-1,-1,-1,-1,-1,-1,-1,-1,-1,-1,1391,2714,-1,-1,-1,-1,-1,-1,-1,
-1,-1,-1,-1,-1,-1,-1,-1,-1,-1,-1,1393,-1,-1,1250,1307,-1,-1,-1,-1,
-1,-1,-1,-1,-1,-1,-1,-1,-1,-1,-1,1396,1741,-1,-1,-1,-1,-1,-1,-1,
-1,-1,-1,-1,-1,-1,-1,-1,-1,-1,-1,1405,-1,-1,-1,1546,1200,-1,-1,2528,
-1,-1,-1,-1,-1,-1,-1,-1,-1,-1,-1,1418,-1,-1,-1,998,-1,-1,-1,-1,
-1,-1,-1,-1,-1,-1,-1,2253,-1,-1,-1,1420,775,473,-1,-1,-1,-1,-1,-1,
-1,-1,-1,-1,-1,-1,-1,-1,-1,-1,-1,1435,-1,743,-1,1321,-1,-1,-1,-1,
-1,-1,-1,-1,-1,-1,-1,-1,-1,-1,-1,1437,657,-1,-1,-1,-1,-1,-1,-1,
-1,-1,-1,-1,-1,-1,-1,-1,-1,-1,-1,1440,1058,-1,-1,-1,-1,-1,-1,-1,
-1,-1,-1,-1,-1,-1,-1,-1,-1,-1,-1,1445,979,-1,-1,-1,-1,-1,-1,-1,
-1,-1,-1,-1,-1,-1,-1,-1,-1,-1,-1,1446,-1,-1,-1,-1,-1,-1,2464,-1,
-1,-1,-1,-1,-1,-1,-1,-1,-1,-1,-1,1450,1854,-1,-1,-1,2048,2487,-1,-1,
-1,-1,-1,-1,-1,-1,-1,-1,-1,-1,-1,1458,796,-1,-1,-1,-1,-1,-1,-1,
-1,-1,-1,-1,-1,-1,-1,-1,-1,-1,-1,1475,1114,-1,-1,-1,-1,1968,-1,-1,
-1,-1,-1,-1,-1,-1,-1,-1,-1,-1,-1,1489,2571,-1,-1,-1,-1,-1,-1,-1,
-1,-1,-1,-1,-1,-1,-1,-1,-1,-1,-1,1492,892,621,926,-1,-1,-1,-1,-1,
-1,-1,-1,-1,-1,-1,-1,-1,-1,-1,-1,1522,1712,-1,-1,-1,-1,-1,-1,-1,
-1,-1,-1,-1,-1,-1,-1,-1,-1,-1,-1,1535,-1,-1,1635,-1,-1,-1,-1,-1,
-1,-1,-1,-1,-1,-1,-1,-1,-1,-1,-1,1538,-1,-1,1537,-1,-1,-1,-1,-1,
-1,-1,-1,-1,-1,-1,-1,-1,-1,-1,-1,1561,781,1731,-1,-1,1215,-1,544,-1,
-1,-1,-1,-1,-1,-1,-1,-1,-1,-1,-1,1564,-1,-1,-1,-1,902,-1,-1,-1,
-1,-1,-1,-1,-1,-1,-1,-1,-1,-1,-1,1565,-1,1501,-1,-1,-1,-1,-1,-1,
-1,-1,-1,-1,-1,-1,-1,-1,-1,-1,-1,1575,2372,-1,-1,-1,-1,-1,-1,-1,
-1,-1,-1,-1,-1,-1,-1,-1,-1,-1,-1,1589,-1,-1,-1,-1,-1,-1,2540,1495,
-1,-1,-1,-1,-1,-1,-1,-1,-1,-1,-1,1590,-1,-1,-1,-1,-1,-1,832,-1,
-1,-1,-1,-1,-1,-1,-1,-1,-1,-1,-1,1619,1250,-1,-1,-1,-1,-1,-1,-1,
-1,-1,-1,-1,-1,-1,-1,-1,-1,-1,-1,1620,2472,-1,-1,-1,-1,-1,-1,-1,
-1,-1,-1,-1,-1,-1,-1,-1,-1,-1,-1,1623,2505,-1,-1,-1,-1,-1,-1,-1,
-1,-1,-1,-1,-1,-1,-1,-1,-1,-1,-1,1630,890,-1,1588,-1,-1,-1,-1,-1,
-1,-1,-1,-1,-1,-1,-1,-1,-1,-1,-1,1632,1498,-1,-1,-1,-1,-1,-1,-1,
-1,-1,-1,-1,-1,-1,-1,-1,-1,-1,-1,1634,-1,-1,-1,-1,-1,-1,-1,1904,
-1,-1,-1,-1,-1,-1,-1,-1,-1,-1,-1,1653,-1,-1,-1,2053,-1,-1,-1,-1,
-1,-1,-1,-1,-1,-1,-1,-1,-1,-1,-1,1654,-1,-1,830,-1,-1,-1,-1,-1,
-1,-1,-1,-1,-1,-1,-1,-1,-1,-1,-1,1655,-1,-1,-1,-1,-1,910,-1,-1,
-1,-1,-1,-1,-1,-1,-1,-1,-1,-1,-1,1657,1782,-1,-1,-1,-1,2718,1876,-1,
-1,-1,-1,-1,-1,-1,-1,-1,-1,-1,-1,1674,2013,-1,-1,-1,-1,-1,-1,-1,
-1,-1,-1,-1,-1,-1,-1,-1,-1,-1,-1,1677,2054,-1,-1,-1,-1,-1,-1,-1,
-1,-1,-1,-1,-1,-1,-1,-1,-1,-1,-1,1686,-1,-1,668,1354,-1,-1,-1,-1,
-1,-1,-1,-1,-1,-1,-1,-1,-1,-1,-1,1687,-1,-1,-1,1887,-1,-1,-1,2914,
-1,-1,-1,-1,-1,-1,-1,-1,-1,-1,-1,1688,1534,-1,-1,-1,-1,-1,-1,-1,
-1,-1,-1,-1,-1,-1,-1,-1,-1,-1,-1,1698,-1,-1,-1,-1,1991,-1,-1,-1,
-1,-1,-1,-1,-1,-1,-1,-1,-1,-1,-1,1710,-1,-1,-1,-1,1438,2418,-1,-1,
-1,-1,-1,-1,-1,-1,-1,-1,-1,-1,-1,1712,-1,-1,-1,-1,-1,1750,-1,-1,
-1,-1,-1,-1,-1,-1,-1,-1,-1,-1,-1,1719,1760,1531,-1,-1,-1,-1,-1,-1,
-1,-1,-1,-1,-1,-1,-1,-1,-1,-1,-1,1726,1408,-1,-1,-1,-1,-1,-1,-1,
-1,-1,-1,-1,-1,-1,-1,-1,-1,-1,-1,1737,984,1689,1544,2480,-1,-1,-1,-1,
-1,-1,-1,-1,-1,-1,-1,-1,-1,-1,-1,1752,-1,-1,1198,-1,-1,-1,-1,-1,
-1,-1,-1,-1,-1,-1,-1,-1,-1,-1,-1,1755,-1,-1,-1,-1,-1,-1,-1,1566,
-1,-1,-1,-1,-1,-1,-1,-1,-1,-1,-1,1768,-1,-1,2329,2075,-1,-1,-1,-1,
-1,-1,-1,-1,-1,-1,-1,-1,-1,-1,-1,1769,-1,-1,-1,-1,-1,-1,-1,2069,
-1,-1,-1,-1,-1,-1,-1,-1,-1,-1,-1,1772,-1,-1,1950,-1,-1,-1,-1,-1,
-1,-1,-1,-1,-1,-1,-1,-1,-1,-1,-1,1773,1326,-1,2116,-1,-1,-1,-1,-1,
-1,-1,-1,-1,-1,-1,-1,-1,-1,-1,-1,1774,-1,-1,-1,-1,1956,-1,1979,-1,
-1,-1,-1,-1,-1,-1,-1,-1,-1,-1,-1,1775,-1,1909,-1,1289,-1,-1,1053,-1,
-1,-1,-1,-1,-1,-1,-1,-1,-1,-1,-1,1783,-1,-1,-1,767,-1,-1,-1,-1,
-1,-1,-1,-1,-1,-1,-1,-1,-1,-1,-1,1784,-1,2036,-1,-1,-1,-1,-1,-1,
-1,-1,-1,-1,-1,-1,-1,-1,-1,-1,-1,1791,-1,-1,-1,-1,-1,1834,-1,-1,
-1,-1,-1,-1,-1,-1,-1,-1,-1,-1,-1,1812,2148,2838,-1,-1,-1,-1,-1,-1,
-1,-1,-1,-1,-1,-1,-1,-1,-1,-1,-1,1815,1696,-1,-1,1834,-1,-1,-1,-1,
-1,-1,-1,-1,-1,-1,-1,-1,-1,-1,-1,1825,-1,2281,-1,-1,-1,-1,-1,-1,
-1,-1,-1,-1,-1,-1,-1,-1,-1,-1,-1,1826,1454,2417,-1,-1,-1,-1,-1,-1,
-1,-1,-1,-1,-1,-1,-1,-1,-1,-1,-1,1835,-1,-1,-1,-1,-1,-1,-1,2526,
-1,-1,-1,-1,-1,-1,-1,-1,-1,-1,-1,1836,-1,1125,-1,1420,-1,-1,-1,-1,
-1,-1,-1,-1,-1,-1,-1,-1,-1,-1,-1,1841,2241,-1,-1,-1,-1,-1,-1,-1,
-1,-1,-1,-1,-1,-1,-1,-1,-1,-1,-1,1842,981,1091,-1,-1,-1,-1,-1,-1,
-1,-1,-1,-1,-1,-1,-1,-1,-1,-1,-1,1855,-1,2003,2111,-1,-1,-1,-1,-1,
-1,-1,-1,-1,-1,-1,-1,-1,-1,-1,-1,1860,-1,-1,1808,-1,926,-1,1477,-1,
-1,-1,-1,-1,-1,-1,-1,-1,-1,-1,-1,1873,-1,2394,-1,-1,-1,-1,-1,-1,
-1,-1,-1,-1,-1,-1,-1,-1,-1,-1,-1,1885,2510,2121,1676,-1,-1,-1,-1,-1,
-1,-1,-1,-1,-1,-1,-1,-1,-1,-1,-1,1901,-1,-1,-1,-1,-1,-1,-1,2442,
-1,-1,-1,-1,-1,-1,-1,-1,-1,-1,-1,1912,-1,-1,-1,-1,1839,-1,-1,-1,
-1,-1,-1,-1,-1,-1,-1,-1,-1,-1,724,1913,1366,-1,-1,-1,-1,-1,-1,-1,
-1,-1,-1,-1,-1,-1,-1,-1,-1,-1,-1,1932,2385,-1,-1,-1,-1,-1,-1,-1,
-1,-1,-1,-1,-1,-1,-1,-1,-1,-1,-1,1945,-1,1476,1760,-1,-1,-1,-1,-1,
-1,-1,-1,-1,-1,-1,-1,-1,-1,-1,-1,1962,-1,-1,1469,-1,-1,-1,-1,-1,
-1,-1,-1,-1,-1,-1,-1,-1,-1,-1,-1,1964,-1,-1,-1,-1,-1,-1,-1,1153,
-1,-1,-1,-1,-1,-1,-1,-1,-1,-1,-1,1967,-1,-1,-1,-1,-1,2375,-1,-1,
-1,-1,-1,-1,-1,-1,-1,-1,-1,-1,-1,1970,-1,-1,1608,-1,-1,-1,-1,-1,
-1,-1,-1,-1,-1,-1,-1,-1,-1,-1,-1,1979,1230,-1,-1,-1,-1,-1,-1,-1,
-1,-1,-1,-1,-1,-1,-1,-1,-1,-1,-1,1991,2027,-1,-1,-1,-1,-1,-1,-1,
-1,-1,-1,-1,-1,-1,-1,-1,-1,-1,-1,1993,-1,-1,2749,-1,-1,-1,-1,-1,
-1,-1,-1,-1,-1,-1,-1,-1,-1,-1,-1,1994,1024,-1,-1,-1,-1,-1,-1,-1,
-1,-1,-1,-1,-1,-1,-1,-1,-1,-1,-1,1999,1449,-1,-1,-1,-1,-1,-1,-1,
-1,-1,-1,-1,-1,-1,-1,-1,-1,-1,-1,2001,1762,-1,-1,-1,-1,-1,-1,-1,
-1,-1,-1,-1,-1,-1,-1,-1,-1,-1,-1,2003,2409,1302,-1,-1,-1,-1,-1,-1,
-1,-1,-1,-1,-1,-1,-1,-1,-1,-1,-1,2010,2089,-1,-1,-1,-1,-1,-1,-1,
-1,-1,-1,-1,-1,-1,-1,-1,-1,-1,-1,2017,2802,-1,-1,-1,-1,-1,-1,-1,
-1,-1,-1,-1,-1,-1,-1,-1,-1,-1,-1,2030,1378,-1,-1,-1,-1,-1,-1,-1,
-1,-1,-1,-1,-1,-1,-1,-1,-1,-1,-1,2052,-1,-1,2926,-1,-1,-1,-1,-1,
-1,-1,-1,-1,-1,-1,-1,-1,-1,-1,-1,2053,1530,-1,-1,-1,-1,-1,-1,-1,
-1,-1,-1,-1,-1,-1,-1,-1,-1,-1,-1,2061,1006,1370,-1,-1,-1,-1,-1,-1,
-1,-1,-1,-1,-1,-1,-1,-1,-1,-1,-1,2097,1410,-1,-1,-1,-1,-1,-1,-1,
-1,-1,-1,-1,-1,-1,-1,-1,-1,-1,-1,2115,2248,2619,2727,2682,-1,-1,-1,-1,
-1,-1,-1,-1,-1,-1,-1,-1,-1,-1,-1,2122,2527,-1,-1,-1,-1,-1,-1,2115,
-1,-1,-1,-1,-1,-1,-1,-1,-1,-1,-1,2129,2459,1057,-1,-1,2364,-1,-1,-1,
-1,-1,-1,-1,-1,-1,-1,-1,-1,-1,-1,2160,2080,1500,2731,-1,1854,1340,-1,-1,
-1,-1,-1,-1,-1,-1,-1,-1,-1,-1,-1,2175,2160,-1,1586,-1,-1,1844,-1,-1,
-1,-1,-1,-1,-1,-1,-1,-1,-1,-1,-1,2195,1374,-1,-1,-1,-1,-1,-1,-1,
-1,-1,-1,-1,-1,-1,-1,-1,-1,-1,-1,2210,2665,-1,-1,-1,-1,-1,-1,-1,
-1,-1,-1,-1,-1,-1,-1,-1,-1,-1,-1,2234,1367,-1,-1,-1,-1,-1,-1,1834,
-1,-1,-1,-1,-1,-1,-1,-1,-1,-1,-1,2236,-1,-1,2248,-1,-1,-1,-1,-1,
-1,-1,-1,-1,-1,-1,-1,-1,-1,-1,-1,2250,1639,-1,-1,-1,-1,-1,-1,-1,
-1,-1,-1,-1,-1,-1,-1,-1,-1,-1,-1,2282,-1,2430,-1,2529,-1,-1,-1,-1,
-1,-1,-1,-1,-1,-1,-1,-1,-1,-1,-1,2305,1457,-1,-1,-1,-1,-1,-1,-1,
-1,-1,-1,-1,-1,-1,-1,-1,-1,-1,-1,2306,2649,-1,-1,-1,-1,-1,-1,-1,
-1,-1,-1,-1,-1,-1,-1,-1,-1,-1,-1,2320,1684,-1,-1,-1,-1,-1,-1,-1,
-1,-1,-1,-1,-1,-1,-1,-1,-1,-1,-1,2332,-1,1807,-1,-1,-1,-1,-1,-1,
-1,-1,-1,-1,-1,-1,-1,-1,-1,-1,-1,2333,2782,-1,-1,-1,-1,-1,-1,-1,
-1,-1,-1,-1,-1,-1,-1,-1,-1,-1,-1,2338,2841,-1,-1,-1,-1,-1,-1,-1,
-1,-1,-1,-1,-1,-1,-1,-1,-1,-1,-1,2351,2282,-1,-1,2538,-1,-1,-1,-1,
-1,-1,-1,-1,-1,-1,-1,-1,-1,-1,-1,2364,-1,-1,1601,-1,-1,-1,-1,-1,
-1,-1,-1,-1,-1,-1,-1,-1,-1,-1,-1,2369,-1,2254,-1,-1,-1,-1,-1,-1,
-1,-1,-1,-1,-1,-1,-1,-1,-1,-1,-1,2378,-1,-1,-1,-1,-1,1774,-1,-1,
-1,-1,-1,-1,-1,-1,-1,-1,-1,-1,-1,2380,2873,-1,-1,-1,-1,-1,-1,-1,
-1,-1,-1,-1,-1,-1,-1,-1,-1,-1,-1,2398,1274,-1,-1,-1,-1,-1,-1,-1,
-1,-1,-1,-1,-1,-1,-1,-1,-1,-1,-1,2429,-1,-1,-1,-1,1925,-1,-1,-1,
-1,-1,-1,-1,-1,-1,-1,-1,-1,-1,-1,2441,2626,-1,-1,-1,-1,-1,-1,-1,
-1,-1,-1,-1,-1,-1,-1,-1,-1,-1,-1,2444,-1,-1,-1,-1,-1,-1,2262,2177,
-1,-1,-1,-1,-1,-1,-1,-1,-1,-1,-1,2454,-1,-1,-1,-1,1720,-1,-1,-1,
-1,-1,-1,-1,-1,-1,-1,-1,-1,-1,-1,2473,-1,-1,-1,1269,-1,-1,-1,-1,
-1,-1,-1,-1,-1,-1,-1,-1,-1,-1,-1,2481,1129,-1,-1,-1,-1,1927,-1,-1,
-1,-1,-1,-1,-1,-1,-1,-1,-1,-1,-1,2506,1973,2141,-1,-1,-1,-1,-1,-1,
-1,-1,-1,-1,-1,-1,-1,-1,-1,-1,-1,2513,-1,1655,-1,-1,-1,-1,-1,-1,
-1,-1,-1,-1,-1,-1,-1,-1,-1,-1,-1,2514,-1,1641,-1,-1,-1,-1,-1,-1,
-1,-1,-1,-1,-1,-1,-1,-1,-1,-1,-1,2567,2598,2195,-1,-1,-1,-1,-1,-1,
-1,-1,-1,-1,-1,-1,-1,-1,-1,-1,-1,2584,-1,1291,-1,-1,2221,-1,-1,-1,
-1,-1,-1,-1,-1,-1,-1,-1,-1,-1,-1,2585,-1,-1,-1,-1,2059,-1,-1,-1,
-1,-1,-1,-1,-1,-1,-1,-1,-1,-1,-1,2592,1972,2630,-1,-1,-1,-1,-1,-1,
-1,-1,-1,-1,-1,-1,-1,-1,-1,-1,-1,2597,-1,-1,-1,-1,-1,-1,2098,-1,
-1,-1,-1,-1,-1,-1,-1,-1,-1,-1,-1,2600,-1,-1,-1,1800,-1,-1,-1,-1,
-1,-1,-1,-1,-1,-1,-1,-1,-1,-1,-1,2611,1990,-1,-1,-1,-1,-1,2341,-1,
-1,-1,-1,-1,-1,-1,-1,-1,-1,-1,-1,2612,2270,2662,-1,-1,1825,-1,-1,-1,
-1,-1,-1,-1,-1,-1,-1,-1,-1,-1,-1,2615,-1,-1,2659,-1,-1,-1,-1,-1,
-1,-1,-1,-1,-1,-1,-1,-1,-1,-1,-1,2624,2846,-1,-1,-1,-1,-1,-1,-1,
-1,-1,-1,-1,-1,-1,-1,-1,-1,-1,-1,2637,2162,-1,-1,-1,-1,2550,-1,2499,
-1,-1,-1,-1,-1,-1,-1,-1,-1,-1,-1,2642,2337,-1,-1,-1,-1,-1,-1,-1,
-1,-1,-1,-1,-1,-1,-1,-1,-1,-1,-1,2649,-1,-1,-1,2145,1687,-1,-1,-1,
-1,-1,-1,-1,-1,-1,-1,-1,-1,-1,-1,2652,-1,1753,-1,-1,-1,-1,-1,-1,
-1,-1,-1,-1,-1,-1,-1,-1,-1,1181,-1,2660,1759,-1,-1,-1,-1,-1,-1,-1,
-1,-1,-1,-1,-1,-1,-1,-1,-1,-1,-1,2676,-1,-1,-1,-1,-1,-1,2535,2165,
-1,-1,-1,-1,-1,-1,-1,-1,-1,-1,-1,2712,-1,1972,-1,-1,-1,-1,-1,-1,
-1,-1,-1,-1,-1,-1,-1,-1,-1,-1,-1,2719,1773,1171,-1,-1,-1,-1,-1,-1,
-1,-1,-1,-1,-1,-1,-1,-1,-1,-1,-1,2731,2774,-1,-1,-1,-1,-1,-1,-1,
-1,-1,-1,-1,-1,-1,-1,-1,-1,-1,-1,2733,1982,-1,-1,-1,-1,-1,-1,-1,
-1,-1,-1,-1,-1,-1,-1,-1,-1,-1,-1,2740,1606,-1,-1,-1,-1,-1,-1,-1,
-1,-1,-1,-1,-1,-1,-1,-1,-1,-1,-1,2747,-1,-1,2401,2259,-1,-1,-1,-1,
-1,-1,-1,-1,-1,-1,-1,-1,-1,-1,-1,2758,1585,2418,-1,-1,-1,-1,-1,-1,
-1,-1,-1,-1,-1,-1,-1,-1,-1,-1,-1,2779,-1,-1,-1,-1,-1,1360,-1,-1,
-1,-1,-1,-1,-1,-1,-1,-1,-1,-1,-1,2781,-1,-1,-1,-1,-1,-1,-1,1523,
-1,-1,-1,-1,-1,-1,-1,-1,-1,-1,-1,2791,-1,-1,2701,-1,-1,-1,-1,-1,
-1,-1,-1,-1,-1,-1,-1,-1,-1,-1,-1,2799,-1,-1,-1,-1,2676,2508,-1,-1,
-1,-1,-1,-1,-1,-1,-1,-1,-1,-1,-1,2802,1924,-1,-1,-1,-1,-1,-1,-1,
-1,-1,-1,-1,-1,-1,-1,-1,-1,-1,-1,2805,2721,-1,-1,-1,-1,-1,-1,-1,
-1,-1,-1,-1,-1,-1,-1,-1,-1,-1,-1,2809,2335,-1,-1,-1,-1,-1,-1,-1,
-1,-1,-1,-1,-1,-1,-1,-1,-1,-1,-1,2820,-1,2593,-1,-1,-1,-1,-1,-1,
-1,-1,-1,-1,-1,-1,-1,-1,-1,-1,-1,2831,-1,2663,-1,-1,-1,-1,-1,-1,
-1,-1,-1,-1,-1,-1,-1,-1,-1,-1,-1,2849,-1,1016,-1,-1,-1,-1,1441,-1,
-1,-1,-1,-1,-1,-1,-1,-1,-1,-1,-1,2874,-1,-1,-1,2151,-1,-1,-1,-1,
-1,-1,-1,-1,-1,-1,-1,-1,-1,-1,-1,2877,-1,-1,-1,2068,-1,-1,-1,-1,
-1,-1,-1,-1,-1,-1,-1,-1,-1,-1,-1,2891,986,-1,-1,-1,-1,-1,-1,1392,
-1,-1,-1,-1,-1,-1,-1,-1,-1,-1,-1,2904,-1,-1,-1,-1,-1,-1,-1,1744,
-1,-1,-1,-1,-1,-1,-1,-1,-1,-1,-1,-1,2,11,-1,-1,-1,-1,-1,-1,
-1,-1,-1,-1,-1,-1,-1,-1,-1,-1,-1,-1,6,-1,20,-1,-1,-1,-1,-1,
-1,-1,-1,-1,-1,-1,-1,-1,-1,-1,-1,-1,22,24,-1,-1,-1,-1,-1,-1,
-1,-1,-1,-1,-1,-1,-1,-1,-1,-1,-1,-1,26,-1,-1,-1,-1,34,20,-1,
-1,-1,-1,-1,-1,-1,-1,-1,-1,-1,-1,-1,30,-1,24,21,-1,-1,-1,-1,
-1,-1,-1,-1,-1,-1,-1,-1,-1,-1,-1,-1,31,20,-1,-1,-1,-1,-1,-1,
-1,-1,-1,-1,-1,-1,-1,-1,-1,-1,-1,-1,41,-1,93,-1,-1,-1,-1,-1,
-1,-1,-1,-1,-1,-1,-1,-1,-1,-1,-1,-1,53,43,-1,-1,-1,-1,52,-1,
-1,-1,-1,-1,-1,-1,-1,-1,-1,-1,-1,-1,58,-1,7,17,-1,-1,-1,-1,
-1,-1,-1,-1,-1,-1,-1,-1,-1,-1,-1,-1,121,-1,-1,335,359,-1,-1,-1,
-1,-1,-1,-1,-1,-1,-1,-1,-1,-1,-1,-1,156,151,-1,-1,-1,-1,-1,-1,
-1,-1,-1,-1,-1,-1,-1,-1,-1,-1,-1,-1,162,94,133,-1,-1,-1,-1,-1,
-1,-1,-1,-1,-1,-1,-1,-1,-1,-1,-1,-1,164,139,-1,-1,-1,-1,-1,-1,
-1,-1,-1,-1,-1,-1,-1,-1,-1,-1,-1,-1,176,34,-1,-1,-1,-1,-1,-1,
-1,-1,-1,-1,-1,-1,-1,-1,-1,-1,-1,-1,179,209,-1,-1,-1,221,-1,268,
-1,-1,-1,-1,-1,-1,-1,-1,-1,-1,-1,-1,182,-1,-1,123,-1,-1,-1,-1,
-1,-1,-1,-1,-1,-1,-1,-1,-1,-1,-1,-1,187,-1,-1,169,-1,-1,-1,-1,
-1,-1,-1,-1,-1,-1,-1,-1,-1,-1,-1,-1,193,343,-1,-1,-1,-1,-1,-1,
-1,-1,-1,-1,-1,-1,-1,-1,-1,-1,-1,-1,197,351,428,-1,-1,-1,-1,-1,
-1,-1,-1,-1,-1,-1,-1,-1,-1,-1,-1,-1,209,244,158,-1,-1,-1,-1,-1,
-1,-1,-1,-1,-1,-1,-1,-1,-1,-1,-1,-1,213,-1,599,-1,-1,595,-1,-1,
-1,-1,-1,-1,-1,-1,-1,-1,-1,-1,-1,-1,219,145,228,-1,-1,-1,-1,-1,
-1,-1,-1,-1,-1,-1,-1,-1,-1,-1,-1,-1,225,-1,-1,-1,495,-1,-1,-1,
-1,-1,-1,-1,-1,-1,-1,-1,-1,-1,-1,-1,229,109,49,-1,-1,-1,-1,-1,
-1,-1,-1,-1,-1,-1,-1,-1,-1,-1,-1,-1,231,-1,531,-1,-1,-1,-1,-1,
-1,-1,-1,-1,-1,-1,-1,-1,-1,-1,-1,-1,233,-1,-1,-1,-1,-1,60,96,
-1,-1,-1,-1,-1,-1,-1,-1,-1,-1,-1,-1,251,471,-1,-1,-1,-1,-1,-1,
-1,-1,-1,-1,-1,-1,-1,-1,-1,-1,-1,-1,252,636,-1,521,-1,-1,967,-1,
-1,-1,-1,-1,-1,-1,-1,-1,-1,-1,-1,-1,253,315,245,575,384,-1,-1,-1,
-1,-1,-1,-1,-1,-1,-1,-1,-1,-1,-1,-1,255,106,-1,-1,-1,-1,-1,-1,
-1,-1,-1,-1,-1,-1,-1,-1,-1,-1,-1,-1,263,-1,-1,161,-1,-1,-1,-1,
-1,-1,-1,-1,-1,-1,-1,-1,-1,-1,-1,-1,283,534,364,185,605,508,-1,-1,
-1,-1,-1,-1,-1,-1,-1,-1,-1,-1,-1,-1,284,183,-1,854,-1,-1,-1,-1,
-1,-1,-1,-1,-1,-1,-1,-1,-1,-1,-1,-1,287,253,265,-1,-1,-1,-1,-1,
-1,-1,-1,-1,-1,-1,-1,-1,-1,-1,-1,-1,302,71,-1,-1,-1,-1,-1,-1,
-1,-1,-1,-1,-1,-1,-1,-1,-1,-1,-1,-1,317,-1,753,1240,1287,-1,1006,-1,
-1,-1,-1,-1,-1,-1,-1,-1,-1,-1,-1,-1,331,378,168,-1,-1,-1,-1,-1,
-1,-1,-1,-1,-1,-1,-1,-1,-1,-1,-1,-1,339,-1,-1,-1,-1,417,-1,-1,
-1,-1,-1,-1,-1,-1,-1,-1,-1,-1,-1,-1,341,506,452,1107,-1,-1,-1,-1,
-1,-1,-1,-1,-1,-1,-1,1147,-1,-1,-1,-1,367,-1,389,-1,468,-1,-1,-1,
-1,-1,-1,-1,-1,-1,-1,-1,-1,-1,-1,-1,383,-1,251,295,153,-1,-1,-1,
-1,-1,-1,-1,-1,-1,-1,-1,-1,-1,-1,-1,399,-1,954,976,411,-1,-1,-1,
-1,-1,-1,-1,-1,-1,-1,-1,-1,-1,-1,-1,400,-1,-1,-1,448,-1,-1,-1,
-1,-1,-1,-1,-1,-1,-1,-1,-1,-1,-1,-1,403,384,-1,-1,-1,-1,-1,-1,
-1,-1,-1,-1,-1,-1,-1,-1,-1,-1,-1,-1,409,740,1196,820,1085,-1,-1,-1,
-1,-1,-1,-1,-1,-1,-1,-1,-1,-1,-1,-1,411,-1,-1,-1,-1,-1,-1,460,
-1,-1,-1,-1,-1,-1,-1,-1,-1,-1,-1,-1,419,227,52,127,-1,-1,-1,-1,
-1,-1,-1,-1,-1,-1,-1,-1,-1,-1,-1,-1,420,-1,237,-1,415,618,-1,-1,
-1,-1,-1,-1,-1,-1,-1,-1,-1,-1,-1,-1,431,-1,-1,-1,908,-1,-1,-1,
-1,-1,-1,-1,-1,-1,-1,-1,-1,-1,-1,-1,437,-1,-1,-1,-1,-1,1108,-1,
-1,-1,-1,-1,-1,-1,-1,-1,-1,-1,-1,-1,439,-1,-1,-1,-1,169,-1,-1,
-1,-1,-1,-1,-1,-1,-1,-1,-1,-1,-1,-1,453,1235,1691,-1,-1,-1,-1,1967,
-1,-1,-1,-1,-1,-1,-1,-1,-1,-1,-1,-1,454,-1,421,-1,-1,-1,337,-1,
-1,-1,-1,-1,-1,-1,-1,-1,-1,-1,-1,-1,458,-1,-1,-1,412,-1,-1,-1,
-1,-1,-1,-1,-1,-1,-1,-1,-1,-1,-1,-1,469,184,647,833,-1,-1,-1,-1,
-1,-1,-1,-1,-1,-1,-1,-1,-1,-1,-1,-1,477,-1,1214,-1,-1,-1,1439,1054,
-1,-1,-1,-1,-1,-1,-1,-1,-1,-1,-1,-1,482,-1,1273,-1,-1,-1,-1,-1,
-1,-1,-1,-1,-1,-1,-1,-1,-1,-1,-1,-1,485,214,644,-1,-1,-1,-1,-1,
-1,-1,-1,-1,-1,-1,-1,-1,-1,-1,-1,-1,487,225,-1,-1,-1,-1,-1,-1,
-1,-1,-1,-1,-1,-1,-1,-1,-1,-1,-1,-1,495,189,-1,-1,-1,-1,-1,-1,
-1,-1,-1,-1,-1,-1,-1,-1,-1,-1,-1,-1,498,-1,-1,247,-1,-1,-1,-1,
-1,-1,-1,-1,-1,-1,-1,-1,-1,-1,-1,-1,503,-1,633,-1,-1,-1,-1,-1,
-1,-1,-1,-1,-1,-1,-1,-1,-1,-1,-1,-1,506,-1,-1,-1,1020,220,-1,-1,
-1,-1,-1,-1,-1,-1,-1,-1,-1,-1,-1,-1,531,-1,-1,918,-1,-1,-1,-1,
-1,-1,-1,-1,-1,-1,-1,-1,-1,-1,-1,-1,538,331,-1,-1,-1,-1,-1,-1,
-1,-1,-1,-1,-1,-1,-1,-1,-1,-1,-1,-1,549,891,-1,-1,-1,1775,-1,-1,
-1,-1,-1,-1,-1,-1,-1,-1,-1,-1,-1,-1,564,580,-1,-1,-1,-1,-1,-1,
-1,-1,-1,-1,-1,-1,-1,-1,-1,-1,-1,-1,570,-1,-1,-1,593,-1,-1,804,
-1,-1,-1,-1,-1,-1,-1,-1,-1,-1,-1,-1,576,983,-1,-1,-1,-1,-1,-1,
-1,-1,-1,-1,-1,-1,-1,-1,-1,-1,-1,-1,583,-1,-1,574,-1,-1,1333,-1,
-1,-1,-1,-1,-1,-1,-1,-1,-1,-1,-1,-1,595,-1,-1,-1,-1,-1,-1,1138,
-1,-1,-1,-1,-1,-1,-1,-1,-1,-1,-1,-1,610,-1,283,-1,-1,-1,-1,-1,
-1,-1,-1,-1,-1,-1,-1,-1,-1,-1,-1,-1,623,1553,-1,-1,-1,-1,-1,1662,
-1,-1,-1,-1,-1,-1,-1,-1,-1,-1,-1,-1,644,767,-1,-1,-1,-1,-1,-1,
-1,-1,-1,-1,-1,-1,-1,-1,-1,-1,-1,-1,645,1325,-1,-1,-1,-1,-1,-1,
-1,-1,-1,-1,-1,-1,-1,-1,-1,-1,-1,-1,647,-1,-1,-1,1292,429,-1,-1,
-1,-1,-1,-1,-1,-1,-1,-1,-1,-1,-1,-1,649,941,1577,-1,-1,-1,-1,-1,
-1,-1,-1,-1,-1,-1,-1,-1,-1,-1,-1,-1,653,-1,-1,-1,2167,-1,1434,-1,
-1,-1,-1,-1,-1,-1,-1,-1,-1,-1,-1,-1,654,-1,-1,-1,-1,-1,-1,1590,
-1,-1,-1,-1,-1,-1,-1,-1,-1,-1,-1,-1,661,1002,-1,-1,-1,-1,-1,-1,
-1,-1,-1,-1,-1,-1,-1,-1,-1,-1,-1,-1,674,-1,862,-1,-1,-1,-1,-1,
-1,-1,-1,-1,-1,-1,-1,-1,-1,-1,-1,-1,675,725,-1,-1,-1,-1,-1,-1,
-1,-1,-1,-1,-1,-1,-1,-1,-1,-1,-1,-1,686,-1,-1,-1,1618,-1,-1,-1,
-1,-1,-1,-1,-1,-1,-1,-1,-1,-1,-1,1732,689,987,600,420,-1,-1,-1,-1,
-1,-1,-1,-1,-1,-1,-1,-1,-1,-1,-1,-1,694,-1,1547,-1,-1,-1,-1,-1,
-1,-1,-1,-1,-1,-1,-1,-1,-1,-1,-1,-1,696,902,-1,-1,-1,-1,-1,-1,
-1,-1,-1,-1,-1,-1,-1,-1,-1,-1,-1,-1,697,-1,2135,1022,1142,-1,-1,-1,
-1,-1,-1,-1,-1,-1,-1,-1,-1,-1,-1,-1,699,-1,-1,258,298,295,-1,-1,
-1,-1,-1,-1,-1,-1,-1,-1,-1,-1,-1,-1,-1,345,-1,-1,98,158,246,176,
-1,-1,-1,-1,-1,-1,-1,-1,-1,-1,-1,-1,715,962,-1,-1,-1,-1,-1,-1,
-1,-1,-1,-1,-1,-1,-1,-1,-1,-1,-1,-1,730,-1,-1,516,-1,321,-1,-1,
-1,-1,-1,-1,-1,-1,-1,-1,-1,-1,-1,1822,747,-1,686,-1,-1,1545,-1,-1,
-1,-1,-1,-1,-1,-1,-1,-1,-1,-1,-1,-1,755,-1,-1,639,395,1064,-1,-1,
-1,-1,-1,-1,-1,-1,-1,-1,-1,-1,-1,-1,777,-1,-1,-1,-1,-1,571,-1,
-1,-1,-1,-1,-1,-1,-1,-1,-1,-1,-1,-1,782,-1,831,-1,-1,-1,-1,-1,
-1,-1,-1,-1,-1,-1,-1,-1,-1,-1,-1,-1,783,-1,-1,284,756,-1,-1,-1,
-1,-1,-1,-1,-1,-1,-1,-1,-1,-1,-1,-1,784,-1,741,-1,-1,-1,1215,680,
-1,-1,-1,-1,-1,-1,-1,-1,-1,-1,-1,-1,788,1295,790,-1,-1,-1,-1,-1,
-1,-1,-1,-1,-1,-1,-1,-1,-1,-1,-1,-1,789,1232,-1,-1,-1,-1,-1,-1,
-1,-1,-1,-1,-1,-1,-1,-1,-1,-1,-1,-1,790,923,-1,-1,-1,-1,-1,-1,
-1,613,-1,-1,-1,-1,-1,-1,-1,-1,-1,-1,792,-1,-1,-1,1662,-1,-1,-1,
-1,-1,-1,-1,-1,-1,-1,-1,-1,-1,-1,-1,800,672,1104,-1,1364,-1,-1,-1,
-1,-1,-1,-1,-1,-1,-1,-1,-1,-1,-1,-1,807,816,-1,-1,1114,-1,-1,-1,
-1,-1,-1,-1,-1,-1,-1,-1,-1,-1,-1,-1,817,-1,810,-1,-1,-1,-1,-1,
-1,-1,-1,-1,-1,-1,-1,-1,-1,-1,-1,-1,819,296,467,-1,-1,-1,-1,-1,
-1,-1,-1,-1,-1,-1,-1,-1,-1,-1,-1,-1,820,232,1396,-1,-1,-1,-1,-1,
-1,-1,-1,-1,-1,-1,-1,-1,-1,-1,-1,-1,823,592,1018,-1,-1,-1,-1,-1,
-1,-1,-1,-1,-1,-1,-1,-1,-1,-1,-1,-1,831,625,763,-1,-1,-1,-1,-1,
-1,-1,-1,-1,-1,-1,-1,-1,-1,-1,-1,-1,847,-1,-1,931,-1,-1,-1,-1,
-1,-1,-1,-1,-1,-1,-1,-1,-1,-1,-1,-1,852,1481,2196,-1,-1,-1,-1,-1,
-1,-1,-1,-1,-1,-1,-1,-1,-1,-1,-1,-1,853,896,-1,-1,-1,-1,-1,-1,
-1,-1,-1,-1,-1,-1,-1,-1,-1,-1,-1,-1,869,785,-1,-1,-1,-1,-1,-1,
-1,-1,-1,-1,-1,-1,-1,-1,-1,-1,-1,-1,873,753,1131,2029,-1,-1,-1,1251,
-1,-1,-1,-1,-1,-1,-1,-1,-1,-1,-1,-1,876,1145,-1,-1,-1,-1,-1,-1,
-1,-1,-1,-1,-1,-1,-1,-1,-1,-1,-1,-1,877,-1,-1,-1,501,656,-1,-1,
-1,-1,-1,-1,-1,-1,-1,-1,-1,-1,-1,-1,883,-1,2027,-1,-1,-1,-1,-1,
-1,-1,-1,-1,-1,-1,-1,-1,-1,-1,-1,-1,891,-1,-1,-1,-1,-1,-1,1284,
-1,-1,-1,-1,-1,-1,-1,-1,-1,-1,-1,-1,893,-1,1484,-1,-1,-1,-1,-1,
-1,-1,-1,-1,-1,-1,-1,-1,-1,-1,-1,-1,907,656,-1,-1,-1,-1,-1,-1,
-1,-1,-1,-1,-1,-1,-1,-1,-1,-1,-1,-1,922,-1,-1,-1,-1,-1,-1,690,
-1,-1,-1,-1,-1,-1,-1,-1,-1,-1,-1,-1,926,-1,1286,-1,-1,-1,-1,-1,
-1,-1,-1,-1,-1,-1,-1,-1,-1,-1,-1,-1,930,1930,-1,-1,-1,-1,-1,-1,
-1,-1,-1,-1,-1,-1,-1,-1,-1,-1,-1,-1,934,-1,-1,-1,-1,-1,-1,2123,
-1,-1,-1,-1,-1,2583,-1,-1,-1,-1,-1,-1,939,2006,-1,-1,-1,-1,-1,-1,
-1,-1,-1,-1,-1,-1,-1,-1,-1,-1,-1,-1,941,-1,-1,-1,-1,-1,-1,899,
-1,-1,-1,-1,-1,-1,-1,-1,-1,-1,-1,-1,946,-1,-1,1185,-1,-1,-1,-1,
-1,-1,-1,-1,-1,-1,-1,-1,-1,-1,-1,-1,955,602,-1,-1,-1,-1,-1,-1,
-1,-1,-1,-1,-1,-1,-1,-1,-1,-1,-1,-1,963,-1,-1,2197,-1,-1,-1,-1,
-1,-1,-1,-1,-1,-1,-1,-1,-1,-1,-1,-1,971,-1,1327,-1,-1,-1,-1,-1,
-1,-1,-1,-1,-1,-1,-1,-1,-1,-1,-1,-1,1003,1379,-1,-1,-1,-1,-1,643,
-1,-1,-1,-1,-1,-1,-1,-1,-1,-1,-1,-1,1017,450,1592,-1,-1,-1,-1,-1,
-1,-1,-1,-1,-1,-1,-1,-1,-1,-1,-1,-1,1023,2276,-1,-1,-1,1363,-1,-1,
-1,-1,-1,-1,-1,-1,-1,-1,-1,-1,-1,-1,1030,-1,-1,-1,-1,1981,-1,-1,
-1,-1,-1,-1,-1,-1,-1,-1,-1,-1,-1,-1,1033,-1,-1,896,-1,-1,-1,-1,
-1,-1,-1,-1,-1,-1,-1,-1,-1,-1,-1,-1,1039,818,-1,-1,-1,-1,-1,-1,
-1,-1,-1,-1,-1,-1,-1,-1,-1,-1,-1,-1,1046,-1,-1,-1,-1,-1,2414,-1,
-1,-1,-1,-1,-1,-1,-1,-1,-1,-1,-1,-1,1061,1403,-1,-1,-1,-1,-1,-1,
-1,-1,-1,-1,-1,-1,-1,-1,-1,-1,-1,-1,1062,726,-1,-1,-1,-1,-1,-1,
-1,-1,-1,-1,-1,-1,-1,-1,-1,-1,-1,-1,1063,-1,470,1696,-1,-1,-1,-1,
-1,-1,-1,-1,-1,-1,-1,-1,-1,-1,-1,-1,1070,-1,-1,-1,-1,561,-1,-1,
-1,-1,-1,-1,-1,-1,-1,-1,-1,-1,-1,-1,1080,985,-1,-1,-1,-1,-1,-1,
-1,-1,-1,-1,-1,-1,-1,-1,-1,-1,-1,-1,1085,-1,1336,-1,-1,-1,-1,-1,
-1,-1,-1,-1,-1,-1,-1,-1,-1,-1,-1,-1,1087,-1,917,-1,-1,-1,893,-1,
-1,-1,-1,-1,-1,-1,-1,-1,-1,-1,-1,-1,1088,899,-1,1652,-1,-1,-1,-1,
-1,-1,-1,-1,-1,-1,-1,-1,-1,-1,-1,-1,1092,-1,701,2387,-1,-1,-1,-1,
-1,-1,-1,-1,-1,-1,-1,-1,-1,-1,-1,-1,1094,812,-1,-1,-1,-1,-1,-1,
-1,-1,-1,-1,-1,-1,-1,-1,-1,-1,-1,-1,1100,-1,-1,-1,-1,-1,-1,2397,
-1,-1,-1,-1,-1,-1,-1,-1,-1,-1,-1,-1,1112,1134,-1,-1,-1,-1,-1,-1,
-1,-1,-1,-1,-1,-1,-1,-1,-1,-1,-1,-1,1131,874,-1,-1,-1,-1,-1,-1,
-1,-1,-1,-1,-1,-1,-1,-1,-1,-1,-1,-1,1136,1137,-1,-1,-1,-1,-1,-1,
-1,-1,-1,-1,-1,-1,-1,-1,-1,-1,-1,-1,1140,-1,-1,-1,-1,1898,-1,-1,
-1,-1,-1,-1,-1,-1,-1,-1,-1,-1,-1,-1,1155,-1,-1,577,753,-1,-1,-1,
-1,-1,-1,-1,-1,-1,-1,-1,-1,-1,-1,-1,1165,1465,832,742,-1,675,-1,-1,
-1,-1,-1,-1,-1,-1,-1,-1,-1,-1,-1,-1,1168,1423,-1,-1,-1,-1,-1,-1,
-1,-1,-1,-1,-1,-1,-1,-1,-1,-1,-1,-1,1178,2219,-1,-1,-1,-1,-1,-1,
-1,-1,-1,-1,-1,-1,-1,-1,-1,-1,-1,-1,1185,655,-1,-1,-1,-1,-1,-1,
-1,-1,-1,-1,-1,-1,-1,-1,-1,-1,-1,-1,1186,-1,2167,2792,-1,-1,-1,-1,
-1,-1,-1,-1,-1,-1,-1,-1,-1,-1,-1,-1,1193,1509,-1,-1,-1,-1,-1,-1,
-1,-1,-1,-1,-1,-1,-1,-1,-1,-1,-1,-1,1222,428,-1,-1,-1,-1,-1,-1,
-1,-1,-1,-1,-1,-1,-1,-1,-1,-1,-1,-1,1231,2191,-1,-1,2598,1522,-1,-1,
-1,-1,-1,-1,-1,-1,-1,-1,-1,-1,-1,-1,1233,1619,-1,-1,-1,-1,-1,2522,
-1,-1,-1,-1,-1,-1,-1,-1,-1,-1,-1,-1,1240,-1,-1,1077,-1,-1,-1,2594,
-1,-1,-1,-1,-1,-1,-1,-1,-1,-1,-1,-1,1249,2544,-1,-1,-1,-1,-1,-1,
-1,-1,-1,-1,-1,-1,-1,-1,-1,-1,-1,-1,1255,-1,-1,-1,-1,-1,691,-1,
-1,-1,-1,-1,-1,-1,-1,-1,-1,-1,-1,-1,1258,-1,-1,-1,-1,-1,-1,626,
-1,-1,-1,-1,-1,-1,-1,-1,-1,-1,-1,-1,1264,-1,-1,2125,-1,-1,-1,-1,
-1,-1,-1,-1,-1,-1,-1,-1,-1,-1,-1,-1,1266,-1,1174,-1,1627,-1,-1,-1,
-1,-1,-1,-1,-1,-1,-1,-1,-1,-1,-1,-1,1279,1458,-1,-1,-1,-1,-1,-1,
-1,-1,-1,-1,-1,-1,-1,-1,-1,-1,-1,-1,1283,-1,-1,-1,2706,-1,-1,-1,
-1,-1,-1,-1,-1,-1,-1,-1,-1,-1,-1,-1,1295,-1,1062,-1,-1,-1,-1,-1,
-1,-1,-1,-1,-1,-1,-1,-1,-1,-1,-1,-1,1296,-1,-1,-1,-1,2018,-1,-1,
-1,-1,-1,-1,-1,-1,-1,-1,-1,-1,-1,-1,1297,1366,-1,-1,-1,-1,-1,-1,
-1,-1,-1,-1,-1,-1,-1,-1,-1,-1,-1,-1,1304,-1,-1,-1,859,-1,-1,-1,
-1,-1,-1,-1,-1,-1,-1,-1,-1,-1,-1,-1,1309,1788,1435,-1,-1,-1,-1,-1,
-1,-1,-1,-1,-1,-1,-1,-1,-1,-1,-1,-1,1310,-1,-1,-1,-1,-1,2180,-1,
-1,-1,-1,-1,-1,-1,-1,-1,-1,-1,-1,-1,1332,-1,-1,2131,-1,-1,-1,-1,
-1,-1,-1,-1,-1,-1,-1,-1,-1,-1,-1,-1,1333,589,-1,-1,-1,-1,-1,-1,
-1,-1,-1,-1,-1,-1,-1,-1,-1,-1,-1,-1,1342,773,-1,-1,-1,-1,-1,-1,
-1,-1,-1,-1,-1,-1,-1,-1,-1,-1,-1,-1,1344,1376,1552,1202,-1,-1,-1,-1,
-1,-1,-1,-1,-1,-1,-1,-1,-1,-1,-1,-1,1348,1854,-1,-1,-1,-1,-1,-1,
-1,-1,-1,-1,-1,-1,-1,-1,-1,-1,-1,-1,1357,-1,-1,-1,956,-1,-1,-1,
-1,-1,-1,-1,-1,-1,-1,-1,-1,-1,-1,-1,1358,1874,-1,-1,-1,-1,-1,-1,
-1,-1,-1,-1,-1,-1,-1,-1,-1,-1,-1,-1,1360,-1,1633,-1,-1,502,-1,1727,
-1,-1,-1,-1,-1,-1,-1,-1,-1,-1,-1,-1,1371,-1,1780,-1,-1,-1,-1,-1,
-1,-1,-1,-1,-1,-1,-1,-1,-1,-1,-1,-1,1383,1214,-1,2540,-1,-1,-1,-1,
-1,-1,-1,-1,-1,-1,-1,-1,-1,-1,-1,-1,1388,653,-1,-1,-1,-1,-1,-1,
-1,-1,-1,-1,-1,-1,-1,-1,-1,-1,-1,-1,1389,-1,2339,-1,-1,-1,-1,-1,
-1,-1,-1,-1,-1,-1,-1,-1,-1,-1,-1,-1,1390,2702,2413,-1,-1,-1,-1,-1,
-1,-1,-1,-1,-1,-1,-1,-1,-1,-1,-1,-1,1400,1123,-1,-1,-1,-1,-1,-1,
-1,-1,-1,-1,-1,-1,-1,-1,-1,-1,-1,-1,1404,1313,-1,-1,-1,-1,-1,-1,
-1,-1,-1,-1,-1,-1,-1,-1,-1,-1,-1,-1,1409,-1,2163,-1,-1,-1,-1,-1,
-1,-1,-1,-1,-1,-1,-1,-1,-1,-1,-1,-1,1412,-1,2907,-1,-1,-1,-1,-1,
-1,-1,-1,-1,-1,-1,-1,-1,-1,-1,-1,-1,1427,-1,-1,-1,-1,-1,1884,1721,
-1,-1,-1,-1,-1,-1,-1,-1,-1,-1,-1,-1,1432,-1,-1,617,2338,-1,-1,-1,
-1,-1,-1,-1,-1,-1,-1,-1,-1,-1,-1,-1,1433,2568,-1,-1,-1,-1,-1,-1,
-1,-1,-1,-1,-1,-1,-1,-1,-1,-1,909,-1,1448,1578,-1,-1,-1,2320,-1,-1,
-1,-1,-1,-1,-1,-1,-1,-1,-1,-1,-1,-1,1464,1845,-1,-1,-1,-1,-1,-1,
-1,-1,-1,-1,-1,-1,-1,-1,-1,-1,-1,-1,1470,882,-1,-1,-1,-1,-1,-1,
-1,-1,-1,-1,-1,-1,-1,-1,-1,-1,-1,-1,1473,1268,-1,-1,-1,-1,-1,-1,
-1,-1,-1,-1,-1,-1,-1,-1,-1,-1,-1,-1,1481,-1,-1,-1,-1,-1,-1,1133,
-1,-1,-1,-1,-1,-1,-1,-1,-1,-1,-1,-1,1483,1059,1527,-1,-1,-1,-1,-1,
-1,-1,-1,-1,-1,-1,-1,-1,-1,-1,-1,-1,1486,903,-1,-1,-1,-1,-1,-1,
-1,-1,-1,-1,-1,-1,-1,-1,-1,-1,-1,-1,1487,2730,-1,-1,-1,-1,-1,-1,
-1,-1,-1,-1,-1,-1,-1,-1,-1,-1,-1,-1,1497,1940,-1,-1,-1,-1,-1,-1,
-1,-1,-1,-1,-1,-1,-1,-1,-1,-1,-1,-1,1510,1545,-1,-1,-1,-1,-1,-1,
-1,-1,-1,-1,-1,-1,-1,-1,-1,-1,-1,-1,1512,-1,-1,-1,2464,-1,-1,-1,
-1,-1,-1,-1,-1,-1,-1,-1,-1,-1,-1,-1,1513,-1,-1,-1,1437,-1,-1,-1,
-1,-1,-1,-1,-1,-1,-1,-1,-1,-1,-1,-1,1528,2106,-1,-1,-1,-1,-1,-1,
-1,-1,-1,-1,-1,-1,-1,-1,-1,-1,-1,-1,1536,2795,-1,-1,-1,-1,-1,-1,
-1,-1,-1,-1,-1,-1,-1,-1,-1,-1,-1,-1,1544,662,-1,-1,-1,-1,-1,-1,
-1,-1,-1,-1,-1,-1,-1,-1,-1,-1,-1,-1,1548,-1,-1,-1,-1,-1,2219,-1,
-1,-1,-1,-1,-1,-1,-1,-1,-1,-1,-1,-1,1551,-1,-1,-1,-1,-1,-1,1536,
-1,-1,-1,-1,-1,-1,-1,-1,-1,-1,-1,-1,1569,-1,2144,-1,-1,-1,-1,-1,
-1,-1,-1,-1,-1,-1,-1,-1,-1,-1,-1,-1,1570,-1,-1,1963,1507,-1,-1,-1,
-1,-1,-1,-1,-1,-1,-1,-1,-1,-1,-1,-1,1592,-1,-1,1709,-1,-1,-1,2029,
-1,-1,-1,-1,-1,-1,-1,-1,-1,-1,-1,-1,1603,-1,-1,1095,-1,1226,-1,-1,
-1,-1,-1,-1,-1,-1,-1,-1,-1,-1,-1,-1,1607,1072,2511,-1,-1,-1,-1,-1,
-1,-1,-1,-1,-1,-1,-1,-1,-1,-1,-1,-1,1616,2299,1711,2288,-1,-1,-1,-1,
-1,-1,-1,-1,-1,-1,-1,-1,-1,-1,-1,-1,1623,-1,-1,-1,-1,-1,-1,1868,
-1,-1,-1,-1,-1,-1,-1,-1,-1,-1,-1,-1,1625,2458,-1,-1,-1,-1,-1,-1,
-1,-1,-1,-1,-1,-1,-1,-1,-1,-1,-1,-1,1627,935,-1,-1,-1,-1,-1,-1,
-1,-1,-1,-1,-1,-1,-1,-1,-1,-1,-1,-1,1638,-1,-1,-1,-1,-1,2919,-1,
-1,2684,-1,-1,-1,-1,-1,-1,-1,-1,-1,-1,1642,1277,2156,-1,-1,-1,2544,-1,
-1,-1,-1,-1,-1,-1,-1,-1,-1,-1,-1,-1,1653,-1,891,1327,-1,-1,-1,-1,
-1,-1,-1,-1,-1,-1,-1,-1,-1,-1,-1,-1,1655,719,-1,557,-1,-1,-1,-1,
-1,-1,-1,-1,-1,-1,-1,-1,-1,-1,-1,-1,1658,-1,-1,-1,-1,1264,1727,-1,
-1,-1,-1,-1,-1,-1,-1,-1,-1,-1,-1,-1,1663,1024,-1,-1,-1,-1,-1,1835,
-1,-1,-1,-1,-1,-1,-1,-1,-1,-1,-1,-1,1666,1595,-1,-1,-1,-1,-1,-1,
-1,-1,-1,-1,-1,-1,-1,-1,-1,-1,-1,-1,1667,776,-1,-1,-1,-1,-1,-1,
-1,-1,-1,-1,-1,-1,-1,-1,-1,-1,-1,-1,1670,695,-1,-1,-1,-1,-1,-1,
-1,-1,-1,-1,-1,-1,-1,-1,-1,-1,-1,-1,1680,-1,-1,-1,-1,2387,-1,-1,
-1,-1,-1,-1,-1,-1,-1,-1,-1,-1,-1,-1,1687,1990,-1,-1,-1,-1,-1,-1,
-1,-1,-1,-1,-1,-1,-1,-1,-1,-1,-1,-1,1689,1239,-1,-1,-1,-1,-1,-1,
-1,-1,-1,-1,-1,-1,-1,-1,-1,-1,-1,-1,1695,-1,-1,-1,-1,2691,-1,2582,
-1,-1,-1,-1,-1,-1,-1,-1,-1,-1,-1,-1,1701,2806,1293,-1,-1,-1,-1,-1,
-1,-1,-1,-1,-1,-1,-1,-1,-1,-1,-1,-1,1714,2117,1782,2086,-1,-1,-1,-1,
-1,-1,-1,-1,-1,-1,-1,-1,-1,-1,-1,-1,1721,2384,-1,-1,-1,-1,-1,-1,
-1,-1,-1,-1,-1,-1,-1,-1,-1,-1,-1,-1,1736,1205,-1,-1,-1,-1,-1,-1,
-1,-1,-1,-1,-1,-1,-1,-1,-1,-1,-1,-1,1745,-1,-1,-1,-1,-1,932,-1,
-1,-1,-1,-1,-1,-1,-1,-1,-1,-1,-1,-1,1746,-1,-1,-1,-1,-1,-1,1043,
-1,-1,-1,-1,-1,-1,-1,-1,-1,-1,-1,-1,1754,842,1226,-1,-1,-1,-1,-1,
-1,-1,-1,-1,-1,-1,-1,-1,-1,-1,-1,-1,1755,-1,1721,-1,-1,-1,-1,-1,
-1,-1,-1,-1,-1,-1,-1,-1,-1,-1,-1,-1,1764,-1,1623,-1,-1,-1,-1,-1,
-1,-1,-1,-1,-1,-1,-1,-1,-1,-1,-1,-1,1768,1518,-1,-1,-1,-1,-1,-1,
-1,-1,-1,-1,-1,-1,-1,-1,-1,-1,-1,-1,1781,1896,1267,-1,-1,-1,-1,-1,
-1,-1,-1,-1,-1,-1,-1,-1,-1,-1,-1,-1,1785,-1,-1,-1,1787,-1,-1,-1,
-1,-1,-1,-1,-1,-1,-1,-1,-1,-1,-1,-1,1786,-1,-1,-1,-1,1425,698,-1,
-1,-1,-1,-1,-1,-1,-1,-1,-1,-1,-1,-1,1787,1020,-1,-1,-1,-1,-1,-1,
-1,-1,-1,-1,-1,-1,-1,-1,-1,-1,-1,-1,1793,1405,-1,-1,-1,-1,-1,-1,
-1,-1,-1,-1,-1,-1,-1,-1,-1,-1,-1,-1,1801,-1,-1,1765,-1,-1,-1,-1,
-1,-1,-1,-1,-1,-1,-1,-1,-1,-1,-1,-1,1811,2169,1883,-1,-1,-1,-1,-1,
-1,-1,-1,-1,-1,-1,-1,-1,-1,-1,-1,-1,1815,2899,-1,-1,-1,-1,-1,-1,
-1,-1,-1,-1,-1,-1,-1,-1,-1,-1,-1,-1,1825,-1,1784,-1,1445,1591,987,-1,
-1,-1,-1,-1,-1,-1,-1,-1,-1,-1,-1,-1,1831,-1,-1,-1,-1,-1,-1,1273,
-1,-1,-1,-1,-1,-1,-1,-1,-1,-1,-1,-1,1839,-1,-1,2839,-1,-1,-1,-1,
-1,-1,-1,-1,-1,-1,-1,-1,-1,-1,-1,-1,1860,-1,2557,-1,-1,-1,-1,-1,
-1,-1,-1,-1,-1,-1,-1,-1,-1,-1,-1,-1,1861,-1,-1,-1,-1,-1,-1,2387,
-1,-1,-1,-1,-1,-1,-1,-1,-1,-1,-1,-1,1882,-1,-1,-1,-1,-1,2927,-1,
-1,-1,-1,-1,-1,-1,-1,-1,-1,-1,-1,-1,1886,2270,2056,-1,-1,-1,-1,-1,
-1,-1,-1,-1,-1,-1,-1,-1,-1,-1,-1,-1,1891,-1,-1,1811,-1,-1,-1,-1,
-1,-1,-1,-1,-1,-1,-1,-1,-1,-1,-1,-1,1896,1596,-1,-1,-1,-1,1850,-1,
-1,-1,-1,-1,-1,-1,-1,-1,-1,-1,-1,-1,1901,2496,-1,-1,-1,-1,-1,2243,
-1,-1,-1,-1,-1,-1,-1,-1,-1,-1,-1,-1,1906,1173,-1,-1,-1,-1,-1,-1,
-1,-1,-1,-1,-1,-1,-1,-1,-1,-1,-1,-1,1910,920,-1,-1,-1,-1,-1,-1,
-1,-1,-1,-1,-1,-1,-1,-1,-1,-1,-1,-1,1935,2188,-1,-1,2293,-1,-1,-1,
-1,-1,-1,-1,-1,-1,-1,-1,-1,-1,-1,-1,1936,1460,-1,-1,2255,-1,-1,-1,
-1,-1,-1,-1,-1,-1,-1,-1,-1,-1,-1,-1,1939,2104,-1,-1,-1,-1,-1,-1,
-1,-1,-1,-1,-1,-1,-1,-1,-1,-1,-1,-1,1940,-1,-1,-1,-1,-1,-1,1534,
-1,-1,-1,-1,-1,-1,-1,-1,-1,-1,-1,-1,1947,2306,-1,-1,-1,-1,-1,-1,
-1,-1,-1,-1,-1,-1,-1,-1,-1,-1,-1,-1,1954,-1,-1,-1,-1,-1,-1,974,
-1,-1,-1,-1,-1,-1,-1,-1,-1,-1,-1,-1,1961,-1,-1,-1,-1,-1,1575,-1,
-1,-1,-1,-1,-1,-1,-1,-1,-1,-1,-1,-1,1969,-1,-1,-1,-1,866,-1,-1,
-1,-1,-1,-1,-1,-1,-1,-1,-1,-1,-1,-1,1975,1992,1971,-1,-1,-1,-1,-1,
-1,-1,-1,-1,-1,-1,-1,-1,-1,-1,-1,-1,1979,-1,-1,-1,-1,-1,1149,-1,
-1,-1,-1,-1,-1,-1,-1,-1,-1,-1,-1,-1,2014,-1,-1,-1,-1,-1,-1,1330,
-1,-1,-1,-1,-1,-1,-1,-1,-1,-1,-1,-1,2021,1466,-1,-1,-1,-1,-1,-1,
-1,-1,-1,-1,-1,-1,-1,-1,-1,-1,-1,-1,2023,1903,-1,-1,-1,-1,-1,-1,
-1,-1,-1,-1,-1,-1,-1,-1,-1,-1,-1,-1,2040,2629,-1,-1,-1,-1,-1,-1,
-1,-1,-1,-1,-1,-1,-1,-1,-1,-1,-1,-1,2041,-1,1466,-1,-1,-1,-1,846,
-1,-1,-1,-1,-1,-1,-1,-1,-1,-1,-1,-1,2045,1003,1100,-1,-1,-1,-1,-1,
-1,-1,-1,-1,-1,-1,-1,-1,-1,-1,-1,-1,2046,2331,-1,-1,1342,-1,-1,-1,
-1,-1,-1,-1,-1,-1,-1,-1,-1,-1,-1,-1,2069,-1,-1,-1,-1,-1,-1,1040,
-1,-1,-1,-1,-1,-1,-1,-1,-1,-1,-1,-1,2094,1855,-1,-1,-1,-1,-1,-1,
-1,-1,-1,-1,-1,-1,-1,-1,-1,-1,-1,-1,2101,1630,808,1649,-1,-1,-1,-1,
-1,-1,-1,-1,-1,-1,-1,-1,-1,-1,-1,-1,2102,2369,-1,-1,-1,-1,-1,-1,
-1,-1,-1,-1,-1,-1,-1,-1,-1,-1,-1,-1,2116,-1,-1,-1,-1,-1,-1,2263,
-1,-1,-1,-1,-1,-1,-1,-1,-1,-1,-1,-1,2119,-1,-1,-1,1499,1408,-1,-1,
-1,-1,-1,-1,-1,-1,-1,-1,-1,-1,-1,-1,2127,-1,2075,-1,-1,-1,-1,-1,
-1,-1,-1,-1,-1,-1,-1,-1,-1,-1,-1,-1,2131,1540,-1,-1,-1,-1,-1,-1,
-1,-1,-1,-1,-1,-1,-1,-1,-1,-1,-1,-1,2143,2143,-1,-1,-1,-1,-1,-1,
-1,-1,-1,-1,-1,-1,-1,-1,-1,-1,-1,-1,2144,-1,-1,-1,-1,-1,1320,1288,
-1,-1,-1,-1,-1,-1,-1,-1,-1,-1,-1,-1,2169,-1,-1,-1,1838,-1,-1,-1,
-1,-1,-1,-1,-1,-1,-1,-1,-1,-1,-1,-1,2171,-1,-1,-1,2449,-1,-1,-1,
-1,-1,-1,-1,-1,-1,-1,-1,-1,-1,-1,-1,2182,1875,1370,-1,-1,-1,-1,-1,
-1,-1,-1,-1,-1,-1,-1,-1,-1,-1,-1,-1,2183,-1,-1,-1,1285,-1,-1,-1,
-1,-1,-1,-1,-1,-1,-1,-1,-1,-1,-1,-1,2190,-1,-1,-1,-1,-1,2966,-1,
-1,-1,-1,-1,-1,-1,-1,-1,-1,-1,-1,-1,2197,-1,-1,-1,2680,-1,-1,-1,
-1,-1,-1,-1,-1,-1,-1,-1,-1,-1,-1,-1,2204,2122,-1,-1,-1,2092,-1,-1,
-1,-1,-1,-1,-1,-1,-1,-1,-1,-1,-1,-1,2209,-1,2233,-1,-1,-1,-1,-1,
-1,-1,-1,-1,-1,-1,-1,-1,-1,-1,-1,-1,2225,-1,1718,1779,-1,-1,-1,-1,
-1,-1,-1,-1,-1,-1,-1,-1,-1,-1,-1,-1,2227,-1,-1,-1,-1,-1,-1,2287,
-1,-1,-1,-1,-1,-1,-1,-1,-1,-1,-1,-1,2234,2090,-1,-1,-1,-1,-1,-1,
-1,-1,-1,-1,-1,-1,-1,-1,-1,-1,-1,-1,2249,2665,-1,-1,-1,-1,-1,-1,
-1,-1,-1,-1,-1,-1,-1,-1,-1,-1,-1,-1,2250,-1,-1,-1,2093,-1,-1,-1,
-1,-1,-1,-1,-1,-1,-1,-1,-1,-1,-1,-1,2263,-1,-1,-1,1159,-1,-1,-1,
-1,-1,-1,-1,-1,-1,-1,-1,-1,-1,-1,-1,2267,-1,-1,-1,2647,-1,-1,-1,
-1,-1,-1,-1,-1,-1,-1,-1,-1,-1,-1,-1,2273,-1,-1,-1,-1,-1,2148,-1,
-1,-1,-1,-1,-1,-1,-1,-1,-1,-1,-1,-1,2274,-1,-1,2800,-1,-1,-1,-1,
-1,-1,-1,-1,-1,-1,-1,-1,-1,-1,-1,-1,2290,-1,-1,-1,-1,2535,-1,-1,
-1,-1,-1,-1,-1,-1,-1,-1,-1,-1,-1,-1,2302,-1,-1,-1,-1,-1,-1,2653,
-1,-1,-1,-1,-1,-1,-1,-1,-1,-1,-1,-1,2311,2203,-1,-1,-1,-1,-1,-1,
-1,-1,-1,-1,-1,-1,-1,-1,-1,-1,-1,-1,2320,-1,-1,-1,-1,-1,2281,-1,
-1,-1,-1,-1,-1,-1,-1,-1,-1,-1,-1,-1,2330,1690,-1,-1,-1,-1,-1,-1,
-1,-1,-1,-1,-1,-1,-1,-1,-1,-1,-1,-1,2340,-1,-1,2506,-1,-1,-1,-1,
-1,-1,-1,-1,-1,-1,-1,-1,-1,-1,-1,-1,2365,-1,-1,-1,-1,1967,-1,-1,
-1,-1,-1,-1,-1,-1,-1,-1,-1,-1,-1,-1,2366,-1,-1,-1,-1,-1,2895,-1,
-1,-1,-1,-1,-1,-1,-1,-1,-1,-1,-1,-1,2369,1047,-1,-1,-1,-1,-1,-1,
-1,-1,-1,-1,-1,-1,-1,-1,-1,-1,-1,-1,2401,2429,-1,-1,-1,-1,-1,-1,
-1,-1,-1,-1,-1,-1,-1,-1,-1,-1,-1,-1,2406,-1,-1,-1,-1,-1,1883,-1,
-1,-1,-1,-1,-1,-1,-1,-1,-1,-1,-1,-1,2419,-1,-1,-1,-1,-1,2951,-1,
-1,-1,-1,-1,-1,-1,-1,-1,-1,-1,-1,-1,2421,1372,-1,-1,-1,-1,-1,-1,
-1,-1,-1,-1,-1,-1,-1,-1,-1,-1,-1,-1,2428,-1,-1,-1,1995,-1,-1,2003,
-1,-1,-1,-1,-1,-1,-1,-1,-1,-1,-1,-1,2444,2278,1111,-1,-1,-1,-1,-1,
-1,-1,-1,-1,-1,-1,-1,-1,-1,-1,-1,-1,2450,1991,-1,-1,-1,-1,-1,-1,
-1,-1,-1,-1,-1,-1,-1,-1,-1,-1,-1,-1,2451,-1,1171,-1,-1,-1,-1,-1,
-1,-1,-1,-1,-1,-1,-1,-1,-1,-1,-1,-1,2453,2532,-1,-1,-1,-1,-1,-1,
-1,-1,-1,-1,-1,-1,-1,-1,-1,-1,-1,-1,2467,-1,-1,930,1367,2638,1082,-1,
-1,-1,-1,-1,-1,-1,-1,-1,-1,-1,-1,-1,2468,-1,-1,1979,-1,-1,-1,-1,
-1,-1,-1,-1,-1,-1,-1,-1,-1,-1,-1,-1,2488,-1,2238,-1,-1,-1,-1,-1,
-1,-1,-1,-1,-1,-1,-1,-1,-1,-1,-1,-1,2495,2217,1728,-1,-1,-1,-1,-1,
-1,-1,-1,-1,-1,-1,-1,-1,-1,-1,-1,-1,2497,2673,-1,-1,-1,-1,-1,-1,
-1,-1,-1,-1,-1,-1,-1,-1,-1,-1,-1,-1,2503,-1,-1,-1,970,1471,-1,2790,
-1,-1,-1,-1,-1,-1,-1,-1,-1,-1,-1,-1,2504,2533,-1,-1,-1,-1,-1,-1,
-1,-1,-1,-1,-1,-1,-1,-1,-1,-1,-1,-1,2523,-1,2670,-1,-1,-1,-1,-1,
-1,-1,-1,-1,-1,-1,-1,-1,-1,-1,-1,-1,2528,2661,-1,-1,-1,-1,-1,1655,
-1,-1,-1,-1,-1,-1,-1,-1,-1,-1,-1,-1,2536,2118,-1,-1,-1,-1,-1,-1,
-1,-1,-1,-1,-1,-1,-1,-1,-1,-1,-1,-1,2538,1274,1154,-1,-1,2182,-1,-1,
-1,-1,-1,-1,-1,-1,-1,-1,-1,-1,-1,-1,2562,-1,2849,-1,-1,-1,-1,-1,
-1,-1,-1,-1,-1,-1,-1,-1,-1,-1,-1,-1,2564,-1,2847,-1,-1,-1,-1,-1,
-1,-1,-1,-1,-1,-1,-1,-1,-1,-1,-1,-1,2590,-1,-1,-1,-1,-1,-1,2330,
-1,-1,-1,-1,-1,-1,-1,-1,-1,-1,-1,-1,2599,2742,-1,1715,-1,-1,-1,-1,
-1,-1,-1,-1,-1,-1,-1,-1,-1,-1,-1,-1,2606,-1,-1,-1,1779,-1,-1,-1,
-1,-1,-1,-1,-1,-1,-1,-1,-1,-1,-1,-1,2610,-1,1308,-1,-1,-1,-1,-1,
-1,-1,-1,-1,-1,-1,-1,-1,-1,-1,-1,-1,2627,-1,-1,-1,-1,2635,-1,-1,
-1,-1,-1,-1,-1,-1,-1,-1,-1,-1,-1,-1,2629,1472,-1,-1,-1,-1,-1,-1,
-1,-1,-1,-1,-1,-1,-1,-1,-1,-1,-1,-1,2644,-1,-1,1848,-1,-1,-1,-1,
-1,-1,-1,-1,-1,-1,-1,-1,-1,-1,-1,-1,2680,-1,-1,-1,1532,-1,-1,-1,
-1,-1,-1,-1,-1,-1,-1,-1,-1,-1,-1,-1,2692,2782,-1,-1,-1,-1,-1,-1,
-1,-1,-1,-1,-1,-1,-1,-1,-1,-1,-1,-1,2711,-1,2298,1313,-1,-1,-1,-1,
-1,-1,-1,-1,-1,-1,-1,-1,-1,-1,-1,-1,2719,2672,2771,-1,-1,-1,-1,-1,
-1,-1,-1,-1,-1,-1,-1,-1,-1,-1,-1,-1,2747,-1,-1,-1,-1,-1,2256,-1,
-1,-1,-1,-1,-1,-1,-1,-1,-1,-1,-1,-1,2752,2570,-1,-1,-1,-1,-1,-1,
-1,-1,-1,-1,-1,-1,-1,-1,-1,-1,-1,-1,2761,-1,-1,-1,1442,-1,2369,-1,
-1,-1,-1,-1,-1,-1,-1,-1,-1,-1,-1,-1,2787,2624,2246,-1,-1,-1,-1,-1,
-1,-1,-1,-1,-1,-1,-1,-1,-1,-1,-1,-1,2796,2582,-1,-1,-1,-1,-1,-1,
-1,-1,-1,-1,-1,-1,-1,-1,-1,-1,-1,-1,2799,-1,-1,-1,-1,-1,-1,1865,
-1,-1,-1,-1,-1,-1,-1,-1,-1,-1,-1,-1,2804,-1,-1,-1,2773,-1,-1,-1,
-1,-1,-1,-1,-1,-1,-1,-1,-1,-1,-1,-1,2814,2091,-1,-1,-1,-1,-1,-1,
-1,-1,-1,-1,-1,-1,-1,-1,-1,-1,-1,-1,2823,2487,-1,-1,-1,-1,-1,-1,
-1,-1,-1,-1,-1,-1,-1,-1,-1,-1,-1,-1,2839,-1,2079,-1,-1,-1,-1,-1,
-1,-1,-1,-1,-1,-1,-1,-1,-1,-1,-1,-1,2854,2493,-1,-1,-1,-1,-1,-1,
-1,-1,-1,-1,-1,-1,-1,-1,-1,-1,-1,-1,2858,2186,-1,-1,-1,-1,-1,-1,
-1,-1,-1,-1,-1,-1,-1,-1,-1,-1,-1,-1,2871,-1,-1,-1,-1,-1,1833,-1,
-1,-1,-1,-1,-1,-1,-1,-1,-1,-1,-1,-1,-1,5,6,3,-1,-1,-1,-1,
-1,-1,-1,-1,-1,-1,-1,-1,-1,-1,-1,-1,-1,9,47,27,35,53,-1,-1,
-1,-1,-1,-1,-1,-1,-1,-1,-1,-1,-1,-1,-1,15,5,-1,-1,-1,-1,-1,
-1,-1,-1,-1,-1,-1,-1,-1,-1,-1,-1,-1,-1,27,-1,-1,142,-1,-1,-1,
-1,-1,-1,-1,-1,-1,-1,-1,-1,-1,-1,-1,-1,36,43,49,34,-1,-1,-1,
-1,-1,-1,-1,-1,-1,-1,-1,-1,-1,-1,-1,-1,40,4,-1,85,-1,-1,-1,
-1,-1,-1,-1,-1,-1,-1,-1,-1,-1,-1,-1,-1,41,-1,-1,-1,74,-1,-1,
-1,-1,-1,-1,-1,-1,-1,-1,-1,-1,-1,-1,-1,49,-1,105,-1,-1,-1,-1,
-1,-1,-1,-1,-1,-1,-1,-1,-1,-1,-1,-1,-1,63,65,61,-1,-1,-1,-1,
-1,-1,-1,-1,-1,-1,-1,-1,-1,-1,-1,-1,-1,75,-1,-1,-1,111,-1,-1,
-1,-1,-1,-1,-1,-1,-1,-1,-1,-1,-1,-1,-1,83,84,81,-1,-1,-1,-1,
-1,-1,-1,-1,-1,-1,-1,-1,-1,-1,-1,-1,-1,88,32,84,25,-1,-1,-1,
-1,-1,-1,-1,-1,-1,-1,-1,-1,-1,-1,-1,-1,97,-1,-1,-1,284,-1,-1,
-1,-1,-1,-1,-1,-1,-1,-1,-1,-1,-1,-1,-1,108,-1,-1,-1,343,-1,-1,
-1,-1,-1,-1,-1,-1,-1,-1,-1,-1,-1,-1,-1,112,157,-1,-1,-1,-1,-1,
-1,-1,-1,-1,-1,-1,-1,-1,-1,-1,-1,-1,-1,130,-1,-1,400,-1,591,-1,
-1,-1,-1,-1,-1,-1,-1,-1,-1,-1,-1,-1,-1,133,-1,-1,289,-1,-1,-1,
-1,-1,-1,-1,-1,-1,-1,-1,-1,-1,-1,-1,-1,159,58,-1,-1,-1,-1,-1,
-1,-1,-1,-1,-1,-1,-1,-1,-1,-1,-1,-1,-1,165,556,-1,-1,-1,-1,-1,
-1,-1,-1,-1,-1,-1,-1,-1,-1,-1,-1,-1,-1,169,349,-1,-1,-1,-1,-1,
-1,-1,-1,-1,-1,-1,-1,-1,-1,-1,-1,-1,-1,195,170,-1,402,-1,-1,-1,
-1,-1,-1,-1,-1,-1,-1,-1,-1,-1,-1,-1,-1,196,142,-1,-1,412,510,358,
-1,-1,-1,-1,-1,-1,-1,-1,-1,-1,-1,-1,-1,212,183,215,70,-1,-1,-1,
-1,-1,-1,-1,-1,-1,-1,-1,-1,-1,-1,-1,-1,218,-1,175,-1,-1,-1,-1,
-1,-1,-1,-1,-1,-1,-1,-1,-1,-1,-1,-1,-1,248,442,-1,-1,-1,-1,-1,
-1,-1,-1,-1,-1,-1,-1,-1,-1,-1,-1,-1,-1,257,387,-1,-1,-1,329,-1,
-1,-1,-1,-1,-1,-1,-1,-1,-1,-1,-1,-1,-1,260,-1,-1,-1,-1,-1,657,
-1,-1,-1,-1,-1,-1,-1,-1,-1,-1,-1,-1,-1,266,664,-1,-1,-1,-1,-1,
-1,-1,-1,-1,-1,-1,-1,-1,-1,-1,-1,-1,-1,272,318,-1,896,-1,-1,-1,
-1,-1,-1,-1,-1,-1,-1,-1,-1,-1,-1,-1,-1,274,-1,-1,223,-1,-1,-1,
-1,-1,-1,-1,-1,-1,-1,-1,-1,-1,-1,-1,-1,297,986,-1,-1,-1,-1,-1,
-1,-1,-1,-1,-1,-1,-1,-1,-1,-1,-1,-1,-1,298,924,531,160,194,257,-1,
-1,-1,-1,-1,-1,-1,-1,-1,-1,-1,-1,-1,-1,302,737,-1,-1,-1,-1,-1,
-1,-1,-1,-1,-1,-1,-1,-1,-1,-1,-1,-1,-1,314,778,-1,-1,-1,-1,1316,
-1,-1,-1,-1,-1,-1,-1,-1,-1,-1,-1,-1,-1,319,812,-1,-1,610,-1,-1,
-1,-1,-1,-1,-1,-1,-1,-1,-1,-1,-1,-1,-1,330,509,-1,-1,449,-1,-1,
-1,-1,-1,-1,-1,-1,-1,-1,-1,-1,-1,-1,-1,359,1045,-1,-1,-1,-1,-1,
-1,-1,-1,-1,-1,-1,-1,-1,-1,-1,-1,-1,-1,370,201,152,-1,-1,-1,-1,
-1,-1,-1,-1,-1,-1,-1,-1,-1,-1,-1,-1,-1,372,662,506,437,-1,-1,-1,
-1,-1,-1,-1,-1,-1,-1,-1,-1,-1,-1,-1,-1,377,-1,-1,-1,-1,-1,182,
-1,-1,-1,-1,-1,-1,-1,-1,-1,-1,-1,-1,-1,383,-1,-1,1139,-1,-1,794,
-1,-1,-1,-1,-1,-1,-1,-1,-1,-1,-1,-1,-1,394,191,-1,-1,-1,-1,-1,
-1,-1,-1,-1,-1,-1,-1,-1,-1,-1,-1,-1,-1,429,-1,-1,-1,-1,-1,532,
-1,-1,-1,-1,-1,-1,-1,-1,-1,-1,-1,-1,-1,430,1221,-1,-1,-1,1077,-1,
-1,-1,-1,840,-1,-1,-1,-1,-1,-1,-1,-1,-1,436,-1,-1,206,-1,-1,-1,
-1,-1,-1,-1,-1,-1,-1,-1,-1,-1,-1,-1,-1,441,-1,-1,527,-1,-1,-1,
-1,-1,-1,-1,-1,-1,-1,-1,-1,-1,-1,-1,-1,448,328,-1,-1,-1,-1,-1,
-1,-1,-1,-1,-1,-1,-1,-1,-1,-1,-1,-1,-1,457,250,-1,-1,1288,-1,-1,
-1,-1,-1,-1,-1,-1,-1,-1,-1,-1,-1,-1,-1,462,415,-1,-1,-1,-1,-1,
-1,-1,-1,-1,-1,-1,-1,-1,-1,-1,-1,-1,-1,466,1456,1208,557,-1,1491,1547,
-1,-1,-1,-1,-1,-1,-1,-1,-1,-1,-1,-1,-1,474,-1,1336,-1,-1,-1,-1,
-1,-1,-1,-1,-1,-1,-1,-1,-1,-1,-1,-1,-1,482,271,78,105,191,-1,-1,
-1,-1,-1,-1,-1,-1,-1,-1,-1,-1,-1,-1,-1,493,-1,297,-1,-1,-1,-1,
-1,-1,-1,-1,-1,-1,-1,-1,-1,-1,-1,-1,-1,494,-1,-1,-1,255,-1,-1,
-1,-1,-1,-1,-1,-1,-1,-1,-1,-1,-1,-1,-1,498,504,-1,-1,602,-1,-1,
1560,-1,-1,-1,-1,-1,-1,-1,-1,-1,-1,-1,-1,500,957,-1,-1,-1,-1,-1,
-1,-1,-1,-1,-1,-1,-1,-1,-1,-1,-1,-1,-1,504,366,-1,-1,-1,-1,-1,
-1,-1,-1,-1,-1,-1,-1,-1,-1,-1,-1,-1,-1,510,756,-1,-1,-1,-1,-1,
-1,-1,-1,-1,-1,-1,-1,-1,-1,-1,-1,-1,-1,521,200,199,-1,-1,-1,-1,
-1,-1,-1,-1,-1,-1,-1,-1,-1,-1,-1,-1,-1,523,1330,-1,-1,-1,-1,-1,
-1,-1,-1,-1,-1,-1,-1,-1,-1,-1,-1,-1,-1,530,-1,-1,1065,-1,-1,-1,
-1,-1,-1,-1,-1,-1,-1,-1,-1,-1,-1,-1,-1,532,984,-1,336,877,334,-1,
-1,-1,-1,-1,-1,-1,-1,-1,-1,-1,-1,-1,-1,541,247,-1,-1,-1,-1,-1,
-1,-1,-1,-1,-1,-1,-1,-1,-1,-1,-1,-1,-1,542,1285,-1,-1,-1,-1,-1,
-1,-1,-1,-1,-1,-1,-1,-1,-1,-1,-1,-1,-1,543,528,1114,-1,-1,-1,-1,
-1,-1,-1,-1,-1,-1,-1,-1,-1,-1,-1,-1,-1,545,-1,-1,-1,1132,-1,-1,
-1,-1,-1,-1,-1,-1,-1,-1,-1,-1,-1,-1,-1,553,-1,540,-1,-1,-1,-1,
-1,-1,-1,-1,-1,-1,-1,-1,-1,-1,-1,-1,-1,554,679,-1,-1,-1,-1,-1,
-1,-1,-1,-1,-1,-1,-1,-1,-1,-1,-1,-1,-1,557,735,-1,-1,-1,-1,-1,
-1,-1,-1,-1,-1,-1,-1,-1,-1,-1,-1,-1,-1,559,-1,454,-1,-1,-1,-1,
-1,-1,-1,-1,-1,-1,-1,-1,-1,-1,-1,-1,-1,563,-1,-1,203,-1,-1,-1,
-1,-1,-1,-1,-1,-1,-1,-1,-1,-1,-1,-1,-1,568,401,1110,-1,-1,-1,472,
-1,-1,-1,-1,-1,-1,-1,-1,-1,-1,-1,-1,-1,569,-1,781,-1,-1,-1,-1,
-1,-1,-1,-1,-1,-1,-1,-1,-1,-1,-1,-1,-1,570,1342,-1,-1,-1,-1,-1,
-1,-1,-1,-1,-1,-1,-1,-1,-1,-1,-1,-1,-1,574,538,1455,-1,-1,-1,-1,
-1,-1,-1,-1,-1,-1,-1,-1,-1,-1,-1,-1,-1,581,1050,-1,-1,-1,-1,-1,
-1,-1,-1,-1,-1,-1,-1,-1,-1,-1,-1,-1,-1,586,930,-1,-1,-1,-1,-1,
-1,-1,-1,-1,-1,-1,-1,-1,-1,-1,-1,-1,-1,594,407,-1,816,-1,-1,-1,
-1,-1,-1,-1,-1,-1,-1,-1,-1,-1,-1,-1,-1,595,799,544,-1,-1,-1,-1,
-1,-1,-1,-1,-1,-1,-1,-1,-1,-1,-1,-1,-1,597,-1,-1,-1,-1,-1,1236,
-1,-1,-1,-1,-1,-1,-1,-1,-1,-1,-1,-1,-1,607,-1,346,-1,-1,-1,-1,
-1,-1,-1,-1,-1,-1,-1,-1,-1,-1,-1,-1,-1,609,1224,1757,-1,-1,-1,-1,
-1,-1,-1,-1,-1,-1,-1,-1,-1,-1,-1,-1,-1,620,1446,646,-1,-1,-1,-1,
-1,-1,-1,-1,-1,-1,-1,-1,-1,-1,-1,-1,-1,629,-1,-1,-1,-1,-1,416,
-1,-1,-1,-1,-1,-1,-1,-1,-1,-1,-1,-1,-1,643,1679,1357,-1,-1,-1,-1,
-1,-1,-1,-1,-1,-1,-1,-1,-1,-1,-1,-1,-1,657,-1,-1,-1,-1,-1,1310,
-1,-1,-1,-1,-1,-1,-1,-1,-1,-1,-1,-1,-1,666,699,-1,-1,-1,-1,-1,
-1,-1,-1,-1,-1,-1,-1,-1,-1,-1,-1,-1,-1,667,-1,-1,-1,-1,-1,1388,
-1,-1,-1,-1,-1,-1,-1,-1,-1,-1,-1,-1,-1,685,816,553,-1,-1,-1,-1,
-1,-1,-1,-1,-1,-1,-1,-1,-1,-1,-1,-1,-1,697,927,-1,-1,-1,-1,-1,
-1,-1,-1,-1,-1,-1,-1,-1,-1,-1,-1,-1,-1,700,881,-1,-1,-1,-1,-1,
-1,-1,-1,-1,-1,-1,-1,-1,-1,-1,-1,-1,-1,702,823,1477,302,-1,-1,-1,
-1,-1,-1,-1,-1,-1,-1,-1,-1,-1,-1,-1,-1,705,-1,-1,-1,1646,-1,-1,
-1,-1,-1,-1,-1,-1,-1,-1,-1,-1,-1,-1,-1,713,-1,-1,-1,-1,293,-1,
-1,-1,-1,-1,-1,-1,-1,-1,-1,-1,-1,-1,-1,714,-1,-1,1599,-1,-1,-1,
-1,-1,-1,-1,-1,-1,-1,-1,-1,-1,-1,-1,-1,715,1165,304,-1,-1,-1,-1,
-1,-1,-1,-1,-1,-1,-1,-1,-1,-1,-1,-1,-1,724,1287,-1,-1,-1,-1,-1,
-1,-1,-1,-1,-1,-1,-1,-1,-1,-1,-1,-1,-1,727,319,-1,-1,-1,-1,-1,
-1,-1,-1,-1,-1,-1,-1,-1,-1,-1,-1,-1,-1,733,871,-1,-1,-1,-1,-1,
-1,-1,-1,-1,-1,-1,-1,-1,-1,-1,-1,-1,-1,741,798,-1,-1,-1,-1,-1,
-1,-1,-1,-1,-1,-1,-1,-1,-1,-1,-1,-1,-1,750,1890,-1,-1,-1,-1,-1,
-1,-1,-1,-1,-1,-1,-1,-1,-1,-1,-1,-1,-1,754,1518,-1,-1,-1,-1,-1,
-1,-1,-1,-1,-1,-1,-1,-1,-1,-1,-1,-1,-1,762,-1,-1,1447,-1,-1,-1,
-1,-1,-1,-1,-1,-1,-1,-1,-1,-1,-1,-1,-1,770,-1,-1,1609,-1,-1,-1,
-1,-1,-1,-1,-1,-1,-1,-1,-1,-1,-1,-1,-1,786,-1,1184,-1,1770,-1,-1,
-1,-1,-1,-1,-1,-1,-1,-1,-1,-1,-1,-1,-1,807,866,-1,-1,-1,-1,-1,
-1,-1,-1,-1,-1,-1,-1,-1,-1,-1,-1,-1,-1,815,-1,-1,-1,-1,-1,809,
-1,-1,-1,-1,-1,-1,-1,-1,-1,-1,-1,-1,-1,830,332,-1,-1,1446,-1,-1,
-1,-1,-1,-1,-1,-1,-1,-1,-1,-1,-1,-1,-1,849,1035,-1,-1,-1,-1,-1,
-1,-1,-1,-1,-1,-1,-1,-1,-1,-1,-1,-1,-1,863,1509,-1,-1,-1,-1,-1,
-1,-1,-1,-1,-1,-1,-1,-1,-1,-1,-1,-1,-1,865,1074,-1,-1,-1,-1,-1,
-1,-1,-1,-1,-1,-1,-1,-1,-1,-1,-1,-1,-1,876,601,-1,-1,-1,-1,-1,
-1,-1,-1,-1,-1,-1,-1,-1,-1,-1,-1,-1,-1,883,1252,-1,-1,-1,-1,-1,
-1,-1,-1,-1,-1,-1,-1,-1,-1,-1,-1,-1,-1,889,-1,1226,1372,-1,-1,-1,
-1,-1,-1,-1,-1,-1,-1,-1,-1,-1,-1,-1,-1,893,1158,-1,-1,-1,-1,-1,
-1,-1,-1,-1,-1,-1,-1,-1,-1,-1,-1,-1,-1,898,-1,-1,-1,-1,529,-1,
-1,-1,-1,-1,-1,-1,-1,-1,-1,-1,-1,-1,-1,900,488,-1,-1,-1,-1,-1,
-1,-1,-1,-1,-1,-1,-1,-1,-1,-1,-1,-1,-1,914,931,-1,-1,-1,-1,-1,
-1,-1,-1,-1,-1,-1,-1,-1,-1,-1,-1,-1,-1,918,2085,1518,-1,-1,-1,-1,
-1,-1,-1,-1,-1,-1,-1,-1,-1,-1,-1,-1,-1,922,-1,-1,-1,785,-1,-1,
-1,-1,-1,-1,-1,-1,-1,-1,-1,-1,-1,-1,-1,925,-1,-1,-1,-1,-1,1554,
-1,-1,-1,-1,-1,-1,-1,-1,-1,-1,-1,-1,-1,926,1685,-1,-1,2788,1170,1704,
-1,-1,-1,-1,-1,-1,-1,-1,-1,-1,-1,-1,-1,944,-1,-1,-1,1140,-1,-1,
-1,-1,-1,-1,-1,-1,-1,-1,-1,-1,-1,-1,-1,956,2118,-1,-1,-1,-1,-1,
-1,-1,-1,-1,-1,-1,-1,-1,-1,-1,-1,-1,-1,957,814,-1,-1,-1,-1,-1,
-1,-1,-1,-1,-1,-1,-1,-1,-1,-1,-1,-1,-1,959,1638,-1,-1,-1,-1,-1,
-1,-1,-1,-1,-1,-1,-1,-1,-1,-1,-1,-1,-1,964,-1,-1,-1,1474,-1,-1,
-1,-1,-1,-1,-1,-1,-1,-1,-1,-1,-1,-1,-1,968,1884,-1,-1,-1,-1,-1,
-1,-1,-1,-1,-1,-1,-1,-1,-1,-1,-1,-1,-1,975,-1,-1,-1,-1,-1,1467,
-1,-1,-1,-1,-1,-1,-1,-1,-1,-1,-1,-1,-1,976,773,1740,-1,-1,-1,-1,
-1,-1,-1,-1,-1,-1,-1,-1,-1,-1,-1,-1,-1,1000,412,-1,-1,-1,-1,-1,
-1,-1,-1,-1,-1,-1,-1,-1,-1,-1,-1,-1,-1,1026,-1,-1,-1,-1,1294,-1,
-1,-1,-1,-1,-1,-1,-1,-1,-1,-1,-1,-1,-1,1029,748,1945,-1,-1,-1,-1,
-1,-1,-1,-1,-1,-1,-1,-1,-1,-1,-1,-1,-1,1039,2422,-1,-1,-1,-1,-1,
-1,-1,-1,-1,-1,-1,-1,-1,-1,-1,-1,-1,-1,1042,-1,-1,-1,-1,1587,-1,
-1,-1,-1,-1,-1,-1,-1,-1,-1,-1,-1,-1,-1,1065,2134,-1,-1,-1,-1,-1,
-1,-1,-1,-1,-1,-1,-1,-1,-1,-1,-1,-1,-1,1097,-1,-1,-1,-1,-1,1504,
-1,-1,-1,-1,-1,-1,-1,-1,-1,-1,-1,-1,-1,1100,-1,869,-1,-1,-1,-1,
-1,-1,-1,-1,-1,-1,-1,-1,-1,-1,-1,-1,-1,1108,-1,-1,-1,-1,2024,-1,
-1,-1,-1,-1,-1,-1,-1,-1,-1,-1,-1,-1,-1,1118,705,927,-1,-1,-1,-1,
-1,-1,-1,-1,-1,-1,-1,-1,-1,-1,-1,-1,-1,1121,721,-1,-1,-1,-1,-1,
-1,-1,-1,-1,-1,-1,-1,-1,-1,-1,-1,-1,-1,1128,-1,-1,-1,1320,-1,-1,
-1,-1,-1,-1,-1,-1,-1,-1,-1,-1,-1,-1,-1,1143,1223,-1,-1,-1,-1,-1,
-1,-1,-1,-1,-1,-1,-1,-1,-1,-1,-1,-1,-1,1154,-1,-1,2542,-1,-1,-1,
-1,-1,-1,-1,-1,-1,-1,-1,-1,-1,-1,-1,-1,1156,-1,1720,-1,-1,-1,-1,
-1,-1,-1,-1,-1,-1,-1,-1,-1,-1,-1,-1,-1,1164,1656,-1,-1,-1,-1,-1,
-1,-1,-1,-1,-1,-1,-1,-1,-1,-1,-1,-1,-1,1169,1790,726,-1,-1,-1,-1,
-1,-1,-1,-1,-1,-1,-1,-1,-1,-1,-1,-1,-1,1182,-1,-1,-1,-1,-1,1280,
-1,-1,-1,-1,-1,-1,-1,-1,-1,-1,-1,-1,-1,1189,-1,1701,-1,-1,-1,-1,
-1,-1,-1,-1,-1,-1,-1,-1,-1,-1,-1,-1,-1,1217,2397,-1,-1,741,-1,-1,
-1,-1,-1,-1,-1,-1,-1,-1,-1,-1,-1,-1,-1,1223,-1,-1,-1,-1,1597,1772,
-1,-1,-1,-1,-1,-1,-1,-1,-1,-1,-1,-1,-1,1225,-1,2026,1985,-1,-1,975,
-1,-1,-1,-1,-1,-1,-1,-1,-1,-1,-1,-1,-1,1242,-1,-1,-1,1145,-1,1629,
-1,-1,-1,-1,-1,-1,-1,-1,-1,-1,-1,-1,-1,1244,-1,-1,2404,-1,-1,-1,
-1,-1,-1,-1,-1,-1,-1,-1,-1,-1,-1,-1,-1,1246,2089,-1,-1,-1,-1,2200,
-1,-1,-1,-1,-1,-1,-1,-1,-1,-1,-1,-1,-1,1251,2436,-1,-1,-1,-1,-1,
-1,-1,-1,-1,-1,-1,-1,-1,-1,-1,-1,-1,-1,1253,2478,-1,1158,1614,-1,-1,
-1,-1,-1,-1,-1,-1,-1,-1,-1,-1,-1,-1,-1,1255,-1,1253,-1,-1,1206,-1,
-1,-1,-1,-1,-1,-1,-1,-1,-1,-1,-1,-1,-1,1260,1450,-1,-1,-1,-1,-1,
-1,-1,-1,-1,-1,-1,-1,-1,-1,2418,-1,-1,-1,1270,1061,-1,-1,869,-1,601,
-1,-1,-1,-1,-1,-1,-1,-1,-1,-1,-1,-1,-1,1271,-1,692,-1,-1,-1,-1,
-1,-1,-1,-1,-1,-1,-1,-1,-1,-1,-1,-1,-1,1281,1239,-1,-1,-1,-1,-1,
-1,-1,-1,-1,-1,-1,-1,-1,-1,-1,-1,-1,-1,1284,2036,-1,-1,-1,-1,-1,
-1,-1,-1,-1,-1,-1,-1,-1,-1,-1,-1,-1,-1,1297,-1,1362,-1,-1,-1,-1,
-1,-1,665,-1,-1,-1,-1,-1,-1,-1,-1,-1,-1,1299,1934,-1,-1,-1,-1,-1,
-1,-1,-1,-1,-1,-1,-1,-1,-1,-1,-1,-1,-1,1304,2677,-1,-1,-1,-1,-1,
-1,-1,-1,-1,-1,-1,-1,-1,-1,-1,-1,-1,-1,1305,-1,622,-1,-1,-1,-1,
-1,-1,-1,-1,-1,-1,-1,-1,-1,-1,-1,-1,-1,1310,-1,-1,-1,1740,-1,-1,
-1,-1,-1,-1,-1,-1,-1,-1,-1,-1,-1,-1,-1,1319,1548,973,-1,-1,-1,-1,
-1,-1,-1,-1,-1,-1,-1,-1,-1,-1,-1,-1,-1,1321,815,-1,-1,-1,-1,-1,
-1,-1,-1,-1,-1,-1,-1,-1,-1,-1,-1,-1,-1,1324,-1,-1,-1,-1,-1,699,
-1,-1,-1,-1,-1,-1,-1,-1,-1,-1,-1,-1,-1,1333,-1,2301,-1,1013,-1,-1,
-1,-1,-1,-1,-1,-1,-1,-1,-1,-1,-1,-1,-1,1339,2319,-1,-1,-1,-1,-1,
-1,-1,-1,-1,-1,-1,-1,-1,-1,-1,-1,-1,-1,1340,1297,-1,-1,-1,-1,-1,
-1,-1,-1,-1,-1,-1,-1,-1,-1,-1,-1,-1,-1,1345,1275,-1,-1,-1,-1,-1,
-1,-1,-1,-1,-1,-1,-1,-1,-1,-1,-1,-1,-1,1351,-1,-1,-1,2091,-1,-1,
-1,-1,-1,-1,-1,-1,-1,-1,-1,-1,-1,-1,-1,1385,2024,2832,-1,1804,-1,-1,
-1,-1,-1,-1,-1,-1,-1,-1,-1,-1,-1,-1,-1,1387,2906,-1,-1,-1,-1,-1,
-1,-1,-1,-1,-1,-1,-1,-1,-1,-1,-1,-1,-1,1395,-1,1485,-1,-1,-1,-1,
-1,-1,-1,-1,-1,-1,-1,-1,-1,-1,-1,-1,-1,1399,2159,-1,920,-1,-1,-1,
-1,-1,-1,-1,-1,-1,-1,-1,-1,-1,-1,-1,-1,1411,1290,878,-1,-1,-1,-1,
-1,-1,-1,-1,-1,-1,-1,-1,-1,-1,-1,-1,-1,1413,-1,-1,1052,-1,-1,-1,
-1,-1,-1,-1,-1,-1,-1,-1,-1,-1,-1,-1,-1,1415,-1,-1,-1,-1,1507,-1,
-1,-1,-1,-1,-1,-1,-1,-1,-1,-1,-1,-1,-1,1420,1448,-1,-1,-1,-1,-1,
-1,-1,-1,-1,-1,-1,-1,-1,-1,-1,-1,-1,-1,1429,724,1235,-1,-1,-1,-1,
-1,-1,-1,-1,-1,-1,-1,-1,-1,-1,-1,-1,-1,1446,-1,-1,-1,-1,883,-1,
-1,-1,-1,-1,-1,-1,-1,-1,-1,-1,-1,-1,-1,1450,-1,1590,-1,873,-1,-1,
-1,-1,-1,-1,-1,-1,-1,-1,-1,-1,-1,-1,-1,1452,-1,-1,-1,-1,-1,1503,
-1,-1,-1,-1,-1,-1,-1,-1,-1,-1,-1,-1,-1,1454,727,-1,-1,-1,981,-1,
-1,-1,-1,-1,-1,-1,-1,-1,-1,-1,-1,-1,-1,1464,2092,-1,-1,-1,-1,-1,
-1,-1,-1,-1,-1,-1,-1,-1,-1,-1,-1,-1,-1,1467,2813,-1,-1,-1,-1,-1,
-1,-1,-1,-1,-1,-1,-1,-1,-1,-1,-1,-1,-1,1475,524,804,-1,-1,-1,-1,
-1,-1,-1,-1,-1,-1,-1,-1,-1,-1,-1,-1,-1,1477,2207,1957,-1,-1,-1,-1,
-1,-1,-1,-1,-1,-1,-1,-1,-1,-1,-1,-1,-1,1487,1980,-1,2737,-1,-1,-1,
-1,-1,-1,-1,-1,-1,-1,-1,-1,-1,-1,-1,-1,1492,2517,-1,-1,-1,-1,-1,
-1,-1,-1,-1,-1,-1,-1,-1,-1,-1,-1,-1,-1,1494,-1,1973,-1,-1,-1,-1,
-1,-1,-1,-1,-1,-1,-1,-1,-1,-1,-1,-1,-1,1496,1598,1712,658,-1,-1,1481,
-1,-1,-1,-1,-1,-1,-1,-1,-1,-1,-1,-1,-1,1511,809,-1,-1,-1,-1,-1,
-1,-1,-1,-1,-1,-1,-1,-1,-1,-1,-1,-1,-1,1514,-1,737,-1,-1,-1,-1,
-1,-1,-1,-1,-1,-1,-1,-1,-1,-1,-1,-1,-1,1528,1600,-1,-1,-1,-1,-1,
-1,-1,-1,-1,-1,-1,-1,-1,-1,-1,-1,-1,-1,1535,1743,-1,-1,-1,1940,-1,
-1,-1,-1,-1,-1,-1,-1,-1,-1,-1,-1,-1,-1,1536,-1,-1,-1,-1,-1,1218,
-1,-1,-1,-1,-1,-1,-1,-1,-1,-1,-1,-1,-1,1544,-1,2810,-1,-1,-1,-1,
-1,-1,-1,-1,-1,-1,-1,-1,-1,-1,-1,-1,-1,1551,1560,2479,-1,-1,-1,-1,
-1,-1,-1,-1,-1,-1,-1,-1,-1,-1,-1,-1,-1,1554,-1,1431,-1,-1,-1,-1,
-1,-1,-1,-1,-1,-1,-1,-1,-1,-1,-1,-1,-1,1564,1563,2261,1206,-1,-1,-1,
-1,-1,-1,-1,-1,-1,-1,-1,-1,-1,-1,-1,-1,1581,-1,2049,-1,-1,-1,-1,
-1,-1,-1,-1,-1,-1,-1,-1,-1,-1,-1,-1,-1,1586,-1,-1,-1,-1,2084,-1,
-1,-1,-1,-1,-1,-1,-1,-1,-1,-1,-1,-1,-1,1593,2099,-1,-1,-1,-1,-1,
-1,-1,-1,-1,-1,-1,-1,-1,-1,-1,-1,-1,-1,1602,-1,-1,1143,-1,1042,-1,
-1,-1,-1,-1,-1,-1,-1,-1,-1,-1,-1,-1,-1,1628,-1,-1,-1,-1,-1,1304,
-1,-1,-1,-1,-1,-1,-1,-1,-1,-1,-1,-1,-1,1646,-1,-1,-1,2033,-1,-1,
-1,-1,-1,-1,-1,-1,-1,-1,-1,-1,-1,-1,-1,1670,-1,-1,-1,-1,-1,1202,
-1,-1,-1,-1,-1,-1,-1,-1,-1,-1,-1,1017,-1,1672,-1,2738,-1,-1,-1,-1,
-1,-1,-1,-1,-1,-1,-1,-1,-1,-1,-1,-1,-1,1675,-1,-1,-1,-1,1740,-1,
-1,-1,-1,-1,-1,-1,-1,-1,-1,-1,-1,-1,-1,1684,1384,-1,-1,-1,-1,-1,
-1,-1,-1,-1,-1,-1,-1,-1,-1,-1,-1,-1,-1,1685,-1,-1,-1,-1,-1,1308,
-1,-1,-1,-1,-1,-1,-1,-1,-1,-1,-1,-1,-1,1697,1672,-1,-1,-1,-1,-1,
-1,-1,-1,-1,-1,-1,-1,-1,-1,-1,-1,-1,-1,1698,2049,-1,-1,-1,-1,-1,
-1,-1,-1,-1,-1,-1,-1,-1,-1,-1,-1,-1,-1,1700,-1,2453,-1,-1,-1,-1,
-1,-1,-1,-1,-1,-1,-1,-1,-1,-1,-1,-1,-1,1714,-1,-1,-1,-1,1840,-1,
-1,-1,-1,-1,-1,-1,-1,-1,-1,-1,-1,-1,-1,1717,-1,-1,2178,2224,1670,1715,
-1,-1,-1,-1,-1,-1,-1,-1,-1,-1,-1,-1,-1,1721,-1,1081,-1,-1,-1,-1,
-1,-1,-1,-1,-1,-1,-1,-1,-1,-1,-1,-1,-1,1726,1762,-1,2539,-1,-1,-1,
-1,-1,-1,-1,-1,-1,-1,-1,-1,-1,-1,-1,-1,1727,1055,-1,-1,-1,-1,-1,
-1,-1,-1,-1,-1,-1,-1,-1,-1,-1,-1,-1,-1,1749,2482,-1,-1,-1,-1,-1,
-1,-1,-1,-1,-1,-1,-1,-1,-1,-1,-1,-1,-1,1751,2880,2509,-1,2745,-1,-1,
-1,-1,-1,-1,-1,-1,-1,-1,-1,-1,-1,-1,-1,1757,902,-1,-1,-1,1511,1300,
-1,-1,-1,-1,-1,-1,-1,-1,-1,-1,-1,-1,-1,1758,2325,-1,-1,-1,-1,-1,
-1,-1,-1,-1,-1,-1,-1,-1,-1,-1,-1,-1,-1,1762,-1,1261,-1,-1,-1,-1,
-1,-1,-1,-1,-1,-1,-1,-1,-1,-1,-1,-1,-1,1763,1539,-1,-1,-1,-1,-1,
-1,-1,-1,-1,-1,-1,-1,-1,-1,-1,-1,-1,-1,1803,2583,2100,-1,-1,-1,-1,
-1,-1,-1,-1,-1,-1,-1,-1,-1,-1,-1,-1,-1,1809,-1,-1,2139,-1,-1,-1,
-1,-1,-1,-1,-1,-1,-1,-1,-1,-1,-1,-1,-1,1824,-1,1370,-1,-1,-1,-1,
-1,-1,-1,-1,-1,-1,-1,-1,-1,-1,-1,-1,-1,1828,953,-1,-1,-1,-1,-1,
-1,-1,-1,-1,-1,-1,-1,-1,-1,-1,-1,-1,-1,1848,-1,915,-1,-1,-1,1773,
-1,-1,-1,-1,-1,-1,-1,-1,-1,-1,-1,-1,-1,1852,-1,-1,-1,-1,2165,2149,
-1,-1,-1,-1,-1,-1,-1,-1,-1,-1,-1,-1,-1,1860,2050,-1,-1,-1,-1,-1,
-1,-1,-1,-1,-1,-1,-1,-1,-1,-1,-1,-1,-1,1876,-1,-1,-1,-1,1024,1248,
-1,-1,-1,-1,-1,-1,-1,-1,-1,-1,-1,-1,-1,1882,1772,-1,-1,-1,-1,-1,
-1,-1,-1,-1,-1,-1,-1,-1,-1,-1,-1,-1,-1,1888,-1,-1,-1,-1,-1,2402,
-1,-1,-1,-1,-1,-1,-1,-1,-1,-1,-1,-1,-1,1893,-1,-1,2783,-1,-1,-1,
-1,-1,-1,-1,-1,-1,-1,-1,-1,-1,-1,-1,-1,1899,-1,-1,-1,-1,-1,2249,
-1,-1,-1,-1,-1,-1,-1,-1,-1,-1,-1,-1,-1,1900,-1,-1,-1,-1,-1,2105,
-1,-1,-1,-1,-1,-1,-1,-1,-1,-1,-1,-1,-1,1904,2633,-1,-1,-1,-1,-1,
-1,-1,-1,-1,-1,-1,-1,-1,-1,-1,-1,-1,-1,1905,-1,1195,-1,-1,-1,-1,
-1,-1,-1,-1,-1,-1,-1,-1,-1,-1,-1,-1,-1,1908,2014,1487,-1,-1,-1,-1,
-1,-1,-1,-1,-1,-1,-1,-1,-1,-1,-1,-1,-1,1913,-1,-1,-1,-1,-1,2917,
-1,-1,-1,-1,-1,-1,-1,-1,-1,-1,-1,-1,-1,1915,2950,-1,-1,-1,-1,-1,
-1,-1,-1,-1,-1,-1,-1,-1,-1,-1,-1,-1,-1,1920,-1,-1,1404,-1,-1,-1,
-1,-1,-1,-1,-1,-1,-1,-1,-1,-1,-1,-1,-1,1926,2660,-1,-1,-1,-1,-1,
-1,-1,-1,-1,-1,-1,-1,-1,-1,-1,-1,-1,-1,1939,1927,-1,-1,-1,-1,-1,
-1,-1,-1,-1,-1,-1,-1,-1,-1,-1,-1,-1,-1,1949,1447,-1,-1,-1,-1,-1,
-1,-1,-1,-1,-1,-1,-1,-1,-1,-1,-1,-1,-1,1951,1065,-1,-1,-1,-1,-1,
-1,-1,-1,-1,-1,-1,-1,-1,-1,-1,-1,-1,-1,1955,-1,-1,-1,1076,-1,-1,
-1,-1,-1,-1,-1,-1,-1,-1,-1,-1,-1,-1,-1,1965,2081,-1,-1,-1,-1,-1,
-1,-1,-1,-1,-1,-1,-1,-1,-1,-1,-1,-1,-1,1973,2097,-1,-1,-1,-1,-1,
-1,-1,-1,-1,-1,-1,-1,-1,-1,-1,-1,-1,-1,2020,-1,1983,-1,-1,-1,-1,
-1,-1,-1,-1,-1,-1,-1,-1,-1,-1,-1,-1,-1,2030,-1,-1,-1,-1,986,-1,
-1,-1,-1,-1,-1,-1,-1,-1,-1,-1,-1,-1,-1,2031,2178,-1,-1,-1,-1,-1,
-1,-1,-1,-1,-1,-1,-1,-1,-1,-1,-1,-1,-1,2038,2687,-1,-1,-1,-1,-1,
-1,-1,-1,-1,-1,-1,-1,-1,-1,-1,-1,-1,-1,2043,1835,-1,-1,-1,-1,-1,
-1,-1,-1,-1,-1,-1,-1,-1,-1,-1,-1,-1,-1,2050,-1,-1,-1,2378,-1,1470,
-1,-1,-1,-1,-1,-1,-1,-1,-1,-1,-1,-1,-1,2055,-1,-1,2616,-1,-1,-1,
-1,-1,-1,-1,-1,-1,-1,-1,-1,-1,-1,-1,-1,2069,-1,-1,-1,2021,-1,-1,
-1,-1,-1,-1,-1,-1,-1,-1,-1,-1,-1,-1,-1,2084,1881,2622,-1,-1,-1,-1,
-1,-1,-1,-1,-1,-1,-1,-1,-1,-1,-1,-1,-1,2086,-1,2887,-1,-1,-1,-1,
-1,-1,-1,-1,-1,-1,-1,-1,-1,-1,-1,-1,-1,2113,2661,-1,-1,-1,-1,-1,
-1,-1,-1,-1,-1,-1,-1,-1,-1,-1,-1,-1,-1,2125,1744,-1,-1,-1,-1,-1,
-1,-1,-1,-1,-1,-1,-1,-1,-1,-1,-1,-1,-1,2148,2588,-1,-1,-1,-1,-1,
-1,-1,-1,-1,-1,-1,-1,-1,-1,-1,-1,-1,-1,2149,-1,2625,-1,-1,-1,-1,
-1,-1,-1,-1,-1,-1,-1,-1,-1,-1,-1,-1,-1,2164,1636,-1,-1,-1,-1,-1,
-1,-1,-1,-1,-1,-1,-1,-1,-1,-1,-1,-1,-1,2171,1895,-1,-1,-1,-1,-1,
-1,-1,-1,-1,-1,-1,-1,-1,-1,-1,-1,-1,-1,2174,1917,-1,1416,-1,-1,-1,
-1,-1,-1,-1,-1,-1,-1,-1,-1,-1,-1,-1,-1,2181,-1,1337,-1,-1,-1,-1,
-1,-1,-1,-1,-1,-1,-1,-1,-1,-1,-1,-1,-1,2193,2881,-1,1949,-1,-1,-1,
-1,-1,-1,-1,-1,-1,-1,-1,-1,-1,-1,-1,-1,2206,-1,-1,2793,-1,-1,-1,
-1,-1,-1,-1,-1,-1,-1,-1,-1,-1,-1,-1,-1,2218,1709,-1,-1,-1,-1,-1,
-1,-1,-1,-1,-1,-1,-1,-1,-1,-1,-1,-1,-1,2245,2355,-1,-1,-1,-1,-1,
-1,-1,-1,-1,-1,-1,-1,-1,-1,-1,-1,-1,-1,2250,-1,1879,-1,-1,-1,-1,
-1,-1,-1,-1,-1,-1,-1,-1,-1,-1,-1,-1,-1,2261,2416,2130,-1,-1,-1,-1,
-1,-1,-1,-1,-1,-1,-1,-1,-1,-1,-1,-1,-1,2265,-1,-1,-1,-1,2146,2341,
-1,-1,-1,-1,-1,-1,-1,-1,-1,-1,-1,-1,-1,2274,-1,-1,-1,1826,-1,-1,
-1,-1,-1,-1,-1,-1,-1,-1,-1,-1,-1,-1,-1,2285,1103,1893,-1,-1,-1,-1,
-1,-1,-1,-1,-1,-1,-1,-1,-1,-1,-1,-1,-1,2325,1791,-1,-1,-1,-1,-1,
-1,-1,-1,-1,-1,-1,-1,-1,-1,-1,-1,-1,-1,2329,2004,-1,-1,-1,-1,-1,
-1,-1,-1,-1,-1,-1,-1,-1,-1,-1,-1,-1,-1,2330,2344,2178,-1,-1,-1,-1,
-1,-1,-1,-1,-1,-1,-1,-1,-1,-1,-1,-1,-1,2340,1188,-1,-1,-1,-1,-1,
-1,-1,-1,-1,-1,-1,-1,-1,-1,-1,-1,-1,-1,2341,-1,-1,-1,-1,-1,2258,
-1,-1,-1,-1,-1,-1,-1,-1,-1,-1,-1,-1,-1,2353,2168,2439,-1,-1,-1,-1,
-1,-1,-1,-1,-1,-1,-1,-1,-1,-1,-1,-1,-1,2355,-1,-1,-1,1290,-1,-1,
-1,-1,-1,-1,-1,-1,-1,-1,-1,-1,-1,-1,-1,2368,-1,-1,1940,2174,-1,-1,
-1,-1,-1,-1,-1,-1,-1,-1,-1,-1,-1,-1,-1,2380,-1,-1,1477,-1,-1,-1,
-1,-1,-1,-1,-1,-1,-1,-1,-1,-1,-1,-1,-1,2388,-1,-1,-1,-1,-1,1496,
-1,-1,-1,-1,-1,-1,-1,-1,-1,-1,-1,-1,-1,2390,-1,1215,1691,-1,-1,-1,
-1,-1,-1,-1,-1,-1,-1,-1,-1,-1,-1,-1,-1,2392,-1,1773,-1,-1,-1,-1,
-1,-1,-1,-1,-1,-1,-1,-1,-1,-1,-1,-1,-1,2397,-1,2343,-1,-1,-1,-1,
-1,-1,-1,-1,-1,-1,-1,-1,-1,-1,-1,-1,-1,2398,1517,-1,-1,-1,-1,-1,
-1,-1,-1,-1,-1,-1,-1,-1,-1,-1,-1,-1,-1,2405,-1,-1,-1,1259,-1,-1,
-1,-1,-1,-1,-1,-1,-1,-1,-1,-1,-1,-1,-1,2408,-1,-1,-1,1751,-1,-1,
2237,-1,-1,-1,-1,-1,-1,-1,-1,-1,-1,-1,-1,2428,-1,-1,-1,-1,-1,-1,
-1,-1,-1,-1,-1,-1,-1,-1,-1,-1,-1,-1,-1,2436,-1,2880,-1,-1,-1,-1,
-1,-1,-1,-1,-1,-1,-1,-1,-1,-1,-1,-1,-1,2443,2150,-1,-1,-1,-1,-1,
-1,-1,-1,-1,-1,-1,-1,-1,-1,-1,-1,-1,-1,2447,-1,1818,-1,-1,-1,-1,
-1,-1,-1,-1,-1,-1,-1,-1,-1,-1,-1,-1,-1,2481,-1,-1,-1,1287,1772,-1,
-1,-1,-1,-1,-1,-1,-1,-1,-1,-1,-1,-1,-1,2484,-1,-1,2592,-1,-1,-1,
-1,-1,-1,-1,-1,-1,-1,-1,-1,-1,-1,-1,-1,2497,1693,1478,-1,-1,-1,-1,
-1,-1,-1,-1,-1,-1,-1,-1,-1,-1,-1,-1,-1,2502,2613,-1,-1,-1,-1,-1,
-1,-1,-1,-1,-1,-1,-1,-1,-1,-1,-1,-1,-1,2510,-1,-1,2391,-1,-1,-1,
-1,-1,-1,-1,-1,-1,-1,-1,-1,-1,-1,-1,-1,2513,-1,-1,-1,-1,1608,-1,
-1,-1,-1,-1,-1,-1,-1,-1,-1,-1,-1,-1,-1,2529,2537,1870,-1,-1,-1,-1,
-1,-1,-1,-1,-1,-1,-1,-1,-1,-1,-1,-1,-1,2545,-1,-1,-1,-1,-1,2878,
-1,-1,-1,-1,-1,-1,-1,-1,-1,-1,-1,-1,-1,2549,-1,-1,-1,-1,-1,1746,
-1,-1,-1,-1,-1,-1,-1,-1,-1,-1,-1,-1,-1,2560,1945,1278,-1,-1,-1,-1,
-1,-1,-1,-1,-1,-1,-1,-1,-1,-1,-1,-1,-1,2596,-1,2266,-1,-1,-1,-1,
-1,-1,-1,-1,-1,-1,-1,-1,-1,-1,-1,-1,-1,2610,-1,-1,-1,-1,2753,-1,
-1,-1,-1,-1,-1,-1,-1,-1,-1,-1,-1,-1,-1,2612,2814,-1,-1,-1,-1,-1,
-1,-1,-1,-1,-1,-1,-1,-1,-1,-1,-1,-1,-1,2637,-1,-1,-1,1756,-1,-1,
-1,-1,-1,-1,-1,-1,-1,-1,-1,-1,-1,-1,-1,2639,1302,1334,-1,-1,-1,-1,
-1,-1,-1,-1,-1,-1,-1,-1,-1,-1,-1,-1,-1,2659,-1,-1,-1,-1,-1,2664,
-1,-1,-1,-1,-1,-1,-1,-1,-1,-1,-1,-1,-1,2671,-1,1473,-1,-1,-1,-1,
-1,-1,-1,-1,-1,-1,-1,-1,-1,-1,-1,-1,-1,2677,-1,-1,-1,1914,-1,-1,
-1,-1,-1,-1,-1,-1,-1,-1,-1,-1,-1,-1,-1,2686,2334,-1,-1,-1,-1,-1,
-1,-1,-1,-1,-1,-1,-1,-1,-1,-1,-1,-1,-1,2703,2540,1946,-1,-1,-1,-1,
-1,-1,-1,-1,-1,-1,-1,-1,1095,-1,-1,-1,-1,2717,-1,1569,-1,-1,-1,-1,
-1,-1,-1,-1,-1,-1,-1,-1,-1,-1,-1,-1,-1,2720,2627,-1,-1,-1,-1,-1,
-1,-1,-1,-1,-1,-1,-1,-1,-1,-1,-1,-1,-1,2740,-1,-1,-1,-1,-1,2799,
-1,-1,-1,-1,-1,-1,-1,-1,-1,-1,-1,-1,-1,2747,-1,1340,-1,-1,-1,-1,
-1,-1,-1,-1,-1,-1,-1,-1,-1,-1,-1,-1,-1,2759,1593,-1,-1,-1,-1,-1,
-1,-1,-1,-1,-1,-1,-1,-1,-1,-1,-1,-1,-1,2796,2338,-1,-1,-1,-1,-1,
-1,-1,-1,-1,-1,-1,-1,-1,-1,-1,-1,-1,-1,2808,-1,-1,2798,-1,-1,-1,
-1,-1,-1,-1,-1,-1,-1,-1,-1,-1,-1,-1,-1,2821,-1,-1,-1,1762,-1,-1,
-1,-1,-1,-1,-1,-1,-1,-1,-1,-1,-1,-1,-1,2830,1970,-1,-1,-1,-1,-1,
-1,-1,-1,-1,-1,-1,-1,-1,-1,-1,-1,-1,-1,2834,-1,-1,2239,2393,-1,2304,
-1,-1,-1,-1,-1,-1,-1,-1,-1,-1,-1,-1,-1,2872,-1,-1,-1,2826,2824,-1,
-1,-1,-1,-1,-1,-1,-1,-1,-1,-1,-1,-1,-1,2886,1639,-1,-1,-1,-1,-1,
-1,-1,-1,-1,-1,-1,-1,-1,-1,-1,-1,-1,-1,-1,16,25,-1,-1,-1,-1,
-1,-1,-1,-1,-1,-1,-1,-1,-1,-1,-1,-1,-1,-1,17,58,-1,-1,-1,-1,
-1,-1,-1,-1,-1,-1,-1,-1,-1,-1,-1,-1,-1,-1,19,-1,18,-1,-1,-1,
-1,-1,-1,-1,-1,-1,-1,-1,-1,-1,-1,-1,-1,-1,22,-1,-1,-1,-1,22,
-1,-1,-1,-1,-1,-1,-1,-1,-1,-1,-1,-1,-1,-1,26,1,-1,-1,-1,-1,
-1,-1,-1,-1,-1,-1,-1,-1,-1,-1,-1,-1,-1,-1,28,59,-1,-1,-1,-1,
-1,-1,-1,-1,-1,-1,-1,-1,-1,94,-1,-1,-1,-1,35,-1,11,-1,-1,-1,
-1,-1,-1,-1,-1,-1,-1,-1,-1,-1,-1,-1,-1,-1,83,-1,-1,42,-1,-1,
-1,-1,-1,-1,-1,-1,-1,-1,-1,-1,-1,-1,-1,-1,86,56,69,-1,-1,-1,
-1,-1,-1,-1,-1,-1,-1,-1,-1,-1,-1,-1,-1,-1,97,-1,86,-1,-1,-1,
-1,-1,-1,-1,-1,-1,-1,-1,-1,-1,-1,-1,-1,-1,106,24,-1,48,-1,-1,
-1,-1,-1,-1,-1,-1,-1,-1,-1,-1,-1,-1,-1,-1,108,88,82,58,-1,-1,
-1,-1,-1,-1,-1,-1,-1,-1,-1,-1,-1,-1,-1,-1,126,-1,377,-1,-1,-1,
-1,-1,-1,-1,-1,-1,-1,-1,-1,-1,-1,-1,-1,-1,132,146,-1,-1,-1,-1,
-1,-1,-1,-1,-1,-1,-1,-1,-1,-1,-1,-1,-1,529,134,286,-1,-1,-1,-1,
-1,-1,-1,-1,-1,-1,-1,-1,-1,-1,-1,-1,-1,-1,135,-1,-1,-1,349,-1,
-1,-1,-1,-1,-1,-1,-1,-1,-1,-1,-1,-1,-1,-1,137,303,244,-1,-1,-1,
-1,-1,-1,-1,-1,-1,-1,-1,-1,-1,-1,-1,-1,-1,145,-1,-1,-1,-1,336,
-1,-1,-1,-1,-1,-1,-1,-1,-1,-1,-1,-1,-1,-1,160,235,-1,-1,-1,110,
-1,-1,-1,-1,-1,-1,-1,-1,-1,-1,-1,-1,-1,-1,161,-1,74,-1,-1,-1,
-1,-1,-1,-1,-1,-1,-1,-1,-1,-1,-1,-1,-1,-1,164,181,84,-1,-1,-1,
-1,-1,-1,-1,-1,-1,-1,-1,-1,-1,-1,-1,-1,-1,211,-1,-1,-1,-1,315,
-1,-1,-1,-1,-1,-1,-1,-1,-1,-1,-1,-1,-1,-1,226,413,-1,-1,-1,-1,
-1,-1,-1,-1,-1,-1,-1,-1,-1,-1,-1,-1,-1,-1,234,-1,-1,-1,-1,676,
-1,-1,-1,-1,-1,-1,-1,-1,-1,-1,-1,-1,-1,-1,239,358,-1,-1,-1,-1,
-1,-1,-1,-1,-1,-1,-1,-1,-1,-1,-1,-1,-1,-1,253,309,-1,-1,-1,-1,
-1,-1,-1,-1,-1,-1,-1,-1,-1,-1,-1,-1,-1,-1,255,212,-1,-1,-1,-1,
-1,-1,-1,-1,-1,-1,-1,-1,-1,-1,-1,-1,-1,-1,281,-1,-1,192,376,208,
-1,-1,-1,-1,-1,-1,-1,-1,-1,-1,-1,-1,-1,-1,289,-1,-1,-1,562,981,
-1,-1,-1,-1,-1,-1,-1,-1,-1,-1,-1,-1,-1,-1,292,363,-1,-1,-1,-1,
-1,-1,-1,-1,-1,-1,-1,-1,-1,-1,-1,-1,-1,-1,298,493,-1,-1,-1,-1,
-1,-1,-1,-1,-1,-1,-1,-1,-1,-1,-1,-1,-1,-1,316,369,-1,-1,-1,-1,
-1,-1,-1,-1,-1,-1,-1,-1,-1,-1,-1,-1,-1,-1,323,795,860,-1,-1,-1,
-1,-1,-1,-1,-1,-1,-1,-1,-1,-1,-1,-1,-1,-1,353,400,-1,-1,-1,-1,
-1,-1,-1,-1,-1,-1,-1,-1,-1,-1,-1,-1,-1,-1,356,-1,-1,237,-1,798,
-1,-1,-1,-1,-1,-1,-1,-1,-1,-1,-1,-1,-1,-1,362,-1,-1,-1,-1,922,
-1,-1,-1,-1,-1,-1,-1,-1,-1,-1,-1,-1,-1,-1,365,-1,357,-1,-1,-1,
-1,-1,-1,-1,-1,-1,-1,-1,-1,-1,-1,-1,-1,-1,367,338,-1,-1,-1,-1,
-1,-1,-1,-1,-1,-1,-1,-1,-1,-1,-1,-1,-1,-1,371,966,494,-1,-1,-1,
-1,-1,-1,-1,-1,-1,-1,-1,-1,-1,-1,-1,-1,-1,372,221,-1,-1,-1,-1,
-1,-1,-1,-1,-1,-1,-1,-1,-1,-1,-1,-1,-1,-1,386,751,-1,-1,-1,-1,
-1,-1,-1,-1,-1,-1,-1,-1,-1,-1,-1,-1,-1,-1,394,-1,-1,-1,-1,177,
-1,-1,-1,-1,-1,-1,-1,-1,-1,-1,-1,-1,-1,-1,411,-1,-1,-1,-1,156,
-1,-1,-1,-1,-1,-1,-1,-1,-1,-1,-1,-1,-1,-1,413,277,-1,-1,-1,-1,
-1,-1,-1,-1,-1,-1,-1,-1,-1,-1,-1,-1,-1,-1,426,-1,894,-1,670,-1,
-1,-1,-1,-1,-1,-1,-1,-1,-1,-1,-1,-1,-1,-1,427,398,-1,-1,-1,-1,
-1,-1,-1,-1,-1,-1,-1,-1,-1,-1,-1,-1,-1,-1,457,-1,648,-1,-1,-1,
-1,-1,-1,-1,-1,-1,-1,-1,-1,-1,-1,-1,-1,-1,473,495,-1,-1,-1,-1,
-1,-1,-1,-1,-1,-1,-1,-1,-1,-1,-1,-1,-1,-1,480,423,-1,-1,-1,-1,
-1,-1,-1,-1,-1,-1,-1,-1,-1,-1,-1,-1,-1,-1,481,-1,1105,-1,-1,-1,
-1,-1,-1,-1,-1,-1,-1,-1,-1,-1,-1,-1,-1,-1,493,576,1694,-1,1755,1262,
-1,-1,-1,-1,-1,-1,-1,-1,-1,-1,-1,-1,-1,-1,500,-1,704,-1,-1,-1,
-1,-1,-1,-1,-1,-1,-1,-1,-1,-1,-1,-1,-1,-1,506,-1,417,-1,-1,-1,
-1,-1,-1,-1,-1,-1,-1,-1,-1,-1,-1,-1,-1,-1,519,455,-1,-1,-1,-1,
-1,-1,-1,-1,-1,-1,-1,-1,-1,-1,-1,-1,-1,-1,522,-1,1123,-1,-1,-1,
-1,-1,-1,-1,-1,-1,-1,-1,-1,-1,-1,-1,-1,-1,544,-1,-1,-1,-1,655,
-1,-1,-1,-1,-1,-1,-1,-1,-1,-1,-1,-1,-1,-1,548,534,-1,-1,-1,-1,
-1,-1,-1,-1,-1,-1,-1,-1,-1,-1,-1,-1,-1,-1,550,1066,-1,-1,-1,-1,
-1,-1,-1,-1,-1,-1,-1,-1,-1,-1,-1,-1,-1,-1,552,-1,-1,-1,651,-1,
-1,-1,-1,-1,-1,-1,-1,-1,-1,-1,-1,-1,-1,-1,554,-1,231,-1,-1,-1,
-1,-1,-1,-1,-1,-1,-1,-1,-1,-1,-1,-1,-1,-1,561,-1,-1,-1,-1,242,
-1,-1,-1,-1,-1,-1,-1,-1,-1,-1,-1,-1,-1,-1,568,1010,-1,-1,-1,-1,
-1,-1,-1,-1,-1,-1,-1,-1,-1,-1,-1,-1,-1,-1,576,1145,-1,-1,-1,-1,
-1,-1,-1,-1,-1,-1,-1,-1,-1,-1,-1,-1,-1,-1,579,-1,1423,-1,-1,-1,
-1,-1,-1,-1,-1,-1,-1,-1,-1,-1,-1,-1,-1,-1,613,556,-1,-1,-1,-1,
-1,-1,-1,-1,-1,-1,-1,-1,-1,-1,-1,-1,-1,-1,617,1011,-1,-1,627,-1,
-1,-1,-1,-1,-1,-1,-1,-1,-1,-1,-1,-1,-1,-1,622,329,-1,-1,-1,-1,
-1,-1,-1,-1,-1,-1,-1,-1,-1,-1,-1,-1,-1,-1,666,381,-1,-1,-1,-1,
-1,-1,-1,-1,-1,-1,-1,-1,-1,-1,-1,-1,-1,-1,673,1158,-1,-1,-1,-1,
-1,-1,-1,-1,-1,-1,-1,-1,-1,-1,-1,-1,-1,-1,677,562,-1,-1,-1,-1,
-1,-1,-1,-1,-1,-1,-1,-1,-1,-1,-1,-1,-1,-1,683,-1,1023,-1,-1,-1,
-1,-1,-1,-1,-1,-1,-1,-1,-1,-1,-1,-1,-1,-1,706,-1,-1,1245,-1,-1,
-1,-1,-1,-1,-1,-1,-1,-1,-1,-1,-1,-1,-1,-1,707,494,-1,-1,-1,-1,
-1,-1,-1,-1,-1,-1,-1,-1,-1,-1,-1,-1,-1,-1,711,1136,-1,-1,-1,-1,
-1,-1,-1,-1,-1,-1,-1,-1,-1,-1,-1,-1,-1,-1,716,-1,-1,454,-1,-1,
-1,-1,-1,-1,-1,-1,-1,-1,-1,-1,-1,-1,-1,-1,726,1263,-1,-1,-1,-1,
-1,-1,-1,-1,-1,-1,-1,-1,-1,-1,-1,-1,-1,-1,736,380,-1,-1,-1,-1,
-1,-1,-1,-1,-1,-1,-1,-1,-1,-1,-1,-1,-1,-1,751,914,-1,-1,1596,-1,
-1,-1,-1,-1,-1,-1,-1,-1,-1,-1,-1,-1,-1,-1,758,633,1152,1470,-1,-1,
-1,-1,-1,-1,-1,-1,-1,-1,-1,-1,-1,-1,-1,-1,765,-1,216,-1,-1,361,
-1,-1,-1,-1,-1,-1,-1,-1,-1,-1,-1,-1,-1,-1,785,687,-1,1453,-1,-1,
-1,-1,-1,-1,-1,-1,-1,-1,-1,-1,-1,-1,-1,-1,791,1342,-1,-1,-1,-1,
-1,-1,-1,-1,-1,-1,-1,-1,-1,-1,-1,-1,-1,-1,793,1132,481,-1,-1,-1,
-1,-1,-1,-1,-1,-1,-1,-1,-1,-1,-1,-1,-1,-1,802,497,-1,-1,-1,-1,
-1,-1,-1,-1,-1,-1,-1,-1,-1,-1,-1,-1,-1,-1,803,-1,1643,673,1499,817,
-1,-1,-1,-1,-1,-1,-1,-1,-1,-1,-1,-1,-1,-1,805,-1,608,-1,534,651,
-1,-1,-1,-1,-1,-1,-1,-1,-1,-1,-1,-1,-1,-1,819,1062,-1,-1,-1,-1,
-1,-1,-1,-1,-1,-1,-1,-1,-1,-1,-1,-1,-1,-1,820,779,775,-1,-1,-1,
-1,-1,-1,-1,-1,-1,-1,-1,-1,-1,-1,-1,-1,-1,833,817,-1,-1,-1,-1,
-1,-1,-1,-1,-1,-1,-1,-1,-1,-1,2018,-1,-1,-1,839,1513,-1,-1,-1,-1,
-1,-1,-1,-1,-1,-1,-1,-1,-1,-1,-1,-1,-1,-1,849,-1,1705,-1,-1,-1,
-1,-1,-1,-1,-1,-1,-1,-1,-1,-1,-1,-1,-1,-1,855,1908,-1,-1,-1,1677,
-1,-1,-1,-1,-1,-1,-1,-1,-1,-1,-1,-1,-1,-1,857,1088,-1,-1,-1,-1,
-1,-1,-1,-1,-1,-1,-1,-1,-1,-1,-1,-1,-1,-1,860,620,898,-1,-1,-1,
-1,-1,-1,-1,-1,-1,-1,-1,-1,-1,-1,-1,-1,-1,863,1585,943,593,-1,-1,
-1,-1,-1,-1,-1,-1,-1,-1,-1,-1,-1,-1,-1,-1,869,-1,-1,-1,-1,1881,
-1,-1,-1,-1,-1,-1,-1,-1,-1,-1,-1,-1,-1,-1,875,837,-1,-1,-1,-1,
-1,-1,-1,-1,-1,-1,-1,-1,-1,-1,-1,-1,-1,-1,877,-1,-1,790,-1,-1,
-1,-1,-1,-1,-1,-1,-1,-1,-1,-1,-1,-1,-1,-1,901,1525,-1,-1,-1,-1,
-1,-1,-1,-1,-1,-1,-1,-1,-1,-1,-1,-1,-1,-1,911,865,1177,-1,-1,-1,
-1,-1,-1,-1,-1,-1,-1,-1,-1,-1,-1,-1,-1,-1,922,-1,-1,1459,-1,931,
-1,-1,-1,-1,-1,-1,-1,-1,-1,-1,-1,-1,-1,-1,923,-1,-1,380,-1,-1,
-1,-1,-1,-1,-1,-1,-1,-1,-1,-1,-1,-1,-1,-1,934,-1,806,-1,-1,-1,
-1,-1,-1,-1,-1,-1,-1,-1,-1,-1,-1,-1,-1,-1,935,623,-1,-1,-1,-1,
-1,-1,-1,-1,-1,-1,-1,-1,-1,-1,-1,-1,-1,-1,943,475,836,845,830,-1,
-1,-1,-1,-1,-1,-1,-1,-1,-1,-1,-1,-1,-1,-1,952,1535,1900,2284,2881,-1,
-1,-1,-1,-1,-1,-1,-1,-1,-1,-1,-1,-1,-1,-1,955,-1,1272,-1,-1,-1,
-1,-1,-1,-1,-1,-1,-1,-1,-1,-1,-1,-1,-1,-1,958,-1,-1,897,-1,-1,
-1,-1,-1,-1,-1,-1,-1,-1,-1,-1,-1,-1,-1,-1,963,-1,-1,-1,-1,1437,
-1,-1,-1,-1,-1,-1,-1,-1,-1,-1,-1,-1,-1,-1,972,1682,-1,-1,-1,-1,
-1,-1,-1,-1,-1,-1,-1,-1,-1,-1,-1,-1,-1,-1,978,-1,341,-1,-1,-1,
-1,-1,-1,-1,-1,-1,-1,-1,-1,-1,-1,-1,-1,-1,1007,669,-1,-1,-1,-1,
-1,-1,-1,-1,-1,-1,-1,-1,-1,-1,-1,-1,-1,-1,1011,775,-1,-1,-1,-1,
-1,-1,-1,-1,-1,-1,-1,-1,-1,-1,-1,-1,-1,-1,1048,402,-1,-1,-1,-1,
-1,-1,-1,-1,-1,-1,-1,-1,-1,-1,-1,-1,-1,-1,1053,430,442,-1,-1,-1,
-1,-1,-1,-1,-1,-1,-1,-1,-1,-1,-1,-1,-1,-1,1069,1294,-1,-1,-1,-1,
-1,-1,-1,-1,-1,-1,-1,-1,-1,-1,-1,-1,-1,-1,1086,1971,-1,-1,-1,-1,
-1,-1,-1,-1,-1,-1,-1,-1,-1,-1,-1,-1,-1,-1,1093,1947,-1,-1,-1,-1,
-1,-1,-1,-1,-1,-1,-1,-1,-1,-1,-1,-1,-1,-1,1098,1186,-1,-1,-1,-1,
-1,-1,-1,-1,-1,-1,-1,-1,-1,-1,-1,-1,-1,-1,1099,628,-1,-1,-1,1882,
-1,-1,-1,-1,-1,-1,-1,-1,-1,-1,-1,-1,-1,-1,1101,769,1053,-1,-1,-1,
-1,-1,-1,-1,-1,-1,-1,-1,-1,-1,-1,-1,-1,-1,1114,-1,-1,1737,-1,-1,
-1,-1,-1,-1,-1,-1,-1,-1,-1,-1,-1,-1,-1,-1,1118,281,375,1354,-1,-1,
-1,-1,-1,-1,-1,-1,-1,-1,-1,-1,-1,-1,-1,-1,1132,-1,812,-1,-1,-1,
-1,-1,-1,-1,-1,-1,-1,-1,-1,-1,-1,-1,-1,-1,1147,1722,-1,-1,-1,-1,
-1,-1,-1,-1,-1,-1,-1,-1,-1,-1,-1,-1,-1,-1,1148,-1,-1,-1,799,484,
-1,-1,-1,-1,-1,-1,-1,-1,-1,-1,-1,-1,-1,-1,1149,2209,-1,-1,449,1381,
-1,-1,-1,-1,-1,-1,-1,-1,-1,-1,-1,-1,-1,-1,1190,-1,-1,-1,1732,-1,
-1,-1,-1,-1,-1,-1,-1,-1,-1,-1,-1,-1,-1,-1,1195,-1,-1,992,-1,2489,
-1,-1,-1,-1,-1,-1,-1,-1,-1,-1,-1,-1,-1,-1,1213,-1,732,-1,-1,-1,
-1,-1,-1,-1,-1,-1,-1,-1,-1,-1,-1,-1,-1,-1,1215,2884,1747,1381,-1,-1,
-1,-1,-1,-1,-1,-1,-1,-1,-1,-1,-1,-1,-1,-1,1216,1955,-1,-1,-1,-1,
-1,-1,-1,-1,-1,-1,-1,-1,-1,-1,-1,-1,-1,-1,1218,-1,1407,-1,-1,784,
-1,-1,-1,-1,-1,-1,-1,-1,-1,-1,-1,-1,-1,-1,1219,1028,-1,-1,2359,-1,
-1,-1,-1,-1,-1,-1,-1,-1,-1,-1,-1,-1,-1,-1,1220,905,784,-1,-1,-1,
-1,-1,-1,-1,-1,-1,-1,-1,-1,-1,-1,-1,-1,-1,1231,-1,-1,2062,-1,-1,
-1,-1,-1,-1,-1,-1,-1,-1,-1,-1,-1,-1,-1,-1,1234,765,554,-1,-1,-1,
-1,-1,-1,-1,-1,-1,-1,-1,-1,-1,-1,-1,-1,-1,1237,883,1314,-1,-1,-1,
-1,-1,-1,-1,-1,-1,-1,-1,-1,-1,-1,-1,-1,-1,1241,-1,-1,1685,-1,-1,
-1,-1,-1,-1,-1,-1,-1,-1,-1,-1,-1,-1,-1,-1,1242,-1,1267,-1,-1,-1,
-1,-1,-1,-1,-1,-1,-1,-1,-1,-1,-1,-1,-1,-1,1243,451,-1,-1,-1,-1,
-1,-1,-1,-1,-1,-1,-1,-1,-1,-1,-1,-1,-1,-1,1244,1821,-1,-1,-1,-1,
-1,-1,-1,-1,-1,-1,-1,-1,-1,-1,-1,-1,-1,-1,1271,2532,1087,-1,-1,-1,
-1,-1,-1,-1,-1,-1,-1,-1,-1,-1,-1,-1,-1,-1,1277,996,-1,-1,-1,2410,
-1,-1,-1,-1,-1,-1,-1,-1,-1,-1,-1,-1,-1,-1,1296,828,-1,714,395,-1,
-1,-1,-1,-1,-1,-1,-1,-1,-1,-1,-1,-1,-1,-1,1310,1972,-1,-1,-1,-1,
-1,-1,-1,-1,-1,-1,-1,-1,-1,-1,-1,-1,-1,-1,1311,-1,-1,878,-1,-1,
-1,-1,-1,-1,-1,-1,-1,-1,-1,-1,-1,-1,-1,-1,1312,-1,2250,-1,-1,-1,
-1,-1,-1,-1,-1,-1,-1,-1,-1,-1,-1,-1,-1,-1,1314,-1,-1,-1,-1,2477,
-1,-1,-1,-1,-1,-1,-1,-1,-1,-1,-1,-1,-1,-1,1317,-1,-1,-1,632,1515,
-1,-1,-1,-1,-1,-1,-1,-1,-1,-1,-1,-1,-1,-1,1320,-1,-1,441,836,-1,
-1,-1,-1,-1,-1,-1,-1,-1,-1,-1,-1,-1,-1,-1,1323,-1,2465,-1,-1,-1,
-1,-1,-1,-1,-1,-1,-1,-1,-1,-1,-1,-1,-1,-1,1324,-1,-1,2002,-1,-1,
-1,-1,-1,-1,-1,-1,-1,-1,-1,-1,-1,-1,-1,-1,1328,1555,-1,-1,-1,-1,
-1,-1,-1,-1,-1,-1,-1,-1,-1,-1,-1,-1,-1,-1,1329,1021,-1,-1,-1,-1,
-1,-1,-1,-1,-1,-1,-1,-1,-1,-1,-1,-1,-1,-1,1345,892,519,-1,-1,-1,
-1,-1,-1,-1,-1,-1,-1,-1,-1,-1,-1,-1,-1,-1,1353,1673,-1,-1,-1,-1,
-1,-1,-1,-1,-1,-1,-1,-1,-1,-1,-1,-1,-1,-1,1355,990,-1,-1,-1,-1,
-1,-1,-1,-1,-1,-1,-1,-1,-1,-1,-1,-1,-1,-1,1381,-1,1388,-1,-1,-1,
-1,-1,-1,-1,-1,-1,-1,-1,-1,-1,-1,-1,-1,-1,1390,902,-1,-1,-1,-1,
-1,-1,-1,-1,-1,-1,-1,-1,-1,-1,-1,-1,-1,-1,1410,-1,2856,1105,-1,-1,
-1,-1,-1,-1,-1,-1,-1,-1,-1,-1,-1,-1,-1,-1,1412,-1,863,-1,-1,-1,
-1,-1,-1,-1,-1,-1,-1,-1,-1,-1,-1,-1,-1,-1,1420,786,-1,-1,2054,-1,
-1,-1,-1,-1,-1,-1,-1,-1,-1,-1,-1,-1,-1,-1,1423,1072,-1,-1,-1,-1,
-1,-1,-1,-1,-1,-1,-1,-1,-1,-1,-1,-1,-1,-1,1432,960,-1,-1,-1,-1,
-1,-1,-1,-1,-1,-1,-1,-1,-1,-1,-1,-1,-1,-1,1442,-1,-1,549,-1,-1,
-1,-1,-1,-1,-1,-1,-1,-1,-1,-1,-1,-1,-1,-1,1457,2855,2489,2778,-1,-1,
-1,-1,-1,-1,-1,-1,-1,-1,-1,-1,-1,-1,-1,-1,1458,1106,-1,-1,-1,-1,
-1,-1,-1,-1,-1,-1,-1,-1,-1,-1,-1,-1,-1,-1,1474,1644,1800,1960,-1,-1,
-1,-1,-1,-1,-1,-1,-1,-1,-1,-1,-1,-1,-1,-1,1477,1495,-1,-1,-1,-1,
-1,-1,-1,-1,-1,-1,-1,-1,-1,-1,-1,-1,-1,-1,1480,1915,-1,-1,-1,-1,
-1,-1,-1,-1,-1,-1,-1,-1,-1,-1,-1,-1,-1,-1,1495,2133,-1,-1,-1,-1,
-1,-1,-1,-1,-1,-1,-1,-1,-1,-1,-1,-1,-1,-1,1504,-1,-1,-1,-1,1090,
-1,-1,-1,-1,-1,-1,-1,-1,-1,-1,-1,-1,-1,-1,1511,2605,905,-1,-1,-1,
-1,-1,-1,-1,-1,-1,-1,-1,-1,-1,-1,-1,-1,-1,1525,2142,-1,-1,-1,-1,
-1,-1,-1,-1,-1,-1,-1,-1,-1,-1,-1,-1,-1,-1,1529,2406,-1,-1,-1,-1,
-1,-1,-1,-1,-1,-1,-1,-1,-1,-1,-1,-1,-1,-1,1541,713,-1,-1,-1,-1,
-1,-1,-1,-1,-1,-1,-1,-1,-1,-1,-1,-1,-1,-1,1545,2228,835,-1,-1,-1,
-1,-1,-1,-1,-1,-1,-1,-1,-1,-1,-1,-1,-1,-1,1568,-1,921,-1,-1,-1,
-1,-1,-1,-1,-1,-1,-1,-1,-1,2413,-1,-1,-1,-1,1569,-1,-1,-1,-1,883,
-1,-1,-1,-1,-1,-1,-1,-1,-1,-1,-1,-1,-1,-1,1571,1183,-1,-1,-1,-1,
-1,-1,-1,-1,-1,-1,-1,-1,-1,-1,-1,-1,-1,-1,1578,1640,-1,-1,-1,-1,
-1,-1,-1,-1,-1,-1,-1,-1,-1,-1,-1,-1,-1,-1,1606,-1,2669,-1,-1,-1,
-1,-1,-1,-1,-1,-1,-1,-1,-1,-1,-1,-1,-1,-1,1609,-1,-1,-1,1261,-1,
-1,-1,-1,-1,-1,-1,-1,-1,-1,-1,-1,-1,-1,-1,1626,-1,2510,-1,-1,-1,
-1,-1,-1,-1,-1,-1,-1,-1,-1,-1,-1,-1,-1,-1,1642,825,-1,-1,-1,-1,
-1,-1,-1,-1,-1,-1,-1,-1,-1,-1,-1,-1,-1,-1,1647,1662,-1,1854,-1,-1,
-1,-1,-1,-1,-1,-1,-1,-1,-1,-1,-1,-1,-1,-1,1649,2341,-1,-1,-1,-1,
-1,-1,-1,-1,-1,-1,-1,-1,-1,-1,-1,-1,-1,-1,1658,722,1313,-1,-1,-1,
-1,-1,-1,-1,-1,-1,-1,-1,-1,-1,-1,-1,-1,-1,1675,-1,-1,-1,-1,2508,
-1,-1,-1,-1,-1,-1,-1,-1,-1,-1,-1,-1,-1,-1,1681,1317,-1,-1,-1,-1,
-1,-1,-1,-1,-1,-1,-1,-1,-1,-1,-1,-1,-1,-1,1684,968,-1,-1,-1,-1,
-1,-1,-1,-1,-1,-1,-1,-1,-1,-1,-1,-1,-1,-1,1698,993,1757,-1,-1,-1,
-1,-1,-1,-1,-1,-1,-1,-1,-1,-1,-1,-1,-1,-1,1699,829,-1,-1,-1,-1,
-1,-1,-1,-1,-1,-1,-1,-1,-1,-1,-1,-1,-1,-1,1701,2577,-1,-1,-1,-1,
-1,-1,-1,-1,-1,-1,-1,-1,-1,-1,-1,-1,-1,-1,1722,-1,1846,1601,-1,-1,
-1,-1,-1,-1,-1,-1,-1,-1,-1,-1,-1,-1,-1,-1,1724,694,-1,-1,-1,-1,
-1,-1,-1,-1,-1,-1,-1,-1,-1,-1,-1,-1,-1,-1,1725,2290,-1,-1,-1,-1,
-1,-1,-1,-1,-1,-1,-1,-1,-1,-1,-1,-1,-1,-1,1729,1090,-1,2494,-1,-1,
-1,-1,-1,-1,-1,-1,-1,-1,-1,-1,-1,-1,-1,-1,1733,-1,-1,-1,1995,-1,
-1,-1,-1,-1,-1,-1,-1,-1,-1,-1,-1,-1,-1,-1,1746,2440,-1,-1,-1,-1,
-1,-1,-1,-1,-1,-1,-1,-1,-1,-1,-1,-1,-1,-1,1750,-1,-1,-1,-1,2472,
-1,-1,-1,-1,-1,-1,-1,-1,-1,-1,-1,-1,-1,-1,1756,1625,-1,-1,-1,-1,
-1,-1,-1,-1,-1,-1,-1,-1,-1,-1,-1,-1,-1,-1,1757,1210,-1,-1,-1,-1,
-1,-1,-1,-1,-1,-1,-1,-1,-1,-1,-1,-1,-1,-1,1759,1259,-1,-1,-1,-1,
-1,-1,-1,-1,-1,-1,-1,-1,-1,-1,-1,-1,-1,-1,1773,-1,-1,-1,1909,-1,
-1,-1,-1,-1,-1,-1,-1,-1,-1,-1,-1,-1,-1,-1,1775,-1,-1,1664,-1,-1,
-1,-1,-1,-1,-1,-1,-1,-1,-1,-1,-1,-1,-1,-1,1783,2319,-1,-1,-1,-1,
-1,-1,-1,-1,-1,-1,-1,-1,-1,-1,-1,-1,-1,-1,1786,-1,1680,-1,-1,-1,
-1,-1,-1,-1,-1,-1,-1,-1,-1,-1,-1,-1,-1,-1,1806,729,-1,-1,-1,-1,
-1,-1,-1,-1,-1,-1,-1,-1,-1,-1,-1,-1,-1,-1,1807,-1,-1,-1,933,-1,
-1,-1,-1,-1,-1,-1,-1,-1,-1,-1,-1,-1,-1,-1,1810,730,-1,-1,-1,-1,
-1,-1,-1,-1,-1,-1,-1,-1,-1,-1,-1,-1,-1,-1,1819,1220,1706,2940,-1,-1,
-1,-1,-1,-1,-1,-1,-1,-1,-1,-1,-1,-1,-1,-1,1820,2117,-1,-1,-1,-1,
-1,-1,-1,-1,-1,-1,-1,-1,-1,-1,-1,-1,-1,-1,1827,-1,-1,-1,2176,-1,
-1,-1,-1,-1,-1,-1,-1,-1,-1,-1,-1,-1,-1,-1,1850,-1,-1,2250,1530,-1,
-1,-1,-1,-1,-1,-1,-1,-1,-1,-1,-1,-1,-1,-1,1857,1368,-1,-1,-1,-1,
-1,-1,-1,-1,-1,-1,-1,-1,-1,-1,-1,-1,-1,-1,1865,1596,2225,-1,-1,-1,
-1,-1,-1,-1,-1,-1,-1,-1,-1,-1,1971,-1,-1,-1,1876,-1,1378,-1,-1,-1,
-1,-1,-1,-1,-1,-1,-1,-1,-1,-1,-1,-1,-1,-1,1877,-1,1336,2878,-1,-1,
-1,-1,-1,-1,-1,-1,-1,-1,-1,-1,-1,-1,-1,-1,1882,-1,-1,2298,-1,-1,
-1,-1,-1,-1,-1,-1,-1,-1,-1,-1,-1,-1,-1,-1,1889,1678,-1,-1,-1,-1,
-1,-1,-1,-1,-1,-1,-1,-1,-1,-1,-1,-1,-1,-1,1894,-1,-1,-1,-1,915,
-1,-1,-1,-1,-1,-1,-1,-1,-1,-1,-1,-1,-1,-1,1904,-1,1938,-1,-1,-1,
-1,-1,-1,-1,-1,-1,-1,-1,-1,-1,-1,-1,-1,-1,1920,1157,-1,-1,-1,-1,
-1,-1,-1,-1,-1,-1,-1,-1,-1,-1,-1,-1,-1,-1,1951,864,-1,-1,-1,-1,
-1,-1,-1,-1,-1,-1,-1,-1,-1,-1,-1,-1,-1,-1,1955,1411,2218,2481,-1,-1,
-1,-1,-1,-1,-1,-1,-1,-1,-1,-1,-1,-1,-1,-1,1965,2492,1743,-1,-1,-1,
-1,-1,-1,-1,-1,-1,-1,-1,-1,-1,-1,-1,-1,-1,1977,1502,-1,-1,-1,-1,
-1,-1,-1,-1,-1,-1,-1,-1,-1,-1,-1,-1,-1,-1,1982,-1,-1,1954,-1,-1,
-1,-1,-1,-1,-1,-1,-1,-1,-1,-1,-1,-1,-1,-1,1992,2903,-1,-1,-1,-1,
-1,-1,-1,-1,-1,-1,-1,-1,-1,-1,-1,-1,-1,-1,1993,1023,-1,982,-1,-1,
-1,-1,-1,-1,-1,-1,-1,-1,-1,-1,-1,-1,-1,-1,1996,-1,2890,-1,-1,2500,
-1,-1,-1,-1,-1,-1,-1,-1,-1,-1,-1,-1,-1,-1,1998,-1,2622,2497,-1,-1,
-1,-1,-1,-1,-1,-1,-1,-1,-1,-1,-1,-1,-1,-1,2009,2893,-1,-1,-1,-1,
-1,-1,-1,-1,-1,-1,-1,-1,-1,-1,-1,-1,-1,-1,2015,-1,-1,-1,1221,-1,
-1,-1,-1,-1,-1,-1,-1,-1,-1,-1,-1,-1,-1,-1,2031,2194,-1,-1,-1,-1,
-1,-1,-1,-1,-1,-1,-1,-1,-1,-1,-1,-1,-1,-1,2041,2302,-1,-1,-1,-1,
-1,-1,-1,-1,-1,-1,-1,-1,-1,-1,-1,-1,-1,-1,2053,1521,-1,-1,-1,-1,
-1,-1,-1,-1,-1,-1,-1,-1,-1,-1,-1,-1,-1,-1,2054,-1,1975,-1,-1,-1,
-1,-1,-1,-1,-1,-1,-1,-1,-1,-1,-1,-1,-1,-1,2062,1463,-1,739,1448,-1,
-1,-1,-1,-1,-1,-1,-1,-1,-1,-1,-1,-1,-1,-1,2067,-1,1844,-1,-1,-1,
-1,-1,-1,-1,-1,-1,-1,-1,-1,-1,-1,-1,-1,-1,2080,2148,-1,-1,-1,-1,
-1,-1,-1,-1,-1,-1,-1,-1,-1,-1,-1,-1,-1,-1,2096,2552,2428,2568,-1,-1,
-1,-1,-1,-1,-1,-1,-1,-1,-1,-1,-1,-1,-1,-1,2110,-1,2668,-1,-1,-1,
-1,-1,-1,-1,-1,-1,-1,-1,-1,-1,-1,-1,-1,-1,2126,-1,-1,-1,-1,1018,
-1,-1,-1,-1,-1,-1,-1,-1,-1,-1,-1,-1,-1,-1,2137,2607,-1,-1,-1,-1,
-1,-1,-1,-1,-1,-1,-1,-1,-1,-1,-1,-1,-1,-1,2142,2842,-1,-1,1518,-1,
-1,-1,-1,-1,-1,-1,-1,-1,-1,-1,-1,-1,-1,-1,2147,-1,2811,-1,-1,-1,
-1,-1,-1,-1,-1,-1,-1,-1,-1,-1,-1,-1,-1,-1,2157,-1,2199,-1,-1,-1,
-1,-1,-1,-1,-1,-1,-1,-1,-1,-1,-1,-1,-1,-1,2171,-1,1901,-1,-1,-1,
-1,-1,-1,-1,-1,-1,-1,-1,-1,-1,-1,-1,-1,-1,2187,1089,-1,-1,-1,-1,
-1,-1,-1,-1,-1,-1,-1,-1,-1,-1,-1,-1,-1,-1,2200,2013,2586,-1,-1,-1,
-1,-1,-1,-1,-1,-1,-1,-1,-1,-1,-1,-1,-1,-1,2208,1636,1122,2110,-1,1657,
-1,-1,-1,-1,-1,-1,-1,-1,-1,-1,-1,-1,-1,-1,2229,2085,-1,-1,-1,-1,
-1,-1,-1,-1,-1,-1,-1,-1,-1,-1,-1,-1,-1,-1,2232,1584,-1,-1,-1,-1,
-1,-1,-1,-1,-1,-1,-1,-1,-1,-1,-1,-1,-1,-1,2255,1264,-1,-1,-1,-1,
-1,-1,-1,-1,-1,-1,-1,-1,-1,-1,-1,-1,-1,-1,2264,-1,-1,2876,-1,-1,
-1,-1,-1,-1,-1,-1,-1,-1,-1,-1,-1,-1,-1,-1,2272,-1,-1,1604,-1,-1,
-1,-1,-1,-1,-1,-1,-1,-1,-1,-1,-1,-1,-1,-1,2285,-1,1102,915,-1,-1,
-1,-1,-1,-1,-1,-1,-1,-1,-1,-1,-1,-1,-1,-1,2289,2783,1785,2118,-1,-1,
-1,-1,-1,-1,-1,-1,-1,-1,-1,-1,-1,-1,-1,-1,2297,1425,-1,-1,-1,-1,
-1,-1,-1,-1,-1,-1,-1,-1,-1,-1,-1,-1,-1,-1,2303,1343,-1,932,-1,-1,
-1,-1,-1,-1,-1,-1,-1,-1,-1,-1,-1,-1,-1,-1,2323,1651,1877,-1,-1,-1,
-1,-1,-1,-1,-1,-1,-1,-1,-1,-1,-1,-1,-1,-1,2346,1415,-1,-1,-1,-1,
-1,-1,-1,-1,-1,-1,-1,-1,-1,-1,-1,-1,-1,-1,2359,2591,-1,-1,-1,-1,
-1,-1,-1,-1,-1,-1,-1,-1,-1,-1,-1,-1,-1,-1,2360,1824,-1,-1,-1,-1,
-1,-1,-1,-1,-1,-1,-1,-1,-1,-1,-1,-1,-1,-1,2362,2634,-1,-1,-1,-1,
-1,-1,-1,-1,-1,-1,-1,-1,-1,-1,-1,-1,-1,-1,2390,-1,-1,2244,-1,-1,
-1,-1,-1,-1,-1,-1,-1,-1,-1,-1,-1,-1,-1,-1,2395,-1,-1,-1,1709,1871,
-1,-1,-1,-1,-1,-1,-1,-1,-1,-1,-1,-1,-1,-1,2400,2061,1166,-1,-1,-1,
-1,-1,-1,-1,-1,-1,-1,-1,-1,-1,-1,-1,-1,-1,2411,1657,-1,-1,-1,-1,
-1,-1,-1,-1,-1,-1,-1,-1,-1,-1,-1,-1,-1,-1,2424,-1,-1,1383,-1,-1,
-1,-1,-1,-1,-1,-1,-1,-1,-1,-1,-1,-1,-1,-1,2425,-1,-1,-1,-1,2833,
-1,-1,-1,-1,-1,-1,-1,-1,-1,-1,-1,-1,-1,-1,2438,1643,-1,-1,-1,-1,
-1,-1,-1,-1,-1,-1,-1,-1,-1,-1,-1,-1,-1,-1,2441,2297,-1,-1,-1,-1,
-1,-1,-1,-1,-1,-1,-1,-1,-1,-1,-1,-1,-1,-1,2446,-1,-1,2234,-1,-1,
-1,-1,-1,-1,-1,-1,-1,-1,-1,-1,-1,-1,-1,-1,2459,-1,1106,-1,-1,-1,
-1,-1,-1,-1,-1,-1,-1,-1,-1,-1,-1,-1,-1,-1,2483,1607,-1,-1,-1,-1,
-1,-1,-1,-1,-1,-1,-1,-1,-1,-1,-1,-1,-1,-1,2493,-1,-1,-1,2971,-1,
-1,-1,-1,-1,-1,-1,-1,-1,-1,-1,-1,-1,-1,-1,2499,1621,-1,-1,-1,-1,
-1,-1,-1,-1,-1,-1,-1,-1,-1,-1,-1,-1,-1,-1,2510,-1,1809,-1,-1,-1,
-1,-1,-1,-1,-1,-1,-1,-1,-1,-1,-1,-1,-1,-1,2512,2547,-1,-1,-1,-1,
-1,-1,-1,-1,-1,-1,-1,-1,-1,-1,-1,-1,-1,-1,2525,2414,2750,-1,-1,-1,
-1,-1,-1,-1,-1,-1,-1,-1,-1,-1,-1,-1,-1,-1,2528,2055,-1,-1,-1,-1,
-1,-1,-1,-1,-1,-1,-1,-1,-1,-1,-1,-1,-1,-1,2531,2397,-1,-1,-1,-1,
-1,-1,-1,-1,-1,-1,-1,-1,-1,-1,-1,-1,-1,-1,2545,1150,-1,-1,-1,-1,
-1,-1,-1,-1,-1,-1,-1,-1,-1,-1,-1,-1,-1,-1,2551,-1,-1,-1,-1,1958,
-1,-1,-1,-1,-1,-1,-1,-1,-1,-1,-1,-1,-1,-1,2560,-1,-1,-1,-1,2215,
-1,-1,-1,-1,-1,-1,-1,-1,-1,-1,-1,-1,-1,-1,2562,-1,1878,-1,-1,-1,
-1,-1,-1,-1,-1,-1,-1,-1,-1,-1,-1,-1,-1,-1,2572,-1,2412,-1,-1,-1,
-1,-1,-1,-1,-1,-1,-1,-1,-1,-1,-1,-1,-1,-1,2573,2859,-1,-1,-1,-1,
-1,-1,-1,-1,-1,-1,-1,-1,-1,-1,-1,-1,-1,-1,2582,2715,2860,-1,-1,-1,
-1,-1,-1,-1,-1,-1,-1,-1,-1,-1,-1,-1,-1,-1,2603,1251,-1,-1,-1,-1,
-1,-1,-1,-1,-1,-1,-1,-1,-1,-1,-1,-1,-1,-1,2621,2146,-1,-1,-1,-1,
-1,-1,-1,-1,-1,-1,-1,-1,-1,-1,-1,-1,-1,-1,2622,-1,2064,2883,-1,-1,
-1,-1,-1,-1,-1,-1,-1,-1,-1,-1,-1,-1,-1,-1,2635,2489,-1,-1,-1,-1,
-1,-1,-1,-1,-1,-1,-1,-1,-1,-1,-1,-1,-1,-1,2639,2469,1546,-1,-1,-1,
-1,-1,-1,-1,-1,-1,-1,-1,-1,-1,-1,-1,-1,-1,2646,-1,2150,-1,-1,-1,
-1,-1,-1,-1,-1,-1,-1,-1,-1,-1,-1,-1,-1,-1,2652,2115,-1,-1,-1,-1,
-1,-1,-1,-1,-1,-1,-1,-1,-1,-1,-1,-1,-1,-1,2654,2405,2386,-1,-1,-1,
-1,-1,-1,-1,-1,-1,-1,-1,-1,-1,-1,-1,-1,-1,2664,1967,-1,-1,-1,-1,
-1,-1,-1,-1,-1,-1,-1,-1,-1,-1,-1,-1,-1,-1,2666,2192,-1,-1,-1,-1,
-1,-1,-1,-1,-1,-1,-1,-1,-1,-1,-1,-1,-1,-1,2667,-1,2631,-1,-1,-1,
-1,-1,-1,-1,-1,-1,-1,-1,-1,-1,-1,-1,-1,-1,2693,2603,-1,-1,-1,-1,
-1,-1,-1,-1,-1,-1,-1,-1,-1,-1,-1,-1,-1,-1,2694,-1,1602,1027,1133,-1,
-1,-1,-1,-1,-1,-1,-1,-1,-1,-1,-1,-1,-1,-1,2723,1922,-1,-1,-1,-1,
-1,-1,-1,-1,-1,-1,-1,-1,-1,-1,-1,-1,-1,-1,2724,-1,-1,-1,-1,1351,
-1,-1,-1,-1,-1,-1,-1,-1,-1,-1,-1,-1,-1,-1,2744,1700,-1,-1,-1,-1,
-1,-1,-1,-1,-1,-1,-1,-1,-1,-1,-1,-1,-1,-1,2785,1727,-1,-1,-1,-1,
-1,-1,-1,-1,-1,-1,-1,-1,-1,-1,-1,-1,-1,-1,2804,-1,2423,-1,-1,-1,
-1,-1,-1,-1,-1,-1,-1,-1,-1,-1,-1,-1,-1,-1,2818,-1,1929,-1,-1,-1,
-1,-1,-1,-1,-1,-1,-1,-1,-1,-1,-1,-1,-1,-1,2834,-1,-1,-1,2621,-1,
-1,-1,-1,-1,-1,-1,-1,-1,-1,-1,-1,-1,-1,-1,2870,2515,2851,-1,-1,-1,
-1,-1,-1,-1,-1,-1,-1,-1,-1,-1,-1,-1,-1,-1,2876,2702,-1,-1,-1,-1,
-1,-1,-1,-1,-1,-1,-1,-1,-1,-1,-1,-1,-1,-1,2890,-1,-1,2789,-1,-1,
-1,-1,-1,-1,-1,-1,-1,-1,-1,-1,-1,-1,-1,-1,2896,-1,-1,-1,2945,-1,
-1,-1,-1,-1,-1,-1,-1,-1,-1,-1,-1,-1,-1,-1,2901,-1,2931,-1,-1,-1,
-1,-1,-1,-1,-1,-1,-1,-1,-1,-1,-1,-1,-1,-1,2929,2890,-1,-1,-1,-1,
-1,-1,-1,-1,-1,-1,-1,-1,-1,-1,-1,-1,-1,-1,2935,2182,-1,-1,-1,-1,
-1,-1,-1,-1,-1,-1,-1,-1,-1,-1,-1,-1,-1,-1,2945,-1,2507,-1,-1,-1,
-1,-1,-1,-1,-1,-1,-1,-1,-1,-1,-1,-1,-1,-1,-1,14,-1,-1,-1,18,
-1,-1,-1,-1,-1,-1,-1,-1,-1,-1,-1,-1,100,-1,-1,16,-1,9,-1,-1,
-1,-1,-1,-1,-1,-1,-1,-1,-1,-1,-1,-1,-1,-1,-1,20,39,-1,-1,-1,
-1,-1,-1,-1,-1,-1,-1,-1,-1,-1,-1,-1,-1,-1,-1,35,-1,-1,99,-1,
-1,-1,-1,-1,-1,-1,-1,-1,-1,-1,-1,-1,-1,-1,-1,42,-1,25,97,-1,
-1,-1,-1,-1,-1,-1,-1,-1,-1,-1,-1,-1,-1,-1,-1,67,64,-1,-1,217,
-1,-1,-1,-1,-1,-1,-1,-1,-1,-1,-1,-1,-1,-1,-1,72,-1,105,113,-1,
-1,-1,-1,-1,-1,-1,-1,-1,-1,-1,-1,-1,-1,-1,-1,85,87,-1,-1,-1,
-1,-1,-1,-1,-1,-1,-1,-1,-1,-1,-1,-1,-1,-1,-1,90,151,-1,-1,-1,
-1,-1,-1,-1,-1,-1,-1,-1,-1,-1,-1,-1,-1,-1,-1,99,-1,68,-1,-1,
-1,-1,-1,-1,-1,-1,-1,-1,-1,-1,-1,-1,-1,-1,-1,117,252,-1,-1,-1,
-1,-1,-1,-1,-1,-1,-1,-1,-1,-1,-1,-1,-1,-1,-1,124,485,382,142,-1,
-1,-1,-1,-1,-1,-1,-1,-1,-1,-1,-1,-1,-1,-1,-1,129,49,26,131,-1,
-1,-1,-1,-1,-1,-1,-1,-1,-1,-1,-1,-1,-1,-1,-1,136,125,-1,-1,-1,
-1,-1,-1,-1,-1,-1,-1,-1,-1,-1,-1,-1,-1,-1,-1,149,-1,-1,-1,228,
-1,-1,-1,-1,-1,-1,-1,-1,-1,-1,-1,-1,-1,-1,659,151,-1,-1,494,-1,
-1,-1,-1,-1,-1,-1,-1,-1,-1,-1,-1,-1,-1,-1,-1,157,167,-1,-1,-1,
-1,-1,-1,-1,-1,-1,-1,-1,-1,-1,-1,-1,-1,-1,-1,167,239,-1,-1,-1,
-1,-1,-1,-1,-1,-1,-1,-1,-1,-1,-1,-1,-1,-1,-1,194,47,61,-1,-1,
-1,-1,-1,-1,-1,-1,-1,-1,-1,-1,-1,-1,-1,-1,-1,220,112,138,-1,-1,
-1,-1,-1,-1,-1,-1,-1,-1,-1,-1,-1,-1,-1,-1,-1,225,72,315,551,-1,
-1,-1,-1,-1,-1,-1,-1,-1,-1,-1,-1,-1,-1,-1,-1,226,-1,-1,564,-1,
-1,-1,-1,-1,-1,-1,-1,-1,-1,-1,-1,-1,-1,-1,-1,230,392,-1,-1,-1,
-1,-1,-1,-1,-1,-1,-1,-1,-1,-1,-1,-1,-1,-1,-1,231,-1,-1,81,-1,
-1,-1,-1,-1,-1,-1,-1,-1,-1,-1,-1,-1,-1,-1,-1,234,213,-1,-1,-1,
-1,-1,-1,-1,-1,-1,-1,-1,-1,-1,-1,-1,-1,-1,-1,257,178,701,-1,862,
-1,-1,-1,-1,-1,-1,-1,-1,-1,-1,-1,-1,-1,-1,-1,262,600,-1,-1,-1,
-1,-1,-1,-1,-1,-1,-1,-1,-1,-1,-1,-1,-1,-1,-1,276,-1,-1,-1,525,
-1,-1,-1,-1,-1,-1,-1,-1,-1,-1,-1,-1,-1,-1,-1,301,303,-1,-1,-1,
-1,-1,-1,-1,-1,-1,-1,-1,-1,-1,-1,-1,-1,-1,-1,306,-1,-1,71,-1,
-1,-1,-1,-1,-1,-1,-1,-1,-1,-1,-1,-1,-1,-1,-1,310,181,-1,-1,485,
-1,-1,-1,-1,-1,-1,-1,-1,-1,-1,-1,-1,-1,-1,-1,321,137,-1,-1,-1,
-1,-1,-1,-1,-1,-1,-1,-1,-1,-1,-1,-1,-1,673,-1,326,156,176,-1,-1,
-1,-1,-1,-1,-1,-1,-1,-1,-1,-1,-1,-1,-1,-1,-1,332,236,839,839,1047,
-1,-1,-1,-1,-1,-1,-1,-1,-1,-1,-1,-1,-1,-1,-1,353,944,-1,-1,-1,
-1,-1,-1,-1,-1,-1,-1,-1,-1,-1,-1,-1,-1,-1,-1,379,-1,-1,269,-1,
-1,-1,-1,-1,-1,-1,-1,-1,-1,-1,-1,-1,-1,-1,-1,387,254,-1,-1,-1,
-1,-1,-1,-1,-1,-1,-1,-1,-1,-1,-1,-1,-1,-1,-1,390,347,-1,-1,-1,
-1,-1,-1,-1,-1,-1,-1,-1,-1,-1,-1,-1,-1,-1,-1,394,637,-1,-1,-1,
-1,-1,-1,-1,-1,-1,-1,-1,-1,-1,-1,-1,-1,-1,-1,403,-1,457,-1,-1,
-1,-1,-1,-1,-1,-1,-1,-1,1365,-1,-1,-1,-1,-1,-1,404,1007,-1,-1,-1,
-1,-1,-1,-1,-1,-1,-1,-1,-1,-1,-1,-1,-1,-1,-1,417,215,-1,-1,-1,
-1,-1,-1,-1,-1,-1,-1,-1,-1,-1,-1,-1,-1,-1,-1,418,373,299,-1,-1,
-1,-1,-1,-1,-1,-1,-1,-1,-1,-1,-1,-1,-1,-1,-1,425,-1,-1,-1,1083,
-1,-1,-1,-1,-1,-1,-1,-1,-1,-1,-1,-1,-1,-1,-1,427,-1,-1,525,-1,
-1,-1,-1,-1,-1,-1,-1,-1,-1,-1,-1,-1,-1,-1,-1,428,-1,-1,-1,167,
-1,-1,-1,-1,-1,-1,-1,-1,-1,-1,-1,-1,-1,-1,-1,442,693,-1,431,298,
-1,-1,-1,-1,-1,-1,-1,-1,-1,-1,-1,-1,-1,-1,-1,459,428,267,-1,-1,
-1,-1,-1,-1,-1,-1,-1,-1,-1,-1,-1,-1,-1,-1,-1,462,-1,652,-1,-1,
-1,-1,-1,-1,-1,-1,-1,-1,-1,-1,-1,-1,-1,-1,-1,514,878,-1,868,694,
-1,-1,-1,-1,-1,-1,-1,-1,-1,-1,-1,-1,-1,-1,-1,525,-1,-1,-1,168,
-1,-1,-1,-1,-1,-1,-1,-1,-1,-1,-1,-1,-1,-1,-1,529,587,-1,-1,-1,
-1,-1,-1,-1,-1,-1,-1,-1,-1,-1,-1,-1,-1,-1,-1,541,830,1180,-1,1471,
-1,-1,-1,-1,-1,-1,-1,-1,-1,-1,-1,-1,-1,-1,-1,549,-1,-1,1091,-1,
-1,-1,-1,-1,-1,-1,-1,-1,-1,-1,-1,-1,-1,-1,-1,563,-1,548,-1,-1,
-1,-1,-1,-1,-1,-1,-1,-1,-1,-1,-1,-1,-1,-1,-1,567,378,-1,-1,-1,
-1,-1,-1,-1,-1,-1,-1,-1,-1,-1,-1,-1,-1,-1,-1,573,-1,395,-1,-1,
-1,-1,-1,-1,-1,-1,-1,-1,-1,-1,-1,-1,-1,-1,879,615,1459,-1,-1,-1,
-1,-1,-1,-1,-1,-1,-1,-1,-1,-1,-1,-1,-1,-1,-1,618,-1,-1,-1,524,
-1,-1,-1,-1,-1,-1,-1,-1,-1,-1,-1,-1,-1,-1,-1,619,987,-1,952,-1,
-1,-1,-1,-1,-1,-1,-1,-1,-1,-1,-1,-1,-1,-1,-1,625,521,-1,-1,-1,
-1,-1,-1,-1,-1,-1,-1,-1,-1,-1,-1,-1,-1,-1,-1,642,-1,-1,856,1452,
-1,-1,-1,-1,-1,-1,-1,-1,-1,-1,-1,-1,-1,-1,-1,665,-1,335,-1,-1,
-1,-1,-1,-1,-1,-1,-1,-1,-1,-1,-1,-1,-1,-1,-1,668,-1,-1,-1,698,
-1,-1,-1,-1,-1,-1,-1,-1,-1,-1,-1,-1,-1,-1,-1,682,1131,-1,-1,-1,
-1,-1,-1,-1,-1,-1,-1,-1,-1,-1,-1,-1,-1,-1,-1,712,179,240,-1,-1,
-1,-1,-1,-1,-1,-1,-1,-1,-1,-1,-1,-1,-1,-1,-1,719,599,-1,-1,-1,
-1,-1,-1,-1,-1,-1,-1,-1,-1,-1,-1,-1,-1,-1,-1,723,-1,-1,-1,820,
-1,-1,-1,-1,-1,-1,-1,-1,-1,-1,-1,-1,-1,-1,-1,754,-1,-1,1145,1955,
-1,-1,-1,-1,-1,-1,-1,-1,-1,-1,-1,-1,-1,-1,-1,756,1399,-1,-1,-1,
-1,-1,-1,-1,-1,-1,-1,-1,-1,-1,-1,-1,-1,-1,-1,771,-1,-1,-1,556,
-1,-1,-1,-1,-1,-1,-1,-1,-1,-1,-1,-1,-1,-1,-1,776,689,-1,-1,-1,
-1,-1,-1,-1,-1,-1,-1,-1,-1,-1,-1,-1,-1,-1,-1,783,1801,-1,-1,-1,
-1,-1,-1,-1,-1,-1,-1,-1,-1,-1,-1,-1,-1,-1,-1,823,695,-1,-1,-1,
-1,-1,-1,-1,-1,-1,-1,-1,-1,-1,-1,-1,-1,-1,-1,827,1003,699,-1,-1,
-1,-1,-1,-1,-1,-1,-1,-1,-1,-1,-1,-1,-1,-1,-1,834,301,-1,-1,-1,
-1,-1,-1,-1,-1,-1,-1,-1,-1,-1,-1,-1,-1,-1,-1,836,-1,1058,1955,-1,
-1,-1,-1,-1,-1,-1,-1,-1,-1,-1,-1,-1,-1,-1,-1,843,854,857,-1,-1,
-1,-1,-1,-1,-1,-1,-1,-1,-1,-1,-1,-1,-1,-1,-1,846,-1,405,-1,-1,
-1,-1,-1,-1,-1,-1,-1,-1,-1,-1,-1,-1,-1,-1,-1,856,1359,-1,1120,-1,
-1,-1,-1,-1,-1,-1,-1,-1,-1,-1,-1,-1,-1,-1,-1,866,731,-1,-1,-1,
-1,-1,-1,-1,-1,-1,-1,-1,-1,-1,-1,-1,-1,-1,-1,875,781,-1,-1,-1,
-1,-1,-1,-1,-1,-1,-1,-1,-1,-1,-1,-1,-1,-1,-1,888,-1,-1,-1,746,
-1,-1,-1,-1,-1,-1,-1,-1,-1,-1,-1,-1,-1,-1,-1,919,991,-1,452,-1,
-1,-1,-1,-1,-1,-1,-1,-1,-1,-1,-1,-1,-1,-1,-1,921,1822,-1,-1,-1,
-1,-1,-1,-1,-1,-1,-1,-1,-1,-1,-1,-1,-1,-1,-1,926,-1,551,926,-1,
-1,-1,-1,-1,-1,-1,-1,-1,-1,-1,-1,-1,-1,-1,-1,933,-1,-1,-1,948,
-1,-1,-1,-1,-1,-1,-1,-1,-1,-1,-1,-1,-1,-1,-1,937,-1,-1,1200,-1,
-1,-1,-1,-1,-1,-1,-1,-1,-1,-1,-1,-1,-1,-1,-1,940,1132,-1,-1,-1,
-1,-1,-1,-1,-1,-1,-1,-1,-1,-1,-1,-1,-1,-1,-1,956,635,-1,-1,-1,
-1,-1,-1,-1,-1,-1,-1,-1,-1,-1,-1,-1,-1,-1,-1,961,-1,-1,-1,1836,
-1,-1,-1,-1,-1,-1,-1,-1,-1,-1,-1,-1,-1,-1,-1,999,1218,-1,-1,-1,
-1,-1,-1,-1,-1,-1,-1,-1,-1,-1,-1,-1,-1,-1,-1,1004,1021,-1,-1,-1,
-1,-1,-1,-1,-1,-1,-1,-1,-1,-1,-1,-1,-1,-1,-1,1005,-1,-1,-1,913,
-1,-1,-1,-1,-1,-1,-1,-1,-1,-1,-1,-1,-1,-1,-1,1008,1553,-1,-1,-1,
-1,-1,-1,-1,-1,-1,-1,-1,-1,-1,-1,-1,-1,-1,-1,1019,508,563,-1,-1,
-1,-1,-1,-1,-1,-1,-1,-1,-1,-1,-1,-1,-1,-1,-1,1024,2042,1284,2451,-1,
-1,-1,-1,-1,-1,-1,-1,-1,-1,-1,-1,-1,-1,-1,-1,1032,1311,-1,-1,-1,
-1,-1,-1,-1,-1,-1,-1,-1,-1,-1,-1,-1,-1,-1,-1,1044,728,-1,-1,-1,
-1,-1,-1,-1,-1,-1,-1,-1,-1,-1,-1,-1,-1,-1,-1,1061,-1,677,1174,-1,
-1,-1,-1,-1,-1,-1,-1,-1,-1,-1,-1,-1,-1,-1,-1,1069,-1,-1,2316,1436,
-1,-1,-1,-1,-1,-1,-1,-1,-1,-1,-1,-1,-1,-1,-1,1078,-1,1138,907,1917,
-1,-1,-1,-1,-1,-1,-1,-1,-1,-1,-1,-1,-1,-1,-1,1080,-1,-1,-1,2163,
-1,-1,-1,-1,-1,-1,-1,-1,-1,-1,-1,-1,-1,-1,-1,1086,2152,-1,-1,-1,
-1,-1,-1,-1,-1,-1,-1,-1,-1,-1,-1,-1,-1,-1,-1,1133,1161,-1,-1,-1,
-1,-1,-1,-1,-1,-1,-1,-1,-1,-1,-1,-1,-1,-1,-1,1173,1571,-1,-1,-1,
-1,-1,-1,-1,-1,-1,-1,-1,-1,-1,-1,-1,-1,-1,-1,1193,1217,867,-1,-1,
-1,-1,-1,-1,-1,-1,-1,-1,-1,-1,-1,-1,-1,-1,-1,1209,-1,-1,603,-1,
-1,-1,-1,-1,-1,-1,-1,-1,-1,-1,-1,-1,-1,-1,-1,1241,-1,436,-1,-1,
-1,-1,-1,-1,-1,-1,-1,-1,-1,-1,-1,-1,-1,-1,-1,1260,2133,-1,-1,-1,
-1,-1,-1,-1,-1,-1,-1,-1,-1,-1,-1,-1,-1,-1,-1,1281,721,-1,-1,-1,
-1,-1,-1,-1,-1,-1,-1,-1,-1,-1,-1,-1,-1,-1,-1,1297,628,-1,-1,-1,
-1,-1,-1,-1,-1,-1,-1,-1,-1,-1,-1,-1,-1,-1,-1,1303,2578,-1,-1,-1,
-1,-1,-1,-1,-1,-1,-1,-1,-1,-1,-1,-1,-1,-1,-1,1305,2077,-1,-1,-1,
-1,-1,-1,-1,-1,-1,-1,-1,-1,-1,-1,-1,-1,-1,-1,1310,1417,-1,-1,-1,
-1,-1,-1,-1,-1,-1,-1,-1,-1,-1,-1,-1,-1,-1,-1,1331,-1,-1,2109,-1,
-1,-1,-1,-1,-1,-1,-1,-1,-1,-1,-1,-1,-1,-1,-1,1338,632,-1,-1,-1,
-1,-1,-1,-1,-1,-1,-1,-1,-1,-1,-1,-1,-1,-1,-1,1349,-1,2795,-1,-1,
-1,-1,-1,-1,-1,-1,-1,-1,-1,-1,-1,-1,-1,-1,-1,1350,-1,1442,2632,-1,
-1,-1,-1,-1,-1,-1,-1,-1,-1,-1,-1,-1,-1,-1,-1,1358,-1,1936,-1,-1,
-1,-1,-1,-1,-1,-1,-1,-1,-1,-1,-1,-1,-1,-1,-1,1369,1699,-1,-1,-1,
-1,-1,-1,-1,-1,-1,-1,-1,-1,-1,-1,-1,-1,-1,-1,1379,616,-1,-1,-1,
-1,-1,-1,-1,-1,-1,-1,-1,-1,-1,-1,-1,-1,-1,-1,1382,-1,2356,1540,1292,
-1,-1,-1,-1,-1,-1,-1,-1,-1,-1,-1,-1,-1,-1,-1,1398,2648,-1,-1,-1,
-1,-1,-1,-1,-1,-1,-1,-1,-1,-1,-1,-1,-1,-1,-1,1418,-1,-1,-1,1863,
-1,-1,-1,-1,-1,-1,-1,-1,-1,-1,-1,-1,-1,-1,-1,1422,-1,1542,2717,-1,
-1,-1,-1,-1,-1,-1,-1,-1,-1,-1,-1,-1,-1,-1,-1,1448,-1,2003,-1,612,
-1,-1,-1,-1,-1,-1,-1,-1,-1,-1,-1,-1,-1,-1,-1,1451,1164,-1,2100,-1,
-1,-1,-1,-1,-1,-1,-1,-1,-1,-1,-1,-1,-1,-1,-1,1456,893,-1,-1,-1,
-1,-1,-1,-1,-1,-1,-1,-1,-1,-1,-1,-1,-1,-1,-1,1488,1593,-1,-1,-1,
-1,-1,-1,-1,-1,-1,-1,-1,-1,-1,-1,-1,-1,-1,-1,1517,-1,2873,-1,-1,
-1,-1,-1,-1,-1,-1,-1,-1,-1,-1,-1,-1,-1,-1,-1,1519,842,840,1250,1322,
-1,-1,-1,-1,-1,-1,-1,-1,-1,-1,-1,-1,-1,-1,-1,1524,-1,-1,-1,853,
-1,-1,-1,-1,-1,-1,-1,-1,-1,-1,-1,-1,-1,-1,-1,1534,645,-1,-1,-1,
-1,-1,-1,-1,-1,-1,-1,-1,-1,-1,-1,-1,-1,-1,-1,1539,1269,-1,-1,-1,
-1,-1,-1,-1,-1,-1,-1,-1,-1,-1,-1,-1,-1,-1,-1,1556,-1,1798,-1,-1,
-1,-1,-1,-1,-1,-1,-1,-1,-1,-1,-1,-1,-1,-1,-1,1586,-1,-1,753,-1,
-1,-1,-1,-1,-1,-1,-1,-1,-1,-1,-1,-1,-1,-1,-1,1587,-1,1715,-1,-1,
-1,-1,-1,-1,-1,-1,-1,-1,-1,-1,-1,-1,-1,-1,-1,1593,-1,-1,716,-1,
-1,-1,-1,-1,-1,-1,-1,-1,-1,-1,-1,-1,-1,-1,-1,1603,-1,-1,1232,656,
-1,-1,-1,-1,-1,-1,-1,-1,-1,-1,-1,-1,-1,-1,-1,1617,-1,755,-1,-1,
-1,-1,-1,-1,-1,-1,-1,-1,-1,-1,-1,-1,-1,-1,-1,1645,-1,-1,-1,1469,
-1,-1,-1,-1,-1,-1,-1,-1,-1,-1,-1,-1,-1,-1,-1,1654,765,-1,-1,-1,
-1,-1,-1,-1,-1,-1,-1,-1,-1,-1,-1,-1,-1,-1,-1,1656,1051,1007,-1,-1,
-1,-1,-1,-1,-1,-1,-1,-1,-1,-1,-1,-1,-1,-1,-1,1669,2808,-1,-1,-1,
-1,-1,-1,-1,-1,-1,-1,-1,-1,-1,-1,-1,-1,-1,-1,1671,2101,1694,-1,-1,
-1,-1,-1,-1,-1,-1,-1,-1,-1,-1,-1,-1,-1,-1,-1,1679,2071,1200,-1,-1,
-1,-1,-1,-1,-1,-1,-1,-1,-1,-1,-1,-1,-1,-1,-1,1684,2249,-1,-1,-1,
-1,-1,-1,-1,-1,-1,-1,-1,-1,-1,-1,-1,-1,-1,-1,1692,-1,-1,1889,-1,
-1,-1,-1,-1,-1,-1,-1,-1,-1,-1,-1,-1,-1,-1,-1,1697,890,-1,-1,-1,
-1,-1,-1,-1,-1,-1,-1,-1,-1,-1,-1,-1,-1,-1,-1,1705,2782,-1,-1,-1,
-1,-1,-1,-1,-1,-1,-1,-1,-1,-1,-1,-1,-1,-1,-1,1710,-1,-1,1302,-1,
-1,-1,-1,-1,-1,-1,-1,-1,-1,-1,-1,-1,-1,-1,-1,1724,1298,-1,-1,-1,
-1,-1,-1,-1,-1,-1,-1,-1,-1,-1,-1,-1,-1,-1,-1,1736,2567,-1,2591,1608,
-1,-1,-1,-1,-1,-1,-1,-1,-1,-1,-1,-1,-1,-1,-1,1739,1617,-1,689,-1,
-1,-1,-1,-1,-1,-1,-1,-1,-1,-1,-1,-1,-1,-1,-1,1742,-1,974,-1,-1,
-1,-1,-1,-1,-1,-1,-1,-1,-1,-1,-1,-1,-1,-1,-1,1750,1375,705,-1,-1,
-1,-1,-1,-1,-1,-1,-1,-1,-1,-1,-1,-1,-1,-1,-1,1756,-1,-1,1506,-1,
-1,-1,-1,-1,-1,-1,-1,-1,-1,-1,-1,-1,-1,-1,-1,1758,-1,2842,-1,-1,
-1,-1,-1,-1,-1,-1,-1,-1,-1,-1,-1,-1,-1,-1,-1,1764,2842,-1,-1,-1,
-1,-1,-1,-1,-1,-1,-1,-1,-1,-1,-1,-1,-1,-1,-1,1770,1698,-1,-1,-1,
-1,-1,-1,-1,-1,-1,-1,-1,-1,-1,-1,-1,-1,-1,-1,1790,-1,-1,2329,-1,
-1,-1,-1,-1,-1,-1,-1,-1,-1,-1,-1,-1,-1,-1,-1,1794,2037,-1,-1,-1,
-1,-1,-1,-1,-1,-1,-1,-1,-1,-1,-1,-1,-1,-1,-1,1799,-1,-1,-1,947,
-1,-1,-1,-1,-1,-1,-1,-1,-1,-1,-1,-1,-1,-1,-1,1819,2937,-1,-1,-1,
-1,-1,-1,-1,-1,-1,-1,-1,-1,-1,-1,-1,-1,-1,-1,1831,797,-1,-1,-1,
-1,-1,-1,-1,-1,-1,-1,-1,-1,-1,-1,-1,-1,-1,-1,1844,-1,1558,-1,-1,
-1,-1,-1,-1,-1,-1,-1,-1,-1,-1,-1,-1,-1,-1,-1,1855,2590,-1,-1,-1,
-1,-1,-1,-1,-1,-1,-1,-1,-1,-1,-1,-1,-1,-1,-1,1861,-1,-1,-1,1906,
-1,-1,-1,-1,-1,-1,-1,-1,-1,-1,-1,-1,-1,-1,-1,1864,2454,-1,-1,-1,
-1,-1,-1,-1,-1,-1,-1,-1,-1,-1,-1,-1,-1,-1,-1,1886,2447,-1,-1,-1,
-1,-1,-1,-1,-1,-1,-1,-1,-1,-1,-1,-1,-1,-1,-1,1902,-1,2106,-1,-1,
-1,-1,-1,-1,-1,-1,-1,-1,-1,-1,-1,-1,-1,-1,-1,1911,2017,-1,-1,-1,
-1,-1,-1,-1,-1,-1,-1,-1,-1,-1,-1,-1,-1,-1,-1,1914,-1,-1,2639,-1,
-1,-1,-1,-1,-1,-1,-1,-1,-1,-1,-1,-1,-1,-1,-1,1917,-1,1299,-1,1364,
-1,-1,-1,-1,-1,-1,-1,-1,-1,-1,-1,-1,-1,-1,-1,1921,-1,1275,2661,-1,
-1,-1,-1,-1,-1,-1,-1,-1,-1,-1,-1,-1,-1,-1,-1,1926,-1,2621,-1,-1,
-1,-1,-1,-1,-1,-1,-1,-1,-1,-1,-1,-1,-1,-1,-1,1930,-1,-1,-1,1507,
-1,-1,-1,-1,-1,-1,-1,-1,-1,-1,-1,-1,-1,-1,-1,1934,1489,1918,-1,-1,
-1,-1,-1,-1,-1,-1,-1,-1,-1,-1,-1,-1,-1,-1,-1,1949,1823,2423,1057,2204,
-1,-1,-1,-1,-1,-1,-1,-1,-1,-1,-1,-1,-1,-1,-1,1981,2121,1042,-1,-1,
-1,-1,-1,-1,-1,-1,-1,-1,-1,-1,-1,-1,-1,-1,-1,2014,2308,-1,-1,1639,
-1,-1,-1,-1,-1,-1,-1,-1,-1,-1,-1,-1,-1,-1,-1,2019,-1,-1,2171,-1,
-1,-1,-1,-1,-1,-1,-1,-1,-1,-1,-1,-1,-1,-1,-1,2042,-1,-1,2866,-1,
-1,-1,-1,-1,-1,-1,-1,-1,-1,-1,-1,-1,-1,-1,-1,2046,-1,882,-1,-1,
-1,-1,-1,-1,-1,-1,-1,-1,-1,-1,-1,-1,-1,-1,-1,2087,-1,-1,2598,-1,
-1,-1,-1,-1,-1,-1,-1,-1,-1,-1,-1,-1,-1,-1,-1,2089,2244,-1,-1,-1,
-1,-1,-1,-1,-1,-1,-1,-1,-1,-1,-1,-1,-1,-1,-1,2098,-1,-1,-1,904,
-1,-1,-1,-1,-1,-1,-1,-1,-1,-1,-1,-1,-1,-1,-1,2106,1511,-1,-1,-1,
-1,-1,-1,-1,-1,-1,-1,-1,-1,-1,-1,-1,-1,-1,-1,2114,-1,2165,-1,-1,
-1,-1,-1,-1,-1,-1,-1,-1,-1,-1,-1,-1,-1,-1,-1,2118,-1,-1,2265,-1,
-1,-1,-1,-1,-1,-1,-1,-1,-1,-1,-1,-1,-1,-1,-1,2138,-1,-1,2342,-1,
-1,-1,-1,-1,-1,-1,-1,-1,-1,-1,-1,-1,-1,-1,-1,2161,1963,-1,-1,-1,
-1,-1,-1,-1,-1,-1,-1,-1,-1,-1,-1,-1,-1,-1,-1,2165,-1,1532,-1,-1,
-1,-1,-1,-1,-1,-1,-1,-1,-1,-1,-1,-1,-1,-1,-1,2172,2095,-1,-1,-1,
-1,-1,-1,-1,-1,-1,-1,-1,-1,-1,-1,-1,-1,-1,-1,2173,-1,-1,-1,1604,
-1,-1,-1,-1,-1,-1,-1,-1,-1,-1,-1,-1,-1,-1,-1,2184,1011,-1,-1,-1,
-1,-1,-1,-1,-1,-1,-1,-1,-1,-1,-1,-1,-1,-1,-1,2191,2173,-1,-1,-1,
-1,-1,-1,-1,-1,-1,-1,-1,-1,-1,-1,-1,-1,-1,-1,2216,-1,-1,-1,2481,
-1,-1,-1,-1,-1,-1,-1,-1,-1,-1,-1,-1,-1,-1,-1,2242,2700,-1,-1,-1,
-1,-1,-1,-1,-1,-1,-1,-1,-1,-1,-1,-1,-1,-1,-1,2243,1778,-1,-1,-1,
-1,-1,-1,-1,-1,-1,-1,-1,-1,-1,-1,-1,-1,-1,-1,2263,-1,-1,1208,-1,
-1,-1,-1,-1,-1,-1,-1,-1,-1,-1,-1,-1,-1,-1,-1,2291,-1,-1,-1,1760,
-1,-1,-1,-1,-1,-1,-1,-1,-1,-1,-1,-1,-1,-1,-1,2292,-1,-1,1352,-1,
-1,-1,-1,-1,-1,-1,-1,-1,-1,-1,-1,-1,-1,-1,-1,2312,2710,-1,-1,-1,
-1,-1,-1,-1,-1,-1,-1,-1,-1,-1,-1,-1,-1,-1,-1,2333,-1,1951,-1,-1,
-1,-1,-1,-1,-1,-1,-1,-1,-1,-1,-1,-1,-1,-1,-1,2335,2637,-1,-1,-1,
-1,-1,-1,-1,-1,-1,-1,-1,-1,-1,-1,-1,-1,-1,-1,2338,1614,1387,-1,-1,
-1,-1,-1,-1,-1,-1,-1,-1,-1,-1,-1,-1,-1,-1,-1,2355,1700,1384,2446,-1,
-1,-1,-1,-1,-1,-1,-1,-1,-1,-1,-1,-1,-1,-1,-1,2372,-1,-1,-1,2325,
-1,-1,-1,-1,-1,-1,-1,-1,-1,-1,-1,-1,-1,-1,-1,2385,1354,-1,-1,-1,
-1,-1,-1,-1,-1,-1,-1,-1,-1,-1,-1,-1,-1,-1,-1,2389,-1,-1,-1,2154,
-1,-1,-1,-1,-1,-1,-1,-1,-1,-1,-1,-1,-1,-1,-1,2400,-1,1982,-1,-1,
-1,-1,-1,-1,-1,-1,-1,-1,-1,-1,-1,-1,-1,-1,-1,2415,-1,-1,1919,-1,
-1,-1,-1,-1,-1,-1,-1,-1,-1,-1,-1,-1,-1,-1,-1,2422,-1,1119,-1,-1,
-1,-1,-1,-1,-1,-1,-1,-1,-1,-1,-1,-1,-1,-1,-1,2447,-1,2163,-1,-1,
-1,-1,-1,-1,-1,-1,-1,-1,-1,-1,-1,-1,-1,-1,-1,2460,-1,-1,1821,-1,
-1,-1,-1,-1,-1,-1,-1,-1,-1,-1,-1,-1,-1,-1,-1,2465,1426,-1,-1,-1,
-1,-1,-1,-1,-1,-1,-1,-1,-1,-1,-1,-1,-1,-1,-1,2475,1668,-1,-1,-1,
-1,-1,-1,-1,-1,-1,-1,-1,-1,-1,-1,-1,-1,-1,-1,2487,-1,-1,-1,2175,
-1,-1,-1,-1,-1,-1,-1,-1,-1,-1,-1,-1,-1,-1,-1,2491,2571,-1,-1,-1,
-1,-1,-1,-1,-1,-1,-1,-1,-1,-1,-1,-1,-1,-1,-1,2510,-1,-1,1699,1468,
-1,-1,-1,-1,-1,-1,-1,-1,-1,-1,-1,-1,-1,-1,-1,2521,1389,-1,-1,-1,
-1,-1,-1,-1,-1,-1,-1,-1,-1,-1,-1,-1,-1,-1,-1,2533,-1,-1,2965,-1,
-1,-1,-1,-1,-1,-1,-1,-1,-1,-1,-1,-1,-1,-1,-1,2537,2763,-1,-1,-1,
-1,-1,-1,-1,-1,-1,-1,-1,-1,-1,-1,-1,-1,-1,-1,2544,2080,1941,1634,-1,
-1,-1,-1,-1,-1,-1,-1,-1,-1,-1,-1,-1,-1,-1,-1,2551,-1,-1,-1,1250,
-1,-1,-1,-1,-1,-1,-1,-1,-1,-1,-1,-1,-1,-1,-1,2554,-1,1555,-1,-1,
-1,-1,-1,-1,-1,-1,-1,-1,-1,-1,-1,-1,-1,-1,-1,2559,2161,-1,-1,-1,
-1,-1,-1,-1,-1,-1,-1,-1,-1,-1,-1,-1,-1,-1,-1,2562,-1,-1,1488,2746,
-1,-1,-1,-1,-1,-1,-1,-1,-1,-1,-1,-1,-1,-1,-1,2563,1598,-1,-1,1226,
-1,-1,-1,-1,-1,-1,-1,-1,-1,-1,-1,-1,-1,-1,-1,2655,-1,-1,-1,1615,
-1,-1,-1,-1,-1,-1,-1,-1,-1,-1,-1,-1,-1,-1,-1,2690,2475,-1,-1,-1,
-1,-1,-1,-1,-1,-1,-1,-1,-1,-1,-1,-1,-1,-1,-1,2694,-1,-1,-1,1664,
-1,-1,-1,-1,-1,-1,-1,-1,-1,-1,-1,-1,-1,-1,-1,2704,2435,-1,-1,-1,
-1,-1,-1,-1,-1,-1,-1,-1,-1,-1,-1,-1,-1,-1,-1,2716,2919,-1,-1,-1,
-1,-1,-1,-1,-1,-1,-1,-1,-1,-1,-1,-1,-1,-1,-1,2791,1419,-1,-1,-1,
-1,-1,-1,-1,-1,-1,-1,-1,-1,-1,-1,-1,-1,-1,-1,2818,-1,1713,-1,-1,
-1,-1,-1,-1,-1,-1,-1,-1,-1,-1,-1,-1,-1,-1,-1,2826,1064,-1,1937,-1,
-1,-1,-1,-1,-1,-1,-1,-1,-1,-1,-1,-1,-1,-1,-1,2831,1485,-1,-1,-1,
-1,-1,-1,-1,-1,-1,-1,-1,-1,-1,-1,-1,-1,-1,-1,2833,2837,-1,-1,-1,
-1,-1,-1,-1,-1,-1,-1,-1,-1,-1,-1,-1,-1,-1,-1,2840,-1,2300,3003,-1,
-1,-1,-1,-1,-1,-1,-1,-1,-1,-1,-1,-1,-1,-1,-1,2865,-1,-1,2872,-1,
-1,-1,-1,-1,-1,-1,-1,-1,-1,-1,-1,-1,-1,-1,-1,2886,-1,1628,-1,2745,
-1,-1,-1,-1,-1,-1,-1,-1,-1,-1,-1,-1,-1,-1,-1,2898,1973,-1,-1,-1,
-1,-1,-1,-1,-1,-1,-1,-1,-1,-1,-1,-1,-1,-1,-1,-1,2,6,-1,-1,
-1,-1,-1,-1,-1,-1,-1,-1,-1,-1,-1,-1,-1,-1,-1,-1,13,-1,-1,31,
-1,-1,-1,-1,-1,-1,-1,-1,-1,-1,-1,-1,-1,-1,-1,-1,17,16,-1,-1,
-1,-1,-1,-1,-1,-1,-1,-1,-1,-1,-1,-1,-1,-1,-1,-1,29,40,-1,-1,
-1,-1,-1,-1,-1,-1,-1,-1,-1,-1,-1,-1,-1,-1,-1,-1,30,49,-1,-1,
-1,-1,-1,-1,-1,-1,-1,-1,-1,-1,-1,-1,-1,-1,-1,-1,56,199,-1,-1,
-1,-1,-1,-1,-1,-1,-1,-1,-1,-1,-1,-1,-1,-1,-1,-1,65,173,-1,-1,
-1,-1,-1,-1,-1,-1,-1,-1,-1,-1,-1,-1,-1,-1,-1,-1,75,136,228,160,
-1,-1,-1,-1,-1,-1,-1,-1,-1,-1,-1,-1,-1,-1,-1,-1,99,280,301,-1,
-1,-1,-1,-1,-1,-1,-1,-1,-1,-1,-1,-1,-1,-1,-1,-1,108,-1,387,-1,
-1,-1,-1,-1,-1,-1,-1,-1,-1,-1,-1,-1,-1,-1,-1,-1,132,483,-1,-1,
-1,-1,-1,-1,-1,-1,-1,-1,-1,-1,-1,-1,-1,-1,-1,-1,201,528,-1,-1,
-1,-1,-1,-1,-1,-1,-1,-1,-1,-1,-1,-1,-1,-1,-1,-1,207,651,-1,-1,
-1,-1,-1,-1,-1,-1,-1,-1,-1,-1,-1,-1,-1,-1,-1,-1,212,-1,242,-1,
-1,-1,-1,-1,-1,-1,-1,-1,-1,-1,-1,-1,-1,-1,-1,-1,218,-1,468,-1,
-1,-1,-1,-1,-1,-1,-1,-1,-1,-1,-1,-1,-1,-1,-1,-1,232,122,-1,-1,
-1,-1,-1,-1,-1,-1,-1,-1,-1,-1,-1,-1,-1,-1,-1,-1,238,-1,940,457,
-1,-1,-1,-1,-1,-1,-1,-1,-1,-1,-1,-1,-1,-1,-1,-1,245,210,764,-1,
-1,-1,-1,-1,-1,-1,-1,-1,-1,-1,-1,-1,-1,-1,-1,-1,253,385,-1,-1,
-1,-1,-1,-1,-1,-1,-1,-1,-1,-1,-1,-1,-1,-1,-1,-1,269,-1,311,-1,
-1,-1,-1,-1,-1,-1,-1,-1,-1,-1,-1,-1,-1,-1,-1,-1,280,167,-1,-1,
-1,-1,-1,-1,-1,-1,-1,-1,-1,-1,-1,-1,-1,-1,-1,-1,284,600,-1,-1,
-1,-1,-1,-1,-1,-1,-1,-1,-1,-1,-1,-1,-1,-1,-1,-1,291,498,-1,178,
-1,-1,-1,-1,-1,-1,-1,-1,-1,-1,-1,-1,-1,-1,-1,-1,296,-1,122,-1,
-1,-1,-1,-1,-1,-1,-1,-1,-1,-1,-1,-1,-1,-1,-1,-1,309,310,589,-1,
-1,-1,-1,-1,-1,-1,-1,-1,-1,-1,-1,-1,-1,-1,-1,-1,310,1044,424,551,
-1,-1,-1,-1,-1,-1,-1,-1,-1,-1,-1,-1,-1,-1,-1,-1,319,-1,155,-1,
-1,-1,-1,-1,-1,-1,-1,-1,-1,-1,-1,-1,-1,-1,-1,-1,320,367,-1,-1,
-1,-1,-1,-1,-1,-1,-1,-1,-1,-1,-1,-1,-1,-1,-1,-1,326,269,-1,-1,
-1,-1,-1,-1,-1,-1,-1,-1,-1,-1,-1,-1,-1,-1,-1,-1,335,438,-1,-1,
-1,-1,-1,-1,-1,-1,-1,-1,-1,-1,-1,-1,-1,-1,-1,-1,339,336,612,550,
-1,-1,-1,-1,-1,-1,-1,-1,-1,-1,-1,-1,-1,-1,-1,-1,346,360,-1,873,
-1,-1,-1,-1,-1,-1,-1,-1,-1,-1,-1,-1,-1,-1,-1,-1,353,545,-1,-1,
-1,-1,-1,-1,-1,-1,-1,-1,-1,-1,-1,-1,-1,-1,-1,-1,370,-1,495,-1,
-1,-1,-1,-1,-1,-1,-1,-1,-1,-1,-1,-1,-1,-1,-1,-1,387,-1,565,466,
-1,-1,-1,-1,-1,-1,-1,-1,-1,-1,-1,-1,-1,-1,-1,-1,389,640,-1,-1,
-1,-1,-1,-1,-1,-1,-1,-1,-1,-1,-1,-1,-1,-1,-1,-1,391,163,-1,-1,
-1,-1,-1,-1,-1,-1,-1,-1,-1,-1,-1,-1,-1,-1,-1,-1,394,813,-1,-1,
-1,-1,-1,-1,-1,-1,-1,-1,-1,-1,-1,-1,-1,-1,-1,-1,396,896,-1,-1,
-1,-1,-1,-1,-1,-1,-1,-1,-1,-1,-1,-1,-1,-1,-1,-1,403,1109,1032,-1,
-1,-1,-1,-1,-1,-1,-1,-1,-1,-1,-1,-1,-1,-1,-1,-1,430,319,184,439,
-1,-1,-1,-1,-1,-1,-1,-1,-1,-1,-1,-1,-1,-1,-1,-1,438,369,-1,-1,
-1,-1,-1,-1,-1,-1,-1,-1,-1,-1,-1,-1,-1,-1,-1,-1,443,626,-1,1030,
-1,-1,-1,-1,-1,-1,-1,-1,-1,-1,-1,-1,-1,-1,-1,-1,444,365,-1,-1,
-1,-1,-1,-1,-1,-1,-1,-1,-1,-1,-1,-1,-1,-1,-1,-1,447,-1,590,940,
-1,-1,-1,-1,-1,-1,-1,-1,-1,-1,-1,-1,-1,-1,-1,-1,450,264,-1,-1,
-1,-1,-1,-1,-1,-1,-1,-1,-1,-1,-1,-1,-1,-1,-1,-1,464,763,-1,-1,
-1,-1,-1,-1,-1,-1,-1,-1,-1,-1,-1,-1,-1,-1,-1,-1,480,423,-1,-1,
-1,-1,-1,-1,-1,-1,-1,-1,-1,-1,-1,-1,-1,-1,-1,-1,514,1142,-1,-1,
-1,-1,-1,-1,-1,-1,-1,-1,-1,-1,-1,-1,-1,-1,-1,-1,532,410,-1,-1,
-1,-1,-1,-1,-1,-1,-1,-1,-1,-1,-1,-1,-1,-1,-1,-1,551,-1,172,-1,
-1,-1,-1,-1,-1,-1,-1,-1,-1,-1,-1,-1,-1,-1,-1,-1,556,900,-1,-1,
-1,-1,-1,-1,-1,-1,-1,-1,-1,-1,-1,-1,-1,-1,-1,-1,591,250,695,-1,
-1,-1,-1,-1,-1,-1,-1,-1,-1,-1,-1,-1,-1,-1,-1,-1,594,924,-1,-1,
-1,-1,-1,-1,-1,-1,-1,-1,-1,-1,-1,-1,-1,-1,-1,-1,624,263,-1,-1,
-1,-1,-1,-1,-1,-1,-1,-1,-1,-1,-1,-1,-1,-1,-1,-1,638,434,-1,-1,
-1,-1,-1,-1,-1,-1,-1,-1,-1,-1,-1,-1,-1,-1,-1,-1,646,356,-1,-1,
-1,-1,-1,-1,-1,-1,-1,-1,-1,-1,-1,-1,-1,-1,-1,-1,665,738,-1,-1,
-1,-1,-1,-1,-1,-1,-1,-1,-1,-1,-1,-1,-1,-1,-1,-1,669,-1,-1,865,
-1,-1,-1,-1,-1,-1,-1,-1,-1,-1,-1,-1,-1,-1,-1,-1,671,427,-1,-1,
-1,-1,945,-1,-1,-1,-1,-1,-1,-1,-1,-1,-1,-1,-1,-1,677,209,112,-1,
-1,-1,-1,-1,-1,-1,-1,-1,-1,-1,-1,-1,-1,-1,-1,-1,697,762,-1,-1,
-1,-1,-1,-1,-1,-1,-1,-1,-1,-1,-1,-1,-1,-1,-1,-1,700,-1,-1,1126,
-1,-1,-1,-1,-1,-1,-1,-1,-1,-1,-1,-1,-1,-1,-1,-1,703,316,-1,-1,
-1,-1,-1,-1,-1,-1,-1,-1,-1,-1,-1,-1,-1,-1,-1,-1,709,-1,-1,467,
-1,-1,-1,-1,-1,-1,-1,-1,-1,-1,-1,-1,-1,-1,-1,-1,724,-1,-1,461,
-1,-1,-1,-1,-1,-1,-1,-1,-1,-1,-1,-1,-1,-1,-1,-1,738,654,355,-1,
-1,-1,-1,-1,-1,-1,-1,-1,-1,-1,-1,-1,-1,-1,-1,-1,740,245,-1,-1,
-1,-1,-1,-1,-1,-1,-1,-1,-1,-1,-1,-1,-1,-1,-1,-1,744,580,845,-1,
-1,-1,-1,-1,-1,-1,-1,-1,-1,-1,-1,-1,-1,-1,-1,-1,749,366,-1,-1,
-1,-1,-1,-1,-1,-1,-1,-1,-1,-1,-1,-1,-1,-1,-1,-1,751,-1,-1,911,
-1,-1,-1,-1,-1,-1,-1,-1,-1,-1,-1,-1,-1,-1,-1,-1,770,1278,-1,-1,
-1,-1,-1,-1,-1,-1,-1,-1,-1,-1,-1,-1,-1,-1,-1,-1,772,1033,-1,-1,
-1,-1,-1,-1,-1,-1,-1,-1,-1,-1,-1,-1,-1,-1,-1,-1,807,1216,-1,-1,
-1,-1,-1,-1,-1,-1,-1,-1,-1,-1,-1,-1,-1,-1,-1,-1,811,-1,-1,328,
-1,-1,-1,-1,-1,-1,-1,-1,-1,-1,-1,-1,-1,-1,-1,-1,817,750,-1,-1,
-1,-1,-1,-1,-1,-1,-1,-1,-1,-1,-1,-1,-1,-1,-1,-1,832,-1,361,234,
-1,-1,-1,-1,-1,-1,-1,-1,-1,-1,-1,-1,-1,-1,-1,-1,877,1035,-1,1102,
-1,-1,-1,-1,-1,-1,-1,-1,-1,-1,-1,-1,-1,-1,-1,-1,880,-1,1290,-1,
-1,-1,-1,-1,-1,-1,-1,-1,-1,-1,-1,-1,-1,-1,-1,-1,887,957,-1,-1,
-1,-1,-1,-1,-1,-1,-1,-1,-1,-1,-1,-1,-1,-1,-1,-1,901,-1,-1,795,
-1,-1,-1,-1,-1,-1,-1,-1,-1,-1,-1,-1,-1,-1,-1,-1,907,522,1031,561,
-1,-1,-1,-1,-1,-1,-1,-1,-1,-1,-1,-1,-1,-1,-1,-1,923,779,-1,-1,
-1,-1,-1,-1,-1,-1,-1,-1,-1,-1,-1,-1,-1,-1,-1,-1,932,791,-1,-1,
-1,-1,-1,-1,-1,-1,-1,-1,-1,-1,-1,-1,-1,-1,-1,-1,934,-1,2012,-1,
-1,-1,-1,-1,-1,-1,-1,-1,-1,-1,-1,-1,-1,-1,-1,-1,959,-1,578,-1,
-1,-1,-1,-1,-1,-1,-1,-1,-1,-1,-1,-1,-1,-1,-1,-1,972,-1,1813,-1,
-1,-1,-1,-1,-1,-1,-1,-1,-1,-1,-1,-1,-1,-1,-1,-1,973,-1,1095,-1,
-1,-1,-1,-1,-1,-1,-1,-1,-1,-1,-1,-1,-1,-1,-1,-1,1024,558,969,968,
-1,-1,-1,-1,-1,-1,-1,-1,-1,-1,-1,-1,-1,-1,-1,-1,1025,1660,996,1942,
-1,-1,-1,-1,-1,-1,-1,-1,-1,-1,-1,-1,-1,-1,-1,-1,1028,-1,-1,742,
-1,-1,-1,-1,-1,-1,-1,-1,-1,-1,-1,-1,-1,-1,-1,-1,1031,1213,-1,-1,
-1,-1,-1,-1,-1,-1,-1,-1,-1,-1,-1,-1,-1,-1,-1,-1,1034,536,-1,-1,
-1,-1,-1,-1,-1,-1,-1,-1,-1,-1,-1,-1,2551,-1,-1,-1,1039,1700,-1,-1,
-1,-1,-1,-1,-1,-1,-1,-1,-1,-1,-1,-1,-1,-1,-1,-1,1044,-1,897,-1,
-1,-1,-1,-1,-1,-1,-1,-1,-1,-1,-1,-1,-1,-1,-1,-1,1045,1304,-1,-1,
-1,-1,-1,-1,-1,-1,-1,-1,-1,-1,-1,-1,-1,-1,-1,-1,1046,-1,1696,-1,
-1,-1,-1,-1,-1,-1,-1,-1,-1,-1,-1,-1,-1,-1,-1,-1,1058,1331,-1,-1,
-1,-1,-1,-1,-1,-1,-1,-1,-1,-1,-1,-1,-1,-1,-1,-1,1060,1531,-1,-1,
-1,-1,-1,-1,-1,-1,-1,-1,-1,-1,-1,-1,-1,-1,-1,-1,1089,1379,-1,-1,
-1,-1,-1,-1,-1,-1,-1,-1,-1,-1,-1,-1,-1,-1,-1,-1,1096,726,1156,749,
-1,-1,-1,-1,-1,-1,-1,-1,-1,-1,-1,-1,-1,-1,-1,-1,1107,568,487,-1,
-1,-1,-1,-1,-1,-1,-1,-1,-1,-1,-1,-1,-1,-1,-1,-1,1149,1885,-1,-1,
-1,-1,-1,-1,-1,-1,-1,-1,-1,-1,-1,-1,-1,-1,-1,-1,1168,2031,-1,-1,
-1,-1,-1,-1,-1,-1,-1,-1,-1,-1,-1,-1,-1,-1,-1,-1,1173,-1,-1,1894,
-1,-1,-1,-1,-1,-1,-1,-1,-1,-1,-1,-1,-1,-1,-1,-1,1187,-1,2161,-1,
-1,-1,-1,-1,-1,-1,-1,2649,-1,-1,-1,-1,-1,-1,-1,-1,1195,1610,1525,-1,
-1,-1,-1,-1,-1,-1,-1,-1,-1,-1,-1,-1,-1,-1,-1,-1,1203,-1,1191,-1,
-1,-1,-1,-1,-1,-1,-1,-1,-1,-1,-1,-1,-1,-1,-1,-1,1204,1327,-1,-1,
-1,-1,-1,-1,-1,-1,-1,-1,-1,-1,-1,-1,-1,-1,-1,-1,1205,-1,-1,450,
-1,-1,-1,-1,-1,-1,-1,-1,-1,-1,-1,-1,-1,-1,-1,-1,1219,713,548,-1,
-1,-1,-1,-1,-1,-1,-1,-1,-1,-1,-1,-1,-1,-1,-1,-1,1234,1475,-1,-1,
-1,-1,-1,-1,-1,-1,-1,-1,-1,-1,-1,-1,-1,-1,-1,-1,1240,-1,2323,1648,
-1,-1,-1,-1,-1,-1,-1,-1,-1,-1,-1,-1,-1,-1,-1,-1,1263,-1,1416,-1,
-1,-1,-1,-1,-1,-1,-1,-1,-1,-1,-1,-1,-1,-1,-1,-1,1265,-1,1669,-1,
-1,-1,-1,-1,-1,-1,-1,-1,-1,-1,-1,-1,-1,-1,-1,-1,1296,-1,-1,1157,
-1,-1,-1,-1,-1,-1,-1,-1,-1,-1,-1,-1,-1,-1,-1,-1,1297,-1,1391,-1,
-1,-1,-1,-1,-1,-1,-1,-1,-1,-1,-1,-1,-1,-1,-1,-1,1307,-1,1160,-1,
-1,-1,-1,-1,-1,-1,-1,-1,-1,-1,-1,-1,-1,-1,-1,-1,1310,1917,-1,-1,
-1,-1,-1,-1,-1,-1,-1,-1,-1,-1,-1,-1,-1,-1,-1,-1,1315,2265,-1,-1,
-1,-1,-1,-1,-1,-1,-1,-1,-1,-1,-1,-1,-1,-1,-1,-1,1321,2504,-1,-1,
-1,-1,-1,-1,-1,-1,-1,-1,-1,-1,-1,-1,-1,-1,-1,-1,1322,1617,1990,-1,
-1,-1,-1,-1,-1,-1,-1,-1,-1,-1,-1,-1,-1,-1,-1,-1,1332,1217,-1,2577,
-1,-1,-1,-1,-1,-1,-1,-1,-1,-1,-1,-1,-1,-1,-1,-1,1334,1300,-1,1969,
-1,-1,-1,-1,-1,-1,-1,-1,-1,-1,-1,-1,-1,-1,-1,-1,1343,1073,1581,-1,
-1,-1,-1,-1,-1,-1,-1,-1,-1,-1,-1,-1,-1,-1,-1,-1,1348,694,-1,-1,
-1,-1,-1,-1,-1,-1,-1,-1,-1,-1,-1,-1,-1,-1,-1,-1,1385,-1,-1,1256,
-1,-1,-1,-1,-1,-1,-1,-1,-1,-1,-1,-1,-1,-1,-1,-1,1386,1620,-1,-1,
-1,-1,-1,-1,-1,-1,-1,-1,-1,-1,-1,-1,-1,-1,-1,-1,1387,1506,-1,-1,
-1,-1,-1,-1,-1,-1,-1,-1,-1,-1,-1,-1,-1,-1,-1,-1,1391,853,-1,-1,
-1,-1,-1,-1,-1,-1,-1,-1,-1,-1,-1,-1,-1,-1,-1,-1,1403,2444,-1,-1,
-1,-1,-1,-1,-1,-1,-1,-1,-1,-1,-1,-1,-1,-1,-1,-1,1427,480,1403,957,
-1,-1,-1,-1,-1,-1,-1,-1,-1,-1,-1,-1,-1,-1,-1,-1,1428,1575,1552,1553,
-1,-1,-1,-1,-1,-1,-1,-1,-1,-1,-1,-1,-1,-1,-1,-1,1446,1886,-1,-1,
-1,-1,-1,-1,-1,-1,-1,-1,-1,-1,-1,-1,-1,-1,-1,-1,1451,945,-1,-1,
-1,-1,-1,-1,-1,-1,-1,-1,-1,-1,-1,-1,-1,-1,-1,-1,1467,692,792,-1,
-1,-1,-1,-1,-1,-1,-1,-1,-1,-1,-1,-1,-1,-1,-1,-1,1474,716,-1,-1,
-1,-1,-1,-1,-1,-1,-1,-1,-1,-1,-1,-1,-1,-1,-1,-1,1479,-1,-1,2216,
-1,-1,-1,-1,-1,-1,-1,-1,-1,-1,-1,-1,-1,-1,-1,-1,1483,2782,-1,-1,
-1,-1,-1,-1,-1,-1,-1,-1,-1,-1,-1,-1,-1,-1,-1,-1,1491,735,-1,-1,
-1,-1,-1,-1,-1,-1,-1,-1,-1,-1,-1,-1,-1,-1,-1,-1,1502,1931,1084,1106,
-1,-1,-1,-1,-1,-1,-1,-1,-1,-1,-1,-1,-1,-1,-1,-1,1508,794,-1,-1,
-1,-1,-1,-1,-1,-1,-1,-1,-1,-1,-1,-1,-1,-1,-1,-1,1525,2473,-1,-1,
-1,-1,-1,-1,-1,-1,-1,-1,-1,-1,-1,-1,-1,-1,-1,-1,1529,2610,-1,-1,
-1,-1,-1,-1,-1,-1,-1,-1,-1,-1,-1,-1,-1,-1,-1,-1,1534,1260,-1,-1,
-1,-1,-1,-1,-1,-1,-1,-1,-1,-1,-1,-1,-1,-1,-1,-1,1537,1403,-1,-1,
-1,-1,-1,-1,-1,-1,-1,-1,-1,-1,-1,-1,-1,-1,-1,-1,1540,1776,-1,-1,
-1,-1,-1,-1,-1,-1,-1,-1,-1,-1,-1,-1,-1,-1,-1,-1,1543,680,-1,-1,
-1,-1,-1,-1,-1,-1,-1,-1,-1,-1,-1,-1,-1,-1,-1,-1,1550,-1,1347,-1,
-1,-1,-1,-1,-1,-1,-1,-1,-1,-1,-1,-1,-1,-1,-1,-1,1554,599,-1,-1,
-1,-1,-1,-1,-1,-1,-1,-1,-1,-1,-1,-1,-1,-1,-1,-1,1570,-1,2792,-1,
-1,-1,-1,-1,-1,-1,-1,-1,-1,-1,-1,-1,-1,-1,-1,-1,1591,1865,-1,-1,
-1,-1,-1,-1,-1,-1,-1,-1,-1,-1,-1,-1,-1,-1,-1,-1,1601,-1,2568,-1,
-1,-1,-1,-1,-1,-1,-1,-1,-1,-1,-1,-1,-1,-1,-1,-1,1620,-1,-1,2336,
-1,-1,-1,-1,-1,-1,-1,-1,-1,-1,-1,-1,-1,-1,-1,-1,1633,-1,2106,2747,
-1,-1,-1,-1,-1,-1,-1,-1,-1,-1,-1,-1,-1,-1,-1,-1,1663,-1,2393,-1,
-1,-1,-1,-1,-1,-1,-1,-1,-1,-1,-1,-1,-1,-1,-1,-1,1672,1317,1268,-1,
-1,-1,-1,-1,-1,-1,-1,-1,-1,-1,-1,-1,2414,-1,-1,-1,1674,2049,-1,-1,
-1,-1,-1,-1,-1,-1,-1,-1,-1,-1,-1,-1,-1,-1,-1,-1,1684,1733,-1,-1,
-1,-1,-1,-1,-1,-1,-1,-1,-1,-1,-1,-1,-1,-1,-1,-1,1686,1923,-1,-1,
-1,-1,-1,-1,-1,-1,-1,-1,-1,-1,-1,-1,-1,-1,-1,-1,1704,2715,-1,-1,
-1,-1,-1,-1,-1,-1,-1,-1,-1,-1,-1,-1,-1,-1,-1,-1,1707,1302,-1,-1,
-1,-1,-1,-1,-1,-1,-1,-1,-1,-1,-1,-1,-1,-1,-1,-1,1724,2518,-1,-1,
-1,-1,-1,-1,-1,-1,-1,-1,-1,-1,-1,-1,-1,-1,-1,-1,1735,889,-1,-1,
-1,-1,-1,-1,-1,-1,-1,-1,-1,-1,-1,-1,-1,-1,-1,-1,1749,1224,-1,-1,
-1,-1,-1,-1,-1,-1,-1,-1,-1,-1,-1,-1,-1,-1,-1,-1,1763,2566,-1,-1,
-1,-1,-1,-1,-1,-1,-1,-1,-1,-1,-1,-1,-1,-1,-1,-1,1768,2293,-1,-1,
-1,-1,-1,-1,-1,-1,-1,-1,-1,-1,-1,-1,-1,-1,-1,-1,1776,-1,2573,-1,
-1,-1,-1,-1,-1,-1,-1,-1,-1,-1,-1,-1,-1,-1,-1,-1,1782,1437,1934,-1,
-1,-1,-1,-1,-1,-1,-1,-1,-1,-1,-1,-1,-1,-1,-1,-1,1793,-1,2854,-1,
-1,-1,-1,-1,-1,-1,-1,-1,-1,-1,-1,-1,-1,-1,-1,-1,1814,1061,-1,-1,
-1,-1,-1,-1,-1,-1,-1,-1,-1,-1,-1,-1,-1,-1,-1,-1,1818,2065,2857,-1,
-1,-1,-1,-1,-1,-1,-1,-1,-1,-1,-1,-1,-1,-1,-1,-1,1827,1635,-1,-1,
-1,-1,-1,-1,-1,-1,-1,-1,-1,-1,-1,-1,-1,-1,-1,-1,1828,1207,-1,-1,
-1,-1,-1,-1,-1,-1,-1,-1,-1,-1,-1,-1,-1,-1,-1,-1,1829,2007,-1,-1,
-1,-1,-1,-1,-1,-1,-1,-1,-1,-1,-1,-1,-1,-1,-1,-1,1831,-1,-1,2297,
-1,-1,-1,-1,-1,-1,-1,-1,-1,-1,-1,-1,-1,-1,-1,-1,1849,2155,-1,-1,
-1,-1,-1,-1,-1,-1,-1,-1,-1,-1,-1,-1,-1,-1,-1,-1,1862,1258,-1,-1,
-1,-1,-1,-1,-1,-1,-1,-1,-1,-1,-1,-1,-1,-1,-1,-1,1867,2844,-1,1462,
-1,-1,-1,-1,-1,-1,-1,-1,-1,-1,-1,-1,-1,-1,-1,-1,1879,-1,817,1145,
-1,-1,-1,-1,-1,-1,-1,-1,-1,-1,-1,-1,-1,-1,-1,-1,1887,-1,814,-1,
-1,-1,-1,-1,-1,-1,-1,-1,-1,-1,-1,-1,-1,-1,-1,-1,1903,1399,2172,988,
-1,-1,-1,-1,-1,-1,-1,-1,-1,-1,-1,-1,-1,-1,-1,-1,1908,2845,-1,-1,
-1,-1,-1,-1,-1,-1,-1,-1,-1,-1,-1,-1,-1,-1,-1,-1,1918,-1,973,2596,
-1,-1,-1,-1,-1,-1,-1,-1,-1,-1,-1,-1,-1,-1,-1,-1,1944,1296,-1,-1,
-1,-1,-1,-1,-1,-1,-1,-1,-1,-1,-1,-1,-1,-1,-1,-1,1950,2542,-1,-1,
-1,-1,-1,-1,-1,-1,-1,-1,-1,-1,-1,-1,-1,-1,-1,-1,1952,1356,672,-1,
-1,-1,-1,-1,-1,-1,-1,-1,-1,-1,-1,-1,-1,-1,-1,-1,1961,2922,-1,-1,
-1,-1,-1,-1,-1,-1,-1,-1,-1,-1,-1,-1,-1,-1,-1,-1,1962,1043,-1,1221,
-1,-1,-1,-1,-1,-1,2964,-1,-1,-1,-1,-1,-1,-1,-1,-1,1966,2297,1220,-1,
-1,-1,-1,-1,-1,-1,-1,-1,-1,-1,-1,-1,-1,-1,-1,-1,2011,906,-1,-1,
-1,-1,-1,-1,-1,-1,-1,-1,-1,-1,-1,-1,-1,-1,-1,-1,2025,-1,1172,-1,
-1,-1,-1,-1,-1,-1,-1,-1,-1,-1,-1,-1,-1,-1,-1,-1,2030,-1,-1,1035,
-1,-1,-1,-1,-1,-1,-1,-1,-1,-1,-1,-1,-1,-1,-1,-1,2031,1893,-1,-1,
-1,-1,-1,-1,-1,-1,-1,-1,-1,-1,-1,-1,-1,-1,-1,-1,2039,1728,1262,1785,
-1,-1,-1,-1,-1,-1,-1,-1,-1,-1,-1,-1,-1,-1,-1,-1,2045,1789,-1,-1,
-1,-1,-1,-1,-1,-1,-1,-1,-1,-1,-1,-1,-1,-1,-1,-1,2100,-1,-1,1111,
-1,-1,-1,-1,-1,-1,-1,-1,-1,-1,-1,-1,-1,-1,-1,-1,2103,-1,-1,1767,
-1,-1,-1,-1,-1,-1,-1,-1,-1,-1,-1,-1,-1,2349,-1,-1,2155,2403,-1,-1,
-1,-1,-1,-1,-1,-1,-1,-1,-1,-1,-1,-1,-1,-1,-1,-1,2163,-1,2023,2563,
-1,-1,-1,-1,-1,-1,-1,-1,-1,-1,-1,-1,-1,-1,-1,-1,2183,-1,-1,1823,
-1,-1,-1,-1,-1,-1,-1,-1,-1,-1,-1,-1,-1,-1,-1,-1,2186,-1,-1,2025,
-1,-1,-1,-1,-1,-1,-1,-1,-1,-1,-1,-1,-1,-1,-1,-1,2187,1580,-1,-1,
-1,-1,-1,-1,-1,-1,-1,-1,-1,-1,-1,-1,-1,-1,-1,-1,2200,1795,2135,-1,
-1,-1,-1,-1,-1,-1,-1,-1,-1,-1,-1,-1,-1,-1,-1,-1,2220,2255,-1,-1,
-1,-1,-1,-1,-1,-1,-1,-1,-1,-1,-1,-1,-1,-1,-1,-1,2223,-1,2973,-1,
-1,-1,-1,-1,-1,-1,-1,-1,-1,-1,-1,-1,-1,-1,-1,-1,2230,1863,-1,1864,
-1,-1,-1,-1,-1,-1,-1,-1,-1,-1,-1,-1,-1,-1,-1,-1,2237,1753,-1,-1,
-1,-1,-1,-1,-1,-1,-1,-1,-1,-1,-1,-1,-1,-1,-1,-1,2238,1787,-1,1667,
-1,-1,-1,-1,-1,-1,-1,-1,-1,-1,-1,-1,-1,-1,-1,-1,2261,-1,1240,-1,
-1,-1,-1,-1,-1,-1,-1,-1,-1,-1,-1,-1,-1,-1,-1,-1,2270,2656,-1,-1,
-1,-1,-1,-1,-1,-1,-1,-1,-1,-1,-1,-1,-1,-1,-1,-1,2284,1051,-1,-1,
-1,-1,-1,-1,-1,-1,-1,-1,-1,-1,-1,-1,-1,-1,-1,-1,2303,-1,2094,-1,
-1,-1,-1,-1,-1,-1,-1,-1,-1,-1,-1,-1,-1,-1,-1,-1,2306,2546,-1,-1,
-1,-1,-1,-1,-1,-1,-1,-1,-1,-1,-1,-1,-1,-1,-1,-1,2324,2938,-1,-1,
-1,-1,-1,-1,-1,-1,-1,-1,-1,-1,-1,-1,-1,-1,-1,-1,2325,1722,613,842,
-1,-1,-1,-1,-1,-1,-1,-1,-1,-1,-1,-1,-1,-1,-1,-1,2345,2613,-1,-1,
-1,-1,-1,-1,-1,-1,-1,-1,-1,-1,-1,-1,-1,-1,-1,-1,2356,2946,-1,-1,
-1,-1,-1,-1,-1,-1,-1,-1,-1,-1,-1,-1,-1,-1,-1,-1,2400,1961,2395,-1,
-1,-1,-1,-1,-1,-1,-1,-1,-1,-1,-1,-1,-1,-1,-1,-1,2415,-1,2634,-1,
-1,-1,-1,-1,-1,-1,-1,-1,-1,-1,-1,-1,-1,-1,-1,-1,2427,2891,-1,-1,
-1,-1,-1,-1,-1,-1,-1,-1,-1,-1,-1,-1,-1,-1,-1,-1,2429,1489,-1,-1,
-1,-1,-1,-1,-1,-1,-1,-1,-1,-1,-1,-1,-1,-1,-1,-1,2444,2083,-1,-1,
-1,-1,-1,-1,-1,-1,-1,-1,-1,-1,-1,-1,-1,-1,-1,-1,2446,1231,-1,-1,
-1,-1,-1,-1,-1,-1,-1,-1,-1,-1,-1,-1,-1,-1,-1,-1,2450,2926,-1,-1,
-1,-1,-1,-1,-1,-1,-1,-1,-1,-1,-1,-1,-1,-1,-1,-1,2481,2758,-1,-1,
-1,-1,-1,-1,-1,-1,-1,-1,-1,-1,-1,-1,-1,-1,-1,-1,2497,2572,-1,-1,
-1,-1,-1,-1,-1,-1,-1,-1,-1,-1,-1,-1,-1,-1,-1,-1,2503,2816,-1,-1,
-1,-1,-1,-1,-1,-1,-1,-1,-1,-1,-1,-1,-1,-1,-1,-1,2506,-1,1633,-1,
-1,-1,-1,-1,-1,-1,-1,-1,-1,-1,-1,-1,-1,-1,-1,-1,2509,-1,2401,-1,
-1,-1,-1,-1,-1,-1,-1,-1,-1,-1,-1,-1,-1,-1,-1,-1,2525,-1,3000,1939,
-1,-1,-1,-1,-1,-1,-1,-1,-1,-1,-1,-1,-1,-1,-1,-1,2555,2486,-1,-1,
-1,-1,-1,-1,-1,-1,-1,-1,-1,-1,-1,-1,-1,-1,-1,-1,2575,1884,-1,-1,
-1,-1,-1,-1,-1,-1,-1,-1,-1,-1,-1,-1,-1,-1,-1,-1,2579,-1,1584,-1,
-1,-1,-1,-1,-1,-1,-1,-1,-1,-1,-1,-1,-1,-1,-1,-1,2589,2276,-1,-1,
-1,-1,-1,-1,-1,-1,-1,-1,-1,-1,-1,-1,-1,-1,-1,-1,2625,2930,-1,-1,
-1,-1,-1,-1,-1,-1,-1,-1,-1,-1,-1,-1,-1,-1,-1,-1,2629,2496,-1,-1,
-1,-1,-1,-1,-1,-1,-1,-1,-1,-1,-1,-1,-1,-1,-1,-1,2652,1352,-1,-1,
-1,-1,-1,-1,-1,-1,-1,-1,-1,-1,-1,-1,-1,-1,-1,-1,2660,1534,-1,-1,
-1,-1,-1,-1,-1,-1,-1,-1,-1,-1,-1,-1,-1,-1,-1,-1,2665,-1,2120,2302,
-1,-1,-1,-1,-1,-1,-1,-1,-1,-1,-1,-1,-1,-1,-1,-1,2673,-1,1766,2715,
-1,-1,-1,-1,-1,-1,-1,-1,-1,-1,-1,-1,-1,-1,-1,-1,2674,2321,2667,-1,
-1,-1,-1,-1,-1,-1,-1,-1,-1,-1,-1,-1,-1,-1,-1,-1,2678,1480,-1,2884,
-1,-1,-1,-1,-1,-1,-1,-1,-1,-1,-1,-1,-1,-1,-1,-1,2685,-1,1386,-1,
-1,-1,-1,-1,-1,-1,-1,-1,-1,-1,-1,-1,-1,-1,-1,-1,2692,-1,1553,-1,
-1,-1,-1,-1,-1,-1,-1,-1,-1,-1,-1,-1,-1,-1,-1,-1,2722,2287,-1,-1,
-1,-1,-1,-1,-1,-1,-1,-1,-1,-1,-1,-1,-1,-1,-1,-1,2730,1584,-1,-1,
-1,-1,-1,-1,-1,-1,-1,-1,-1,-1,-1,-1,-1,-1,-1,-1,2734,-1,2600,-1,
-1,-1,-1,-1,-1,-1,-1,-1,-1,-1,-1,-1,-1,-1,-1,-1,2755,-1,1733,-1,
-1,-1,-1,-1,-1,-1,-1,-1,-1,-1,-1,-1,-1,-1,-1,-1,2766,2695,2803,2729,
-1,-1,-1,-1,-1,-1,-1,-1,-1,-1,-1,-1,-1,-1,-1,-1,2792,2382,-1,-1,
-1,-1,-1,-1,-1,-1,-1,-1,-1,-1,-1,-1,-1,-1,-1,-1,2799,2866,-1,-1,
-1,-1,-1,-1,-1,-1,-1,-1,-1,-1,-1,-1,-1,-1,-1,-1,2819,1831,-1,-1,
-1,-1,-1,-1,-1,-1,-1,-1,-1,-1,-1,-1,-1,-1,-1,-1,2820,2650,2361,-1,
-1,-1,-1,-1,-1,-1,-1,-1,-1,-1,-1,-1,-1,-1,-1,-1,2822,-1,1882,-1,
-1,-1,-1,-1,-1,-1,-1,-1,-1,-1,-1,-1,-1,-1,-1,-1,2824,-1,2594,-1,
-1,-1,-1,-1,-1,-1,-1,-1,-1,-1,-1,-1,-1,-1,-1,-1,2828,1940,-1,-1,
-1,-1,-1,-1,-1,-1,-1,-1,-1,-1,-1,-1,-1,-1,-1,-1,2854,2479,-1,-1,
-1,-1,-1,-1,-1,-1,-1,-1,-1,-1,-1,-1,-1,-1,-1,-1,2859,-1,1936,-1,
-1,-1,-1,-1,-1,-1,-1,-1,-1,-1,-1,-1,-1,-1,-1,-1,2877,1464,-1,-1,
-1,-1,-1,-1,-1,-1,-1,-1,-1,-1,-1,-1,-1,-1,-1,-1,2879,1748,-1,-1,
-1,-1,-1,-1,-1,-1,-1,-1,-1,-1,-1,-1,-1,-1,-1,-1,2882,-1,-1,2095,
-1,-1,-1,-1,-1,-1,-1,-1,-1,-1,-1,-1,-1,-1,-1,-1,2889,1589,-1,-1,
-1,-1,-1,-1,-1,-1,-1,-1,-1,-1,-1,-1,-1,-1,-1,-1,2903,-1,1794,-1,
-1,-1,-1,-1,-1,-1,-1,-1,-1,-1,-1,-1,-1,-1,-1,-1,-1,20,15,11,
-1,-1,-1,-1,-1,-1,-1,-1,-1,-1,-1,-1,-1,-1,-1,-1,-1,24,67,-1,
-1,-1,-1,-1,-1,-1,-1,-1,-1,-1,-1,-1,-1,-1,-1,-1,-1,43,121,-1,
-1,-1,-1,-1,-1,-1,-1,-1,-1,-1,-1,-1,-1,-1,-1,-1,-1,65,3,-1,
-1,-1,-1,-1,-1,-1,-1,-1,-1,-1,-1,-1,-1,-1,-1,-1,-1,76,154,-1,
-1,-1,-1,-1,-1,-1,-1,-1,-1,-1,-1,-1,-1,-1,-1,-1,-1,77,69,-1,
-1,-1,-1,-1,-1,-1,-1,-1,-1,-1,-1,-1,-1,-1,-1,-1,-1,85,295,241,
-1,-1,-1,-1,-1,-1,-1,-1,-1,-1,-1,-1,-1,-1,-1,-1,-1,89,29,-1,
-1,-1,-1,-1,-1,-1,-1,-1,-1,-1,-1,-1,-1,-1,-1,-1,-1,109,49,-1,
-1,-1,-1,-1,-1,-1,-1,-1,-1,-1,-1,-1,-1,-1,-1,-1,-1,115,127,414,
-1,-1,-1,-1,-1,-1,-1,-1,-1,-1,-1,-1,-1,-1,-1,-1,-1,135,262,-1,
-1,-1,-1,-1,-1,-1,-1,-1,-1,-1,-1,-1,-1,-1,-1,-1,-1,149,256,-1,
-1,-1,-1,-1,-1,-1,-1,-1,-1,-1,-1,-1,-1,-1,-1,-1,-1,152,47,312,
-1,-1,-1,-1,-1,-1,-1,-1,-1,-1,-1,-1,-1,-1,-1,-1,-1,161,150,-1,
-1,-1,-1,-1,-1,-1,-1,-1,-1,-1,-1,-1,-1,-1,-1,-1,-1,183,125,-1,
-1,-1,-1,-1,-1,-1,-1,-1,-1,-1,-1,-1,-1,-1,-1,-1,-1,195,164,206,
-1,-1,-1,-1,-1,-1,-1,-1,-1,-1,-1,-1,-1,-1,-1,-1,-1,204,133,36,
-1,-1,-1,-1,-1,-1,-1,-1,-1,-1,-1,-1,-1,-1,-1,-1,-1,211,200,480,
-1,-1,-1,-1,-1,-1,-1,-1,-1,-1,-1,-1,-1,-1,-1,-1,-1,224,232,-1,
-1,-1,-1,-1,-1,-1,-1,-1,-1,-1,-1,-1,-1,-1,-1,-1,-1,230,-1,514,
-1,-1,-1,-1,-1,-1,-1,-1,-1,-1,-1,-1,-1,-1,-1,-1,-1,239,208,149,
-1,-1,-1,-1,-1,-1,-1,-1,-1,-1,-1,-1,-1,-1,-1,-1,-1,248,656,-1,
-1,-1,-1,-1,-1,-1,-1,-1,-1,-1,-1,-1,-1,-1,-1,-1,-1,256,284,-1,
-1,-1,-1,-1,-1,-1,-1,-1,-1,-1,-1,-1,-1,-1,-1,-1,-1,272,118,-1,
-1,-1,-1,-1,-1,-1,-1,-1,-1,-1,-1,-1,-1,-1,-1,-1,-1,275,275,-1,
-1,-1,-1,-1,-1,-1,-1,-1,-1,-1,-1,-1,-1,-1,-1,-1,-1,277,338,-1,
-1,-1,-1,-1,-1,-1,-1,-1,-1,-1,-1,-1,-1,-1,-1,-1,-1,286,119,-1,
-1,-1,-1,-1,-1,-1,-1,-1,-1,-1,-1,-1,-1,-1,-1,-1,-1,293,202,-1,
-1,-1,-1,-1,-1,-1,-1,-1,-1,-1,-1,-1,-1,-1,-1,-1,-1,296,588,-1,
-1,-1,-1,-1,-1,-1,-1,-1,-1,-1,-1,-1,-1,-1,-1,-1,-1,328,132,-1,
-1,-1,-1,-1,-1,-1,-1,-1,-1,-1,-1,-1,-1,-1,-1,-1,-1,352,-1,693,
-1,-1,-1,-1,-1,-1,-1,-1,-1,-1,-1,-1,-1,-1,-1,-1,-1,386,779,917,
-1,-1,-1,-1,-1,-1,-1,-1,-1,-1,-1,-1,-1,-1,-1,-1,-1,397,460,-1,
-1,-1,-1,-1,-1,-1,-1,-1,-1,-1,-1,-1,-1,-1,-1,-1,-1,407,318,-1,
-1,-1,-1,-1,-1,-1,-1,-1,-1,-1,-1,-1,-1,-1,-1,-1,-1,413,-1,614,
-1,-1,-1,-1,-1,-1,-1,-1,-1,-1,-1,-1,-1,-1,-1,-1,-1,450,201,-1,
-1,-1,-1,-1,-1,-1,-1,-1,-1,-1,-1,-1,-1,-1,-1,-1,-1,461,473,-1,
-1,-1,-1,-1,-1,-1,-1,-1,-1,-1,-1,-1,-1,-1,-1,-1,-1,466,-1,554,
-1,-1,-1,-1,-1,-1,-1,-1,-1,-1,-1,-1,-1,-1,-1,-1,-1,468,406,714,
-1,-1,-1,-1,-1,-1,-1,-1,-1,-1,-1,-1,-1,-1,-1,-1,-1,484,-1,659,
-1,-1,-1,-1,-1,-1,-1,-1,-1,-1,-1,-1,-1,-1,-1,-1,-1,495,289,-1,
-1,-1,-1,-1,-1,-1,-1,-1,-1,-1,-1,-1,-1,-1,-1,-1,-1,512,-1,646,
-1,-1,-1,-1,-1,-1,-1,-1,-1,-1,-1,-1,-1,-1,-1,-1,-1,529,453,-1,
-1,-1,-1,-1,-1,-1,-1,-1,-1,-1,-1,-1,-1,-1,-1,-1,-1,546,-1,966,
-1,-1,-1,-1,-1,-1,-1,-1,-1,-1,-1,-1,-1,-1,-1,-1,-1,562,834,1423,
-1,-1,-1,-1,-1,-1,-1,-1,-1,-1,-1,-1,-1,-1,-1,-1,-1,585,-1,261,
-1,-1,-1,-1,-1,-1,-1,-1,-1,-1,-1,-1,-1,-1,-1,-1,-1,620,-1,1465,
-1,-1,-1,-1,-1,-1,-1,-1,-1,-1,-1,-1,-1,-1,-1,-1,-1,623,743,-1,
-1,-1,-1,-1,-1,-1,-1,-1,-1,-1,-1,-1,-1,-1,-1,-1,-1,633,1128,-1,
-1,-1,-1,-1,-1,-1,-1,-1,-1,-1,-1,-1,-1,-1,-1,-1,-1,634,325,456,
-1,-1,-1,-1,-1,-1,-1,-1,-1,-1,-1,-1,-1,-1,-1,-1,-1,669,-1,1017,
-1,-1,-1,-1,-1,-1,-1,-1,-1,-1,-1,-1,-1,-1,-1,-1,-1,676,941,-1,
-1,-1,-1,-1,-1,-1,-1,-1,-1,-1,-1,-1,-1,-1,-1,-1,-1,685,903,1396,
-1,-1,-1,-1,-1,-1,-1,-1,-1,-1,-1,-1,-1,-1,-1,-1,-1,686,963,-1,
-1,-1,-1,-1,-1,-1,-1,-1,-1,-1,-1,-1,-1,-1,-1,-1,-1,689,362,-1,
-1,-1,-1,-1,-1,-1,-1,-1,-1,-1,-1,-1,-1,-1,-1,-1,-1,703,663,860,
-1,-1,-1,-1,-1,-1,-1,-1,-1,-1,-1,-1,-1,-1,-1,-1,-1,715,1005,1025,
-1,-1,-1,-1,-1,-1,-1,-1,-1,-1,-1,-1,-1,-1,-1,-1,-1,717,560,-1,
-1,-1,-1,-1,-1,-1,-1,-1,-1,-1,-1,-1,-1,-1,-1,-1,-1,723,357,-1,
-1,-1,-1,-1,-1,-1,-1,-1,-1,-1,-1,-1,-1,-1,-1,-1,-1,730,-1,495,
-1,-1,-1,-1,-1,-1,-1,-1,-1,-1,-1,-1,-1,-1,-1,-1,-1,737,1099,1581,
-1,-1,-1,-1,-1,-1,-1,-1,-1,-1,-1,-1,-1,-1,-1,-1,-1,740,1579,-1,
-1,-1,-1,-1,-1,-1,-1,-1,-1,-1,-1,-1,-1,-1,-1,-1,-1,752,-1,579,
-1,-1,-1,-1,-1,-1,-1,-1,-1,-1,-1,-1,-1,-1,-1,-1,-1,769,1668,-1,
-1,-1,-1,-1,-1,-1,-1,-1,-1,-1,-1,-1,-1,-1,-1,-1,-1,786,1649,-1,
-1,-1,-1,-1,-1,-1,-1,-1,-1,-1,-1,-1,-1,-1,-1,-1,-1,793,1277,-1,
-1,-1,-1,-1,-1,-1,-1,-1,-1,-1,-1,-1,-1,-1,-1,-1,-1,797,1515,-1,
-1,-1,-1,-1,-1,-1,-1,-1,-1,-1,-1,-1,-1,-1,-1,-1,-1,811,1418,1297,
-1,-1,-1,-1,-1,-1,-1,-1,-1,-1,-1,-1,-1,-1,-1,-1,-1,812,982,-1,
-1,-1,-1,-1,-1,-1,-1,-1,-1,-1,-1,-1,-1,-1,-1,-1,-1,818,1197,-1,
-1,-1,-1,-1,-1,-1,-1,-1,-1,-1,-1,-1,-1,-1,-1,-1,-1,837,-1,738,
-1,-1,-1,-1,-1,-1,-1,-1,-1,-1,-1,-1,-1,-1,-1,-1,-1,843,1041,778,
-1,-1,-1,-1,-1,-1,-1,-1,-1,-1,-1,-1,-1,-1,-1,-1,-1,864,-1,1296,
-1,-1,-1,-1,-1,-1,-1,-1,-1,-1,-1,-1,-1,-1,-1,-1,-1,872,-1,1074,
-1,-1,-1,-1,-1,-1,-1,-1,-1,-1,-1,-1,-1,-1,-1,-1,-1,879,1247,-1,
-1,-1,-1,-1,-1,-1,-1,-1,-1,-1,-1,-1,-1,-1,-1,-1,-1,893,596,-1,
-1,-1,-1,-1,-1,-1,-1,-1,-1,-1,-1,-1,-1,-1,-1,-1,-1,903,1414,-1,
-1,-1,-1,-1,-1,-1,-1,-1,-1,-1,-1,-1,-1,-1,-1,-1,-1,904,778,-1,
-1,-1,-1,-1,-1,-1,-1,-1,-1,-1,-1,-1,-1,-1,-1,-1,-1,917,1291,-1,
-1,-1,-1,-1,-1,-1,-1,-1,-1,-1,-1,-1,-1,-1,-1,-1,-1,918,380,-1,
-1,-1,-1,-1,-1,-1,-1,-1,-1,-1,-1,-1,-1,-1,-1,-1,-1,934,2034,-1,
-1,-1,-1,-1,-1,-1,-1,-1,-1,-1,-1,-1,-1,-1,-1,-1,-1,953,1301,-1,
-1,-1,-1,-1,-1,-1,-1,-1,-1,-1,-1,-1,-1,-1,-1,-1,-1,961,-1,1108,
-1,-1,-1,-1,-1,-1,-1,-1,-1,-1,-1,-1,-1,-1,-1,-1,-1,972,189,342,
-1,-1,-1,-1,-1,-1,-1,-1,-1,2557,-1,1824,-1,-1,-1,-1,-1,1012,-1,-1,
-1,-1,-1,-1,-1,-1,-1,-1,-1,-1,-1,-1,-1,-1,-1,-1,-1,1016,1663,-1,
-1,-1,-1,-1,-1,-1,-1,-1,-1,-1,-1,-1,-1,-1,-1,-1,-1,1070,1351,-1,
-1,-1,-1,-1,-1,-1,-1,-1,-1,-1,-1,-1,-1,-1,-1,-1,-1,1091,760,-1,
-1,-1,-1,-1,-1,-1,-1,-1,-1,-1,-1,-1,-1,-1,-1,-1,-1,1095,2028,-1,
-1,-1,-1,-1,-1,-1,-1,-1,-1,-1,-1,-1,-1,-1,-1,-1,-1,1097,1119,-1,
-1,-1,-1,-1,-1,-1,-1,-1,-1,-1,-1,-1,-1,-1,-1,-1,-1,1101,614,781,
-1,-1,-1,-1,-1,-1,-1,-1,-1,-1,-1,-1,-1,-1,-1,-1,-1,1112,-1,2226,
-1,-1,-1,-1,-1,-1,-1,-1,-1,-1,-1,-1,-1,-1,-1,-1,-1,1125,-1,409,
-1,-1,-1,-1,-1,-1,-1,-1,-1,-1,-1,-1,-1,-1,-1,-1,-1,1139,1559,1551,
-1,-1,-1,-1,-1,-1,-1,-1,-1,-1,-1,-1,-1,-1,-1,-1,-1,1143,2579,891,
-1,-1,-1,-1,-1,-1,-1,-1,-1,-1,-1,-1,-1,-1,-1,-1,-1,1165,-1,1885,
-1,-1,-1,-1,-1,-1,-1,-1,-1,-1,-1,-1,-1,-1,-1,-1,-1,1176,1514,-1,
-1,-1,-1,-1,-1,-1,-1,-1,-1,-1,-1,-1,-1,-1,-1,-1,-1,1184,1265,-1,
-1,-1,-1,-1,-1,-1,-1,-1,-1,-1,-1,-1,-1,-1,-1,-1,-1,1194,772,1687,
-1,-1,-1,-1,-1,-1,-1,-1,-1,-1,-1,-1,-1,-1,-1,-1,-1,1220,1241,-1,
-1,-1,-1,-1,-1,-1,-1,-1,-1,-1,-1,-1,-1,-1,-1,-1,-1,1229,2509,-1,
-1,-1,-1,-1,-1,-1,-1,-1,-1,-1,-1,-1,-1,-1,-1,-1,-1,1254,-1,663,
-1,-1,-1,-1,-1,-1,-1,-1,-1,-1,-1,-1,-1,-1,-1,-1,-1,1279,608,-1,
-1,-1,-1,-1,-1,-1,-1,-1,-1,-1,-1,-1,-1,-1,-1,-1,-1,1325,2145,-1,
-1,-1,-1,-1,-1,-1,-1,-1,-1,-1,-1,-1,-1,-1,-1,-1,-1,1332,1242,-1,
-1,-1,-1,-1,-1,-1,-1,-1,-1,-1,-1,-1,-1,-1,-1,-1,-1,1333,1298,-1,
-1,-1,-1,-1,-1,-1,-1,-1,-1,-1,-1,-1,-1,-1,-1,-1,-1,1341,1867,1350,
-1,-1,-1,-1,-1,-1,-1,-1,-1,-1,-1,-1,-1,-1,-1,-1,-1,1345,2515,-1,
-1,-1,-1,-1,-1,-1,-1,-1,-1,-1,-1,-1,-1,-1,-1,-1,-1,1349,1851,2176,
-1,-1,-1,-1,-1,-1,-1,-1,-1,-1,-1,-1,-1,-1,-1,-1,-1,1355,1476,-1,
-1,-1,-1,-1,-1,-1,-1,-1,-1,-1,-1,-1,-1,-1,-1,-1,-1,1358,-1,935,
-1,-1,-1,-1,-1,-1,-1,-1,-1,-1,-1,-1,-1,-1,-1,-1,-1,1382,898,982,
-1,-1,-1,-1,-1,-1,-1,-1,-1,-1,-1,-1,-1,-1,-1,-1,-1,1390,-1,2782,
-1,-1,-1,-1,-1,-1,-1,-1,-1,-1,-1,-1,-1,-1,-1,-1,-1,1434,1018,-1,
-1,-1,-1,-1,-1,-1,-1,-1,-1,-1,-1,-1,-1,-1,-1,-1,-1,1456,1155,-1,
-1,-1,-1,-1,-1,-1,-1,-1,-1,-1,-1,-1,-1,-1,-1,-1,-1,1461,-1,2209,
-1,-1,-1,-1,-1,-1,-1,-1,-1,-1,-1,-1,-1,-1,-1,-1,-1,1479,1177,-1,
-1,-1,-1,-1,-1,-1,-1,-1,-1,-1,-1,-1,-1,-1,-1,-1,-1,1482,1396,-1,
-1,-1,-1,-1,-1,-1,-1,-1,-1,-1,-1,-1,-1,-1,-1,-1,-1,1487,1264,-1,
-1,-1,-1,-1,-1,-1,-1,-1,-1,-1,-1,-1,-1,-1,-1,-1,-1,1497,1762,-1,
-1,-1,-1,-1,-1,-1,-1,-1,-1,-1,-1,-1,-1,-1,-1,-1,-1,1498,2058,-1,
-1,-1,-1,-1,-1,-1,-1,-1,-1,-1,-1,-1,-1,-1,-1,-1,-1,1518,1343,-1,
-1,-1,-1,-1,-1,-1,-1,-1,-1,-1,-1,-1,-1,-1,-1,-1,-1,1525,1689,1223,
-1,-1,-1,-1,-1,-1,-1,-1,-1,-1,-1,-1,-1,-1,-1,-1,-1,1527,667,-1,
-1,-1,-1,-1,-1,-1,-1,-1,-1,-1,-1,-1,-1,-1,-1,-1,-1,1536,1402,-1,
-1,-1,-1,-1,-1,-1,-1,-1,-1,-1,-1,-1,-1,-1,-1,-1,-1,1547,1357,-1,
-1,-1,-1,-1,-1,-1,-1,-1,-1,-1,-1,-1,-1,-1,-1,-1,-1,1559,-1,2814,
-1,-1,-1,-1,-1,-1,-1,-1,-1,-1,-1,-1,-1,-1,-1,-1,-1,1564,793,-1,
-1,-1,-1,-1,-1,-1,-1,-1,-1,-1,-1,-1,-1,-1,-1,-1,-1,1582,786,-1,
-1,-1,-1,-1,-1,-1,-1,-1,-1,-1,-1,-1,-1,-1,-1,-1,-1,1585,1524,-1,
-1,-1,-1,-1,-1,-1,-1,-1,-1,-1,-1,-1,-1,-1,-1,-1,-1,1593,2602,1711,
-1,-1,-1,-1,-1,-1,-1,-1,-1,-1,-1,-1,-1,-1,-1,-1,-1,1630,2910,-1,
-1,-1,-1,-1,-1,-1,-1,-1,-1,-1,-1,-1,-1,-1,-1,-1,-1,1634,2780,-1,
-1,-1,-1,-1,-1,-1,-1,-1,-1,-1,-1,-1,-1,-1,-1,-1,-1,1636,886,811,
-1,-1,-1,-1,-1,-1,-1,-1,-1,-1,-1,-1,-1,-1,-1,-1,-1,1678,541,763,
-1,-1,-1,-1,-1,-1,-1,-1,-1,-1,-1,-1,-1,-1,-1,-1,-1,1689,2358,-1,
-1,-1,-1,-1,-1,-1,-1,-1,-1,-1,-1,-1,-1,-1,-1,-1,-1,1729,-1,2437,
-1,-1,-1,-1,-1,-1,-1,-1,-1,-1,-1,-1,-1,-1,-1,-1,-1,1742,1366,-1,
-1,-1,-1,-1,-1,-1,-1,-1,-1,-1,-1,-1,-1,-1,-1,-1,-1,1754,1735,-1,
-1,-1,-1,-1,-1,-1,-1,-1,-1,-1,-1,-1,-1,-1,-1,-1,-1,1767,2799,-1,
-1,-1,-1,-1,-1,-1,-1,-1,-1,-1,-1,-1,-1,-1,-1,-1,-1,1769,-1,1137,
-1,-1,-1,-1,-1,-1,-1,-1,-1,-1,-1,-1,-1,-1,-1,-1,-1,1778,1942,1076,
-1,-1,-1,-1,-1,-1,-1,-1,-1,-1,-1,-1,-1,-1,-1,-1,-1,1779,1207,-1,
-1,-1,-1,-1,-1,-1,-1,-1,-1,-1,-1,-1,-1,-1,-1,-1,-1,1783,-1,2150,
-1,-1,-1,-1,-1,-1,-1,-1,-1,-1,-1,-1,-1,-1,-1,-1,-1,1799,2712,-1,
-1,-1,-1,-1,-1,-1,-1,-1,-1,-1,-1,-1,-1,-1,-1,-1,-1,1830,1619,-1,
-1,-1,-1,-1,-1,-1,-1,-1,-1,-1,-1,-1,-1,-1,-1,-1,-1,1845,-1,831,
-1,-1,-1,-1,-1,-1,-1,-1,-1,-1,-1,-1,-1,-1,-1,-1,-1,1852,2276,-1,
-1,-1,-1,-1,-1,-1,-1,-1,-1,-1,-1,-1,-1,-1,-1,-1,-1,1862,1139,-1,
-1,-1,-1,-1,-1,-1,-1,-1,-1,-1,-1,-1,-1,-1,-1,-1,-1,1889,1335,-1,
-1,-1,-1,-1,-1,-1,-1,-1,-1,-1,-1,-1,-1,-1,-1,-1,-1,1899,1605,-1,
-1,-1,-1,-1,-1,-1,-1,-1,-1,-1,-1,-1,-1,-1,-1,-1,-1,1904,-1,2680,
-1,-1,-1,-1,-1,-1,-1,-1,-1,-1,-1,-1,-1,-1,-1,-1,-1,1907,934,-1,
-1,-1,-1,-1,-1,-1,-1,-1,-1,-1,-1,-1,-1,-1,-1,-1,-1,1920,2590,-1,
-1,-1,-1,-1,-1,-1,-1,-1,-1,-1,-1,-1,-1,-1,-1,-1,-1,1939,1046,-1,
-1,-1,-1,-1,-1,-1,-1,-1,-1,-1,-1,-1,-1,-1,-1,-1,-1,1942,1455,2506,
-1,-1,-1,-1,-1,-1,-1,-1,-1,-1,-1,-1,-1,-1,-1,-1,-1,1945,-1,2301,
-1,-1,-1,-1,-1,-1,-1,-1,-1,-1,-1,-1,-1,-1,-1,-1,-1,1965,-1,2027,
-1,-1,-1,-1,-1,-1,-1,-1,-1,-1,-1,-1,-1,-1,-1,-1,-1,1983,2769,-1,
-1,-1,-1,-1,-1,-1,-1,-1,-1,-1,-1,-1,-1,-1,-1,-1,-1,1993,1764,-1,
-1,-1,-1,-1,-1,-1,-1,-1,-1,-1,-1,-1,-1,-1,-1,-1,-1,1996,2075,-1,
-1,-1,-1,-1,-1,-1,-1,-1,-1,-1,-1,-1,-1,-1,-1,-1,-1,1997,-1,2449,
-1,-1,-1,-1,-1,-1,-1,-1,-1,-1,-1,-1,-1,-1,-1,-1,-1,2034,2357,-1,
-1,-1,-1,-1,-1,-1,-1,-1,-1,-1,-1,-1,-1,-1,-1,-1,-1,2047,1854,-1,
-1,-1,-1,-1,-1,-1,-1,-1,-1,-1,-1,-1,-1,-1,-1,-1,-1,2048,876,-1,
-1,-1,-1,-1,-1,-1,-1,-1,-1,-1,-1,-1,-1,-1,-1,-1,-1,2064,-1,1659,
-1,-1,-1,-1,-1,-1,-1,-1,-1,-1,-1,-1,-1,-1,-1,-1,-1,2075,2986,-1,
-1,-1,-1,-1,-1,-1,-1,-1,-1,-1,-1,-1,-1,-1,-1,-1,-1,2096,1051,-1,
-1,-1,-1,-1,-1,-1,-1,-1,-1,-1,-1,-1,-1,-1,-1,-1,-1,2101,2073,-1,
-1,-1,-1,-1,-1,-1,-1,-1,-1,-1,-1,-1,-1,-1,-1,-1,-1,2114,1918,-1,
-1,-1,-1,-1,-1,-1,-1,-1,-1,-1,-1,-1,-1,-1,-1,-1,-1,2123,2236,-1,
-1,-1,-1,-1,-1,-1,-1,-1,-1,-1,-1,-1,-1,-1,-1,-1,-1,2125,2839,-1,
-1,-1,-1,-1,-1,-1,-1,-1,-1,-1,-1,-1,-1,-1,-1,-1,-1,2137,1183,-1,
-1,-1,-1,-1,-1,-1,-1,-1,-1,-1,-1,-1,-1,-1,-1,-1,-1,2138,2042,-1,
-1,-1,-1,-1,-1,-1,-1,-1,-1,-1,-1,-1,-1,-1,-1,-1,-1,2141,2982,-1,
-1,-1,-1,-1,-1,-1,-1,-1,-1,-1,-1,-1,-1,-1,-1,-1,-1,2177,2415,2197,
-1,-1,-1,-1,-1,-1,-1,-1,-1,-1,-1,-1,-1,-1,-1,-1,-1,2183,2158,-1,
-1,-1,-1,-1,-1,-1,-1,-1,-1,-1,-1,-1,-1,-1,-1,-1,-1,2211,2801,-1,
-1,-1,-1,-1,-1,-1,-1,-1,-1,-1,-1,-1,-1,-1,-1,-1,-1,2212,2931,-1,
-1,-1,-1,-1,-1,-1,-1,-1,-1,-1,-1,-1,-1,-1,-1,-1,-1,2227,1888,-1,
-1,-1,-1,-1,-1,-1,-1,-1,-1,-1,-1,-1,-1,-1,-1,-1,-1,2264,2707,-1,
-1,-1,-1,-1,-1,-1,-1,-1,-1,-1,-1,-1,-1,-1,-1,-1,-1,2278,-1,2180,
-1,-1,-1,-1,-1,-1,-1,-1,-1,-1,-1,-1,-1,-1,-1,-1,-1,2285,-1,1907,
-1,-1,-1,-1,-1,-1,-1,-1,-1,-1,-1,-1,-1,-1,-1,-1,-1,2292,2728,-1,
-1,-1,-1,-1,-1,-1,-1,-1,-1,-1,-1,-1,-1,-1,-1,-1,-1,2303,-1,1259,
-1,-1,-1,-1,-1,-1,-1,-1,-1,-1,-1,-1,-1,-1,-1,-1,-1,2305,-1,2621,
-1,-1,-1,-1,-1,-1,-1,-1,-1,-1,-1,-1,-1,-1,-1,-1,-1,2326,2926,-1,
-1,-1,-1,-1,-1,-1,-1,-1,-1,-1,-1,-1,-1,-1,-1,-1,-1,2328,-1,1769,
-1,-1,-1,-1,-1,-1,-1,-1,-1,-1,-1,-1,-1,-1,-1,-1,-1,2376,2449,-1,
-1,-1,-1,-1,-1,-1,-1,-1,-1,-1,-1,-1,-1,-1,-1,-1,-1,2391,-1,1978,
-1,-1,-1,-1,-1,-1,-1,-1,-1,-1,-1,-1,-1,-1,-1,-1,-1,2405,2230,-1,
-1,-1,-1,-1,-1,-1,-1,-1,-1,-1,-1,-1,-1,-1,-1,-1,-1,2406,2900,-1,
-1,-1,-1,-1,-1,-1,-1,-1,-1,-1,-1,-1,-1,-1,-1,-1,-1,2443,1967,-1,
-1,-1,-1,-1,-1,-1,-1,-1,-1,-1,-1,-1,-1,-1,-1,-1,-1,2488,1622,-1,
-1,-1,-1,-1,-1,-1,-1,-1,-1,-1,-1,-1,-1,-1,-1,-1,-1,2515,2045,2809,
-1,-1,-1,-1,-1,-1,-1,-1,-1,-1,-1,-1,-1,-1,-1,-1,-1,2569,2708,-1,
-1,-1,-1,-1,-1,-1,-1,-1,-1,-1,-1,-1,-1,-1,-1,-1,-1,2573,2498,-1,
-1,-1,-1,-1,-1,-1,-1,-1,-1,-1,-1,-1,-1,-1,-1,-1,-1,2579,2370,-1,
-1,-1,-1,-1,-1,-1,-1,-1,-1,-1,-1,-1,-1,-1,-1,-1,-1,2580,2811,-1,
-1,-1,-1,-1,-1,-1,-1,-1,-1,-1,-1,-1,-1,-1,-1,-1,-1,2581,1950,-1,
-1,-1,-1,-1,-1,-1,-1,-1,-1,-1,-1,-1,-1,-1,-1,-1,-1,2599,1398,-1,
-1,-1,-1,-1,-1,-1,-1,-1,-1,-1,-1,-1,-1,-1,-1,-1,-1,2618,1651,-1,
-1,-1,-1,-1,-1,-1,-1,-1,-1,-1,-1,-1,-1,-1,-1,-1,-1,2629,1457,-1,
-1,-1,-1,-1,-1,-1,-1,-1,-1,-1,-1,-1,-1,-1,-1,-1,-1,2645,1775,-1,
-1,-1,-1,-1,-1,-1,-1,-1,-1,-1,-1,-1,-1,-1,-1,-1,-1,2653,1339,-1,
-1,-1,-1,-1,-1,-1,-1,-1,-1,-1,-1,-1,-1,-1,-1,-1,-1,2667,-1,1936,
-1,-1,-1,-1,-1,-1,-1,-1,-1,-1,-1,-1,-1,-1,-1,-1,-1,2721,1577,-1,
-1,-1,-1,-1,-1,-1,-1,-1,-1,-1,-1,-1,-1,-1,-1,-1,-1,2733,-1,2353,
-1,-1,-1,-1,-1,-1,-1,-1,-1,-1,-1,-1,-1,-1,-1,-1,-1,2748,2684,-1,
-1,-1,-1,-1,-1,-1,-1,-1,-1,-1,-1,-1,-1,-1,-1,-1,-1,2793,2205,-1,
-1,-1,-1,-1,-1,-1,-1,-1,-1,-1,-1,-1,-1,-1,-1,-1,-1,2794,1620,-1,
-1,-1,-1,-1,-1,-1,-1,-1,-1,-1,-1,-1,-1,-1,-1,-1,-1,2857,1802,-1,
-1,-1,-1,-1,-1,-1,-1,-1,-1,-1,-1,-1,-1,-1,-1,-1,-1,2867,-1,2929,
-1,-1,-1,-1,-1,-1,-1,-1,-1,-1,-1,-1,-1,-1,-1,-1,-1,2898,-1,2808,
-1,-1,-1,-1,-1,-1,-1,-1,-1,-1,-1,-1,-1,-1,-1,-1,-1,2908,-1,2022,
-1,-1,-1,-1,-1,-1,-1,-1,-1,-1,-1,-1,-1,-1,-1,-1,-1,2917,1465,-1,
-1,-1,-1,-1,-1,-1,-1,-1,-1,-1,-1,-1,-1,-1,-1,-1,-1,2921,1442,2558,
-1,-1,-1,-1,-1,-1,-1,-1,-1,-1,-1,-1,-1,-1,-1,-1,-1,-1,1,2,
-1,-1,-1,-1,-1,-1,-1,-1,-1,-1,-1,-1,-1,-1,-1,-1,-1,-1,9,8,
-1,-1,-1,-1,-1,-1,-1,-1,-1,-1,-1,-1,-1,-1,-1,-1,-1,-1,16,108,
-1,-1,-1,-1,-1,-1,-1,-1,-1,-1,-1,-1,-1,-1,-1,-1,-1,-1,18,91,
-1,-1,-1,-1,-1,-1,-1,-1,-1,-1,-1,-1,-1,-1,-1,-1,-1,-1,73,100,
-1,-1,-1,-1,-1,-1,-1,-1,-1,-1,-1,-1,-1,-1,-1,-1,-1,-1,78,231,
-1,-1,-1,-1,-1,-1,-1,-1,-1,-1,-1,-1,-1,-1,-1,-1,-1,-1,85,45,
-1,-1,-1,-1,-1,-1,-1,-1,-1,-1,-1,-1,-1,-1,-1,-1,-1,-1,94,159,
-1,-1,-1,-1,-1,-1,-1,-1,-1,-1,-1,-1,-1,-1,-1,-1,-1,-1,98,66,
-1,-1,-1,-1,-1,-1,-1,-1,-1,-1,-1,-1,-1,-1,-1,-1,-1,-1,107,84,
-1,-1,-1,-1,-1,-1,-1,-1,-1,-1,-1,-1,-1,-1,-1,-1,-1,-1,117,164,
-1,-1,-1,-1,-1,-1,-1,-1,-1,-1,-1,-1,-1,-1,-1,-1,-1,-1,130,260,
-1,-1,-1,-1,-1,-1,-1,-1,-1,-1,-1,-1,-1,-1,-1,-1,-1,-1,147,202,
-1,-1,-1,-1,-1,-1,-1,-1,-1,-1,-1,-1,-1,-1,-1,-1,-1,-1,148,337,
-1,479,-1,-1,-1,-1,-1,-1,-1,-1,-1,-1,-1,-1,-1,-1,-1,-1,157,-1,
-1,-1,-1,-1,-1,-1,-1,-1,-1,-1,-1,-1,-1,-1,-1,-1,-1,-1,195,363,
-1,-1,-1,-1,-1,-1,-1,-1,-1,-1,-1,-1,-1,-1,-1,-1,-1,-1,205,46,
-1,-1,-1,-1,-1,-1,-1,-1,-1,-1,-1,-1,-1,-1,-1,-1,-1,-1,212,192,
-1,-1,-1,-1,-1,-1,-1,-1,-1,-1,-1,-1,-1,-1,-1,-1,-1,-1,254,292,
-1,-1,-1,-1,-1,-1,-1,-1,-1,-1,-1,-1,-1,-1,-1,-1,-1,-1,294,718,
-1,-1,-1,-1,-1,-1,-1,-1,-1,-1,-1,-1,-1,-1,-1,-1,-1,-1,296,285,
-1,-1,-1,-1,-1,-1,-1,-1,-1,-1,-1,-1,-1,-1,-1,-1,-1,-1,341,581,
-1,-1,-1,-1,-1,-1,-1,-1,-1,-1,-1,-1,-1,-1,-1,-1,-1,-1,350,153,
-1,-1,-1,-1,-1,-1,-1,-1,-1,-1,-1,-1,-1,-1,-1,-1,-1,-1,354,293,
-1,-1,-1,-1,-1,-1,-1,-1,-1,-1,-1,-1,-1,-1,-1,-1,-1,-1,383,216,
-1,-1,-1,-1,-1,-1,-1,-1,-1,-1,-1,-1,-1,-1,-1,-1,-1,-1,388,856,
-1,-1,-1,-1,-1,-1,-1,-1,-1,-1,-1,-1,-1,-1,-1,-1,-1,-1,393,828,
-1,-1,-1,-1,-1,-1,-1,-1,-1,-1,-1,-1,-1,-1,-1,-1,-1,-1,394,220,
-1,-1,-1,-1,-1,-1,-1,-1,-1,-1,-1,-1,-1,-1,-1,-1,-1,-1,397,354,
-1,-1,-1,-1,-1,-1,-1,-1,-1,-1,-1,-1,-1,-1,-1,-1,-1,-1,402,871,
-1,-1,-1,-1,-1,-1,-1,-1,-1,-1,-1,-1,-1,-1,-1,-1,-1,-1,415,757,
-1,-1,-1,-1,-1,-1,-1,-1,-1,-1,-1,-1,-1,-1,-1,-1,-1,-1,421,408,
-1,-1,-1,-1,-1,-1,-1,-1,-1,-1,-1,-1,-1,-1,-1,-1,-1,-1,428,686,
-1,-1,-1,-1,-1,-1,-1,-1,-1,-1,-1,-1,-1,-1,-1,-1,-1,-1,443,194,
-1,-1,-1,-1,-1,-1,-1,-1,-1,-1,-1,-1,-1,-1,-1,-1,-1,-1,456,245,
-1,-1,-1,-1,-1,-1,-1,-1,-1,-1,-1,-1,-1,-1,-1,-1,-1,-1,467,613,
-1,-1,-1,-1,-1,-1,-1,-1,-1,-1,-1,-1,-1,-1,-1,-1,-1,-1,471,580,
-1,-1,-1,-1,-1,-1,-1,-1,-1,-1,-1,-1,-1,-1,-1,-1,-1,-1,484,229,
-1,-1,-1,-1,-1,-1,-1,-1,-1,-1,-1,-1,-1,-1,-1,-1,-1,-1,502,1042,
-1,-1,-1,-1,-1,-1,-1,-1,-1,-1,-1,-1,-1,-1,-1,-1,-1,-1,509,388,
-1,-1,-1,-1,-1,-1,-1,-1,-1,-1,-1,-1,-1,-1,-1,-1,-1,-1,540,499,
-1,-1,-1,-1,-1,-1,-1,-1,-1,-1,-1,-1,-1,-1,-1,-1,-1,-1,549,547,
-1,-1,-1,-1,-1,-1,-1,-1,-1,-1,-1,-1,-1,-1,-1,-1,-1,-1,572,666,
-1,-1,-1,-1,-1,-1,-1,-1,-1,-1,-1,-1,-1,-1,-1,-1,-1,-1,587,459,
-1,-1,-1,-1,-1,-1,-1,-1,-1,-1,-1,-1,-1,-1,-1,-1,-1,-1,599,246,
-1,-1,-1,-1,-1,-1,-1,-1,-1,-1,-1,-1,-1,-1,-1,-1,-1,-1,602,1056,
-1,-1,-1,-1,-1,-1,-1,-1,-1,-1,-1,-1,-1,-1,-1,-1,-1,-1,611,490,
-1,-1,-1,-1,-1,-1,-1,-1,-1,-1,-1,-1,-1,-1,-1,-1,-1,-1,623,471,
-1,-1,-1,-1,-1,-1,-1,-1,-1,-1,-1,-1,-1,-1,-1,-1,-1,-1,635,477,
-1,-1,-1,-1,-1,-1,-1,-1,-1,-1,-1,-1,-1,-1,-1,-1,-1,-1,639,297,
-1,-1,-1,-1,-1,-1,-1,-1,-1,-1,-1,-1,-1,-1,-1,-1,-1,-1,643,605,
-1,-1,-1,-1,-1,-1,-1,-1,-1,-1,-1,-1,-1,-1,-1,-1,-1,-1,655,576,
-1,-1,-1,-1,-1,-1,-1,-1,-1,-1,-1,-1,-1,-1,-1,-1,-1,-1,664,1239,
-1,-1,-1,-1,-1,-1,-1,-1,-1,-1,-1,-1,-1,-1,-1,-1,-1,-1,682,500,
-1,-1,-1,-1,-1,-1,-1,-1,-1,-1,-1,-1,-1,-1,-1,-1,-1,-1,700,320,
-1,-1,-1,-1,-1,-1,-1,-1,-1,-1,-1,-1,-1,-1,-1,-1,-1,-1,746,978,
-1,-1,-1,-1,-1,-1,-1,-1,-1,-1,-1,-1,-1,-1,-1,-1,-1,-1,762,622,
-1,-1,-1,-1,-1,-1,-1,-1,-1,-1,-1,-1,-1,-1,-1,-1,-1,-1,784,1214,
-1,-1,-1,-1,-1,-1,-1,-1,-1,-1,-1,-1,-1,-1,-1,-1,-1,-1,788,510,
-1,-1,-1,-1,-1,-1,-1,-1,-1,-1,-1,-1,-1,-1,-1,-1,-1,-1,831,1900,
-1,-1,-1,-1,-1,-1,-1,-1,-1,-1,-1,-1,-1,-1,-1,-1,-1,-1,877,1977,
-1,-1,-1,-1,-1,-1,-1,-1,-1,-1,-1,-1,-1,-1,-1,-1,-1,-1,908,1053,
-1,-1,-1,-1,-1,-1,-1,-1,-1,-1,-1,-1,-1,-1,-1,-1,-1,-1,919,945,
-1,-1,-1,-1,-1,-1,-1,-1,-1,-1,-1,-1,-1,-1,-1,-1,-1,-1,937,453,
-1,-1,-1,-1,-1,-1,-1,-1,-1,-1,-1,-1,-1,-1,-1,-1,-1,-1,951,1837,
-1,-1,-1,-1,-1,-1,-1,-1,-1,-1,-1,-1,-1,-1,-1,-1,-1,-1,964,1572,
-1,-1,-1,-1,-1,-1,-1,-1,-1,-1,-1,-1,-1,-1,-1,-1,-1,-1,979,1010,
-1,-1,-1,-1,-1,-1,-1,-1,-1,-1,-1,-1,-1,-1,-1,-1,-1,-1,985,571,
-1,-1,-1,-1,-1,-1,-1,-1,-1,-1,-1,-1,-1,-1,-1,-1,-1,-1,1021,534,
-1,-1,-1,-1,-1,-1,-1,-1,-1,-1,-1,-1,-1,-1,-1,-1,-1,-1,1035,1460,
-1,-1,-1,-1,-1,-1,-1,-1,-1,-1,-1,-1,-1,-1,-1,-1,-1,-1,1056,1579,
-1,-1,-1,-1,-1,-1,-1,-1,-1,-1,-1,-1,-1,-1,-1,-1,-1,-1,1061,426,
-1,-1,-1,-1,-1,-1,-1,-1,-1,-1,-1,-1,-1,-1,-1,-1,-1,-1,1074,1443,
-1,-1,-1,-1,-1,-1,-1,-1,-1,-1,-1,-1,-1,-1,-1,-1,-1,-1,1081,1779,
-1,-1,-1,-1,-1,-1,-1,-1,-1,-1,-1,-1,-1,-1,-1,-1,-1,-1,1107,2116,
-1,-1,-1,-1,-1,-1,-1,-1,-1,-1,-1,-1,-1,-1,-1,-1,-1,-1,1194,687,
-1,-1,-1,-1,-1,-1,-1,-1,-1,-1,-1,-1,-1,-1,-1,-1,-1,-1,1246,1345,
-1,-1,-1,-1,-1,-1,-1,-1,-1,-1,-1,-1,-1,-1,-1,-1,-1,-1,1285,1323,
-1,-1,-1,-1,-1,-1,-1,-1,-1,-1,-1,-1,-1,-1,-1,-1,-1,-1,1303,1447,
-1,-1,-1,-1,-1,-1,-1,-1,-1,-1,-1,-1,-1,-1,-1,-1,-1,-1,1307,753,
-1,-1,-1,-1,-1,-1,-1,-1,-1,-1,-1,-1,-1,-1,-1,-1,-1,-1,1313,2014,
-1,-1,-1,-1,-1,-1,-1,-1,-1,-1,-1,-1,-1,-1,-1,-1,-1,-1,1314,661,
-1,-1,-1,-1,-1,-1,-1,-1,-1,-1,-1,-1,-1,-1,-1,-1,-1,-1,1315,2265,
-1,-1,-1,-1,-1,-1,-1,-1,-1,-1,-1,-1,-1,-1,-1,-1,-1,-1,1380,1464,
-1,-1,-1,-1,-1,-1,-1,-1,-1,-1,-1,-1,-1,-1,-1,-1,-1,-1,1384,728,
-1,-1,-1,-1,-1,-1,-1,-1,-1,-1,-1,-1,-1,-1,-1,-1,-1,-1,1385,2776,
-1,-1,-1,-1,-1,-1,-1,-1,-1,-1,-1,-1,-1,-1,-1,-1,-1,-1,1469,1603,
-1,-1,-1,-1,-1,-1,-1,-1,-1,-1,-1,-1,-1,-1,-1,-1,-1,-1,1493,2560,
-1,-1,-1,-1,-1,-1,-1,-1,-1,-1,-1,-1,-1,-1,-1,-1,-1,-1,1498,2012,
-1,-1,-1,-1,-1,-1,-1,-1,-1,-1,-1,-1,-1,-1,-1,-1,-1,-1,1557,2690,
-1,-1,-1,-1,-1,-1,-1,-1,-1,-1,-1,-1,-1,-1,-1,-1,-1,-1,1563,761,
-1,-1,-1,-1,-1,-1,-1,-1,-1,-1,-1,-1,-1,-1,-1,-1,-1,-1,1564,1287,
-1,-1,-1,-1,-1,-1,-1,-1,-1,-1,-1,-1,-1,-1,-1,-1,-1,-1,1568,1879,
-1,-1,-1,-1,-1,-1,-1,-1,-1,-1,-1,-1,-1,-1,-1,-1,-1,-1,1580,1995,
-1,-1,-1,-1,-1,-1,-1,-1,-1,-1,-1,-1,-1,-1,-1,-1,-1,-1,1585,1700,
-1,-1,-1,-1,-1,-1,-1,2843,-1,-1,-1,-1,-1,-1,-1,-1,-1,-1,1600,1184,
-1,-1,-1,-1,-1,-1,-1,-1,-1,-1,-1,-1,-1,-1,-1,-1,-1,-1,1650,2761,
-1,-1,-1,-1,-1,-1,-1,-1,-1,-1,-1,-1,-1,-1,-1,-1,-1,-1,1656,1057,
-1,-1,-1,-1,-1,-1,-1,-1,-1,-1,-1,-1,-1,-1,-1,-1,-1,-1,1660,2561,
-1,-1,-1,-1,-1,-1,-1,-1,-1,-1,-1,-1,-1,-1,-1,-1,-1,-1,1681,2044,
-1,-1,-1,-1,-1,-1,-1,-1,-1,-1,-1,-1,-1,-1,-1,-1,-1,-1,1685,1147,
-1,-1,-1,-1,-1,-1,-1,-1,-1,-1,-1,-1,-1,-1,-1,-1,-1,-1,1704,2413,
-1,-1,-1,-1,-1,-1,-1,-1,-1,-1,-1,-1,-1,-1,-1,-1,-1,-1,1716,2382,
-1,-1,-1,-1,-1,-1,-1,-1,-1,-1,-1,-1,-1,-1,-1,-1,-1,-1,1717,785,
-1,-1,-1,-1,-1,-1,-1,-1,-1,-1,-1,-1,-1,-1,-1,-1,-1,-1,1743,2122,
-1,-1,-1,-1,-1,-1,-1,-1,-1,-1,-1,-1,-1,-1,-1,-1,-1,-1,1746,1617,
-1,-1,-1,-1,-1,-1,-1,-1,-1,-1,-1,-1,-1,-1,-1,-1,-1,-1,1796,887,
-1,-1,-1,-1,-1,-1,-1,-1,-1,-1,-1,-1,-1,-1,-1,-1,-1,-1,1816,2793,
-1,-1,-1,-1,-1,-1,-1,-1,-1,-1,-1,-1,-1,-1,-1,-1,-1,-1,1820,2214,
-1,-1,-1,-1,-1,-1,-1,-1,-1,-1,-1,-1,-1,-1,-1,-1,-1,-1,1852,890,
-1,-1,-1,-1,-1,-1,-1,-1,-1,-1,-1,-1,-1,-1,-1,-1,-1,-1,1862,1332,
-1,-1,-1,-1,-1,-1,-1,-1,-1,-1,-1,-1,-1,-1,-1,-1,-1,-1,1865,2461,
-1,-1,-1,-1,-1,-1,-1,-1,-1,-1,-1,-1,-1,-1,-1,-1,-1,-1,1870,1398,
-1,-1,-1,-1,-1,-1,-1,-1,-1,-1,-1,-1,-1,-1,-1,-1,-1,-1,1895,2466,
-1,-1,-1,-1,-1,-1,-1,-1,-1,-1,-1,-1,-1,-1,-1,-1,-1,-1,1917,1490,
-1,-1,-1,-1,-1,-1,-1,-1,-1,-1,-1,-1,-1,-1,-1,-1,-1,-1,1922,2850,
-1,-1,-1,-1,-1,-1,-1,-1,-1,-1,-1,-1,-1,-1,-1,-1,-1,-1,1923,1031,
-1,-1,-1,-1,-1,-1,-1,-1,-1,-1,-1,-1,-1,-1,-1,-1,-1,-1,1959,1457,
-1,-1,-1,-1,-1,-1,-1,-1,-1,-1,-1,-1,-1,-1,-1,-1,-1,-1,2002,1634,
-1,-1,-1,-1,-1,-1,-1,-1,-1,-1,-1,-1,-1,-1,-1,-1,-1,-1,2010,1410,
-1,-1,-1,-1,-1,-1,-1,-1,-1,-1,-1,-1,-1,-1,-1,-1,-1,-1,2016,2535,
-1,-1,-1,-1,-1,-1,-1,-1,-1,-1,-1,-1,-1,-1,-1,-1,-1,-1,2030,1266,
-1,-1,-1,-1,-1,-1,-1,-1,-1,-1,-1,-1,-1,-1,-1,-1,-1,-1,2033,2393,
-1,-1,-1,-1,-1,-1,-1,-1,-1,-1,-1,-1,-1,-1,-1,-1,-1,-1,2043,2093,
-1,-1,-1,-1,-1,-1,-1,-1,-1,-1,-1,-1,-1,-1,-1,-1,-1,-1,2055,2523,
-1,-1,-1,-1,-1,-1,-1,-1,-1,-1,-1,-1,-1,-1,-1,-1,-1,-1,2074,1586,
-1,-1,-1,-1,-1,-1,-1,-1,-1,-1,-1,-1,-1,-1,-1,-1,-1,-1,2113,1024,
-1,-1,-1,-1,-1,-1,-1,-1,-1,-1,-1,-1,-1,-1,-1,-1,-1,-1,2136,1453,
-1,-1,-1,-1,-1,-1,-1,-1,-1,-1,-1,-1,-1,-1,-1,-1,-1,-1,2155,1652,
-1,-1,-1,-1,-1,-1,-1,-1,-1,-1,-1,-1,-1,-1,-1,-1,-1,-1,2156,2575,
-1,-1,-1,-1,-1,-1,-1,-1,-1,-1,-1,-1,-1,-1,-1,-1,-1,-1,2170,1752,
-1,-1,-1,-1,-1,-1,-1,-1,-1,-1,-1,-1,-1,-1,-1,-1,-1,-1,2209,930,
-1,-1,-1,-1,-1,-1,-1,-1,-1,-1,-1,-1,-1,-1,-1,-1,-1,-1,2214,2658,
-1,-1,-1,-1,-1,-1,-1,-1,-1,-1,-1,-1,-1,-1,-1,-1,-1,-1,2235,1081,
-1,-1,-1,-1,-1,-1,-1,-1,-1,-1,-1,-1,-1,-1,-1,-1,-1,-1,2247,2151,
-1,-1,-1,-1,-1,-1,-1,-1,-1,-1,-1,-1,-1,-1,-1,-1,-1,-1,2266,1821,
-1,-1,-1,-1,-1,-1,-1,-1,-1,-1,-1,-1,-1,-1,-1,-1,-1,-1,2269,1841,
-1,-1,-1,-1,-1,-1,-1,-1,-1,-1,-1,-1,-1,-1,-1,-1,-1,-1,2270,2775,
-1,-1,-1,-1,-1,-1,-1,-1,-1,-1,-1,-1,-1,-1,-1,-1,-1,-1,2277,2482,
-1,-1,-1,-1,-1,-1,-1,-1,-1,-1,-1,-1,-1,-1,-1,-1,-1,-1,2278,2403,
-1,-1,-1,-1,-1,-1,-1,-1,-1,-1,-1,-1,-1,-1,-1,-1,-1,-1,2292,2234,
-1,-1,-1,-1,-1,-1,-1,-1,-1,-1,-1,-1,-1,-1,-1,-1,-1,-1,2315,1302,
-1,-1,-1,-1,-1,-1,-1,-1,-1,-1,-1,-1,-1,-1,-1,-1,-1,-1,2345,1034,
-1,-1,-1,-1,-1,-1,-1,-1,-1,-1,-1,-1,-1,-1,-1,-1,-1,-1,2352,2456,
-1,-1,-1,-1,-1,-1,-1,-1,-1,-1,-1,-1,-1,-1,-1,-1,-1,-1,2384,2639,
-1,-1,-1,-1,-1,-1,-1,-1,-1,-1,-1,-1,-1,-1,-1,-1,-1,-1,2386,1640,
-1,-1,-1,-1,-1,-1,-1,-1,-1,-1,-1,-1,-1,-1,-1,-1,-1,-1,2442,2725,
-1,-1,-1,-1,-1,-1,-1,-1,-1,-1,-1,-1,-1,-1,-1,-1,-1,-1,2472,2923,
-1,-1,-1,-1,-1,-1,-1,-1,-1,-1,-1,-1,-1,-1,-1,-1,-1,-1,2473,1417,
-1,-1,-1,-1,-1,-1,-1,-1,-1,-1,-1,-1,-1,-1,-1,-1,-1,-1,2484,2140,
-1,-1,-1,-1,-1,-1,-1,-1,-1,-1,-1,-1,-1,-1,-1,-1,-1,-1,2510,1321,
-1,-1,-1,-1,-1,-1,-1,-1,-1,-1,-1,-1,-1,-1,-1,-1,-1,-1,2555,1975,
-1,-1,-1,-1,-1,-1,-1,-1,-1,-1,-1,-1,-1,-1,-1,-1,-1,-1,2562,1954,
-1,-1,-1,-1,-1,-1,-1,-1,-1,-1,-1,-1,-1,-1,-1,-1,-1,-1,2597,2815,
-1,-1,-1,-1,-1,-1,-1,-1,-1,-1,-1,-1,-1,-1,-1,-1,-1,-1,2601,1561,
-1,-1,-1,-1,-1,-1,-1,-1,-1,-1,-1,-1,-1,-1,-1,-1,-1,-1,2654,1233,
-1,-1,-1,-1,-1,-1,-1,-1,-1,-1,-1,-1,-1,-1,-1,-1,-1,-1,2722,1853,
-1,-1,-1,-1,-1,-1,-1,-1,-1,-1,-1,-1,-1,-1,-1,-1,-1,-1,2723,2674,
-1,-1,-1,-1,-1,-1,-1,-1,-1,-1,-1,-1,-1,-1,-1,-1,-1,-1,2732,2100,
-1,-1,-1,-1,-1,-1,-1,-1,-1,-1,-1,-1,-1,-1,-1,-1,-1,-1,2777,2192,
-1,-1,-1,-1,-1,-1,-1,-1,-1,-1,-1,-1,-1,-1,-1,-1,-1,-1,2783,1373,
-1,-1,-1,-1,-1,-1,-1,-1,-1,-1,-1,-1,-1,-1,-1,-1,-1,-1,2821,2912,
-1,-1,-1,-1,-1,-1,-1,-1,-1,-1,-1,-1,-1,-1,-1,-1,-1,-1,2835,1421,
-1,-1,-1,-1,-1,-1,-1,-1,-1,-1,-1,-1,-1,-1,-1,-1,-1,-1,2844,2752,
-1,-1,-1,-1,-1,-1,-1,-1,-1,-1,-1,-1,-1,-1,-1,-1,-1,-1,2850,2419,
-1,-1,-1,-1,-1,-1,-1,-1,-1,-1,-1,-1,-1,-1,-1,-1,-1,-1,2859,1710,
-1,-1,-1,-1,-1,-1,-1,-1,-1,-1,-1,-1,-1,-1,-1,-1,-1,-1,2865,2463,
-1,-1,-1,-1,-1,-1,-1,-1,-1,-1,-1,-1,-1,-1,-1,-1,-1,-1,2870,2132,
-1,-1,-1,-1,-1,-1,-1,-1,-1,-1,-1,-1,-1,-1,-1,-1,-1,-1,2897,2146,
-1,-1,-1,-1,-1,-1,-1,-1,-1,-1,-1,-1,-1,-1,-1,-1,-1,-1,2970,1897,
-1,-1,-1,-1,-1,-1,-1,-1,-1,-1,-1,-1,-1,-1,-1,-1,-1,-1,2976,2616,
