cap,void_id,ra,dec,dist,reff,reff_uncert,edge
NGC,0,192.0918608937389,-7.617182432036659,644.368280152735,30.443836743446926,0.10821768431669937,1
NGC,1,237.73575505720598,8.120078953889438,424.2151991511521,31.68724203064072,0.113752207565349,1
NGC,2,256.47295103438404,14.213058577945015,621.4855316256112,30.082789582899014,0.10794905119268343,1
NGC,3,250.32849317150055,4.423619087144855,548.0532403923245,30.87736939437262,0.11033355319377376,0
NGC,4,172.33831693615068,-6.864174636878777,365.8476336244625,26.426387593943087,0.10374968893799101,1
NGC,5,260.6843388240293,16.056622568347397,208.62924657111157,27.292562797132145,0.09608578620654233,1
NGC,6,253.02800097715763,12.188748097133837,610.8623802508253,27.951604626318456,0.09680184075401826,1
NGC,7,139.62725624411934,-4.548190889446627,635.1376194183723,28.59635344137154,0.11380479987037885,0
NGC,8,129.29183871935052,-4.22855716079796,332.5179122715939,27.564030075046507,0.10092314199068297,1
NGC,9,134.9238926392335,-0.675531578638378,410.4452327185259,28.10868665040596,0.09937686828102815,0
NGC,10,188.00739269457517,-3.7590721857204996,611.4116525838563,27.802663374573413,0.10691891790745803,1
NGC,11,156.6171254292559,2.8739067734166444,661.3585420148008,28.177239219562743,0.10632702459792129,1
NGC,12,230.32901548569822,-0.7465979177217498,520.2784529481995,27.99361093354149,0.1007760410195966,1
NGC,13,122.34967529734243,7.3504078182500505,592.8415722454938,25.75695860008336,0.0814042397337691,1
NGC,14,268.35814673323483,35.3428937019597,625.331270384022,27.61055922387592,0.10280360848519118,1
NGC,15,96.37483227658895,67.0805887337853,508.548124301128,27.041340335996566,0.097465491972321,1
NGC,16,218.76083786973123,34.14870547696995,321.30154902472333,27.04217146543153,0.10304471292227235,1
NGC,17,229.6628308179238,32.34353787248892,537.1984875396045,25.317152698712245,0.0887210051019328,1
NGC,18,132.04879495851844,-7.32919692587522,609.1714446774934,24.366894721248308,0.08796746261950357,1
NGC,19,263.7582179670077,27.620513052831935,600.1488921187831,24.72194546713606,0.09152829319916568,1
NGC,20,202.75522081614923,4.413361750370371,440.46411245754837,25.580165211787854,0.09701860333910924,1
NGC,21,128.84156148266268,-0.34752008627456277,640.4507947215279,27.007658328039,0.09387063794014362,0
NGC,22,204.17671245269415,50.07021634737722,607.1177374323609,25.599290299792486,0.09648149282877029,1
NGC,23,116.41150902696549,27.638427622307763,506.57944967326637,27.21623482391785,0.10005281096257408,1
NGC,24,223.84181445973888,-3.1048006620462805,663.3045685040872,23.432622752432334,0.09216647918275597,1
NGC,25,160.53283112752433,-8.920919160517753,487.1438100088759,25.50678420809289,0.09052257188905286,1
NGC,26,241.2848587370167,10.275513717062758,333.0762099610688,25.651491377647638,0.09039888356158801,1
NGC,27,220.64156619422144,36.39009591621516,650.1656451513747,26.608403223937703,0.09750286874614658,1
NGC,28,248.55532463916262,7.208579154048898,591.8810779599385,26.619061207623766,0.09995910628799606,0
NGC,29,259.35963061785986,11.859551812702614,307.40877009394114,25.815843488539862,0.09851209379876376,1
NGC,30,166.09630576091152,3.84256617758687,647.9546560837256,23.398180012120292,0.08413103883014975,1
NGC,31,168.34527189626192,-2.720946382918075,505.2828488061501,26.64574251883529,0.09494529836824131,2
NGC,32,115.20244264145069,27.13344335124678,592.3165400755884,26.56102816987447,0.09285636514246784,1
NGC,33,231.39898516401092,-1.3448584818384928,601.8264093805433,25.722104999792247,0.10020050419348332,1
NGC,34,120.76805488593064,9.349309019104764,531.348933206115,24.213101966145977,0.08646809979702162,1
NGC,35,211.03647070321136,47.020827506407144,550.073525985192,25.06516465684967,0.09400948621026665,1
NGC,36,201.54791668897994,-0.6611688195858045,362.96801821291274,26.204672862628435,0.09914503412537827,0
NGC,37,190.49064697670173,-2.4032086514181534,571.1291003958524,25.38027195410189,0.09427023453375492,1
NGC,38,164.11197962999844,3.2008296336685316,584.6431759199417,24.061193744700365,0.09254947774370781,1
NGC,39,143.9115486673909,-6.237784193597881,319.0521331430173,23.755482167615593,0.07934346912693309,1
NGC,40,97.709861564401,68.6571265306886,432.4611190317703,23.82039380731539,0.07840708035223082,1
NGC,41,149.18196063823447,-5.884227745056517,323.95302798588875,24.047971452702196,0.08260188120135768,1
NGC,42,134.7315928209557,-6.764865676913048,586.0215718586064,25.760669284518798,0.0895723576533952,1
NGC,43,100.47862873794116,68.83652394791469,547.4972547861984,25.106302589625106,0.08778829463440795,1
NGC,44,255.965402460851,4.734110213785945,581.599884729995,22.877571342878266,0.08115900200684029,1
NGC,45,113.9263583256692,24.954598505605478,526.6077957034363,24.492626338987392,0.0846530159071918,1
NGC,46,216.9526401467899,-1.6495576692220923,194.54680982081743,24.55522812161698,0.09318813322317922,1
NGC,47,242.58975233352757,12.999311551475506,480.51376713083,23.84603265730196,0.08288176156162755,1
NGC,48,255.74900921197738,4.733397094563515,524.1774017813352,23.872359161109344,0.09242547009482403,1
NGC,49,258.9171822514686,17.720952100951205,565.5614381757609,24.234601188893766,0.08857178939871596,1
NGC,50,259.6712657091237,10.049295005374326,665.250774534352,23.12849319099542,0.08679859475515518,1
NGC,51,144.7437720832309,1.7507274028649034,585.4450767183519,23.7410215133365,0.08097830495551897,1
NGC,52,184.27117318718177,-0.8055038102415643,648.9390713610309,26.58340232091305,0.09200818924630476,1
NGC,53,216.99498724379697,41.11937656735485,661.3923906594354,23.25867806181654,0.08459470025860569,1
NGC,54,95.74456429874148,63.55861543566501,623.8102355465481,24.56340907192103,0.07934618581937365,1
NGC,55,206.62925014321283,6.394834567781382,265.8214218965198,22.241356365144945,0.07664148162061238,1
NGC,56,138.4306173268131,0.3343736362700043,322.71731754039246,25.71008896395053,0.09707634741273338,1
NGC,57,158.43283735728505,-8.558612079264096,646.0775587290456,24.025483129705545,0.09254428810909712,1
NGC,58,120.68109886867273,10.63569790255835,664.4908011216767,21.898347973379163,0.08241576976636093,1
NGC,59,157.67399323560372,-5.881442577015685,648.5966609623559,25.297185360225598,0.09962308035606326,0
NGC,60,240.70906840217788,2.6918410493574805,523.9293202652552,25.815585690782697,0.09431186571170949,0
NGC,61,127.41309944336476,1.7856758784091675,385.0972558111905,25.703667952310308,0.08982304841146356,1
NGC,62,174.94150305741286,1.5894705406550986,426.5290005198326,24.77987478074939,0.08699503365668217,1
NGC,63,133.46853148253803,-3.797955550887737,350.999990706199,25.098856933655167,0.09571760535002186,0
NGC,64,142.96165089986317,-6.42302897056487,347.8234965930514,24.65168318676859,0.08915696682239904,1
NGC,65,266.1939593996829,35.16221695751629,652.82879587497,22.5795189071725,0.08237320850373796,1
NGC,66,238.66495433186003,-0.2213387277774587,501.70946673250023,23.01163632392464,0.08595833448862934,1
NGC,67,-87.36262310762979,34.13832611146182,439.60954886664365,23.271490282368166,0.07827294910166648,1
NGC,68,123.20196093461605,6.199084875857877,619.5747096702801,25.23525579121155,0.08838083115304003,1
NGC,69,211.76674083734838,-1.5060918910913905,648.6434420116174,24.813654030230442,0.08825742252316793,0
NGC,70,123.9146899302788,1.6732065525252398,586.6569272446304,23.007128088058412,0.0818155216504585,1
NGC,71,251.73047562215876,6.6672060347752256,484.20990627372,25.230380849908563,0.09466753685381178,0
NGC,72,161.7526671955259,-7.159787141298358,457.0442206796881,24.856614983360366,0.09018827421951178,1
NGC,73,268.8113946479861,30.639488019058707,665.3981312938693,22.69704252751674,0.08064801662667652,1
NGC,74,221.77279798112193,-1.3237903504218491,472.06567060528107,25.552667949987992,0.08803430104203591,0
NGC,75,166.94512517919648,0.8223188793631111,496.03002656097306,24.601623680084845,0.08302866286805177,1
NGC,76,213.61681521656627,36.80912916422701,640.8050187288122,23.203501574991126,0.08471788878436176,1
NGC,77,237.96220368361546,32.55036573495995,400.6970298559942,23.041825559136807,0.09319170331472079,1
NGC,78,-85.6564169976899,38.24828394656077,575.6307645167487,25.613940917782873,0.09794097980498702,1
NGC,79,157.67405117321155,-6.602529858285263,240.79865251520565,23.209734187900978,0.07878688759880063,1
NGC,80,203.41942347120028,0.9435472844760117,550.9047557034972,24.531393042575925,0.09268228332161856,0
NGC,81,132.98797268682668,2.9844245451555365,513.1755806508525,24.531632160706884,0.08945870603485094,1
NGC,82,223.76438511887892,32.92706661985398,657.5039457124989,24.49844710735575,0.08694402325880587,1
NGC,83,245.0822516491544,0.300858982463652,505.1837072954033,22.368321737453265,0.08379269458770497,1
NGC,84,228.43944581401445,-5.245488383550574,527.8527749505641,20.31164644899551,0.06510147101951536,1
NGC,85,164.25190620705885,0.45907497455410584,588.0833447607897,24.99489243327647,0.09302690722506855,0
NGC,86,179.5854566338929,1.0442049065621068,532.9234308214435,23.488705581715273,0.08082636582805759,1
NGC,87,178.21446747465183,-0.6446768512422341,614.1673770889709,24.81682196070707,0.08953767593958462,0
NGC,88,152.4178219636624,-6.343891022885692,511.25839243074165,24.541710609138878,0.09486167073860376,1
NGC,89,194.08413483007487,-0.21401380035711307,440.38379058474624,22.762814834949282,0.08558236040284882,1
NGC,90,242.7289125008638,0.6638715398747274,548.1839738317136,23.527425274622267,0.08710580975998544,1
NGC,91,-89.70848978891026,32.30912411685947,421.2255379721642,24.63070432317712,0.09491431242457435,1
NGC,92,257.0505367523785,8.17112847146107,376.00674851013997,23.811291435690016,0.08999822219159709,1
NGC,93,101.97440593214004,65.14599320028353,639.1172323986174,22.136211011783317,0.07746497489386178,1
NGC,94,125.9710199031486,1.198347069195769,324.5560300144917,22.433709911697036,0.09009496541704544,1
NGC,95,237.40640411527735,-0.30956129782125447,393.74686246484873,22.1185869008757,0.0811651357871017,1
NGC,96,194.4998515804012,5.505926223621316,470.1998712057336,23.168368389968997,0.08909710715708899,1
NGC,97,241.44680221755095,0.5275219540591692,644.1665800540126,23.097860773498358,0.08966505300044249,1
NGC,98,190.59427273251606,-4.876569388902281,616.852250948242,24.58739186095202,0.0929127271289061,0
NGC,99,229.8599722509192,3.266587775483364,575.7920293881266,24.0222362883886,0.08492942559493262,0
NGC,100,250.48414597263326,0.7628719844846292,383.59389413930774,22.30766094150797,0.08977447980744895,1
NGC,101,103.43415256896367,68.3388524306311,456.80950525497155,24.58290268038977,0.08973609752927247,1
NGC,102,211.53979221469066,3.8551279108944843,590.4070068632117,23.16121604572326,0.08888803446482946,1
NGC,103,215.95494450096564,38.88852600118919,310.4531054230566,23.95264049289517,0.08336914495303663,1
NGC,104,236.6573169973198,-0.9682799607013942,522.7962123052789,22.6656750294709,0.08507894575297818,1
NGC,105,209.62723580176203,-2.934576800363858,460.1201930450878,22.581179033416205,0.07679136852345445,1
NGC,106,254.9155614920973,7.959284522185685,473.7987151749595,25.03650260788077,0.09486015230952723,0
NGC,107,262.42472610678516,20.643203012857608,664.3875153001014,22.338918625712584,0.07761237363229724,1
NGC,108,225.41389035761583,-0.27198051664773604,551.4229411223607,23.464748772530957,0.08294180872952336,0
NGC,109,232.59280724620965,-0.7246801362411316,545.6186225978963,24.26883479811843,0.09010553901623389,1
NGC,110,255.13164655215417,8.071557761611338,571.821241300577,23.995676301770136,0.08570886660540716,0
NGC,111,216.06477061494326,34.556672800539516,579.0008863826552,24.05055370449028,0.09611001168816609,1
NGC,112,218.08964157763467,44.03033013381356,547.1256606873274,22.914958189085823,0.0866456039692547,1
NGC,113,97.59360686134521,62.06777805295086,598.4951993335341,18.43991746219821,0.061098692977788534,1
NGC,114,151.2540927834438,-4.98760431901603,559.2424627723577,23.92933694454024,0.08101864095100278,1
NGC,115,223.87233576515175,36.21721551951891,601.7008687131922,24.422625970113685,0.08587851193482293,0
NGC,116,238.421030240278,9.06949196589966,591.8758766261343,23.141065950315287,0.09376814919286218,0
NGC,117,231.7935320120285,5.466579087628152,576.2210836543853,24.481365151458565,0.08983545538766245,0
NGC,118,244.40316594086102,3.5859465080486443,369.72324253379566,24.625829027680837,0.09251170694743105,0
NGC,119,229.86228451319846,5.686945742531156,478.4562589466136,22.92083386522272,0.0851178903985099,1
NGC,120,259.87020389115037,9.141982826568656,481.68100011974224,20.571103532847864,0.0723207024578753,1
NGC,121,128.67207142979268,-5.251601966025225,446.8126246573461,20.746308073860334,0.07814341824315717,1
NGC,122,216.41883672276788,46.4840538610965,461.0463548561967,22.997822804117106,0.08451087397208405,1
NGC,123,207.17637374106525,6.880969619771909,547.0910651533858,24.370155318818966,0.08518007900861409,0
NGC,124,212.61859036187914,1.7622869808349726,600.5461651782891,23.294472511966664,0.08522175004113454,0
NGC,125,194.49829499242495,5.172114239916602,424.1015006005988,21.84005674674388,0.07252407206271148,1
NGC,126,234.59993273531373,5.542174530443845,463.9057563630094,23.12812086998261,0.07920414228489647,0
NGC,127,172.6423182642129,-5.846786101879547,610.9603782679862,23.208585922138887,0.08318125299641596,0
NGC,128,220.8736372596104,44.734861987943276,606.5334824519897,23.355836137184994,0.0838437727578283,1
NGC,129,217.75093649370496,-3.310143076925442,453.5327334959881,23.689867222849138,0.0838552731029349,1
NGC,130,232.32681775606778,37.26084090657501,513.850883989212,22.617602573251393,0.07733191534942183,1
NGC,131,100.08956256312372,69.67399602550188,654.3932081220277,21.34255830366764,0.08035663503390438,1
NGC,132,172.8274474996118,0.6679232884632144,470.7993416713173,24.1897821596594,0.08941332337506801,0
NGC,133,253.26629291196804,13.848220887712094,655.3661629944818,21.722763247357527,0.0738278437455882,1
NGC,134,230.41359320999945,-0.7527374957866715,470.93020195570233,22.648510705186307,0.08577746966234989,1
NGC,135,220.85691699409838,33.84649415649321,654.7425966820281,23.573397499688827,0.08294222126073444,1
NGC,136,217.41030017612778,46.91333741846448,647.91003316466,20.574014466110317,0.07626385357486455,1
NGC,137,226.6128009487456,33.20363256510666,492.90775147854134,23.656433051865896,0.08104582641951218,1
NGC,138,-88.40538718123894,34.42258489857885,632.3732362047812,24.58602191690696,0.0857281534194874,0
NGC,139,230.76033502211484,34.90712544101929,623.4246617462246,23.239246970732367,0.09131201467501358,0
NGC,140,262.6226673411972,13.924520906596872,543.7963567958312,23.37693923973328,0.0803773784674728,1
NGC,141,269.51579115035275,27.966160100181828,657.2906910276262,23.42093770852147,0.08328706776575726,1
NGC,142,-88.43640665511975,28.84021104574404,615.361098867718,21.00348920499839,0.07763574553487064,1
NGC,143,205.2484748295845,-0.7959668019730403,562.9075719980945,24.1070608030195,0.08830139622392166,0
NGC,144,128.63646529774172,-2.6436956226403243,562.6390943751143,23.962130585815203,0.08160175457735709,1
NGC,145,-67.51050849073798,66.9101245886736,447.92170566865144,19.992293727580304,0.06521674948181516,1
NGC,146,218.556243365851,39.5207251731696,158.7693911473301,20.769630919479617,0.07725424466204796,1
NGC,147,205.97937445218028,6.482663398352043,453.07733114954175,23.217394502655722,0.07459384070985768,1
NGC,148,265.2519144109894,16.53010703537597,431.02746408224726,23.02291346188252,0.08485977037390206,1
NGC,149,221.95192740995958,0.7575923960782587,644.4047028688336,23.304764106350152,0.08381200774885274,0
NGC,150,121.80042088773831,9.63710565601829,621.4412570113082,23.86012586288879,0.08520757675602172,1
NGC,151,140.69029396515128,-6.320435707541881,415.0282070809878,22.656702523967613,0.07919111248240314,1
NGC,152,130.72232241096174,1.489422333624008,654.0539824180215,23.45123749225053,0.08276108152231493,1
NGC,153,142.49694336971544,-3.841925809063671,625.3078559503567,23.344959320719457,0.08948362835833062,0
NGC,154,159.9211734228236,-0.35078319601721875,489.00695202800955,23.757917427169062,0.08739220919439504,0
NGC,155,136.38071054633758,-7.030911734463401,637.5338916291901,21.3473352926022,0.08980238168292068,1
NGC,156,258.4613508100275,10.217352007867467,272.6202434496914,21.749523124005517,0.07937727397132902,1
NGC,157,109.96257391407237,36.19131947788604,315.2908829110983,19.708241901915265,0.06863741297707693,1
NGC,158,255.5843641169634,5.034663632177415,404.87254007250704,20.66440493092742,0.07851806686106749,1
NGC,159,247.1725347293749,4.821392145004953,556.0262115669711,23.83445184651904,0.07826525556598345,0
NGC,160,250.84951173120444,3.4408061545095054,487.9547226284097,23.943358593606522,0.08636888627584834,0
NGC,161,256.66725475166743,14.609450969929263,567.3087472665021,21.66815347808163,0.07903248445226828,1
NGC,162,137.75623264952398,0.12159665594731238,514.9625952934434,22.948253404978015,0.08463586624001158,0
NGC,163,190.56016944235384,-4.999357844172752,645.1728858673625,24.033076152947622,0.086222925749938,0
NGC,164,265.61955213225446,29.88039946254393,244.81127251078556,21.93505427026661,0.0818373077222723,1
NGC,165,219.93243379416316,40.46348971994905,348.30124920156663,22.28643221700982,0.07729054218803931,0
NGC,166,137.30770577812754,-2.1006690514908444,663.0269676231607,22.283353325647667,0.08675150437048917,1
NGC,167,163.61802280886178,-0.10430995987983525,656.4973798353635,23.131852614211088,0.08075470976192202,1
NGC,168,165.72517185472213,-8.174712088996001,494.69172823170555,19.726811856991883,0.06989732310285944,1
NGC,169,199.81941704097204,1.8956336865227148,485.78306521102223,22.953277309465133,0.08577509008465377,0
NGC,170,124.00110082220473,2.165958699103912,517.6452984143074,21.727376159197938,0.0820884011571285,1
NGC,171,234.9988685575017,35.77213269727441,599.0618970848583,21.325700877938594,0.08194395519209555,1
NGC,172,225.5172132822125,-4.147205222178655,638.1704042882147,20.7212874058895,0.08070327361765628,1
NGC,173,211.45480183010062,49.25441717389057,571.3513652092001,22.614091312386655,0.08662912593302174,1
NGC,174,114.71030423217015,29.281474693396433,387.4094407378137,19.74565859927818,0.0710979977291275,1
NGC,175,113.60861671073121,30.143202713536073,411.6973341704023,20.61642686158169,0.07168532540769174,1
NGC,176,201.75678144204164,-2.9874376764168002,590.2239347657868,22.541705422382183,0.079391835167627,0
NGC,177,-85.00034293823295,43.77270494796539,587.4673035049265,19.907378152375344,0.06506981161197418,1
NGC,178,222.12697192843197,3.0417600824132873,665.9974014348043,20.999348805263125,0.06610217998774916,1
NGC,179,107.83329179189295,38.547496130650295,570.134816886261,21.037033335146205,0.07294294700795224,1
NGC,180,263.6660670937352,14.782472247505991,293.09794020092806,21.07513751674276,0.07797936498661054,1
NGC,181,240.2999717498174,9.478824100905237,250.6254203954428,22.319457390263533,0.07417533051671421,1
NGC,182,214.40337170050108,32.89657880441478,638.901489447511,21.380910956648467,0.08100957636254257,1
NGC,183,134.50405849889165,0.8482886180220414,241.28116407264048,22.044866595047537,0.07711439359308447,1
NGC,184,219.59698831083602,-2.602656849516245,285.0011748623776,22.48795114988517,0.08396811556141404,1
NGC,185,158.79534780043,-0.17984479343299703,586.9635036123417,23.0188447699177,0.08812572182762982,0
NGC,186,260.59951046786415,12.610733626976133,658.2935320108525,22.45306528143738,0.08199451814752932,1
NGC,187,263.6161658575388,23.313012975193526,573.0542806446848,22.03982870020146,0.08640381574941766,1
NGC,188,-86.31013553754727,38.856870488210475,528.7533508912918,22.991076526959247,0.08015072910944196,1
NGC,189,-87.10969554438958,38.61761744775522,264.22969088250363,19.053739490205853,0.07104425468268238,1
NGC,190,138.63789031444512,0.4631387751056556,188.123686104071,21.760612724422277,0.0788595608561914,1
NGC,191,223.54430777016697,-2.6080012398625776,395.39823446062127,21.74883696659775,0.08377482456475674,1
NGC,192,263.2283192467554,14.611669910493722,345.25919156999043,21.86073652824037,0.0852633135581679,1
NGC,193,257.3125637489772,10.658103592534758,665.4977104827996,20.977962747613475,0.0747946776369673,1
NGC,194,131.6633139308794,-7.435950104557267,642.515333395731,20.448188385539993,0.08146159735904379,1
NGC,195,208.22906968811603,-0.06510452654718875,640.6659076383127,23.158569267179605,0.09106983827478862,0
NGC,196,235.75849611665237,1.3215188849586685,301.39414906148465,22.66385412819918,0.07975801974391622,1
NGC,197,166.14863309146432,-1.308973355322957,654.4459171303188,23.45969948750409,0.08498274409826104,1
NGC,198,233.07456017259938,32.65970875363719,412.03821965591106,21.402728386356948,0.07637048620607745,1
NGC,199,-86.74505215443381,41.90833023619043,573.6638065378394,20.181265629273625,0.07170886004393921,1
NGC,200,137.96056924821391,-7.598009939854033,489.8472005622516,21.256693868123012,0.08595396975657678,1
NGC,201,132.15920018520035,-3.0259204203960897,562.9304338778435,22.911778347541187,0.08126403521324531,0
NGC,202,-87.626814229242,34.72552088380243,506.4160872838701,22.855645521078536,0.07890031830172652,1
NGC,203,177.28959068785252,1.6548174528578368,588.1362023550602,21.102373054573246,0.0743225098457259,1
NGC,204,129.9199139031564,0.9176456430135331,527.6514705414585,22.38731523207269,0.07619305516111288,0
NGC,205,108.32057869716057,38.1947823379286,477.75920769095904,21.193148273057602,0.08000499664190772,1
NGC,206,139.7182464883794,-7.090890703547148,466.54840160229276,21.51487380616015,0.08035100349595188,1
NGC,207,233.82016709134228,-1.1940445624998466,520.3005565366578,21.18070754252766,0.07737930370268876,1
NGC,208,135.869293889983,-6.337277216670327,664.7063661224832,21.102649575647355,0.07636740306112404,1
NGC,209,224.6651051569949,-2.1965522523041736,508.67108954201444,22.20353817378716,0.08516053233667163,1
NGC,210,139.9948515781063,0.08616186636007177,657.1004552149768,22.607185175609352,0.08351287160589135,1
NGC,211,239.40556932596598,4.312174442333877,665.3877946317684,22.247995842060813,0.08684492323486956,1
NGC,212,209.96123004336704,3.8260912938389127,641.7914235757587,22.89229264981666,0.07526176347050767,0
NGC,213,137.86535765756616,-0.6347106363205711,544.6190995532758,22.232621793050622,0.08301473724793373,0
NGC,214,130.6780240469212,-4.910970549834229,405.704253840627,22.18266179168171,0.07708493067163615,1
NGC,215,195.57663285684094,1.4911573383063392,336.6621849731809,22.053263758547615,0.08774718285416533,1
NGC,216,224.2828723794477,2.8775322336505056,513.060902808618,20.686197319301293,0.071712106542425,1
NGC,217,226.05191169062726,-2.628435143756435,480.1070866385415,23.55882975539158,0.08249298400042554,1
NGC,218,209.98571205259128,50.38475731961424,501.38196502989416,20.85725060741237,0.0822226325847465,1
NGC,219,-69.72854059396813,62.202924799696504,652.9315055684742,20.9742920746922,0.07900214689339831,1
NGC,220,146.1373957362332,-5.103987142875376,529.6864160720862,21.753714700529912,0.08233835420216569,0
NGC,221,251.7722352083392,0.6738995235018794,440.7172771482799,20.375873339511642,0.0714478331436015,1
NGC,222,139.17736108897208,3.8772196184135215,622.1197743172246,18.973862528083764,0.06460154693675076,1
NGC,223,-86.03629687717961,35.56097505799921,384.97230663451506,20.317722480734457,0.06931563554225027,1
NGC,224,-89.89346275435436,34.18581829457364,564.990837977932,21.957512655920393,0.08104737980372353,0
NGC,225,134.10979752738493,3.278303096520719,422.44715007125063,21.089344992139726,0.07921014735545645,1
NGC,226,214.15014177919448,0.07181382049978635,628.6155341597415,22.8288458206681,0.0901988985209174,0
NGC,227,260.5600080736748,12.102746454528505,484.8581374267259,21.41081930730532,0.07214439476988048,1
NGC,228,225.37411156132376,34.48258006245025,533.2544399489425,22.309953472986667,0.0830844500011525,0
NGC,229,231.93711678604606,37.80953536614323,663.5181124973343,20.56271897940525,0.07483439409654331,1
NGC,230,172.16869067916576,3.016983377876236,516.5530641510638,20.54981541649395,0.07518054903008602,1
NGC,231,225.68617586742766,32.33904617398577,637.1209639354392,20.776136211925106,0.07785986448903974,1
NGC,232,174.8349863181588,-0.35987339529926565,568.3005608163087,21.422070962822605,0.08072152711217752,0
NGC,233,234.04946031247766,3.6732649409697484,563.035849770543,21.889570966752295,0.07913545178429818,0
NGC,234,182.7453449936897,-1.2198311009839293,432.0624376067334,21.34680135032501,0.08129273078048489,1
NGC,235,209.67551501717583,4.2887948178852735,666.0971653518042,21.641090284559052,0.0784896267835581,1
NGC,236,212.46902194631235,38.68662511722698,516.2643679209332,20.663384555544134,0.07414846788239844,1
NGC,237,230.29030822029864,32.79790555362816,612.0879948117512,21.6916693811654,0.07804215201803195,1
NGC,238,109.97323628100273,36.60988529729215,528.0150596540486,20.92440035226255,0.07491922006025509,1
NGC,239,138.89598604089423,-0.2991046112306998,355.8247529161496,22.421120007080916,0.07882470409111456,0
NGC,240,148.81703642957504,-3.923735518264426,594.0578525203728,21.640056186651815,0.07703140521084939,1
NGC,241,265.65227285180055,32.860868146886425,650.2460328146303,19.843351989422374,0.06841928458801509,1
NGC,242,170.62476373371555,-6.473581099917646,458.50136773752024,21.451483971304434,0.08306967138575218,1
NGC,243,256.9659221613325,5.210071002488287,650.4028081541114,20.008959900764165,0.0807744183543083,1
NGC,244,250.96259658076576,1.2097250682873135,553.6340569304186,22.239375740383025,0.07541746658725115,1
NGC,245,98.28307152916138,64.27578012327331,478.4536739632854,20.687137886015993,0.08106750360627561,1
NGC,246,245.54143252535312,-0.09595968270554658,662.2182759650314,19.35206507252792,0.0696807894080988,1
NGC,247,250.8204782953694,8.867756209935024,206.96639445011303,21.05532067125544,0.08126929419182335,1
NGC,248,155.98232636990346,-2.179027412397126,533.7997459463874,22.575241627681763,0.084413692971179,1
NGC,249,-84.33845952747829,41.81135646602945,532.9625963943352,20.034689675238344,0.06935623701161406,1
NGC,250,194.9404394121124,5.656734686304111,358.42498997115445,19.864923097634655,0.06903076980386406,1
NGC,251,114.5627873482189,24.873238494709362,640.1648818279856,21.99178800973339,0.0776728994338482,1
NGC,252,-89.10385855072022,28.595377620338244,471.5368254304331,20.373941414646318,0.0731539504966901,1
NGC,253,159.8832411758771,-8.359463184103786,570.0919666687006,21.61139319793941,0.08213302513797296,1
NGC,254,138.71112159237384,1.6456350677407054,379.0920136697235,21.77564602772591,0.07931254792389791,1
NGC,255,214.7582356203426,-3.2489199502362336,471.9696001271958,20.20719065823203,0.06936759264582845,1
NGC,256,248.93993039900403,9.900547496091926,504.7680855513696,21.1863115352137,0.07021261741385533,1
NGC,257,209.02625300945482,6.528193981319852,652.2672165769894,21.68618295403036,0.08842290104340975,0
NGC,258,267.4238130488028,18.862311860195668,662.3177640985243,20.498271817143905,0.07412053038167737,1
NGC,259,228.09580217568558,3.102479617999711,195.60435656035077,21.33131305212292,0.07590188500653472,1
NGC,260,229.7665335100082,32.52290009206185,470.6319245605996,20.71145187701675,0.07408227011974669,1
NGC,261,121.78377382941053,8.432373026650026,356.83633289101255,18.873853822608737,0.06537691824090118,1
NGC,262,137.68568791239701,-7.581486341048447,597.5446445402132,20.699002136837244,0.07713194868339776,1
NGC,263,226.6047629328872,3.73569340300077,592.1610505097983,20.59427629107302,0.07487375722111929,1
NGC,264,154.85035897941725,-4.619605313092014,442.663056045607,21.76802092379163,0.07558345641633396,0
NGC,265,237.709092355364,-0.8716444455522288,472.600938518987,19.52439341878224,0.07370537919987837,1
NGC,266,241.70813287774342,5.220911744296699,621.9951152434559,22.005386709551363,0.08616260718397535,0
NGC,267,111.32677266875822,31.500862931938784,390.18627267707467,18.1764106879708,0.06519798768144894,1
NGC,268,201.83368565019956,3.8421170299753444,352.38115879896867,21.41919052372608,0.0764599481066368,1
NGC,269,198.4906264794844,4.80134147212409,566.0656406492848,22.31235563185885,0.07969630396965817,0
NGC,270,269.65699329082724,29.78693183325505,542.2977841823152,21.52168735616271,0.08170894888547954,0
NGC,271,192.68322222693314,-2.0027265201027755,586.7247523775325,21.974178684116843,0.07840956908816225,1
NGC,272,211.2284239494811,-4.187502034255157,639.0503583668982,19.735235077012902,0.07063304474455999,1
NGC,273,222.3974353239358,2.5091675454728657,307.37591156143657,19.75440999658411,0.06932425875906774,1
NGC,274,209.0226810763017,-1.2195519918846827,181.4201272675129,20.672933899777416,0.07010539863382256,1
NGC,275,215.8604519919798,38.2416222042527,647.5801942635183,21.348770506922758,0.0715335808524136,0
NGC,276,255.0361502698459,12.430511295021134,654.9720196253639,21.612528578602333,0.08203714735126863,1
NGC,277,256.8614573864095,7.296178225430762,301.04185806161064,18.586242251481433,0.06673510136860111,1
NGC,278,259.8709843085419,8.742498514711196,508.22342481270556,20.47871897155764,0.07654331481003185,1
NGC,279,104.05392410387854,67.15869713150123,494.70661215558835,21.33651463050345,0.07459166041037331,1
NGC,280,253.98146329656242,2.7415028534520505,604.4528625074856,18.952797264895825,0.07035387294035213,1
NGC,281,196.49267873006545,1.298002467909769,454.6851311269671,21.386937253137493,0.07558211337880742,0
NGC,282,200.35848512054227,1.3782530137719644,594.6528347793165,21.47433316055603,0.08086919282320401,0
NGC,283,145.58443591850664,-0.6320446246204913,304.8997825359011,19.932585962422372,0.07572198435002325,1
NGC,284,264.55030080943607,30.857147144789586,433.2613135976656,20.522448912603345,0.07203398557756836,1
NGC,285,179.008640113503,-3.7753783959011793,341.4999573425005,19.888543446777682,0.06802820447499633,1
NGC,286,129.06630831815988,4.656589067932728,628.5951364717725,21.549028364944434,0.07882022108920143,1
NGC,287,243.28713696482305,0.7029661966792792,602.4154744348743,21.535774680678706,0.07926618889037805,1
NGC,288,267.683911158169,19.026512059803053,637.4425682096936,20.00786037313835,0.06877963954140584,1
NGC,289,231.06807561383414,6.093254052013634,624.390002183843,20.984760537164217,0.08117926376542767,0
NGC,290,160.55486807350582,2.2030865365736485,643.0797211595636,21.13432745686535,0.0740330896973461,1
NGC,291,140.90614121028142,-5.085834600984864,533.3103935305522,20.920755696558444,0.0826768733388139,0
NGC,292,106.65535356926765,69.38640021465612,608.3139138716072,19.3883116031044,0.07157866511642808,1
NGC,293,145.5031441063572,1.7149007004248156,532.0841054064958,19.383518755649455,0.070202643289858,1
NGC,294,146.62925964293555,-2.3473422468731364,454.42414825367285,20.608917087354175,0.07453562189169381,1
NGC,295,-89.89011908910597,27.10156710626587,605.0806481121851,18.190599981342594,0.06538023635385473,1
NGC,296,128.57810924031057,5.33405389344432,354.93730549674336,18.36410696125887,0.07013372557393419,1
NGC,297,94.3364737074717,68.40327088397487,615.2562124565512,18.81129124176889,0.0670023070759415,1
NGC,298,219.41053334704458,1.8460908832700427,494.50480986877733,22.066048225554958,0.08625842860738878,1
NGC,299,117.73949751172695,27.33390555030052,667.1410778792067,18.37747704629365,0.06490749755467132,1
NGC,300,-84.69360263347063,38.8535359568602,501.5510798726375,19.90011357836757,0.07041237041583556,1
NGC,301,248.3590763535044,5.6248205966993785,376.1822347546707,21.501801254060172,0.0756685548384863,0
NGC,302,169.19779726620365,-5.0454946907634195,564.9876907214355,20.345860355080664,0.07026438609951323,1
NGC,303,217.99290266283603,43.5166867154276,330.3952602373624,20.912443929838428,0.07852978695303442,1
NGC,304,145.65298279156283,-6.064384843389099,652.8155344124425,21.353178228936514,0.07961800008660058,0
NGC,305,120.70068150904925,10.10077336335168,469.8888190399816,20.63605437431155,0.07247633193631621,1
NGC,306,217.01961888730253,36.58703281155572,414.72526947549403,21.09096405441642,0.07835426296556453,0
NGC,307,193.76238035288418,1.2083160826379558,552.2806547463671,19.22043863109165,0.07306118509253957,1
NGC,308,235.63090204568857,-1.049448956816292,368.2969176002906,20.657695058545464,0.07124137839234987,1
NGC,309,254.8229484682521,12.149098485233798,406.31834996446565,21.551511675168378,0.07874984071653117,0
NGC,310,-65.14378593636481,65.39719423706092,649.0108216018662,19.583455657083295,0.0690282566282932,1
NGC,311,207.89411457992856,0.7437127602177139,610.5123668597455,21.106980907262844,0.07743737051517914,0
NGC,312,250.86117891902495,2.867534937196664,309.6647955897313,21.304483985862895,0.07452448651934582,1
NGC,313,207.71665365517165,5.585457584312396,610.6980618504471,21.709472717739533,0.07620045011713408,0
NGC,314,242.85638000960245,0.8435283255885293,402.73034971371084,19.75031202218127,0.07418083047037748,1
NGC,315,233.68442967971626,-1.559914668716612,655.4006018870633,20.039417251076667,0.0718082843537745,1
NGC,316,219.78175521771462,-1.6429601992877576,496.8362880904548,21.108864186741666,0.08019055262616646,0
NGC,317,226.40925421356195,-5.077432516914211,557.3117458296535,20.081412090811487,0.07038707499368298,1
NGC,318,126.09217375987339,6.730978821523751,457.6624944136109,19.981176159316494,0.0724547226291158,1
NGC,319,251.5863407150723,5.934255123028716,594.3465202944923,21.377949990002552,0.07832077912229335,0
NGC,320,205.75095406984653,2.867248459106253,599.9391028815338,21.530468526490335,0.08174228735869407,0
NGC,321,197.03676587331094,-8.749061592847303,526.6176063227273,18.63755701759289,0.06459721734917535,1
NGC,322,228.53684075202926,-4.138853964034431,667.0258883210478,18.667978183372146,0.06698815370919925,1
NGC,323,175.23913469867978,-7.9413842289111445,593.3875276499208,21.326886117950178,0.07541528272447148,1
NGC,324,266.3113928092278,18.488928043854514,500.6864349240176,20.78448227582817,0.07208169923987903,1
NGC,325,231.877655709669,2.7463189717969847,524.0782925187084,20.73203197574948,0.0776630828149156,0
NGC,326,152.55268576459096,-3.3068190965842432,510.1205012427096,18.481751984891662,0.06535443306048523,1
NGC,327,191.50588509283955,-5.057581179282633,323.43607748776543,20.540361040608364,0.07739911390970931,2
NGC,328,96.44941433663611,65.82642539849599,551.9411677879524,21.26470917864483,0.08179302115003674,1
NGC,329,266.6133688805956,26.617643817448666,604.1543537088328,21.834431882757745,0.07758295484444074,0
NGC,330,206.95120867219208,49.03368779413249,554.0237776900823,18.888462264830927,0.06818965310226843,1
NGC,331,133.11681819366623,1.4571655744346512,651.095008532562,22.77698285233122,0.08148679291620703,0
NGC,332,-86.26213342296663,40.139169621903484,595.9653025385493,21.488106211915394,0.07474618578118815,1
NGC,333,196.69161859674696,-3.324647644079793,493.3769392772571,21.625226892794753,0.07887591390334235,0
NGC,334,125.53491614968084,5.394831753059112,551.7592534648127,21.00578158206779,0.07471354836572286,1
NGC,335,235.77655511063202,4.450463690735609,536.9286395453098,21.142863062173728,0.075110560711801,0
NGC,336,144.35356838198567,-7.014742919035209,601.6173450077912,19.973933926484207,0.07371089477555913,1
NGC,337,269.84090253039494,30.918613622814256,375.69039558929813,20.611080300314573,0.07189687819128392,1
NGC,338,118.30689046575635,27.590978261748674,600.7523847879834,20.400776264078,0.06628344462459186,1
NGC,339,253.223982994714,10.768492779406094,335.4430388493656,20.77434385882569,0.07697529187043099,1
NGC,340,223.23563684452466,43.34394616952375,399.55781368236893,19.87312759829341,0.07193242546885983,1
NGC,341,238.4035903064001,4.090753516434367,491.2431259719923,21.574735699974212,0.08236176360985448,0
NGC,342,173.4225876170191,-2.357561799579372,460.681556081531,21.604995179000525,0.07851673672907372,0
NGC,343,235.61752339838472,30.499104344125254,428.3703305667344,17.365365831175264,0.05854824126050112,1
NGC,344,228.5252112385192,0.22780316502144687,542.8814005686506,21.162247252628944,0.06997873693743868,0
NGC,345,154.04798927077647,-4.893222767869835,557.3847554612393,21.462745206118985,0.08061261319699299,0
NGC,346,258.71950331500864,8.694079541126428,637.3953885159895,19.052102599618195,0.0760253439002947,0
NGC,347,204.25207685175306,2.599373612590228,282.85115119854123,22.155581259744025,0.08835467969821428,1
NGC,348,207.59984597476725,0.4979805058388593,455.0204185585958,20.828548472170304,0.07539065017262735,0
NGC,349,133.894306107072,-6.7728358665549395,389.68584330592813,20.579924507815583,0.0755189458825248,1
NGC,350,152.60203370151365,-7.707999163848571,616.0467689635245,18.811074556298287,0.06920949185379582,1
NGC,351,253.4556012295848,9.523935100868558,584.1313576807185,21.796643246892856,0.07841982633359826,0
NGC,352,178.01010599779556,-1.9811769513280688,576.7644071700319,21.55870539280191,0.08089095243684925,0
NGC,353,164.58331869789737,-3.9826977683873994,468.15913323031367,21.555430887917307,0.07649937468526136,0
NGC,354,-70.56709955407504,62.98612993693547,413.1919178166154,18.841022922003447,0.06427774960225587,1
NGC,355,123.66106428069565,2.651739258220859,456.835075122872,18.2341753099168,0.06734498709631195,1
NGC,356,222.17527810607183,42.21594614896687,472.2731494149442,20.79379043123498,0.07505301262927193,1
NGC,357,223.0403801484603,41.218790461659324,291.5125801182393,20.595444571581893,0.0779542727957479,1
NGC,358,249.46559886712487,8.01651100739237,566.8876824450921,22.185164251834053,0.08745748149866582,0
NGC,359,229.97517118830507,6.864334893176793,436.99240533979844,19.836741245952517,0.07018814073360023,1
NGC,360,261.2304530286626,20.868456217987926,628.754492124749,21.28203437387028,0.07313049401240518,0
NGC,361,162.14749904708927,-6.856619557859491,544.7040577040015,21.196364609178882,0.07868212389279439,0
NGC,362,243.34159548879384,6.202090010935073,498.66250955820084,20.162912091334437,0.07885121922654453,0
NGC,363,241.80569673500392,8.160011922962518,388.8129541419022,21.252031392472038,0.0800807928987573,0
NGC,364,137.91918240078678,-8.155933664771483,661.0490436680367,19.26301058895466,0.07427542687841134,1
NGC,365,220.27525007436515,1.657812884568397,659.1848848306528,20.093634543305804,0.07318622605511119,0
NGC,366,157.15235326312887,-1.965108668274536,667.0687113436817,19.197305829003604,0.06515341348781893,1
NGC,367,145.89046651748154,-1.6723838711570012,641.9131127340111,20.18632161069225,0.07497828534127315,1
NGC,368,265.3476297334615,28.84861763968356,537.8332352531525,20.70379452269095,0.0734179646152323,1
NGC,369,212.1287238475386,38.71117405728886,656.6878575008831,17.231297952033163,0.060191695583459624,1
NGC,370,246.2094375461254,-0.7095550725020238,535.8379571806544,18.35742688454515,0.0656358278066397,1
NGC,371,212.40395546784,38.90435835695543,632.7751774525062,18.830599378126717,0.06380665198869792,1
NGC,372,246.84569415964148,2.9300116367466558,407.72159573302264,20.646948498507243,0.07284992785634793,0
NGC,373,129.0618847640386,5.404249696688512,554.6739312041077,18.482133698812998,0.06293991816609283,1
NGC,374,-89.12709566651473,39.31067357846224,579.136722572577,18.73230518177625,0.06674778544270196,1
NGC,375,269.1323636794585,34.468788329960546,655.4707535825302,21.226050576591923,0.07542123066229071,0
NGC,376,231.3871262778155,36.47589113041979,373.26470048549385,20.06787634555454,0.07356568501916291,1
NGC,377,219.99941223042887,36.39181092274432,191.54558927083525,20.1481151925216,0.07889041704853172,1
NGC,378,187.76243296757724,0.5066433887007388,509.3444759021748,19.434999803307257,0.07261277316761315,1
NGC,379,266.39406459941614,28.78046288862932,637.3377250603447,20.678296263186297,0.07459109846061167,0
NGC,380,182.11565493823375,0.2597176194642555,561.6379960844082,19.525247407203985,0.07857699351310776,1
NGC,381,243.21773878104935,1.3262185601670151,426.4791516889253,19.951083740628782,0.07580767664656586,1
NGC,382,129.35797458151433,-5.136504745269439,560.860214761986,20.639350059492838,0.07628976850391969,1
NGC,383,212.21858776662575,39.92686673381011,542.7340018838814,19.787840356983637,0.06870782486067786,1
NGC,384,216.74603279163276,-4.464090509837474,633.6187944686416,18.39683413565086,0.06824867070770163,1
NGC,385,142.64095101526948,-0.3647416555083669,559.634863914693,21.14978074475676,0.07667681138589842,0
NGC,386,115.76135792899504,26.728634757923015,541.6908107650278,21.09288315073865,0.07103046363041744,0
NGC,387,173.94931833194536,-0.8807543569199098,666.3587005768799,18.44963317021049,0.06462866396676495,1
NGC,388,195.86506372982564,-0.5020908033338495,611.6281855272953,20.335062595732552,0.07237152377630436,0
NGC,389,187.29972782559074,-2.9539377563282,639.6456404277482,20.766551024513888,0.07518138258625105,1
NGC,390,112.33310115631673,30.608414838415623,443.1370919077273,19.874674658969536,0.06781770982824577,1
NGC,391,216.53983671373862,4.681574912686452,499.60107998859814,20.431498150501717,0.07619683079478602,1
NGC,392,263.4655935504319,24.706781387092715,651.2575100732879,19.974344651767176,0.06780415640256875,1
NGC,393,155.62547382425586,-1.6574307395384702,419.3590058609861,20.043151952895887,0.0723727893677432,1
NGC,394,112.22051128651147,30.20372725522659,667.5088493538295,19.340132880085868,0.06527152002669909,1
NGC,395,218.76780846385924,32.44417525307002,665.8681885527446,17.754131619206,0.05738490648490184,1
NGC,396,110.48300571739838,34.454963493153905,494.7261335212437,21.635243592896984,0.07434421090729341,1
NGC,397,-67.82137949909797,65.02093794791628,591.8753339708518,19.295196824370628,0.06402214042109067,1
NGC,398,164.8791717738179,3.1053996203249974,488.6430524902706,19.92275303232352,0.06015435523542496,1
NGC,399,165.11733501749472,-7.543045737517635,609.7417795962162,20.49082463522291,0.06957129738790177,1
NGC,400,214.86433844025754,-2.3051943971332625,663.3516112029724,20.427396170954758,0.07350834406496067,1
NGC,401,130.04060805809866,-2.1034622182699403,464.2870864353325,21.054662836640272,0.07145706620820333,0
NGC,402,173.12254865413186,-1.0446886604908385,535.5547218311233,20.38969107330168,0.07217360474638211,0
NGC,403,213.9083202349827,45.75114304587978,645.8628721044881,20.676352009444365,0.08159338369348523,1
NGC,404,184.8123935330257,-0.8338125701980101,622.4597914125908,20.897222816587846,0.07977535158052125,0
NGC,405,231.50510389666354,32.83478251607426,637.5013641752454,20.707609139169982,0.07866622314428835,1
NGC,406,182.10929240953558,-1.7885971939411056,663.4617934827725,19.036145551777242,0.07022173825253855,1
NGC,407,242.47341954272315,1.7856583087299929,662.0307816453153,19.75992633656623,0.0700287132951723,1
NGC,408,156.19824013450543,1.7531867022499261,470.00079147834066,18.91017461805362,0.06310960153091377,1
NGC,409,169.85323337001245,-8.768352926704194,588.4943209671887,16.39429772025736,0.058569679917391364,1
NGC,410,268.8777153328315,26.71881808517812,548.2484529081331,20.916332506016754,0.07604464366104254,1
NGC,411,240.42987768569913,0.38509565531492307,480.372734320842,19.164856764009098,0.06661137772915669,1
NGC,412,233.73209490968108,37.54998911951112,586.5916718783077,18.86935050930338,0.06780614638055324,1
NGC,413,222.75769175039332,3.0923049414197328,577.2232477864017,19.57087382402793,0.07141165281253566,1
NGC,414,97.7020061817961,63.660410448015774,652.9025395102086,19.515994252072808,0.0653009882422728,1
NGC,415,194.17267913607833,6.227645806365289,663.4364638936993,17.764072621255135,0.06816099043101542,1
NGC,416,135.78476266167922,-5.007183804442669,515.9755001872584,20.67499159361607,0.07392213498531011,0
NGC,417,165.68132641785198,-6.989480294229271,354.7998733954241,19.354376000470047,0.06433419801611301,1
NGC,418,215.11028963498117,7.601925810038276,618.5301184152771,17.589777608257908,0.06463774816033237,1
NGC,419,98.10840910035962,63.55350070354937,575.845076491826,19.310901295416368,0.06451144037876226,1
NGC,420,256.1137606865194,11.281738670924417,618.8783297356417,21.130463473564408,0.07555064610895915,0
NGC,421,186.58057421579747,-0.6008634593757762,635.1801818849194,20.366752987454113,0.0737636913594012,0
NGC,422,111.65116734792791,32.615796789396995,661.8617982671176,18.83355258540452,0.06825201592692834,1
NGC,423,215.35648613772966,2.758317160357473,633.0051275123317,19.7030695712747,0.07274070313487944,0
NGC,424,207.00134907541218,7.805963460259676,500.61396423323873,20.771264230720544,0.07245564194188768,1
NGC,425,204.99006934536533,6.90512373723994,606.5006221947142,19.614010379842814,0.06688808719998292,1
NGC,426,192.1234539561115,-7.812342366377905,442.51513651308653,18.62262660845689,0.060324741618172965,1
NGC,427,163.43762700021705,1.1023458397388957,409.51380232854353,20.289355240043058,0.07064708434451182,0
NGC,428,128.12939297475137,-5.511521192455971,588.2615315690862,17.186060322609418,0.06264658223245011,1
NGC,429,131.30194858848657,2.3116180206489196,489.01261103700017,20.466441104464966,0.07588044679666281,0
NGC,430,-85.11304676288677,35.86196445696224,587.5273591079198,19.291166291249713,0.0755195137789806,1
NGC,431,217.2628337647243,32.55523696335555,414.27736904507213,17.418929567063216,0.0674952352828968,1
NGC,432,233.76429536476508,-1.5374638459021792,588.3894155706872,20.08491228939648,0.078144699643251,1
NGC,433,211.1109622104404,-3.577075401337873,515.5325569510072,19.433236394102316,0.07635737806117722,1
NGC,434,219.0996493764439,-3.3184230357403215,600.4106637795296,20.23756913367475,0.07604178245874298,1
NGC,435,124.08753428189539,2.39257555233123,348.16189396319487,18.602765842393268,0.071030707723446,1
NGC,436,254.20086899661757,7.407658210899383,162.26141868513082,17.372547654293452,0.06242745391100622,1
NGC,437,142.2465596536281,-4.109940211219021,127.2547272593772,17.165844181624188,0.059258469361493475,1
NGC,438,239.88882707969324,11.042273241401018,385.7401768265539,20.218270758669867,0.07316696544153817,1
NGC,439,251.66865396607068,5.946283775400069,656.1938907615912,20.485536808100196,0.07273156471565594,0
NGC,440,225.07895293711505,35.21886143007568,666.7985720770854,17.346630732924304,0.05613516529290289,1
NGC,441,222.6381667761214,1.828118591767051,454.6309307895048,19.93526102933644,0.07144941948613145,1
NGC,442,174.03505845762567,3.0598972947167344,568.7465152293279,17.43893712272452,0.06254012587153167,1
NGC,443,-88.44326107443345,30.183517779861816,567.2067234283853,19.862617110716023,0.07359706567860808,1
NGC,444,214.90314900224877,36.720282020535635,337.86433182186306,19.648248674667798,0.07402247343542429,1
NGC,445,237.39485260480092,-0.6099194305658331,569.8937277180444,19.166522747791955,0.06979537436697877,1
NGC,446,235.64569572353128,1.1690202920571016,622.1783525427937,20.270659552324286,0.07041248828816678,0
NGC,447,264.9019213335997,19.648784940329932,412.24749446000556,20.447217930059644,0.0735944770654235,0
NGC,448,129.3816308460932,-2.160379314336205,277.99767527658867,19.95312632752362,0.07241133093775491,1
NGC,449,142.91156015459282,-6.8902913264616155,474.2700847212208,19.354662651024565,0.07748848205684854,1
NGC,450,-88.11869864253917,38.64943057989935,335.0601442913067,19.743189079794966,0.07025096221386766,1
NGC,451,173.0413759099266,-1.8628918910095247,600.6428797518814,20.12059681838031,0.07017187794172652,0
NGC,452,141.06060451144515,-1.6521794795011275,231.41169119774722,19.165083581355766,0.07106996716469909,1
NGC,453,249.4082569791256,9.695701115047346,328.9079407457124,19.370237203037878,0.06656107169598653,1
NGC,454,145.9468920677116,-3.5732662675954736,338.42862614266284,20.591346086369914,0.07293131038315108,1
NGC,455,227.31585677142832,1.6470767116614038,575.4741397023153,20.190014054408824,0.07368567429935646,0
NGC,456,238.957085288852,-0.41480385764265165,541.5855488939864,19.90891548044531,0.07045765461179053,1
NGC,457,262.9150317114141,16.033010519782554,575.5226461730115,20.610914334136734,0.07852229584683187,0
NGC,458,128.65546403867984,-2.287015532712585,435.58758823963666,20.171040355257706,0.07085735507967238,1
NGC,459,264.3039720566528,21.642450415863284,607.940547038474,19.628014881684948,0.07111679025848695,0
NGC,460,170.17747157017422,-8.115682297313565,619.2690985174116,18.716828943774,0.06937962954702012,1
NGC,461,164.27758022237663,-3.0628926772040703,420.3623358972222,20.912137817013463,0.07245181639687712,0
NGC,462,211.92197792350885,3.171408601093046,560.9476927572309,18.97226659567253,0.06490709406387042,1
NGC,463,-87.6713310328976,32.36768329686764,622.0953894618104,19.714026904657864,0.07902524652579627,1
NGC,464,191.0210774234358,-1.7334918813545956,642.0564598846621,19.988653656278466,0.0712960449185037,1
NGC,465,131.30739381494675,1.4354110833998779,359.37805456220184,19.883615985958052,0.07843279503891469,0
NGC,466,264.1709767932214,28.004507130072707,351.712479127662,17.915737773403198,0.06909464769422968,1
NGC,467,227.7573772203946,3.388131646164696,533.9750971091538,19.94789310451102,0.07424280004895693,1
NGC,468,218.88963818926942,32.37589718119932,591.0294503819698,18.342331845204505,0.06475737366226172,1
NGC,469,268.4224024972378,35.54291393126593,313.29685896400036,18.580580845720547,0.07353463080013135,1
NGC,470,239.39593654557058,-0.13985941818574232,664.0392525032102,18.44036539962971,0.06173894099380169,1
NGC,471,245.84731832197417,2.728718310124072,667.5076636067793,18.670716600174607,0.06505011423061446,1
NGC,472,216.09584031370042,1.3333805124507432,510.51198374351355,19.908211618508012,0.07542970421705487,0
NGC,473,253.6137691512768,11.535437605490053,469.11372002858246,19.99713052298233,0.07435076584320716,1
NGC,474,257.13988299303827,14.571055551056755,524.8133985484804,19.62801947327974,0.074277446768236,1
NGC,475,253.3883648355427,11.401851887672022,278.66002399751653,20.10589402761795,0.07445329634891615,1
NGC,476,152.2309987349961,-4.956870803900771,488.0300207050204,20.892439619220788,0.07462458227331657,0
NGC,477,197.5414322005103,-3.571201048960581,167.7050864657637,19.160350965720117,0.06487206891627072,1
NGC,478,269.7340962831536,32.757871494225846,502.34297140863924,20.145805084148243,0.07195771850316302,0
NGC,479,207.14128416403312,51.85565354761365,456.81669279710707,18.140172508294334,0.0639922713388144,1
NGC,480,260.0382171037436,17.093035974700125,419.6573512638771,20.24148295032594,0.07283933207371922,1
NGC,481,217.68681326425218,3.4301006668404046,667.0098388814986,18.140585526479065,0.0675162964307654,1
NGC,482,155.8924597596451,1.1557981613051156,640.6364126408749,19.63304383623442,0.07728528623140835,1
NGC,483,229.99522529249157,-1.6526114220852228,624.462331022132,17.695624556935446,0.06598035301355262,1
NGC,484,258.4454768658029,17.118701475391298,632.3610816086494,19.57919624919489,0.07091134213099179,1
NGC,485,261.81280265384237,15.59415637465131,388.1467550611683,19.80255745631372,0.06762573622402089,0
NGC,486,134.58579824909515,-3.963892690791344,563.3183269457695,19.983595309960403,0.0765679412244882,0
NGC,487,155.54799733800257,4.446274166718142,641.765989109746,17.77272589239876,0.060511958713330004,1
NGC,488,163.31911772046382,-2.7817211583863677,639.994583345006,18.875688396153443,0.07068047636172804,0
NGC,489,112.2414424459759,27.402107569223947,602.3258021861803,18.06178977898638,0.056672996122043635,1
NGC,490,95.20699886221284,63.717355166947335,541.8761771156466,18.027867570938124,0.06167615715798458,1
NGC,491,210.8831162833416,-1.192099403972132,361.20085864685575,19.728643193292754,0.06377968974035905,1
NGC,492,149.7960755831789,-4.036632347081899,496.22436393177026,17.851034270646984,0.07451137116961809,1
NGC,493,-73.1650270310885,64.2057654177545,585.829662219797,18.8108285392855,0.07581179982666417,1
NGC,494,230.14071504858592,4.513338877127002,610.1787201376435,20.169602542724277,0.07236202853848071,0
NGC,495,148.15845039239207,-6.1075334877288805,583.4852125410612,19.716015470962446,0.07231959279821615,0
NGC,496,250.07301241355634,6.33960580607902,613.0083920679836,20.786676901877584,0.07293217225150063,0
NGC,497,264.02801569457097,29.344008823296104,465.68204835087926,19.368144559561014,0.06377759049135634,1
NGC,498,170.3218330447442,2.855660846547066,483.44437318553804,18.822462316215677,0.06984179612963484,1
NGC,499,149.07320739912956,-7.696162296307268,668.1583598463851,17.922885294081546,0.06214507774970501,1
NGC,500,199.74304194663748,-3.0576276705791265,551.94638152567,20.028853239527557,0.06897597504744311,0
NGC,501,197.26410387733995,-1.5786890922321903,440.4704758514186,20.629945629758975,0.07264404733764777,0
NGC,502,204.45284751685136,4.536520907037242,186.8452111798504,18.575413520405434,0.07146344480684413,1
NGC,503,233.62632476809404,6.395416933025096,435.1749447621541,19.779645372135533,0.06719699226596944,0
NGC,504,212.01515377250513,0.07862573607703667,622.4671619928207,19.575615400806562,0.07602294113927256,0
NGC,505,264.3047845404694,25.22428002432984,617.700673403456,19.756394101308395,0.07486970661913603,1
NGC,506,263.4324171618519,22.033989729487303,485.55177284855483,19.454741800729494,0.07237806228960582,0
NGC,507,221.42944084550896,-2.3141246432332414,557.0888537000158,20.049284769688622,0.06629842322192607,0
NGC,508,131.96055349012013,4.181938287429175,624.941857773066,19.096320048202095,0.07250083196996644,0
NGC,509,210.443709476009,1.4038975060856544,650.9602761384969,19.481121013749643,0.07243220547027089,0
NGC,510,263.74310588408133,29.486909801149597,654.7711143309873,18.29527950866559,0.06626129122509083,1
NGC,511,199.49150619568127,5.822999058572582,599.9422369962202,18.863655850964015,0.06789485457837852,1
NGC,512,151.5197720342228,-4.057812126854188,645.6040147741834,19.52585573358856,0.06676091410769834,1
NGC,513,214.28918930027697,40.778479003149435,648.7783963892468,19.364517904328192,0.07319099804787155,1
NGC,514,156.19437571280923,-0.9500525438276817,576.9930121573371,18.836897030012075,0.06827788612706835,2
NGC,515,176.02727355354156,-8.106696430230233,414.5617449031295,18.874463100913935,0.06722731344315973,1
NGC,516,104.01562858945789,67.86963033243339,639.76882970355,19.371314469507816,0.07069774022464685,0
NGC,517,210.67306855443957,6.796402550047852,577.1389128760796,17.714540923230366,0.06256607034579821,1
NGC,518,235.08691905056216,-1.3203655041579083,498.2687029923278,18.27470768814051,0.0665746415972502,1
NGC,519,137.16009057186736,-5.364617235435051,340.59553882553234,20.316356323808655,0.07059950394719149,1
NGC,520,196.14184122604152,-8.599103466854297,601.2132692239254,18.51370121455745,0.06638113392401075,1
NGC,521,190.36629329541233,-7.579576164760748,365.3558103286752,18.160659737893344,0.06673558794810121,1
NGC,522,114.59515980389169,23.01209551383413,660.5026078180529,18.377112984641112,0.0628206707599896,1
NGC,523,218.18887637372964,32.108105952410064,539.5474171117365,17.10456793454413,0.0674844605901785,1
NGC,524,182.88599787300842,0.33662522329631545,400.4281429522771,19.825099203808794,0.07386051355453373,1
NGC,525,111.62952632867875,29.376747016443012,587.5137916571964,17.761726003308308,0.066455313310055,1
NGC,526,258.86162688995466,16.892060420347043,380.5587752045019,19.124900897368807,0.07280166124484272,1
NGC,527,147.53034695756696,-7.193205527977794,547.7031369278284,18.82857618198075,0.06283728015418846,1
NGC,528,236.89037419294706,5.697157356306468,612.1307997599303,20.250202454368306,0.0725198507049358,0
NGC,529,232.90294595234784,1.4707674228038068,558.9820536341258,20.127514454252484,0.07498719370250508,0
NGC,530,180.0828141240497,-3.308101595448024,500.6818741408223,18.447480064795702,0.06591805140599716,1
NGC,531,245.19779162161865,-0.2793687251823663,589.8340268834639,18.561439563139764,0.06260590727494814,1
NGC,532,174.4103518042813,-8.479804752028862,568.8701789631268,17.727395631350298,0.06609881544469018,1
NGC,533,210.65669113556598,6.426877588891576,546.2115487391809,18.326101378235744,0.06558970965336942,1
NGC,534,267.3951005334884,21.48796880117283,616.4736852807038,19.19932585625425,0.06960559568833208,1
NGC,535,233.9603901487808,31.09417457380853,458.39471186831946,18.072213266583095,0.07324425108058921,1
NGC,536,204.52060495721454,2.2829103989111412,530.5571747046622,20.068663499508713,0.07451110681666714,0
NGC,537,240.9674806919121,0.8446736159645122,326.023427470065,17.347376809824958,0.059407511264711,1
NGC,538,251.76678480486098,3.67421522115055,183.96850054636568,18.028442247112846,0.06792004261629463,1
NGC,539,211.90124676609713,-4.013633251782621,442.6965642452524,17.30665948097032,0.06341789597841119,1
NGC,540,209.06821934243231,5.319273837398437,484.9854030625175,20.025438077843436,0.07379651596300285,0
NGC,541,159.33059547815026,-7.518663480667224,215.16902234450313,17.60753332221695,0.06949745571388273,1
NGC,542,269.72163574775146,24.86032650956685,441.32075177282644,17.73675256551206,0.06381317710963298,1
NGC,543,-71.71391547881991,66.76033278067347,660.9159505848913,16.62201303763881,0.056877890911725765,1
NGC,544,221.52860446805954,36.40866155202647,530.0662335398888,18.71577587362896,0.0672137161987315,0
NGC,545,241.8542198550672,0.23971400788737354,572.3085893333327,15.718641719267163,0.0549297601700959,1
NGC,546,241.35691816229905,3.5242765480200187,499.2611322849166,19.410456617675493,0.06814454639851823,0
NGC,547,197.68432631158424,5.916884551463758,614.9793672135106,19.84347625376448,0.06973464502519715,0
NGC,548,215.70361912482355,5.073801680056726,548.9431430305902,19.914093912491147,0.07456881118751123,1
NGC,549,153.21150607160965,-3.8414434498175796,314.70961186230926,18.169705818269588,0.06301351425013556,1
NGC,550,199.82789496527033,3.308046422820855,663.9141093538182,18.972722742382942,0.06670136262143853,1
NGC,551,191.5047694597548,-5.04081331145093,561.7957920468958,19.140392384535627,0.07396870250407406,0
NGC,552,253.54973931116473,12.36607620713782,537.501434484632,18.895240938907207,0.0674231206150885,1
NGC,553,175.3867488493483,2.860478639528665,642.8103458905024,18.69557782600491,0.06700630509227422,1
NGC,554,221.9663548955631,0.9209506794033749,270.1024422410858,19.72317488648047,0.06996866783638853,1
NGC,555,176.46486470066483,0.890167725141524,256.6458381292125,17.777599533490427,0.0625122702029512,1
NGC,556,216.14750806393027,-2.7450539894539583,527.5815766571844,19.39567492022905,0.07227528132694619,1
NGC,557,126.94295142889328,6.419666624312127,413.3791385632567,18.251019571343267,0.06943269951558484,1
NGC,558,262.31800615566226,14.289443934533534,633.2650593548009,19.307990859656233,0.07219673832056876,0
NGC,559,217.84528436586686,42.86902050596596,488.25808973889383,19.223198183568034,0.06994534566450057,1
NGC,560,111.680376846651,28.95657005301578,624.305669156699,18.918924309932393,0.07195897641784633,1
NGC,561,162.5199319758709,2.3693674276283776,475.7497186532761,18.894841080139866,0.06572553615260028,1
NGC,562,153.38273153189238,-6.677143787037692,650.1974746112196,19.50404340289284,0.07316676387229801,1
NGC,563,267.50798105377845,19.43883494998371,573.5812496594884,17.12776586524865,0.06189558824343363,1
NGC,564,262.50599568837015,17.530876435047954,627.5208119588787,18.911314278710844,0.0692839523540773,0
NGC,565,171.23266417111117,-4.970585057487349,517.3509835560496,19.274561099302552,0.07834485533509787,0
NGC,566,203.54916095680233,-3.934920719741422,660.9280209082069,19.199637169127403,0.06629263033155529,1
NGC,567,233.7408265892727,6.669630279678794,486.64354002546276,19.684550356772807,0.07011269299407774,1
NGC,568,161.20826357143096,-7.680758484360622,667.3422658606156,18.519616641752787,0.07451451513375142,1
NGC,569,252.9660016209459,2.646986669082313,541.826200467135,17.234291838491206,0.06073567880469433,1
NGC,570,223.11219108660652,0.3553801409633111,364.1706990373531,19.514979078777685,0.06976056100884527,0
NGC,571,160.96911121157956,-5.780303041284977,424.54196934676287,20.176312039039896,0.07427744935732329,0
NGC,572,165.6295519572597,-4.925621779035564,543.6254688573026,19.93513559560204,0.06852963859720737,0
NGC,573,218.02192954715107,41.07350354653849,633.9910832376537,19.00883044356844,0.0761668909571223,0
NGC,574,238.11074130597342,32.26700991045727,466.68268775235094,18.611341416271785,0.07332364449120907,1
NGC,575,180.31071553968158,-3.212692982731756,561.6307566823313,18.201616891160594,0.05957769295388826,1
NGC,576,164.82970423590632,-5.013453956799692,618.9008156141126,18.77616018990649,0.0733226950063277,0
NGC,577,170.95924798873807,-0.9789196269276434,580.1529918999568,19.42191360932433,0.06811643818246506,0
NGC,578,142.32020496056737,-7.5466029018233405,594.7345761814935,19.426858142461025,0.06462681067433765,1
NGC,579,-72.55528613917897,60.57996345051653,660.3640890609125,16.78205024199573,0.06423557962186181,1
NGC,580,164.5477789745417,-2.1496793474384397,575.216985362676,20.39850974137835,0.06750721804723774,0
NGC,581,208.040834248306,-2.2739281433009,504.9033958508127,20.296452611712272,0.06690130398958628,1
NGC,582,213.25810496324618,46.54783248316962,665.7543803440793,18.097258189637415,0.06367460579228594,1
NGC,583,269.6307681561787,32.79715519865113,457.04694746396444,19.702692816927332,0.0662164092265223,0
NGC,584,106.71195402358066,66.97659222625896,553.1518689305907,17.037064091997195,0.058508546741538936,1
NGC,585,211.5865365065834,0.9682312253781737,449.7215579550194,19.30810679734967,0.07674534387065295,0
NGC,586,97.92410456064172,61.92960869318528,641.212240246228,15.004172761915239,0.04646823251894826,1
NGC,587,197.7618392626328,3.897560976828969,545.8074723621912,18.975391978766122,0.06958889218933435,0
NGC,588,140.38948073840223,-8.437806605575695,553.395111884004,17.549435639341866,0.06669575743320132,1
NGC,589,132.35044975739262,5.19074698257426,540.1298208529834,17.351922355471643,0.06831971813012816,1
NGC,590,250.87405132401693,7.7390213964562555,514.6039280846124,19.910672135882372,0.07052047026883759,0
NGC,591,-88.75370002767838,38.8912478831634,501.2923867661849,19.123683623946434,0.07017520536204477,1
NGC,592,254.2608555427446,10.403627505650636,650.5793029973545,19.280118786851034,0.07212174532608585,0
NGC,593,189.0809076022754,-3.7100248523841457,454.1413484661573,18.656334830792378,0.06613088573678753,1
NGC,594,217.46390830326757,-3.5712178643760373,480.83416637489626,19.21428444593317,0.07093618361214232,1
NGC,595,231.42913704094235,32.24055557959382,562.7058451310767,18.513065882400273,0.06582099123812338,1
NGC,596,250.8437642841891,9.09016918736709,630.04562144209,19.959471165380673,0.07760894609989971,0
NGC,597,125.92059865737936,1.9906813824623395,535.1244204077906,20.508666982477052,0.07098283696472979,0
NGC,598,177.81235319350125,-8.362636299040021,627.6473979162997,16.196596530384927,0.05730825353745805,1
NGC,599,164.27248714836045,-8.173992787351743,409.1726256145687,16.758046711753916,0.06229501061687933,1
NGC,600,249.0873364473287,7.410120671331864,657.5764211826383,19.430290198635298,0.07225783638158273,0
NGC,601,166.60493943357878,0.37715529989845537,633.8449623697627,19.054259704820588,0.06820952169847148,0
NGC,602,140.87783601668667,1.7338430374116758,620.4899788568196,18.855961633228013,0.06590652708977465,1
NGC,603,198.46905835213622,-1.56325249765395,479.1464523155414,19.30191835008686,0.0730137140333785,0
NGC,604,151.74251613333394,-4.6457095145071845,396.67180011783364,19.717600001628306,0.07425359309742591,1
NGC,605,188.6511401361784,-6.142276286352585,588.4923467227278,19.108675318624005,0.06952864385981096,1
NGC,606,247.34839906447348,3.2505003752162582,523.5829469210519,20.192367648728325,0.06862658063564399,0
NGC,607,234.74811490318785,2.036541530974839,517.8192451015906,18.808452000390137,0.07202126643986564,0
NGC,608,118.83663354060349,25.08060392355157,479.16147374936963,17.43407261724261,0.059883936489932024,1
NGC,609,254.69757748829886,15.340866215215787,644.4146733419618,17.308296829480387,0.06418443635407393,1
NGC,610,143.84106633985752,-5.832383890956936,513.2842452572761,20.456009337316566,0.0690237124399384,0
NGC,611,119.08869427809886,24.790829254134174,623.4178102335592,18.146411329069057,0.06346461697562714,1
NGC,612,217.60815662677297,40.03963330988971,272.1951256693104,18.834669039980767,0.07181372186475528,1
NGC,613,262.1638192906403,20.09423053246186,331.3991347579969,19.46771839678054,0.06694963102753804,1
NGC,614,258.06989503505923,8.777597264831213,604.1883508806105,19.328219604787254,0.06977723074836577,1
NGC,615,187.11872694793425,-1.7143114402299482,375.1389949311711,18.50059567068891,0.07117560511660467,1
NGC,616,-87.97468791218765,29.07921276094396,528.697124006939,16.553981472013355,0.059116395906704755,1
NGC,617,137.56406777046868,-2.7306130927213017,586.2342296873898,19.40435400847556,0.07546592210020477,0
NGC,618,131.74750220266782,-4.310900276427351,428.829426674221,19.697768685733077,0.07495184717558376,0
NGC,619,166.1453939107794,-7.525411538855278,563.0245053659029,17.7427671336235,0.06422140994859346,1
NGC,620,124.30074427893422,0.7481484255717364,624.833725764899,16.143916626166234,0.05984234606866838,1
NGC,621,168.94585738750698,2.706204869790688,568.1426507941808,17.716318564080833,0.0645404336394288,1
NGC,622,172.64673962131505,-2.0773567801474866,260.450415299166,19.518001068238725,0.06499497605473115,0
NGC,623,112.3806025187442,27.069613237093947,574.0488668718873,17.961562051774926,0.06663389607301948,1
NGC,624,-84.40086488158754,43.75742125722409,642.9667310407211,17.371930189956107,0.05968243086287017,1
NGC,625,171.14999725023623,-1.4247210004965056,517.7282952281662,19.272648437188582,0.07181684027196951,0
NGC,626,265.5565376252491,14.235033057611957,619.9699771387039,16.349774074931833,0.056103321485889535,1
NGC,627,155.1993376873525,-2.476219587280884,346.0069177913818,18.564620204181015,0.06800007258415687,1
NGC,628,157.100867177253,2.908937379739832,395.5226154355104,18.899597303142617,0.06861563874336951,1
NGC,629,171.73363379897228,3.2248863074396215,637.6346509701201,18.02917182671689,0.062376030893903825,1
NGC,630,232.5841097610546,0.04471441282094093,641.1802556200028,19.13039497187781,0.06772965471382326,0
NGC,631,257.62558128894125,7.702035360366253,409.97093077547964,17.265761489792688,0.058809393782519676,1
NGC,632,165.29526767114479,-8.414899496152337,461.58982650618094,18.489343613497393,0.06538127827429066,1
NGC,633,225.59172350829408,-0.8523354223614817,594.0311617048611,19.103082027317374,0.07042595636165,0
NGC,634,146.31596021246696,-3.9345739025017825,618.0508385258499,19.77194144520214,0.07569522403092772,0
NGC,635,248.03182536423589,-0.4911931457653471,412.31971805155075,16.254478681391618,0.058680651029282375,1
NGC,636,197.46873948975258,3.971675604469569,609.7049894924097,19.198796844858858,0.06910110798034463,0
NGC,637,166.22449783257213,2.9725669407077144,341.1561695072852,16.370212744471573,0.05827251465664091,1
NGC,638,222.5292671872115,39.725355661249374,504.68993992733414,18.299960499313745,0.06597208493525819,0
NGC,639,220.3525542129932,-3.8698815315416195,362.1582734220437,17.911866841231163,0.060949104547137534,1
NGC,640,236.11039404901203,9.286039644082832,486.599384522672,18.126499246393337,0.06824788592164527,1
NGC,641,241.55824952324147,5.4370415988549645,516.3699004789343,19.68169293245497,0.07610723701968242,0
NGC,642,179.92059773683016,-2.903002882102019,460.03517151472727,18.678746908041422,0.07399930913130298,1
NGC,643,165.54179423135153,-1.1323378478720745,553.5410658846071,19.906836747517943,0.0777062222350334,0
NGC,644,212.43291511258008,40.94573217847374,666.7328774848635,16.728564739649105,0.05777206327202021,1
NGC,645,268.4454789827902,23.5956974265889,376.53299407693413,16.933136732535203,0.05989030050687385,1
NGC,646,-86.53316747534323,32.974961581478354,567.2253282675118,16.331420536624396,0.05528297055299524,1
NGC,647,154.07700923844746,-6.847704569802872,398.83838079561184,17.74800561199096,0.06930765339114238,1
NGC,648,246.72515646505462,3.1227070089854103,313.6550794262031,19.72700368375877,0.06978584926514753,0
NGC,649,177.82992802892082,-5.950799048801132,548.8779413906765,17.770100692264208,0.0696506918437157,1
NGC,650,173.6084846317926,-5.494823043730804,521.386281079716,17.846045345445276,0.0634112642647174,0
NGC,651,229.30322044983157,33.95636929612919,513.9640791244229,18.52173115857039,0.06613019290554954,0
NGC,652,176.4670247348998,-6.27911893534692,209.35119441942345,16.86732028364899,0.05906216890805751,1
NGC,653,162.10532760966905,1.4043820706550285,597.1228217198299,19.598456143398856,0.0753377650287508,0
NGC,654,133.2584369364859,-2.013325938161532,667.5488085823853,17.240572521881365,0.06599063600611016,1
NGC,655,161.95456131063372,-3.373338223548432,666.6279272340756,18.69492374318628,0.07381979299424793,1
NGC,656,135.30974073066886,-5.86677575368627,611.4003209406209,18.601813663938948,0.06764347316799842,0
NGC,657,113.49609457942687,28.197056869022372,361.9003814576483,18.06670108490927,0.06363088008113649,1
NGC,658,230.08487439971833,34.476521467002065,305.0352370992106,18.315616933640904,0.06568410565297693,1
NGC,659,236.55579912968636,31.995003325490345,534.5065421717795,18.67457303250969,0.05949574827532886,1
NGC,660,252.26611849155637,9.882643209960742,667.1476458099311,17.86490738726894,0.06563552343659534,1
NGC,661,145.4199855265936,-4.211675559006718,558.8370880795607,19.634150093786523,0.07126809889725244,0
NGC,662,162.52273518898426,-4.365501638123756,607.142192319739,18.980057371752462,0.07029847234647559,0
NGC,663,166.6388367036724,-1.0286421514689694,426.508504253803,20.321161003743757,0.07500744185972097,0
NGC,664,162.22058101946953,-9.067944783406436,610.6177341542812,15.429060877619534,0.053508810610489,1
NGC,665,200.81650217029966,2.591612333584161,267.4588592159967,18.85534425439006,0.06713223988390117,1
NGC,666,179.52765867616213,-2.066106975716624,665.3038374485686,18.76984770582106,0.0699715566821711,1
NGC,667,202.70339000795616,-1.4893450076995076,655.5977330303568,18.45663190294421,0.07198630252624366,0
NGC,668,212.02201551680315,-3.8789105881238717,316.7103890983744,16.625449419665912,0.05504259381152099,1
NGC,669,-85.66215539617637,43.492398825586534,509.3800793606484,15.797777035689956,0.053326996686154086,1
NGC,670,264.33915673175915,21.034322240354573,363.6663443333197,19.37229358847896,0.06813343780044559,0
NGC,671,209.7171799972363,-2.5066262325710604,531.6730674207796,18.906749700304708,0.07043910490209523,1
NGC,672,199.80352581602392,-4.422197290739593,409.31084004662716,17.58422886149392,0.06816362439119912,1
NGC,673,235.87313709843755,29.835311402947173,655.736849733645,16.24331166704158,0.060663446335000044,1
NGC,674,220.99450423899958,-4.531879799082979,431.08344929312517,16.477858392320623,0.06071092710375695,1
NGC,675,206.20932248041552,2.8063049198776167,623.8525102789156,18.51090976695685,0.07339485939869944,0
NGC,676,192.71155737127114,-4.8731539674649245,643.96217337988,19.01699919235526,0.06473546299498048,0
NGC,677,190.7129159053865,-6.724336523739079,600.0824654252452,19.363203008115157,0.06829299735455714,0
NGC,678,239.06437310483366,6.524415172880279,549.121539997292,19.418471717177006,0.07419063785417107,0
NGC,679,211.36439975524985,-2.0050098505812852,554.4387021956106,19.457350138304363,0.06874909332614661,0
NGC,680,93.79490984973921,67.30382023512381,662.8808193193487,17.17273832738174,0.06334788377325434,1
NGC,681,176.78648179031745,-8.279608265592023,563.8755860079792,16.927362692569886,0.06171601947840887,1
NGC,682,110.12920272083461,33.96209373512576,667.2604895914347,16.598758721008995,0.05795889562869494,1
NGC,683,163.93875191301436,-2.110085289755982,496.18918690664896,18.94640736393113,0.06646207066474186,0
NGC,684,162.20532694217954,-9.292736343702535,639.2025610057656,18.187635495260814,0.06394127436890852,1
NGC,685,250.74309917853543,4.493377739766807,621.0802098040973,19.269026583942324,0.07011209644524065,0
NGC,686,98.9845746471867,64.3838201151028,416.20555592885177,17.51320710294439,0.056742327732663064,1
NGC,687,201.55616205543225,5.212342083500934,623.2311727624977,16.725372078086288,0.062160967005357275,1
NGC,688,116.29361790296127,26.599118159736584,637.5321932245557,18.96217542188627,0.06518496061623955,0
NGC,689,128.95567068017579,-1.215902739290003,189.92201850023352,17.923279182477373,0.05897257190323366,1
NGC,690,234.88965938996074,35.87363005321883,630.5437554758049,16.383917235895826,0.06021869006139288,1
NGC,691,116.08990807632352,28.791438614790593,624.5572275176618,17.391105781501125,0.061856837740749265,1
NGC,692,208.2626079339416,1.9051971530858196,357.9819817215477,18.884948748305103,0.06627305365767021,0
NGC,693,150.99823309075006,-8.263758665970922,646.0500971692209,17.74754809300423,0.0648631301907926,1
NGC,694,202.3227964259276,4.596429377096238,601.5407332817991,19.56451112636923,0.0686716150840831,1
NGC,695,206.90958990511047,1.656907491012509,575.4889859762237,18.680794910411585,0.07002163869918933,0
NGC,696,142.88207829991333,0.3443250587464498,537.2155091936803,19.58267655758536,0.06614298892204425,0
NGC,697,129.63485425173405,4.2314678563012995,398.08828114943924,19.441527195877512,0.07121208222556537,1
NGC,698,192.57775016677547,-0.1750609899711368,607.1545110140592,17.962727432329693,0.07125070611761655,1
NGC,699,106.89737884361905,69.6570757799685,647.4133251663353,16.702459095701297,0.05480204162442841,1
NGC,700,226.19310866086266,37.91053632450852,626.4920684249987,18.16879368157192,0.06777206976967656,1
NGC,701,223.95162259683224,3.3022271718724387,645.8397763351535,17.203328660426767,0.05491841894750107,1
NGC,702,124.56398597008108,8.661030260961168,480.6421179833097,17.151438774878546,0.06382193260528006,1
NGC,703,243.00811368692348,11.67371308887713,456.3548476677866,18.873943618403096,0.06893811721435426,0
NGC,704,155.38859714518233,-5.860636757481838,626.9851904265422,19.180751129750362,0.07291032402547393,0
NGC,705,259.11360889748704,13.987964093418064,606.0183985190448,19.79226348821497,0.07458017184930452,0
NGC,706,265.1113823399402,16.583687609191806,622.9088777302806,17.78505739571263,0.06626012103847743,0
NGC,707,125.14985871147155,5.685309596295686,588.8424582286536,17.67783457034078,0.06588732930924167,0
NGC,708,265.5615736738142,32.69316666803069,589.5745326000163,18.495069015119345,0.06900309594340423,1
NGC,709,189.07282691734517,-1.9510522771618792,630.9209649371572,17.547724174197484,0.06562802050292682,1
NGC,710,263.4572229231774,12.832950423667041,655.2232204002404,16.079723885029463,0.0580030507476087,1
NGC,711,160.4302183464257,-1.9775318989687731,526.5755089262535,18.900534582611826,0.07070182278252686,0
NGC,712,218.6523966454478,-0.41147716971113885,537.9846598267093,18.55128398669424,0.06619579299590472,0
NGC,713,224.4835823122834,42.16869862860263,525.5195153546592,18.197889094477915,0.06342816561440273,1
NGC,714,204.36527686833995,0.2600187955450796,123.47817969279204,16.35756211248807,0.05723130024356011,1
NGC,715,120.83818188966815,11.604204674512914,366.7856612554749,14.665641096797044,0.04936691858817033,1
NGC,716,145.67164066494468,-5.265755180153094,492.14264351131294,19.270405065983553,0.0750525168779387,0
NGC,717,171.06737887054595,-8.345116246044798,543.4736938082509,17.780615799025508,0.059637331630460984,1
NGC,718,182.5220737719385,0.8029119783416938,618.4773806079264,16.882852481268092,0.06135555562613362,1
NGC,719,221.02552601117398,-4.668846823429325,503.83224838765926,18.068391114013366,0.06790496643289314,1
NGC,720,234.47448451087544,6.822618046306546,545.8257337977149,18.926302188312086,0.06438806177194334,1
NGC,721,222.8701909696249,37.975932787219655,243.47374877533736,18.11418882158867,0.07333817240481852,1
NGC,722,155.5427300118668,-6.304227500021554,491.8708175434614,18.4825087166907,0.06968725676506261,1
NGC,723,148.58090966106812,-7.213855912803628,481.0383827675305,17.59331193548699,0.06121044185420808,1
NGC,724,229.74441952001285,-2.032727088754018,662.8137954554817,16.303688538114187,0.05904820714848724,1
NGC,725,118.14855292114017,25.316275377401453,522.7341489089098,19.664295165962535,0.0704640899085089,1
NGC,726,110.60505493616645,38.482926117880574,368.69445494721737,16.96083788983447,0.06077665107781863,1
NGC,727,108.10449800623607,36.241473782297184,630.5473709914687,16.68091942659739,0.062071090910327684,1
NGC,728,166.5439260052778,-0.7611809128145157,598.3962135275845,19.33137820873811,0.06895165791588297,0
NGC,729,-84.74316365669874,38.75280895007778,462.7544540359193,17.424761310419033,0.06109978296045592,1
NGC,730,216.9258016564953,38.953744572253896,515.7398448177618,18.104222105136085,0.059687196724575474,0
NGC,731,263.2381955370939,26.85086431064152,628.1989006242138,15.960970202476544,0.058522221300558924,1
NGC,732,216.84049249190073,4.711802949628458,366.4717077744594,15.862619897512241,0.05943410447072835,1
NGC,733,247.5811418661301,-0.6267610263369118,514.483903156865,17.136928686757926,0.05491508620140362,1
NGC,734,173.45306800633082,-2.4226510262899437,371.5623500628676,19.25967773042658,0.06045590897341509,0
NGC,735,161.48408713076014,-4.642567251610858,536.1977382467269,18.840026367771113,0.07401132056358614,0
NGC,736,-87.20072314169613,31.76326896001438,657.9932955338594,17.96453180525905,0.0645806957976023,1
NGC,737,198.71922522589279,-1.5242839290901253,565.9270358672313,19.21191206880399,0.07530193499777688,0
NGC,738,248.86391611511047,6.705553163150758,527.5887164636766,18.149126976163323,0.06927035742784553,0
NGC,739,212.4047619009459,45.5775318564849,572.3059702284471,18.240906257607996,0.0671524106169421,1
NGC,740,139.81627808165103,3.095919121142005,586.4925645180646,16.803119841601124,0.05505516496348832,1
NGC,741,171.9405431244653,-7.623648518023317,596.7925221535637,18.807856860054407,0.061267127806580904,1
NGC,742,223.76567328447896,39.25623297702255,623.2644474646313,18.9409070756959,0.06257066386992007,0
NGC,743,226.37650979717012,-0.24121956344034637,499.93520965924097,18.279292333628902,0.07219346420203165,0
NGC,744,215.25137218827857,36.02469908115388,659.7700996901962,19.385252068589963,0.07119250517771966,1
NGC,745,209.94454428786247,-0.8045969576965992,288.4897129181713,19.116415754494053,0.07413333377282602,1
NGC,746,262.8870390065527,21.905374062855007,591.1518984994972,19.591675770657314,0.0709851253421564,0
NGC,747,113.94043909180051,24.165984895595372,559.3508982635993,16.827012524108017,0.05856780786506766,1
NGC,748,197.5103087503727,6.88938769592367,572.141201057415,18.320539901743945,0.06862952986313196,1
NGC,749,241.2089631868061,3.2642010616767796,659.2956082276171,18.245791382835463,0.060105821528029756,2
NGC,750,219.6458751718812,37.51451168243704,445.52767178093745,18.422989848765344,0.0729109476184942,0
NGC,751,175.62547275538475,-6.3314111761716845,557.3435635374045,18.84549297826763,0.06492667636042934,0
NGC,752,255.51549049503376,10.679745165043125,532.3903472420129,18.408597137466813,0.064252657329909,0
NGC,753,215.34673897132456,33.71100259713401,531.8861910634695,18.545921091270227,0.07348823444216253,1
NGC,754,259.80428493493525,11.119379782489077,641.3201837918238,18.649114719166064,0.06629138194610236,0
NGC,755,118.2820742530576,23.807312976617755,662.587298207646,17.223563862947714,0.06137177107284867,1
NGC,756,131.4631471151763,1.1059255252242077,612.9017016660694,19.10457818942515,0.06572710062383842,0
NGC,757,203.77977841605667,-2.470063307282575,445.71003629284496,18.504334055351332,0.06742475948271759,1
NGC,758,133.39034654272453,-1.7762855721627149,607.9991908130962,18.893627194346827,0.07126629289591074,0
NGC,759,248.20626069265614,6.295195761586821,402.11890906092856,19.014563604983707,0.06628794153463106,0
NGC,760,241.2370967474452,11.992795247257115,287.2085967189095,18.156165304478414,0.06263953149891839,1
NGC,761,118.48143787809735,23.98460867563373,584.994108580874,17.413935049631586,0.05894735588993275,1
NGC,762,202.69346481507145,-4.48001810242922,486.7985506232184,17.765299373826867,0.06471887041169529,1
NGC,763,205.91545771245603,5.14706427208893,651.0392035956548,17.923743161564396,0.06206097555074669,0
NGC,764,199.02106345548518,0.07199042252097688,383.2989132154697,19.20816888672324,0.07160556116825872,0
NGC,765,230.1667759726094,-0.8605762570125843,571.4398507827358,18.3098326515052,0.061930454927057434,0
NGC,766,203.3016155638126,0.16401095488363376,595.2902464096652,19.25316804038847,0.07794951079466089,0
NGC,767,217.32579167652477,44.701022802669534,302.20273096525796,16.74433355187139,0.058572780307184075,1
NGC,768,269.970136311714,38.394822028734524,659.6550910135753,17.794403438824926,0.06289860679040188,1
NGC,769,194.61457700265524,-8.793780826042529,647.9982733282,16.98072835127679,0.06071352859555968,1
NGC,770,142.1226341805106,-5.187700413902761,493.16723410621887,18.533365357206296,0.06723182418385339,0
NGC,771,259.8870110856165,12.900009547641746,567.5087164464697,18.374314226071753,0.06902667809200036,0
NGC,772,234.22897887273132,31.209928725358115,666.656102848521,16.369622230703975,0.05505872602616199,1
NGC,773,262.41034264589564,12.971061495414302,416.24097099667324,16.151632643437072,0.0583445853217609,1
NGC,774,220.37881365184163,44.922129187469544,426.4996852998813,18.911513450306728,0.06665977785207793,1
NGC,775,196.24032362087803,-3.5917978475022547,623.9645153575017,18.07205988059958,0.06429177270586384,0
NGC,776,196.90943628656765,-7.896484843627762,554.3779616047989,18.501694354036434,0.06800252844755196,1
NGC,777,218.63149004780246,37.7863594140552,389.41399989350157,17.99546124872108,0.07082439696528547,0
NGC,778,220.86972341056483,0.8095106717773194,613.8553449726152,19.057037382085458,0.07088412086652096,0
NGC,779,263.2934029256804,21.795298687245587,514.5746932015469,18.11161938520029,0.0650963661105176,0
NGC,780,206.78879908913143,52.2205065517346,600.5685676574259,16.27485597797843,0.05894378225227204,1
NGC,781,197.50243650466976,-0.9681852280259432,302.88799050749446,18.625745084190747,0.06874949178538764,0
NGC,782,189.39158172843963,-7.579717520889357,666.5802731867556,15.351029993626412,0.04846792357547747,1
NGC,783,131.1325696214128,-1.2425023883902018,508.1811134545546,18.058685977163893,0.06811691534534538,0
NGC,784,229.68088656476803,2.487036299319281,509.1304762182764,18.98716801385292,0.06771031471018855,0
NGC,785,215.85262820813867,39.37891657597918,428.3197402875542,18.71217057701106,0.0640300783299125,0
NGC,786,140.187552603094,-1.8323851774927407,421.66401904530323,18.041485911715622,0.06787267852999186,0
NGC,787,265.7365750453091,22.21282453328171,502.2846063340011,17.992803397917687,0.06814475210734676,0
NGC,788,176.10279863182464,-3.543205945750695,532.9754930509379,18.519870049657325,0.0681380955404253,0
NGC,789,261.8590721745227,12.44169494738417,623.6252944671306,17.24003205116813,0.06458190101615771,1
NGC,790,216.83469846885544,32.49435077114588,472.7434848069581,17.631614992968128,0.059815703029768304,1
NGC,791,199.956595986316,-3.4487885038356416,622.7959339480637,18.166281778070015,0.06423887991751714,0
NGC,792,197.87406993685735,-3.9766238788287294,273.173309650243,17.616309054245775,0.06607178471729465,1
NGC,793,240.93992300449042,7.619345954273653,511.8254581165302,18.965849901087267,0.06270320789028186,0
NGC,794,170.7478860837032,0.03399881028331199,628.9280445363268,18.64613344805142,0.06878303692570405,0
NGC,795,113.93900987082588,24.928457155741928,382.69973113355655,17.148945770673567,0.05990402616674886,1
NGC,796,221.75140110572153,-1.8826094256356747,668.250036139387,17.387835858328074,0.05847176011665622,1
NGC,797,228.36570810544265,-2.532853540828914,404.8756731016533,18.554262298848492,0.0727839999112991,1
NGC,798,259.7744881753041,16.89727788308929,273.2528347585578,18.397625381363234,0.06644441478863444,1
NGC,799,176.68470100544124,0.33294002721455607,204.90465148838024,17.60846360110459,0.06637823968079706,1
NGC,800,175.3437171596168,0.9035905199918131,485.25535015788734,19.38130173332938,0.06786506080290597,0
NGC,801,174.78327914878653,2.4751909955523854,516.2196836172067,18.477980362421984,0.06281256212096585,1
NGC,802,235.85457500994545,8.588089710222327,346.90876109901086,17.27604456872752,0.06289847118321824,1
NGC,803,199.20582101804894,1.395032212955287,571.8639575981549,18.12528607664898,0.06306127996558478,0
NGC,804,159.2432240460441,-7.307164383408904,513.1467135249583,18.327296095618046,0.06794944999044505,0
NGC,805,128.60064839857557,2.7507754571324825,666.5770255233459,17.448762952858523,0.06799954794641587,1
NGC,806,115.3864154270406,29.055747158884955,667.6888655155976,16.053273432450627,0.06140852484894839,1
NGC,807,159.43450402864022,-8.519502203377675,292.1560425356024,16.49885749445369,0.05873044719520029,1
NGC,808,136.29925558300494,0.10937664799807986,100.5112188201099,16.881910710006018,0.05365525864020708,1
NGC,809,218.2953014773874,1.2200149876668736,520.5987731814248,18.72865152539337,0.06836605594241445,0
NGC,810,213.5733060298817,3.859590267122775,658.158440404783,18.041531130387405,0.06828764654742164,1
NGC,811,237.39521357918738,31.62935558560073,636.1820702694107,16.59248799780224,0.06327751188616858,1
NGC,812,262.09261408613037,19.899571320020094,568.8916391994825,18.691968940670144,0.06680510366647122,0
NGC,813,248.49405887478628,1.4350419160318721,564.296633822326,18.293058471309635,0.0718626072055066,0
NGC,814,228.860171679337,-3.2257430877647626,564.2793829899086,17.783166289083674,0.0644065350205265,1
NGC,815,256.44487718573134,11.138895016434851,138.541242130577,14.651901491851158,0.050186679199531514,1
NGC,816,186.62023087217983,1.080440860478255,592.1680712609062,16.365143049679542,0.0565396272432422,1
NGC,817,192.5159024151193,-6.9206518270035176,463.3827504140431,18.248812753127556,0.06326251191677452,0
NGC,818,207.66291333205618,-2.878234924393206,355.2157751570003,16.820148670340355,0.061972059444041244,1
NGC,819,243.38117917264918,10.84675856153532,174.60693869887285,17.769003236010285,0.06282143011632504,1
NGC,820,133.21538743460596,0.7550620438349025,528.3316767401832,18.636487619771692,0.06258303897425928,0
NGC,821,160.53466170857027,-1.0419944158344476,572.6277181244689,18.339868148133313,0.07365388039085376,0
NGC,822,132.99106714809608,-7.109903439324013,661.746390184087,17.89366631307654,0.06234281536142226,1
NGC,823,242.84967751576443,6.388152022066001,318.96917289446975,18.52164436481107,0.07357379916215763,0
NGC,824,147.23113429468557,-3.6138961445619735,548.6031404872192,18.647859712168366,0.06937619453600477,0
NGC,825,114.31669859937301,25.3809969936355,472.72949985701547,18.347741166746147,0.06761397022294957,1
NGC,826,156.5070025178443,0.2648482278091878,666.6945046405384,17.901088517398808,0.06440442396637833,1
NGC,827,128.93316151154136,-5.486746388864308,635.777932122815,18.31976148516592,0.06617652287181532,1
NGC,828,239.63073031253856,7.921516451039923,623.8091640801557,18.650846150967446,0.060828648170666404,0
NGC,829,203.9807406193677,4.118048778810735,313.8955959761561,16.12516249987808,0.0606880337115236,1
NGC,830,231.43892910436804,37.22367774447317,485.90966324160655,17.975979698717193,0.06244165152776768,1
NGC,831,243.48248506364445,0.39258707998882103,466.16328958172386,16.517679880177898,0.05512504334349256,1
NGC,832,158.99838586793027,2.0751352182799563,666.8467179258641,17.23956188495475,0.06166375432736033,1
NGC,833,175.98078258126753,-1.9702474525610045,651.3163982265324,18.305864536590825,0.06646007149151885,0
NGC,834,215.77861785540773,5.64953110975459,390.4748938667808,17.02515569828383,0.061351667104594006,1
NGC,835,259.01748442312015,8.167141211618976,540.6288818324817,17.111792697288784,0.05860073419560664,1
NGC,836,110.16154330493856,35.24317648764096,603.4706686840022,18.63204028291093,0.07545044300962127,0
NGC,837,124.92258058355246,5.783554735095024,511.8176196869516,18.370420364714303,0.06690983329281792,0
NGC,838,173.04583825641734,-4.398521881100543,489.8939692827131,17.641037805001577,0.06564377138593616,0
NGC,839,263.82674612527853,15.390108691438817,368.98234341243756,17.705138284755982,0.06294850130785537,1
NGC,840,262.65767041302973,22.161372676053013,299.8219205937666,17.136865647882324,0.0646792265698454,1
NGC,841,235.09244547734093,34.99146614637659,295.25347982127255,17.4313926917085,0.0654711269712586,1
NGC,842,241.7940108175382,11.155280720554089,656.9816177927353,17.34412826029326,0.0665089483499383,0
NGC,843,215.38053803208865,39.366807826823454,213.1066843632743,17.467038109665477,0.06340190909692918,1
NGC,844,241.80886723854206,30.55605992424413,401.8128673700958,16.093946108329646,0.052594597188197915,1
NGC,845,149.156651467782,-4.115587331999326,519.1888717843447,18.02940086330738,0.06164438060340578,1
NGC,846,203.73010974628838,4.17506911827176,626.9591658443535,18.18108348739044,0.06324273673304052,0
NGC,847,200.15725327790764,-0.5430561641450924,450.4776061780242,17.375027187393794,0.0643407374214022,0
NGC,848,226.18694824504394,3.375789312281138,406.98511385535596,17.489204649352022,0.06361040903275637,1
NGC,849,240.39017784419076,7.586712052473356,605.0986107845131,18.263793744614272,0.06202239725657128,0
NGC,850,159.53268107851082,-5.034644720462618,569.534645664796,17.36905666245782,0.0662390528506507,0
NGC,851,127.7201591799546,-1.45020329716255,355.7852547206398,16.380735542705615,0.058970087171030895,1
NGC,852,229.1072658264132,2.976958238194808,551.7170930634002,18.179448305980806,0.06479083592775843,0
NGC,853,128.75031494596917,5.1680062049387825,439.00917254778176,17.871343183982287,0.06686544485270449,1
NGC,854,-87.08995624129483,32.147297243158604,491.95811640973403,16.064310205371164,0.06050812061100158,1
NGC,855,160.1354114722256,-2.9422734637705346,299.19642252310615,18.239874813997766,0.06541247661601651,0
NGC,856,-86.57953303866428,40.41169003870488,437.8370061013471,17.55468916968141,0.06663434206142324,1
NGC,857,215.90423786547518,6.326143082386511,530.2475871873941,17.76889363777448,0.06277063404496647,1
NGC,858,254.77792841290307,14.955608122466643,550.9541051866532,17.319425303398226,0.06532844243005595,1
NGC,859,123.71041528408324,3.526307427122888,408.41194520547594,15.58271236199637,0.05852760921932228,1
NGC,860,125.75294830053625,0.5907715748616647,568.9062225145449,16.262337257156638,0.05330462285001648,1
NGC,861,141.87407595022398,-8.351700760803936,667.3160898039171,15.137349566817853,0.04913303892348631,1
NGC,862,-89.4953525041447,28.83717369391421,349.3870068804069,15.995768976010394,0.05761898834579932,1
NGC,863,230.00683091954016,7.576279573849937,578.1456448390816,16.69871966639371,0.058389805382834094,1
NGC,864,241.20018018529476,32.71458980479849,523.0057353368965,16.485259447584927,0.06042017914707206,1
NGC,865,235.14479179968046,5.307282566897444,641.7238127129096,17.996538344368382,0.06934958256028792,0
NGC,866,135.76944932144215,2.460653105895353,491.92022801220764,18.07247717782725,0.06304156169093054,0
NGC,867,216.5465064206762,1.4515777596692423,647.0444431049385,17.392172181976143,0.06887392223678084,0
NGC,868,-85.06286116355922,41.77467187226677,324.02308182784384,14.473920495028501,0.046904507002952234,1
NGC,869,193.9936200817124,-7.884457655670031,373.8638713683623,15.911774597068753,0.057966491669989115,1
NGC,870,217.20875708517664,5.62162375153975,640.2780372896862,17.148089170188857,0.0593633820170345,1
NGC,871,200.55706336132982,-0.9348462696596352,667.7599857827,16.277775987801377,0.06136197572176729,1
NGC,872,231.29706931522938,5.993003107447821,177.21969746506363,15.5918778243071,0.056584046356662684,1
NGC,873,254.56952597650724,10.59304261868629,495.73706186033075,17.819381921818668,0.06407178300266199,0
NGC,874,232.84418609112396,2.3984078309582824,659.0715994075659,16.899050539608023,0.06771316854818517,0
NGC,875,116.95615985184429,26.733506061484615,469.9683073125526,18.38707792310081,0.06743135449846736,1
NGC,876,250.7446162006871,0.48309994510018056,496.0642323790993,17.403107753983424,0.06068229730501495,1
NGC,877,152.03483808292796,-6.542812761612146,443.1793135399502,18.038376034800905,0.06819250684948208,1
NGC,878,214.12986478516052,32.87132792181688,424.99517522653025,15.247047283937912,0.05286698672487966,1
NGC,879,185.89777393594048,0.4296462309850267,559.0331741214752,18.471892817579455,0.07035884717525091,1
NGC,880,-71.56976178536809,64.86107478650206,564.4324475253718,17.960750685113577,0.061940532675232945,1
NGC,881,221.1146894505538,-4.581474253513577,542.5723419110507,17.127888576812232,0.06360544084964628,1
NGC,882,158.6121333747782,-7.77978602166381,410.6798557288799,18.151115710349927,0.06668705047169869,1
NGC,883,197.67684213676193,3.3156010625970396,495.1387141694091,18.608958388281604,0.06701857502820915,0
NGC,884,215.8849405068987,-3.6275432489314756,555.6182300097747,17.685489521994434,0.06665506779707209,1
NGC,885,209.57378008530637,0.6028646089028195,593.1578183164813,17.787711590215327,0.06504926991567352,0
NGC,886,239.34259689240622,-0.2961452308038299,630.3632248877108,17.226608472021617,0.060745152053302935,1
NGC,887,227.4257507199271,36.486142831629884,511.1437726364867,17.79561101909666,0.07201844573106685,1
NGC,888,148.05283530028285,-5.964752715291947,504.2236891301869,17.719277809393144,0.06264562833545181,0
NGC,889,220.26621042437307,-2.0439201326606447,630.0096493773723,17.901526349559255,0.06700553203861757,0
NGC,890,219.4951698954448,-0.37663854604326613,660.8592518259154,17.997012707567404,0.06707694305701618,1
NGC,891,178.20800719422485,0.6454211723982921,420.0606395042559,17.05398206770784,0.06245417529132537,1
NGC,892,219.61751260088127,33.64097192763512,495.4144676510018,17.977052856487006,0.07017332196544461,1
NGC,893,145.1266479911228,0.3685612449044092,334.02986625281517,17.335703668788028,0.06214491101528777,1
NGC,894,113.64774542370786,26.8030336943951,640.8102439977013,19.34199410209983,0.06721358727881172,0
NGC,895,144.39445421815805,-3.3199384538826164,659.583984778596,16.858069163360987,0.06120380053979111,0
NGC,896,123.23431947341237,4.411458737508589,659.0089896448845,17.81801394021068,0.05826376707598134,1
NGC,897,210.2539683257061,4.990792506646444,608.175128188831,16.845284257421817,0.05753816115424018,0
NGC,898,261.78474587844744,16.046981876436746,654.7898313716479,17.715207134401467,0.06714798487133096,0
NGC,899,252.04047865816625,3.5282935788210525,513.5322828194654,18.336124196380528,0.0666907605915859,0
NGC,900,269.6822983331204,37.336139931966784,520.3479362673187,16.856020710642813,0.05390682172411897,1
NGC,901,145.23943681369673,-1.1888594805426758,506.61106367874214,18.063095392802918,0.07185597386993497,0
NGC,902,133.7154300890216,0.8131866827386904,437.68297701059066,18.456543238112882,0.06227701171307294,0
NGC,903,222.288415878052,38.26355814412379,366.4205543972856,17.656973762838565,0.06272684999663485,0
NGC,904,228.98389644994387,34.169435688544056,667.0648366357129,16.174203748157076,0.06564729316491404,1
NGC,905,231.13595713255083,2.2536581882885134,388.2383775227382,17.662403332493756,0.06468230290228731,0
NGC,906,110.86384523102458,67.64104944269808,466.1682762008584,17.03531758984015,0.05871374915137003,1
NGC,907,228.11910220116255,32.311296366209845,362.93351727193044,16.57334339409203,0.05696163354980579,1
NGC,908,134.83262633809608,-1.778561806492429,572.8006977382815,17.62938075696388,0.05936708982529267,0
NGC,909,217.69630515331664,-1.6904221201874927,327.78864646738276,18.087250043204747,0.06026672196529621,0
NGC,910,204.29508532755045,1.9326866436713417,460.1525339055261,17.549702366848784,0.05856924886883774,0
NGC,911,204.49983161072717,-1.5590254886931287,395.81737994759135,17.12683292011106,0.06085573062785057,0
NGC,912,222.57392792819402,43.869432145763774,316.93190314486577,15.564307682671197,0.050823061262778205,1
NGC,913,236.79420167265994,1.6150399125098158,532.8874125936179,18.394763887908727,0.0695398000352567,0
NGC,914,-71.48516340888301,60.28249992980379,633.7698269627886,15.513619635697406,0.05443111397054268,1
NGC,915,230.361955985317,36.30081835538457,399.07262270773793,16.879000934282914,0.05809351471179995,1
NGC,916,171.73811809088883,0.5442255221833423,163.29360663437123,16.109206280487886,0.06048054227962069,1
NGC,917,254.64545664505692,4.309972226610954,492.72052466086103,16.976462114657,0.05311802156899359,1
NGC,918,147.99022666516436,-7.0557316834723895,424.5583717515619,17.076169486188714,0.05795452451670794,1
NGC,919,169.95973814392045,-5.821970280059192,638.182110563547,17.16472516272771,0.0654864774315674,1
NGC,920,195.78098409908358,-3.7324721946579804,351.4408988619998,17.7763122429399,0.0688236970848987,0
NGC,921,269.5727326433727,25.022776611804638,399.0522001699868,14.916221433796194,0.05535867007646641,1
NGC,922,-68.806514260923,64.11129116216861,641.1770295725964,16.007980949160128,0.060430779116920005,1
NGC,923,224.69650853105452,3.0964148575266344,664.3741971925909,15.647287164762165,0.05628438801173081,1
NGC,924,142.9465617513269,-4.8427111816782675,667.9084625078464,15.632371767888857,0.05698308076790155,1
NGC,925,159.9971104754296,-2.6553746102254796,347.249617600661,18.084720221644204,0.06612208455294115,0
NGC,926,207.53073427717703,-3.693915525141789,601.3228561262936,15.698619361290145,0.06011310488146813,1
NGC,927,177.5353325698113,-8.216894046810408,511.565698464311,15.517140293338684,0.05546941186800727,1
NGC,928,243.56635280980558,2.8855742371981057,600.0092930431239,18.558400755954832,0.06893168028298162,0
NGC,929,139.96531814677064,2.3902804654411374,520.257791707602,17.023873267742616,0.06328317280620833,1
NGC,930,235.97212116390506,4.096639243817292,418.97209993225863,17.684118285617018,0.06292429862508052,0
NGC,931,218.2992015710928,44.28688028061888,193.79123060459065,15.650457726375114,0.06192560141205943,1
NGC,932,268.2022877005791,23.71880324280616,668.0656347013152,15.867676184603297,0.058925566595959676,1
NGC,933,157.57708784908527,-4.314043592966415,516.8955455582247,17.000665390559867,0.06126341409631631,0
NGC,934,183.26581031397555,-2.069007695396896,540.4881589103511,15.831747231022556,0.06221913278757887,1
NGC,935,131.67085412486415,-2.9263764372494,669.6183029214021,14.530984946501897,0.0539616835640254,1
NGC,936,245.26331735579902,10.957042230896477,618.734768715823,17.420222637377673,0.06130477425402417,1
NGC,937,249.62658855597618,10.256942693479347,573.3044320757132,16.883775711158204,0.06280050640599631,1
NGC,938,235.7916587614699,-1.8359645683364116,550.7250535873959,16.22211983255866,0.05821143811922926,1
NGC,939,192.46556684425028,-4.001408731433673,379.3534469374934,17.214503455557477,0.06111813343503366,0
NGC,940,205.55453798923264,0.6692453890347061,348.89646979638974,18.44689212224579,0.0687815482472852,0
NGC,941,265.57632853606395,30.96295369570953,194.1520909666486,16.899046629950462,0.06409348369043175,1
NGC,942,145.75060313368192,-8.044771226760975,614.2763971114063,14.770107001009682,0.051895222636434465,1
NGC,943,161.46705341313157,-4.872465086745389,574.7932115264716,17.807443090751807,0.0646765907229767,0
NGC,944,173.79230995484076,-7.701420530032775,619.4420515509147,18.55498195282871,0.06331456507024494,0
NGC,945,111.29114609692994,38.59139996692914,638.9657849179523,16.58610326103425,0.0607284801942252,1
NGC,946,154.16570545561956,-5.478698349686818,531.7831599463187,17.65377781822517,0.06731116365299844,0
NGC,947,241.9102574093366,0.8832107368493415,291.7550609574903,14.872706124923333,0.051434911774421395,1
NGC,948,126.88589831657276,-2.2605373833315485,592.6070869622201,15.786609224881838,0.053278640150220734,1
NGC,949,151.96773775362902,-7.527908158284528,488.331197662443,16.119150212418035,0.0549258653917908,1
NGC,950,221.7403493760292,32.826234828858645,554.3940733585428,17.046210750514785,0.06421960060396877,1
NGC,951,112.5174653467938,25.827898796742403,624.3359824705431,14.831503912187413,0.051985695697859255,1
NGC,952,181.67548134913605,0.7272101876061234,660.1297250645246,15.778708569031147,0.055528002539358114,1
NGC,953,204.29633794913818,49.2044336514402,424.98213145020867,14.873298543223498,0.056640385341555514,1
NGC,954,-84.52382548566631,38.74684520841774,622.1293717297299,16.60508278436051,0.05857700430656963,1
NGC,955,92.3206650554434,66.42678781713153,611.0443639463468,15.329480348688346,0.058603961035518674,1
NGC,956,215.4485676635859,37.982750377268836,619.241696180124,17.977809447846127,0.06414948709658047,0
NGC,957,157.1925167769651,-8.16089627109591,616.1554294216577,17.11115798944186,0.05795720738830173,1
NGC,958,231.21189368488427,0.22485317200492935,663.6523930125313,17.451116484189477,0.05948833128326076,1
NGC,959,128.85468329123682,-2.769091115736054,667.8872394560201,16.63010460433576,0.05917386727392831,1
NGC,960,238.85181501404494,10.389139289246986,467.29168365232186,17.87781934707965,0.06667319086122567,1
NGC,961,244.03534900755744,6.027854178405273,534.1022410953029,16.871147500280014,0.06406580216918938,0
NGC,962,266.5215805064266,26.434305240141338,539.1045081789937,18.880941358583527,0.061026981068291006,0
NGC,963,158.93065415856003,-2.2161201480893484,599.3937217571315,17.52546967988512,0.06567778919351787,0
NGC,964,247.18419480273494,-0.6260787823568317,454.8381672226203,17.020120673967032,0.05992078092645047,1
NGC,965,221.19910809964125,0.9715929531991375,536.1838559360311,17.56977026562418,0.06391631586916183,0
NGC,966,235.32575682184122,1.0299449145906752,553.4063784732696,18.039170410365294,0.07117184656732788,0
NGC,967,203.75762112461464,-0.5045841597032186,527.0549865079846,18.739189023891388,0.06746043896333964,0
NGC,968,141.8186849023001,-6.24104774758532,577.405240498928,18.018869606131094,0.06246537616477602,0
NGC,969,187.1794456736805,0.637399662739394,412.4621642287812,15.723215290108735,0.05296924713651238,1
NGC,970,243.25249520845549,31.827674677456436,635.5039587222968,15.146943819453476,0.05415694708104659,1
NGC,971,214.08763404843674,-3.4542411476191592,516.2660910468682,15.943744774268266,0.05145090412022037,1
NGC,972,164.7971028975863,0.7588628867973157,465.15616666061,17.104109695027066,0.061031899763020946,0
NGC,973,164.8145069991078,-5.868586095129147,217.5096454698242,17.63597664536306,0.06660358105276135,1
NGC,974,229.8591413560647,-1.9084109497507016,442.8361608820622,16.12806649467199,0.06017206633853014,1
NGC,975,124.71362398871412,0.6375773220644149,647.866922178818,15.494654610044599,0.054038606402172604,1
NGC,976,223.93903946867565,1.9362173948740269,594.4462696774762,16.626856483549215,0.06138379744135743,0
NGC,977,179.75074106898538,-3.5724979623686135,654.0578071813801,17.29875034156382,0.06345291128739552,1
NGC,978,256.7111450098138,10.302668523774237,477.64667416550907,17.946109887462192,0.06401064717267836,0
NGC,979,166.11713407973343,1.309607484737204,651.0431866727373,16.32776151661165,0.055569952046344954,0
NGC,980,210.68318708000655,47.8794124763918,395.1619881560206,16.183273593128348,0.06165412054258921,1
NGC,981,170.35903783927589,-3.6913759213559563,448.1415888482258,18.204996659397736,0.0631359047798761,0
NGC,982,216.22051672586127,-3.4693523916102027,651.9665851465168,18.21222413859466,0.0667092862510841,1
NGC,983,237.24775475561444,5.427063979750988,449.8495468776038,17.148797897527828,0.058904052238406814,0
NGC,984,226.7245826163611,3.947383034891947,660.23994502715,15.638905977148097,0.05403056433762004,1
NGC,985,263.29092539076476,19.653128486612463,614.0212770129589,18.20299761342476,0.05933238873364751,0
NGC,986,196.10065475602937,2.373398706068495,428.4793900220079,17.798878665171035,0.06564436462083136,0
NGC,987,151.1081100876515,-5.022226324916403,297.68140371838444,17.482305706542355,0.057856276672311316,1
NGC,988,137.74860864945956,-8.01532692073146,551.819905440731,15.491437048424324,0.05573499502812123,1
NGC,989,226.32622151033056,35.02285877616693,606.2371792871271,17.601077985339657,0.06490173772698746,0
NGC,990,155.71432687171037,3.300980841198029,496.8183734651992,15.619717440363452,0.054968485278628514,1
NGC,991,168.703429428684,0.514605194124557,623.4254592504275,17.523880755328634,0.0702749448573471,0
NGC,992,122.41682407900859,7.742051005203839,265.7622911064897,14.616849739467298,0.05652196949827939,1
NGC,993,194.67979185828096,-1.3942673560012846,628.6938294177204,17.63639953088984,0.06663224445746978,0
NGC,994,164.29945148045127,2.11356684336218,517.9537404058935,17.40586550200577,0.06627139629558797,0
NGC,995,173.6831862546934,-3.9863950079262715,598.6908128172794,17.380815376446936,0.06083581215267031,0
NGC,996,197.90328686256817,2.9871132665115057,360.97078584884235,17.632493512787384,0.06401537480468167,0
NGC,997,235.54213262237488,8.433546811632663,623.6571635208734,17.29572161658987,0.05758326396213155,1
NGC,998,201.90867990809835,-5.069492235794374,539.1585826304226,15.548942908078379,0.05509402605108024,1
NGC,999,180.9603752688977,-2.2732513676621617,398.1866630903382,15.663989199284044,0.05606192404974367,1
NGC,1000,152.63751323755318,-7.456047789730134,581.4944667858018,16.13915083472064,0.05835820846023211,1
NGC,1001,137.03801432517298,-4.653736257309019,482.58777486202445,18.60106370352089,0.06525064021669287,0
NGC,1002,184.66918788985942,-2.1803191807431923,525.0430583833507,16.85589061249634,0.06434752654057534,1
NGC,1003,-88.31930488510062,34.49878570444964,584.3534223085394,18.02378615500692,0.06360722054894632,0
NGC,1004,-70.81817598249404,60.84799950197027,436.81798901339187,15.525232402076437,0.05449370938634755,1
NGC,1005,257.45931823361246,14.844216771259369,419.63828256384517,17.074743629882356,0.06174125630042437,1
NGC,1006,243.4960741262884,3.631970228455666,621.0881287275291,17.585563901877677,0.06590299603338394,0
NGC,1007,114.52424078520575,22.292042682523135,629.8464398381935,15.332120040511501,0.056466757660126425,1
NGC,1008,-87.36894548048106,29.311562540132492,638.2939866768266,16.47369593787115,0.059364432670912515,1
NGC,1009,-84.59748715378711,38.656035430447986,659.8059775067773,16.388206849683442,0.057029080259374594,1
NGC,1010,206.5900378683985,50.15963551749752,327.70523362204733,15.833120733238735,0.054124239510158295,1
NGC,1011,211.40332245804566,47.48525519890882,354.7301753078508,15.660475321922222,0.05447482371364218,1
NGC,1012,262.1875694957162,18.49541288544001,660.1030662490767,17.952192434986983,0.061417260671225465,1
NGC,1013,197.1428842976561,-8.830280100801943,436.7719907530131,14.51441038777545,0.05030651397225624,1
NGC,1014,120.16989994821222,11.70659660118533,595.5206899077074,16.095127289948937,0.057006410319944745,1
NGC,1015,140.2849943281043,0.30910651381244103,542.3022051957252,17.586797377212296,0.06505912684385681,0
NGC,1016,224.30467617542786,0.9156075635923072,177.86912875356796,16.803178676177268,0.06188452840967008,1
NGC,1017,236.1129653070488,-0.7857716052021726,669.0696979145781,15.113708604835622,0.049174257503549514,1
NGC,1018,110.84252165291271,39.407811470641875,516.0129707458311,15.571622740446701,0.056704455626727775,1
NGC,1019,257.650371221853,15.174554499685387,456.15131137909344,16.37222109232444,0.05789479418966753,1
NGC,1020,188.91611671816332,-6.3809354691707645,496.72134754964196,16.60082602881362,0.05817565617770231,1
NGC,1021,139.4775308417375,1.1473588236694436,426.54253815359544,17.288504695119048,0.06562395519794847,1
NGC,1022,223.28205042889812,-3.274408792368924,335.95899520693126,16.53538112629911,0.06077539191360347,1
NGC,1023,98.35557322652137,69.2095541366493,359.08204372868954,15.29420391506521,0.05342511451021247,1
NGC,1024,110.57994568869691,68.29314275543041,595.0236813529509,15.793112631788095,0.051953338188828704,1
NGC,1025,137.89916416819625,1.6584119243258042,660.908829848901,17.36496009966818,0.06364437292841124,1
NGC,1026,265.41150909522,32.2100398216874,402.7332115206488,15.775655114644847,0.05915622468040044,1
NGC,1027,173.26838780797127,-5.984955809675612,467.3104202429184,17.64939259079215,0.06598150965563848,0
NGC,1028,248.2118112825549,2.9841050043779087,604.9954286828428,17.959939397382207,0.06629193626806447,0
NGC,1029,266.6060468295135,22.220159404110692,667.308946691167,16.359935919439316,0.06352167513252903,1
NGC,1030,132.63865541595555,5.073388925165534,594.01963714373,15.75010724685412,0.05673408057234417,1
NGC,1031,262.20209809284916,14.896685100425882,479.0923363575368,18.013661020580138,0.05936487527141952,0
NGC,1032,200.34632632110464,-3.2680061943203222,476.1065831776936,16.865234259593034,0.06256673354252051,0
NGC,1033,117.91257163375678,26.381178004573577,552.8480922832549,17.522613661820237,0.06347565507172624,1
NGC,1034,114.63201030908262,22.0876051662024,532.6145940611233,13.214334416043174,0.04255772571608238,1
NGC,1035,207.2278214568237,52.283046125269706,648.4363439850038,16.35533953921923,0.06283253041615765,1
NGC,1036,263.91941547577875,15.49507456002537,607.0609074893101,17.468750085268617,0.0634208986532051,0
NGC,1037,141.0930204930481,-7.982770136328131,381.70764819219715,16.587755514474942,0.06047783467673776,1
NGC,1038,167.42486635226214,-0.26901832656606783,386.9545548256088,17.793924565171217,0.06151284259976401,0
NGC,1039,-69.23721078471713,64.75724709382602,669.0027685735594,15.738631165620063,0.05635172104785214,1
NGC,1040,207.06818167396406,5.101555881713435,322.4903046369275,17.540643424570156,0.06639177405369595,0
NGC,1041,176.66633797011173,-4.29886146537941,558.1871347009103,18.162498824285052,0.06780350371176269,0
NGC,1042,267.8652765766175,30.410478722250254,464.1405380000995,17.530230813204703,0.05948365388592697,0
NGC,1043,217.34136770436942,2.5078791851845916,536.8207935716822,17.76258468213924,0.06084160064090135,0
NGC,1044,208.01954515592462,2.5088180256351658,648.1576405873084,17.54243215780921,0.0654489111814843,0
NGC,1045,122.75626583983859,5.008772239396775,392.7597460832971,15.244697161600278,0.05300729772953436,1
NGC,1046,152.43613442954126,-3.103923047388718,428.55358488334826,16.0102515418656,0.05894043697370961,1
NGC,1047,185.43793106689597,-2.6158982051553865,490.3427133465637,16.249069044476528,0.05665831945796839,1
NGC,1048,166.02772882031337,-2.9386738022790264,639.9811618903472,17.75421361879982,0.06390170396054372,0
NGC,1049,264.62801271443914,25.310224358396365,227.24157087630667,16.30434363243011,0.0567713624289497,1
NGC,1050,215.11080809857418,4.2649084522857414,583.7888670139457,16.371204509415787,0.056583226991440784,1
NGC,1051,241.49395800516908,29.120472304541302,656.2755758370945,15.012440974571765,0.0508689913438465,1
NGC,1052,243.81826821542293,13.223354971349968,539.1683763599842,15.682958512240921,0.06028633248996056,1
NGC,1053,256.0658044040567,8.490540116831605,615.6658863881331,17.236925067495495,0.06095252584349825,0
NGC,1054,214.21559784746333,34.621552802864336,605.3171656555764,16.664912109040873,0.061090952225112335,1
NGC,1055,147.89406331924118,-2.063469221188924,496.04581836258234,16.75782710208351,0.06263573601397482,1
NGC,1056,185.12140837433435,0.2186224526643092,515.645996124828,17.68289337073933,0.06725767735094183,0
NGC,1057,236.9868941880711,6.552944718957777,554.3835916683609,17.454315219460284,0.061363180423301154,0
NGC,1058,205.09490315130876,-2.885383139577,576.7389212198043,16.59176779196671,0.05970576794471681,1
NGC,1059,184.37727243463289,-1.2081250873136506,600.8788319796395,17.9645356495518,0.06814845061608478,2
NGC,1060,207.66516759149619,48.79466261368942,656.7283514417393,15.919538021315686,0.057344393826665487,1
NGC,1061,264.9070224707738,18.174805055917414,659.222571097551,17.25970577252794,0.060545292976768,2
NGC,1062,206.94209461521086,2.1046736422961727,509.0579259238636,16.886670086191327,0.06578205231644337,0
NGC,1063,260.51666810330266,8.781920139001498,624.2943816060266,15.14796190843105,0.055440483026652394,1
NGC,1064,217.5184505608451,38.91420328142623,586.1395699101906,17.150128305078777,0.06434942116121603,0
NGC,1065,230.7815555616579,0.45453185432022714,426.84523902644594,18.002340549363637,0.06706963251433067,0
NGC,1066,113.93397589437795,28.5411094263736,617.0175848549906,16.783826613929882,0.0644918140733443,0
NGC,1067,222.40849764836483,38.88361330864413,327.4548138113898,17.099289766395906,0.06239315398577806,1
NGC,1068,-87.3893436464286,42.70326292030113,536.5248866141268,13.621825051694557,0.047373904057097606,1
NGC,1069,189.04853184188264,-6.572594853353509,618.5758737783384,16.802384576434005,0.061744288468702134,1
NGC,1070,169.26092557666277,-1.9438578195434055,669.585639138449,15.655463931374255,0.05626850863150864,1
NGC,1071,200.37155967699096,1.2337038807716327,670.3546321244435,16.339814752676766,0.06117243380566272,1
NGC,1072,195.2696463609069,-2.6362938398482165,556.8068720308931,17.207732303571106,0.06507877271849553,0
NGC,1073,248.07894585634108,1.9305244283273855,428.5551719188608,17.1520434735483,0.06336111255153182,0
NGC,1074,214.56408352874968,0.18274490028152074,589.5613475285505,17.226611452794547,0.06006687842849114,0
NGC,1075,255.7885580775131,12.639449943539535,444.6460437864765,17.53445077936564,0.0642137219485658,0
NGC,1076,223.37369589242667,42.88450349770131,362.9529645172407,15.973166839515626,0.05225213915720129,1
NGC,1077,200.9472538334744,-4.752615589628433,367.2885733699083,16.09236014830172,0.06061377403204959,1
NGC,1078,209.79870815008528,49.318070378735115,269.11984284006115,13.257551079138585,0.04222907041799677,1
NGC,1079,97.00064027322883,66.16627129197217,206.91694884451914,14.61161931651773,0.05184565024724093,1
NGC,1080,202.0943708605094,3.587800823502279,209.59923193775234,16.60783039274199,0.06297617244081717,1
NGC,1081,249.86309763705304,1.2265610335823882,648.6802013482294,16.758148417396963,0.06097603908353762,0
NGC,1082,133.0568242236967,-8.06141688700286,445.31537111342584,15.154137670064175,0.057358790086353875,1
NGC,1083,214.81595207166941,-0.6116219656463296,318.75533627471447,17.243604983898063,0.06257828304963826,0
NGC,1084,164.38663792714408,-2.273403467119031,340.5609592692211,17.235312977359577,0.05985686688849665,0
NGC,1085,107.68652715230535,39.897478687200866,658.5810482973983,14.59442761468592,0.054538544823288855,1
NGC,1086,252.44143232172922,9.671088453488533,556.1333268497189,16.637917427126688,0.061004304456357794,0
NGC,1087,142.77530918280905,-2.464524646332533,514.2701876663135,17.712703804350102,0.0665952348900781,0
NGC,1088,236.62288321701843,-1.7153024718287881,615.3039670908953,14.859964906533497,0.054189351265059714,1
NGC,1089,186.3813325097463,-2.492588691437601,450.09669059209943,16.719717625678797,0.06372377791332384,1
NGC,1090,-87.55082045445721,38.51012640559204,425.2203058468629,17.342673070492115,0.061771363361099466,1
NGC,1091,172.12457072932472,-1.2372061847237519,562.746673380014,17.911958628060887,0.06363269023896873,0
NGC,1092,229.0085268205541,2.8576823655418435,598.9185056502394,17.66372217137375,0.05732170379183931,0
NGC,1093,202.34558149989087,-5.620556602802611,623.647480066943,15.87617137046822,0.05561388322004554,1
NGC,1094,-85.12330859284658,40.630946004763715,627.7376801241722,16.94506703763147,0.05745207968297849,2
NGC,1095,235.12851914402665,32.982418988801236,499.20260484974307,17.827159503963518,0.06743511719621179,0
NGC,1096,138.33526219896817,-7.711332683635233,322.94800833798394,15.085400504090966,0.054427263244776064,1
NGC,1097,173.48675898250937,1.3725274467627013,240.2370242691082,16.407606238455173,0.05932892721575126,1
NGC,1098,-87.42104594568221,40.00008061762288,559.0561441254731,16.337742879226116,0.05538187257338677,1
NGC,1099,217.89201354747735,4.0242760381599245,621.6009880204982,15.833962353183534,0.057881096290416614,1
NGC,1100,215.75917925868583,0.44980709852315554,613.3047713258849,18.134601893391437,0.06815380102601173,0
NGC,1101,148.89357493535957,-6.874830914204132,222.5442368512376,15.794173150117217,0.05539324500478696,1
NGC,1102,166.634510664781,-4.123765331434795,381.22539864574054,17.248165572259555,0.06344644047742541,1
NGC,1103,237.80244708287398,0.9725757394590125,354.17666576159945,17.15086043183682,0.06012729435681184,1
NGC,1104,127.7214508037247,-1.3325049853701114,302.9701519381538,14.927095927188535,0.05118048787417574,1
NGC,1105,128.99608444862469,2.429079016471576,499.48626810132527,17.053355194077,0.059260548404842815,0
NGC,1106,115.16001523518268,22.0912924165438,505.0070082069017,13.691730917046774,0.04756934538378142,1
NGC,1107,237.52571180574162,5.152451012142091,510.4537494068209,17.39016195686768,0.0631864835491748,0
NGC,1108,241.75304803550452,31.38133927495318,306.16170307593677,14.579953266146699,0.053664070447585414,1
NGC,1109,244.1594540587912,8.71001516049513,403.9126427879972,17.711916994193707,0.06351909582835492,0
NGC,1110,246.48433355353222,1.235284486291466,604.402708228483,17.497302272187774,0.06647057493292816,0
NGC,1111,186.82077831453188,-0.6097699690414686,297.06253904754806,15.558424275705287,0.056873866031909144,1
NGC,1112,223.44363047958376,0.05117431908005176,577.6181337930916,17.695141943781913,0.06700378735253566,0
NGC,1113,137.67836842026054,-2.698661780745311,640.4811176349203,18.280133881141158,0.06503200079481454,0
NGC,1114,122.6247444774124,4.571035910036446,583.9178013747468,14.688464956434238,0.05376960352240834,1
NGC,1115,96.06480795561482,63.50873597747822,437.9163391561043,15.561353791073522,0.05075244882481522,1
NGC,1116,171.2359496032751,-0.8164753719593878,398.4167116639048,17.113287435137117,0.06346128212445884,0
NGC,1117,116.84684669203199,23.707640747043015,465.67126757268176,16.70833066546516,0.0593925420324539,1
NGC,1118,94.4990331307873,67.76956293550616,463.6529805676928,13.850006829190583,0.0514224247313057,1
NGC,1119,194.2138860384608,1.3061848108258864,408.6345972359043,15.857716853331238,0.056675485694572335,1
NGC,1120,155.19549823556946,-7.520044284552849,570.0598540117627,15.354547851321566,0.05162389896322648,1
NGC,1121,-85.70697955424453,39.721853991887606,223.29611499951088,14.365198022696083,0.04937236417432219,1
NGC,1122,192.47480866896677,-8.012897063730968,524.145432736095,15.747913451635117,0.057799332959465086,1
NGC,1123,246.53914817302973,2.4939541880654077,195.4368896578703,16.14229673189789,0.05464277359620762,1
NGC,1124,221.5178910620819,33.07619157288446,439.5250435584922,15.688946560116069,0.05443191103605796,1
NGC,1125,179.0847944515069,-3.7312598447818406,531.8444014666389,16.55580298776471,0.06351188673187608,0
NGC,1126,153.8714506614331,-2.6528396489649624,656.9998503246982,15.637978335859302,0.06126858463819169,1
NGC,1127,158.36295033575615,3.3491724380152665,498.0396941303652,15.517185446087568,0.05956395044584344,1
NGC,1128,244.30366873807463,9.707133019718393,196.49454466661288,17.247496497995517,0.06336716088567647,1
NGC,1129,266.2597434158755,14.90502655885914,638.5917124799033,14.628616956549742,0.053984780823093326,1
NGC,1130,240.23668437636692,31.228080569103337,599.793038415294,17.066626395405713,0.06084922711287328,1
NGC,1131,193.8532694582747,4.082202318024278,544.0963855270797,15.789046989166083,0.061885864655065806,1
NGC,1132,225.32190679435126,0.06943811650109025,452.6104861708349,17.245389894125775,0.059795957972700015,0
NGC,1133,140.85284683187723,-1.2540082784957316,574.6965232823612,18.383592212586056,0.06374251403301058,0
NGC,1134,223.19252377854315,32.31718359528086,493.55634953911874,14.33942174173104,0.050941161759275766,1
NGC,1135,111.24808709226009,35.838203588290966,657.7299370510258,15.930546537858358,0.061026078967589846,0
NGC,1136,242.62773291375464,29.57884163131036,593.3978276161555,15.750403745530413,0.055785453724445176,1
NGC,1137,111.15761234995317,34.10063959525571,275.49688057059194,13.804944345274588,0.04794347031374865,1
NGC,1138,267.0991683684409,25.090335652107424,584.5918472233105,17.268280285097013,0.058712150666441115,0
NGC,1139,221.60280996724168,-2.967630356086074,605.5254312006035,16.88320565822958,0.06738451342978526,0
NGC,1140,194.93783956693773,-6.349488691260819,445.82155178376627,17.511931022114386,0.06278927292685063,0
NGC,1141,221.1001087664606,41.16354741366905,598.5774948652697,16.68689357441531,0.059137957601963866,0
NGC,1142,240.4653733217996,12.657413248453912,427.74358878091823,15.85410578544181,0.06389555312390967,1
NGC,1143,196.14196693330814,6.380143451004106,547.893374141618,16.850629163652357,0.064393001283919,1
NGC,1144,157.22646957276316,-4.612410009109882,497.7157258444827,18.06518963564665,0.06472091889777484,0
NGC,1145,258.41429991810907,8.75448887896223,242.2983937279975,15.54089752989527,0.051885942967193205,1
NGC,1146,242.16264938131468,3.6619629284777906,563.1651656309962,17.060346818752368,0.06339309270613634,0
NGC,1147,-73.09748614026948,62.618790551578904,635.6308907443341,16.967885730635537,0.06436766000141145,1
NGC,1148,264.47607926779017,18.545624948101803,137.80074994525168,15.332175611086305,0.06080386241685622,1
NGC,1149,97.60564969486309,60.236819479302056,552.4668355461754,13.307026555816375,0.044793602427314234,1
NGC,1150,127.96268263074174,-3.731936871998624,516.5346086499482,16.389226638998224,0.06683909173685296,1
NGC,1151,237.8639841303229,1.2793375098578303,443.747914398542,17.05076394929313,0.054902231608193554,0
NGC,1152,220.99980597582103,36.732762446790446,600.462484605995,17.485502859146884,0.06313750543767493,0
NGC,1153,164.54758422386053,-3.862438436965792,668.1986710311654,15.585282482205777,0.05580266045040363,1
NGC,1154,214.11285986226616,-0.5783151022873672,663.4973370172771,17.14768650301542,0.060261005481047854,1
NGC,1155,-85.44517935184824,33.486389309034486,656.1982612447141,14.70043850001143,0.05172300779783066,1
NGC,1156,126.3195316055093,2.58372839162614,583.0172930485884,16.735785291945955,0.06635657695343672,0
NGC,1157,210.7166648630067,46.977797198268796,596.0348276401587,15.872471088602726,0.055433982625687044,1
NGC,1158,252.41485122414042,7.292217091287752,669.2333835508133,15.734996645925838,0.05019079754148489,1
NGC,1159,164.8092267304305,0.8990725409647071,552.96529376183,17.375875015965075,0.07268077625785012,0
NGC,1160,221.04209718154547,39.44437514232406,646.6458888670951,16.847877911523994,0.06202409022670621,0
NGC,1161,212.34972791330114,-1.8955246598058153,616.0206244703472,16.542958426298934,0.058639625808620664,0
NGC,1162,147.36610044327236,-7.650207693990122,570.6117903971026,17.42727824232151,0.05869824760720993,1
NGC,1163,113.7215271697644,29.389114689281833,490.40818788802966,17.49837713756527,0.06566941190218678,0
NGC,1164,-84.90429699855196,41.53331884738084,492.755641753979,16.428782961850136,0.06325655213000927,1
NGC,1165,215.0171100190891,33.0612469985126,282.7361551499004,14.063938595232656,0.04680484755517752,1
NGC,1166,108.43750071757377,36.35883191106581,456.470291856686,14.95423266435488,0.06151070026159944,1
NGC,1167,121.14222921112147,8.103738470230173,554.611868820534,15.436470683292981,0.056908524455105705,1
NGC,1168,196.0537470029701,-1.5689845497412485,472.3053488269686,17.94398690053278,0.06231803488367311,0
NGC,1169,258.5492428034906,21.326539364832442,488.3725639078296,15.187965400048029,0.054042393005101275,1
NGC,1170,105.29454609853845,67.19144846363115,369.3365279957833,16.281559764331295,0.06332099075847475,1
NGC,1171,140.3454138254823,-4.470534465156531,304.1515593687843,17.475777376408455,0.0638312381103075,0
NGC,1172,240.0889868521272,12.63517700150754,498.00483385524683,14.529777608069534,0.0457646710563979,1
NGC,1173,-87.33491398359828,32.105750789535364,530.564823308206,16.102672869823067,0.05648653919490868,1
NGC,1174,166.69034203012973,-2.9689392533455057,544.64038505073,16.77493568224419,0.05852712364268088,0
NGC,1175,174.80017848463422,-4.305067095543561,471.9031929913787,17.387599172702323,0.06060392577607669,0
NGC,1176,226.0828168187636,-4.36204382372958,359.6712637006089,14.8893666127678,0.05205267108233974,1
NGC,1177,124.00238690421175,8.274050166420281,649.9260944856884,17.10190678940451,0.059632050030820415,0
NGC,1178,143.9982065915174,-6.9611381522938185,659.8700589454803,16.998707706459264,0.0582834168073145,1
NGC,1179,211.99151058132455,41.41128273397575,644.3859672918213,15.818883440727179,0.050539325167295854,1
NGC,1180,171.7533401750937,-2.9181635099851264,583.8940562677113,17.562590323148264,0.05891784298716867,0
NGC,1181,248.82970764546673,-0.6524110074375981,547.6212371092334,13.80664543099079,0.05023672845257021,1
NGC,1182,115.38151428464397,24.003815745198033,606.2388796982809,17.51004550226921,0.06434475390526168,0
NGC,1183,141.1575490780223,-8.525575966593072,436.90661162353723,15.519777212304856,0.05711172113572292,1
NGC,1184,206.9283696913991,5.115146032887658,497.0180954155893,16.90565561316076,0.06316267294632713,0
NGC,1185,165.22435387168002,-1.856655917386838,626.5979162591457,17.056916363032602,0.06345736004298339,0
NGC,1186,165.91021862551347,-8.652146554147972,425.9277579888061,15.202991669204598,0.05139114842126133,1
NGC,1187,-89.53982693239628,24.83852732571224,584.7010794229233,15.233161642147094,0.05330797052553024,1
NGC,1188,215.16311658462632,37.107232325913614,508.97012397871265,17.366781056378198,0.058400957094419996,0
NGC,1189,251.2389094470522,8.596018049917928,420.38549654281917,16.273766109330293,0.06274932566267798,0
NGC,1190,267.5778039069019,32.013091091146656,575.1230949499959,16.040971017326004,0.06288620129838468,0
NGC,1191,252.60344450836402,8.213571989973044,401.4039547548339,16.0651654257595,0.055603370965184404,0
NGC,1192,126.29108922531915,-0.21969968930564088,637.5566827165247,16.011263484204864,0.055885096424629965,1
NGC,1193,170.9601937271632,2.227828442994672,566.2826263907856,15.956128869560578,0.05399097700195947,0
NGC,1194,104.22015511527141,66.92215704785579,302.67121370334485,15.45927491854072,0.05583233997467882,1
NGC,1195,188.0635416629642,-1.3815334251996652,355.4909086348504,15.269784609153227,0.054039769822966204,1
NGC,1196,130.01592386116045,-3.703701465532057,544.4415055915039,15.998626006803834,0.05304155143934811,0
NGC,1197,102.04235887695066,68.81538035514916,520.4286107452263,17.423713640537446,0.06137859163230256,1
NGC,1198,127.59648526952675,-3.64933252750605,603.719738160558,13.932060160097468,0.04874503379847469,1
NGC,1199,176.10928070729742,-5.805340709260695,592.7651184930573,16.984588823216825,0.058538907909780453,0
NGC,1200,158.07231117239968,2.0208558271789956,593.6475990814572,16.91581114718764,0.05914890126366014,0
NGC,1201,235.6974407326244,29.915834054393834,562.7170383769104,15.352907547072155,0.056806745876164515,1
NGC,1202,170.90521003947248,-0.2780760513162285,538.5702984432064,16.807758673766976,0.06428155186311134,0
NGC,1203,210.0119471489061,1.622438927793943,320.9482161119234,17.281662023831046,0.06391741089367213,0
NGC,1204,212.94998988868926,38.72180114692627,359.6503488628022,14.704938690825669,0.05038851229518398,1
NGC,1205,223.99873575801806,36.02224234475528,639.6633560102943,16.551681604434815,0.05944183332200454,0
NGC,1206,259.46111417735375,14.536153175193094,660.9070528203696,16.785331016673705,0.06633406108957565,1
NGC,1207,114.03011242289863,28.726536705969835,210.99358337673692,14.686939003920514,0.05292569469099412,1
NGC,1208,265.04074027672664,21.918739774303354,321.78362164680715,16.97962270938537,0.06123685599871792,0
NGC,1209,204.85665261719154,7.15775903269847,530.8871792523731,15.205752711180264,0.05177201774419856,1
NGC,1210,205.2795689977681,51.77278072058643,528.9644486519742,15.408112763822094,0.06094158912836395,1
NGC,1211,265.8194997681508,29.633047815414944,173.8795587432113,15.173314712346931,0.054458857059022404,1
NGC,1212,-73.08945302165523,64.04519304236348,364.71140033572334,15.029338392142403,0.05281663174015644,1
NGC,1213,244.4809765500928,7.897044844779293,541.9209778839681,16.824270966690488,0.05981668292657595,0
NGC,1214,237.5243527521192,8.601740859765053,319.24867425851374,17.629520031689555,0.06226578465936366,1
NGC,1215,147.6340785619115,-2.0049403270800847,421.72837520785447,14.891155063335082,0.0584144931957864,1
NGC,1216,264.6315620449835,20.20710965205223,543.8548990603658,17.42509945814158,0.06666975288437806,0
NGC,1217,265.9159922620155,19.31775669991053,471.7467460203096,16.444217702625863,0.06360122964794196,0
NGC,1218,142.38249525119315,-2.4948253612171287,279.36401199102755,17.031753229433733,0.0640350349349503,0
NGC,1219,241.34739239719306,10.196511571075646,625.429434069085,17.23573264655323,0.06403183489895549,0
NGC,1220,215.88309444187382,-0.7903076859173962,652.983422904458,16.030726094795458,0.05420000607124108,0
NGC,1221,133.14186505669267,-1.8347730263362465,485.05371952602485,16.660046185607488,0.055223365665722744,0
NGC,1222,169.92799433318507,-3.9312288269086704,641.5370990561332,17.44169486511715,0.05403901643195225,0
NGC,1223,222.84450279743533,0.5792445999587229,516.4727721290061,16.771549669869014,0.06351945660905432,0
NGC,1224,-89.4530030650875,24.955810090595897,614.1635566696256,15.015683706028698,0.05686940613090184,1
NGC,1225,145.04180224830537,-0.7930627381240081,555.0172389437218,16.70340429974305,0.05746613844515879,0
NGC,1226,140.91477356717397,-1.743140545292633,494.0733473796243,17.196003525321537,0.06407851222519331,0
NGC,1227,232.59484248912412,-2.165118585589577,489.05706526666677,13.564965893760641,0.0452617921630831,1
NGC,1228,139.96403883916614,-3.869737026167479,505.4229025248215,16.442925134067274,0.059696605847566225,0
NGC,1229,153.55308009937988,-5.960233071965858,669.488578186032,15.63776725593466,0.056522472403888725,1
NGC,1230,237.1659618119137,-1.089470304330925,595.311491675211,16.025316612644897,0.05113733749868707,1
NGC,1231,134.89514536681395,0.749940406353435,644.058509726573,17.137214355329736,0.06127303448278265,0
NGC,1232,199.3769375513563,-0.7361821646684173,646.2714432538958,16.511267511069725,0.058633146651987766,0
NGC,1233,195.4003545283504,-8.237972986266069,500.56485161662204,16.377020968923944,0.059158756166108384,1
NGC,1234,266.02178186316826,22.60864155955369,576.1012304618181,17.353778960646522,0.058240628730832196,0
NGC,1235,224.9281921912362,32.76051983800822,287.36652032477764,14.566237567244736,0.05125082624406527,1
NGC,1236,158.03047902042647,-9.25788468806136,545.9288831424141,14.645937031248735,0.04985600015665735,1
NGC,1237,227.91951368584458,33.288001026721844,641.6170429870633,16.6973829658151,0.06086525680690874,0
NGC,1238,208.40247580893913,2.315686786957669,530.2653436907043,17.64159257052553,0.06288657191406787,0
NGC,1239,112.15096135459805,29.60194365693618,513.9472961111472,16.03297388915214,0.061531291483972794,1
NGC,1240,215.71256440584324,5.944428726278047,576.2764543180801,17.289342437335602,0.05960120099766391,1
NGC,1241,250.32163971344664,0.44638617571964495,575.2375105592463,15.593937727821249,0.05988300006329973,1
NGC,1242,122.25773440378154,5.821137973363952,664.809117759392,14.611943819378567,0.04936357828288323,1
NGC,1243,206.10190860691557,2.259981422486783,158.89513012022854,16.921642365583356,0.06027173060244764,1
NGC,1244,219.96870592206017,3.031557878689826,582.0615693189142,16.327810157768937,0.05885056103299699,1
NGC,1245,-85.171407646886,39.105537385402535,300.5010379998736,14.574871980656157,0.05568507473897973,1
NGC,1246,111.87712520397547,34.214864078691924,569.6835800374618,15.288517817659198,0.059240270951026255,1
NGC,1247,175.1877326842583,-7.9651285632180615,489.77283781005036,16.247524387870765,0.060987473093940106,1
NGC,1248,129.30964262710495,2.6648639513308066,632.1529436860794,17.021872360857362,0.058351160763218446,0
NGC,1249,139.79620385952154,1.915103469331852,493.73988585718394,16.243368991535,0.05932979869679145,1
NGC,1250,245.92298776999397,-0.6734389666719042,628.9736340040222,15.623793232828024,0.05762239290631093,1
NGC,1251,200.98250455720537,5.172751774371545,539.6858272457571,15.509685309229964,0.05797055601367131,1
NGC,1252,248.7287439232295,-0.7821942872573386,620.9301425708292,14.935555799520742,0.052392411178420965,1
NGC,1253,238.19749275773367,3.986592411880047,643.5786027863612,16.48361827001362,0.054573027295568774,0
NGC,1254,239.217732251422,5.407709518388664,529.611825325961,16.85912889690842,0.0652459906825666,0
NGC,1255,138.56380151050251,-5.485153246882697,521.5912479323844,16.789605914277875,0.06279267842598635,0
NGC,1256,193.8580979456325,1.742742593511638,651.8089816137878,14.765108286647918,0.05115492849295882,1
NGC,1257,140.3646984702711,-7.452089558378847,243.79829813297462,14.838377452504078,0.054958488616787156,1
NGC,1258,124.23923927095717,4.22719389402572,486.86475869101264,17.220159977662664,0.05664778158958456,1
NGC,1259,112.40233251454747,27.224391572861457,480.69260559298914,15.7074150114907,0.05401791920257193,1
NGC,1260,203.14514732541792,-4.766832192345308,400.70649731375886,15.823326605350108,0.06066480751226552,1
NGC,1261,219.52618371692841,0.6772241978230988,457.4437169797832,16.13748495152607,0.060097573185119116,0
NGC,1262,218.08963199443454,35.03162335300907,645.6627147709513,18.014974182488608,0.061055155271948,0
NGC,1263,229.9089449640843,1.1460949366160007,656.6245273003528,16.841577131135043,0.05796471086451024,0
NGC,1264,179.0615925547535,-3.8092671607627566,583.6148034038224,16.709549868392237,0.06457462827098057,2
NGC,1265,96.18998110290126,60.258077374591515,646.532034552968,15.178609930879496,0.0530957760782593,1
NGC,1266,223.3860865325364,-3.5716357644762606,455.80125277951305,16.792607154903855,0.05975208999638096,1
NGC,1267,212.29819703287407,-0.38328177533093194,578.9521710600617,16.87160697380956,0.06120361261432682,0
NGC,1268,238.5881499487258,9.613255740224094,615.961281371828,16.777199391079908,0.06198893467530409,0
NGC,1269,187.8605660735921,1.2497446270050585,648.2859593070724,14.385717028133746,0.04941320274316642,1
NGC,1270,211.11585298220763,2.7028165017703714,666.9005879549154,15.835935636425004,0.0536486328813305,1
NGC,1271,122.03170605378736,10.246482122333962,429.99853481882747,15.43167346491265,0.05838553300439852,1
NGC,1272,245.1412818248288,11.511289074120276,539.3525894156346,15.204940437359424,0.05346589922049911,1
NGC,1273,252.99071656356347,3.44199040276691,466.0506292376474,16.5823233783488,0.06658170271823685,1
NGC,1274,172.7795170812204,3.085264191537622,599.5841049000148,14.241367250609146,0.047319558528117235,1
NGC,1275,156.7665973723996,-4.501288159652872,409.9277754706942,16.863169917714075,0.05914242511659158,0
NGC,1276,266.7281202211131,16.63042829062005,588.2394617554677,15.376944098876567,0.05315744362943818,1
NGC,1277,174.14258342687972,1.3694705276315802,640.078656429828,16.66685026994097,0.058582982108148295,0
NGC,1278,222.0723077377119,40.78276283521867,411.40788968303605,16.91065537141373,0.06574069060858476,0
NGC,1279,-85.80930289464489,35.59218705870378,487.15232984770364,16.399863804458352,0.05970847995962339,1
NGC,1280,143.95026906662468,0.9356803427630467,477.6805948975506,15.646441999588427,0.0611509902112398,1
NGC,1281,242.99506997196073,1.0629851667184762,520.7568248366397,16.55821358703448,0.054252733369066504,0
NGC,1282,162.37999009212922,2.6408365104827705,498.40904144368676,14.943235624187988,0.0532892101741586,1
NGC,1283,260.67879756618413,11.652429972551394,510.5240101801027,17.224675883227608,0.059963922162040655,1
NGC,1284,206.3098958698638,52.14142586735114,569.3445223191014,14.874139062170498,0.050470992039582364,1
NGC,1285,267.6538713588116,25.971573428925893,459.15042522685434,17.05106057868331,0.060720495496064196,0
NGC,1286,124.72494302479893,4.2962447782359225,611.9316234867993,16.971683055545196,0.06118359195784589,0
NGC,1287,179.91110801878352,-3.223322231049955,364.4612926592434,15.727923891987244,0.052794691349887346,1
NGC,1288,267.62072244268006,20.040263758518996,594.9042177771643,15.375634924679114,0.055307235875127675,1
NGC,1289,115.31620487084477,22.848562247975025,333.2997375913798,14.25948244246949,0.05046431031671317,1
NGC,1290,219.77516135497297,42.27487615260672,641.1784083506979,15.833001002407604,0.054712095060276696,0
NGC,1291,170.9100154400593,3.6934974441042994,603.424592814123,15.357096106839686,0.0567074967231488,1
NGC,1292,156.4932009770776,-1.5479007946168994,227.5476971517554,17.064332163092992,0.058007119989523674,1
NGC,1293,203.39591012243736,1.6487058381691506,633.3606798289953,16.185894891767536,0.06105279384809036,0
NGC,1294,188.03512720249952,-4.524249618394104,409.82193354636024,14.671997616462201,0.05231143487174345,1
NGC,1295,203.5711781228553,49.94916702419946,481.24133052316483,15.141602428601015,0.051999167735228585,1
NGC,1296,149.1429782519889,-7.811929667499467,508.73518473937634,16.530999075463956,0.06327464713957442,1
NGC,1297,140.37800681158592,-5.235682423582954,174.0401746693433,16.668986340300563,0.05848483568428879,1
NGC,1298,141.55436590089562,-2.81860301799326,538.8678432665087,15.909680800869067,0.05854653973622717,0
NGC,1299,260.97300155935886,14.729827582902734,600.4044299819225,17.488331346610995,0.06438186738133937,0
NGC,1300,145.82150622035655,-7.677108875237453,633.5652137898231,16.440044906654027,0.05170878845765633,1
NGC,1301,143.11631544495845,-3.749665449430619,463.18132011044094,16.081433821277486,0.06465078825296472,0
NGC,1302,269.18156604338174,35.77772137212957,598.7726168002687,16.85505184352731,0.06401770246728644,1
NGC,1303,223.77851645722686,34.98427563784384,411.11958499393677,16.947681553517008,0.06892984127531147,0
NGC,1304,216.2800394487591,-1.207653934672842,604.0787003293758,17.046601923040274,0.05773854952008977,0
NGC,1305,184.261434727541,1.7848413846771312,597.2102656625616,14.981140834448087,0.05167521571161307,1
NGC,1306,262.2766503753461,18.837222990933583,539.5180465451381,16.602493891070598,0.0619672024386773,0
NGC,1307,268.3814053900025,23.59012979479938,583.093269160663,15.876899492536847,0.05623348177216864,1
NGC,1308,266.0076980967029,35.0299528045703,540.6324545151333,15.77998739765216,0.056990617336471296,1
NGC,1309,223.4138865485022,35.12638829168079,516.8261704072919,16.56289237203782,0.05860431440578801,0
NGC,1310,241.1256827041973,14.084237118171595,660.9819894247197,14.400964132557522,0.05079144214909291,1
NGC,1311,110.52832523365399,39.67597528367832,542.7568880091277,15.126786956252275,0.05334067789535299,1
NGC,1312,232.95918675604653,2.1060906946493216,632.7116344947656,16.616016630387943,0.061257071526090376,0
NGC,1313,136.83204307783438,-5.288346366363764,575.0393932851474,16.81870199812954,0.0629269987920073,0
NGC,1314,249.5241868419918,9.248983287266357,655.7618014838858,16.557491458057605,0.05656647096611674,0
NGC,1315,205.966277094897,8.253757943864,332.32958645126337,14.610500488402353,0.05145814945039729,1
NGC,1316,214.2008242029941,33.73803685172359,660.395590901125,15.900555900342415,0.05811280646008951,0
NGC,1317,200.82943199353463,-0.738661511529063,600.7675494333661,16.556889539178883,0.05636104304544321,0
NGC,1318,206.5950354947297,8.613807187729826,585.2112892549051,16.39246872864479,0.0556341240107737,1
NGC,1319,166.74054506117272,-5.59351748805221,429.8799614502956,14.833037250863228,0.05334474218812722,1
NGC,1320,234.71743524118745,33.06288082255247,668.4777081171617,14.719724103138915,0.054058313542659366,1
NGC,1321,231.63268604374534,-0.3950987363640641,297.2318697238055,15.90009447387808,0.0549989862642496,1
NGC,1322,134.03185991387272,-7.900953227528935,640.2555408269611,15.21766516489954,0.052575227318452315,1
NGC,1323,183.98574990891706,-0.41239960163053074,473.9026505271439,16.94819390517235,0.062204704489592005,0
NGC,1324,171.98598247548355,-3.341880446119303,388.475356207689,16.03825523316087,0.054171253612671715,0
NGC,1325,132.61806190825862,2.4826761110419135,453.7624924354673,17.27665708644896,0.05862322643590495,0
NGC,1326,162.1847891718181,2.6185751514323368,527.4448931472732,14.421243240056251,0.051211263413381836,1
NGC,1327,154.9469226518077,-4.177010512883446,668.3195712890082,14.412875868292288,0.04897437140476001,1
NGC,1328,226.7108184012825,32.631347811660966,519.3517501934244,16.91984306543433,0.063717650330127,1
NGC,1329,133.54113509113267,-7.425982047044546,475.5258373896124,15.222159526110792,0.053633926012361895,1
NGC,1330,-70.02000664306183,63.883056749837856,323.53337068350805,14.405897280335253,0.05345388525766072,1
NGC,1331,262.3847196974051,20.856031762806143,396.68415664292144,15.28372618462238,0.056722592859646974,0
NGC,1332,128.37906267280653,4.652877944686675,273.8800338793886,15.671168570939438,0.05625702667178547,1
NGC,1333,189.63294300400224,-5.677444056100237,262.90666924909493,15.94614918406879,0.05332419589210797,1
NGC,1334,108.19156450555414,66.82578102418252,609.2254126773308,14.290106211070713,0.04644806898153535,1
NGC,1335,110.15275087903704,66.92357396357238,532.4153088178979,14.669239047329649,0.04628743626053028,1
NGC,1336,233.9172717214388,37.2939538487633,536.3498127148276,15.936783774894309,0.06457622660369779,1
NGC,1337,205.05482677011958,1.3435444514589434,586.2012242383397,16.101402793064945,0.05893001009973289,0
NGC,1338,160.80134871089723,-9.352129493842655,399.27162631292197,14.425113442179827,0.05406997327935875,1
NGC,1339,176.3391146764792,-6.397000375695823,329.8683834907614,16.189415038910468,0.06300132721432901,1
NGC,1340,211.94717474357316,45.48461924890824,430.5818603177074,14.43071972408303,0.05082496200784571,1
NGC,1341,239.22336908750714,2.683380785032284,549.1857105620153,16.562719779159835,0.05771726727957143,0
NGC,1342,-88.3388834959315,36.6209604003884,640.5827502965784,16.179432017397268,0.05836271960156602,0
NGC,1343,220.9529478883037,39.119012762334,544.0013946203932,16.588895847336158,0.05827390470358232,0
NGC,1344,225.36321751355595,32.56958359694499,547.592573877855,16.233632056960456,0.060296765303061065,1
NGC,1345,222.08686925644238,37.82235501461597,631.833879975671,16.31606348165477,0.055641363279941666,0
NGC,1346,251.38452348072565,2.9424782294868392,218.2219221753622,16.645586064917584,0.058944215416129084,1
NGC,1347,240.50489108472198,4.963301358166568,549.9756837580894,16.946633642174692,0.060995028525698394,0
NGC,1348,-86.23999313439919,43.614943457809936,470.1787731565612,14.35241078327885,0.05348225990318487,1
NGC,1349,244.20220516699865,11.818728095436288,358.680348839042,14.498589486409022,0.050392811838429925,1
NGC,1350,212.66342363361983,-4.668024568227904,553.4507986626179,14.95649348274931,0.05466247950902672,1
NGC,1351,232.20799619127897,5.032896899298083,638.4962036497093,16.094116578520506,0.061930025437027504,0
NGC,1352,121.88831627392491,7.4582600368619305,431.6057866406827,15.702243327398705,0.0625288589169254,1
NGC,1353,207.87928987808712,4.772153033036868,631.7746337181075,17.00850472432506,0.06622951501993149,0
NGC,1354,201.26477957397,0.9711633265275518,566.5317190595889,17.108941677229957,0.05818203927431032,0
NGC,1355,223.33375880219504,40.829351411992434,592.9438459568721,15.846228975834304,0.05584398142733145,0
NGC,1356,128.35621769614437,1.1737230997217838,619.0222525105548,16.174900171738543,0.05592714316170827,0
NGC,1357,224.80467708894543,2.2269804308237715,557.2879379831629,16.6053263449194,0.061652398777935345,0
NGC,1358,-67.51448647643785,67.1567692797291,423.1869156377561,13.979590454781228,0.048764494507165704,1
NGC,1359,263.94458111103506,31.143907635327967,518.0846769246115,15.43766852286233,0.05746811377278162,1
NGC,1360,134.94831110805958,-0.7022374420000188,523.3817521403079,16.622363629320436,0.06174063543035211,0
NGC,1361,192.7131469757084,-3.9930723792869256,603.5631078860343,15.790872539945983,0.05821507224961556,0
NGC,1362,178.5545253008426,-5.703067696704271,578.4998474354792,15.225522363916722,0.05766413516828867,1
NGC,1363,206.0984415275937,2.75574228088355,431.16240575884,16.67690534840733,0.060351281861011026,0
NGC,1364,266.1000310125847,22.558031770484735,551.056270561118,16.30492848887362,0.057656836773547694,0
NGC,1365,235.9407362663395,34.910409908526375,577.3466514229025,16.69310177071721,0.06065374221564241,1
NGC,1366,109.45350618472267,33.69278197514216,362.7392265668535,14.310037456454552,0.05115435876154603,1
NGC,1367,227.21449547723768,31.295674834458328,586.5155327976842,14.954226449527248,0.052227049244961556,1
NGC,1368,225.67859923256776,38.939018480840005,554.730474422465,14.888164577525915,0.05327451282203592,1
NGC,1369,247.57112323979084,2.3904313275237077,123.32711122410026,14.360949110385105,0.05048800255010271,1
NGC,1370,241.7606561401169,29.918924015005867,558.173892458451,15.114191321029187,0.05060280238030362,1
NGC,1371,196.3664169432904,5.655233386827469,529.014208650744,16.40738058873278,0.05917306995714504,0
NGC,1372,114.76807655947442,21.842938660189073,604.8139987545834,13.740480872278603,0.046998929050060236,1
NGC,1373,215.8296580354414,4.1643272433240055,430.99357421786704,15.724258228747185,0.054938374199912314,0
NGC,1374,267.0096764790378,22.41340829743038,281.6240166277332,16.010972707138198,0.05715426738319162,1
NGC,1375,158.35637283920573,-2.5563535640933726,542.3712763236414,16.456038243086756,0.06185794117086436,0
NGC,1376,239.47212380046204,9.574795110392133,660.2515023264265,16.506967536528865,0.060183287173320096,1
NGC,1377,232.8035366173129,34.12637316615439,608.3811349366252,17.16565136169603,0.05893834083972372,0
NGC,1378,228.4472834569344,-5.362128952415535,470.39219946353023,15.049971406805273,0.05479380358584732,1
NGC,1379,141.48085682965046,-6.5823090280076535,448.637626412741,16.78251289061612,0.0594171633666037,0
NGC,1380,168.03306594138272,-5.247273125219322,589.0667383284916,15.4085920858195,0.05460768724948723,1
NGC,1381,-89.72832852074664,24.981665931320013,473.9118907759919,13.739770329170428,0.04932361121465564,1
NGC,1382,162.22756284135474,2.1127018010565997,373.07544751733417,15.90088361020859,0.05386866219200082,1
NGC,1383,175.35482138294847,-5.800649245462758,609.5893161018573,15.723365260573182,0.059007994951055374,0
NGC,1384,227.7583966582876,4.942573571875571,608.6178121956372,14.297399378493548,0.052369732577846224,1
NGC,1385,230.3804698694557,32.00168767706544,581.9045109235026,14.332886408950957,0.05202555553445941,1
NGC,1386,244.65187130080966,4.058854903474107,279.1891086532312,16.183927343576187,0.05791115756993629,0
NGC,1387,266.0868108601221,18.271801956050158,618.5565010292165,16.275377811212277,0.06057429795860553,0
NGC,1388,261.5061438973584,22.451392876198756,615.4360046610906,14.847581048353206,0.05006941207842137,1
NGC,1389,165.808074992129,-6.560298875314969,393.61376117315314,14.919982567996405,0.05354961743016169,1
NGC,1390,260.5647514517439,11.42185899417522,392.9317104180834,15.075316432187313,0.05999517991219178,1
NGC,1391,143.98067216390922,0.5761864087784272,387.907312234145,16.154383202636442,0.05829582314662543,1
NGC,1392,143.15443110919952,0.44748093103514897,638.2103984046282,16.56341904759979,0.05901951361876755,0
NGC,1393,130.0198595694407,-1.0744220354848693,663.4624967682131,16.42667337358338,0.056457537076191736,1
NGC,1394,207.54456179981372,-0.7781098177973242,522.6031455487545,16.81309514895256,0.06317447097178348,0
NGC,1395,133.8216741207365,3.34222396253671,635.4637064656374,16.337494392914447,0.05695523156029873,0
NGC,1396,226.18494052034734,0.1598332967543097,477.72359079850236,16.236030809915714,0.05975955377000709,0
NGC,1397,134.5062201455875,-2.2353852102170673,219.77514674011672,16.26279228378833,0.05640023584152262,0
NGC,1398,230.26407392800957,6.7376384919059715,324.57052503618746,15.50823141346088,0.05534851228555674,1
NGC,1399,268.9846924650883,27.093931003151553,299.28561566727615,15.236852907454104,0.05766014917040196,1
NGC,1400,208.6020638796627,-0.9515841755887048,600.1010193917026,17.200781106854663,0.06075151963564947,0
NGC,1401,-71.45027763256101,62.604294712820526,346.7544247036802,13.787581074556979,0.04539220678445561,1
NGC,1402,218.26320676877188,1.0285350156428217,136.19485606891874,15.139588094712913,0.05278970852941768,1
NGC,1403,210.5489990183607,-2.7236368052496283,669.8401415950108,13.724691361293544,0.04921007230058174,1
NGC,1404,252.67235413368266,4.944694097164507,610.2748630126006,16.261048474203438,0.05846860310902386,0
NGC,1405,-89.80529890017377,26.25767435241969,628.7165270668883,14.803482387828375,0.05402693523571798,1
NGC,1406,247.86977081890757,7.576068865193449,467.827311049795,17.000958679294982,0.06520630541089893,0
NGC,1407,206.1772633589642,8.246695640229243,651.7457382065644,16.549596006748796,0.06306255293421945,0
NGC,1408,204.25178407759194,4.50437879026657,597.7282154516906,16.72837015501264,0.06067178283993317,2
NGC,1409,258.0171027708162,10.00400891744689,545.2190310835239,15.433661060692705,0.05579596523745191,0
NGC,1410,144.91948016361724,2.2411239818950497,648.381532512658,14.909233156616313,0.053715941967979255,1
NGC,1411,137.12579872396773,-6.282663301421421,228.92832375982204,15.026061966857343,0.05073214134737236,1
NGC,1412,186.52906942649867,-0.01573737885584816,530.3192916728402,15.714118603389306,0.05958725610269857,2
NGC,1413,146.36394769431143,-8.226645467058281,595.0068603112874,14.20362000125558,0.04757320597069492,1
NGC,1414,208.5000842839571,-2.04201315642976,661.224744144021,15.297324262434023,0.05976201463886403,1
NGC,1415,233.62794365454846,6.755558836779955,624.2856172161659,16.07254421057921,0.057431735487816896,0
NGC,1416,168.96402057369485,-1.3619149925817409,563.9121240614434,16.194610725078196,0.06346246013301655,0
NGC,1417,221.11518026900168,46.65883997656727,630.9642155922218,13.912465270405768,0.04936487824254687,1
NGC,1418,265.4448319248574,28.822233766414776,500.16706184367945,16.205931093562263,0.06073273615424359,2
NGC,1419,219.18369388044823,35.8028349777575,486.15263299932076,16.8988781456577,0.06280581394156784,0
NGC,1420,266.81650032315474,18.25060721865928,333.19452780189516,15.468208647921045,0.0531207961534805,1
NGC,1421,228.7434651518969,-4.08591415198264,632.7312212466398,15.347741042998377,0.055731729207692614,1
NGC,1422,232.50088022493108,-0.02134264664189546,316.8557516478561,15.884275421079987,0.054713705032699046,1
NGC,1423,-88.22440749671519,29.71589925198283,298.16247030911285,13.43610590857292,0.045976222279197745,1
NGC,1424,218.59053461893777,41.86590369190933,428.60516466745867,17.157738384973467,0.06258118364899803,1
NGC,1425,194.67787746596898,-8.643602101718637,556.9258198447841,14.752144087101993,0.04833517429720112,1
NGC,1426,93.60689273357727,65.27268225224496,462.157875584011,13.10549778010613,0.0428369956658958,1
NGC,1427,162.8538763733218,-4.7947880658572135,645.2813501578777,15.903634638269288,0.05845342303324973,0
NGC,1428,202.3964166745776,-1.2117356519589888,336.0018372658082,15.416501394813722,0.059419556022179784,0
NGC,1429,224.6907454620989,39.51394514803365,429.4354784078437,15.505730762098683,0.05870150874889807,1
NGC,1430,133.85095511562687,3.188871546663671,663.9755463855918,16.103647683060977,0.05860638947179386,1
NGC,1431,244.7387787501338,5.937630628604099,302.24286459657395,16.54970418003129,0.055932293118925544,0
NGC,1432,217.39545639396823,36.97197765507968,538.9368963452081,16.22945850252285,0.06204453980664761,0
NGC,1433,166.98331310272923,-9.331209197387295,619.166923535299,13.166338400559955,0.044640338172882314,1
NGC,1434,-85.62724711833211,37.65712705347049,444.29639852276375,15.651756060876105,0.05407495985202652,1
NGC,1435,105.81970580561608,66.7209287266216,575.8918209293616,15.705750268943907,0.06105658512512284,1
NGC,1436,143.21924671692037,-7.580319698983129,623.4187767842554,14.662434427243435,0.05249842924912927,1
NGC,1437,161.90957146033415,-2.266530745150754,448.33605050569844,16.378283881947297,0.05487891182834842,0
NGC,1438,118.29731556441314,27.872431225543295,643.7756834457413,13.831383980738273,0.048890359565151566,1
NGC,1439,248.97625859754822,-0.4340995100945994,660.5353814411532,14.588019260377944,0.05430521774278191,1
NGC,1440,217.1612585935263,4.04150490256794,297.32004505292497,14.141143104897623,0.05365532496454074,1
NGC,1441,189.39667057463296,-7.99820340839177,511.0184973547723,13.646902102259432,0.04864679234752424,1
NGC,1442,207.4496438525189,49.900465215409604,233.016221662799,12.14912415298904,0.03926840063743526,1
NGC,1443,214.12035429824658,46.13209919218521,534.3091011274702,16.632571861732295,0.05400786802580172,1
NGC,1444,122.10504537721445,8.763615415677572,229.97671545359609,13.52854808406434,0.04691773031469034,1
NGC,1445,259.77879026152453,16.630140645051615,526.6914362159087,16.362844898695098,0.058024473072329844,0
NGC,1446,166.22849594649477,-8.742676790862411,669.0056492074576,13.199430980865632,0.050255744036882634,1
NGC,1447,-72.42391954056674,60.3893469236117,599.039325312111,14.350112634391397,0.05631523658664533,1
NGC,1448,263.7444178875306,12.940021701680196,620.3885501477731,14.0787991315536,0.04939690014924886,1
NGC,1449,251.92351529633848,3.237230234155558,597.0173935775301,15.797263606742797,0.05705301167155523,0
NGC,1450,140.59504968944708,2.0126109936575496,462.3318043805905,15.1564868330831,0.054595777140092935,1
NGC,1451,111.17604525244059,31.73756645433385,312.4920639591823,13.74144383505633,0.04514990486427033,1
NGC,1452,179.16440018944144,0.5515271315571333,339.88436946713574,13.955829070554236,0.047687779306481395,1
NGC,1453,224.16084883512016,43.255932503818144,423.48451901903826,14.834672726787783,0.0524262030931563,1
NGC,1454,155.06254302361265,-0.8804628777701189,602.6268780042734,14.213793919410836,0.04902836673005807,1
NGC,1455,161.16689150210607,-5.737049257494203,641.0391060990731,16.733091964988088,0.0632451428636166,0
NGC,1456,135.86085059446546,-2.9000518288289174,630.4984092206771,15.929840270384142,0.05777561116854892,0
NGC,1457,211.859843657156,0.7466252729894756,554.5710117032971,16.601267387289077,0.055459434797131696,0
NGC,1458,123.22525271676628,9.441781913928438,376.8658603560529,15.296819095719508,0.04820964283229381,1
NGC,1459,260.68819031078357,11.1699772683699,559.5817163477388,15.186927715124742,0.05709896296007519,1
NGC,1460,213.9571799643079,3.3527467849483257,334.6290631138487,14.601280348737598,0.05326749057554246,1
NGC,1461,261.58142301615874,16.79454655966974,606.8505508346934,16.559063512568972,0.05653788871359983,0
NGC,1462,109.74960699273005,31.63383328611307,591.5050640915757,14.385288761030495,0.054515127793415524,1
NGC,1463,116.52914542316654,22.397542973636437,660.0076943948086,13.682875972160623,0.04677380213177492,1
NGC,1464,201.34388012618382,-5.152523462296697,584.6672757331395,14.590783664908953,0.05797113733127458,1
NGC,1465,126.1948859583168,6.812745361007946,379.92503888750616,15.085657018850544,0.053807910174244175,1
NGC,1466,178.37407073889995,0.913053395324353,499.0596647977112,15.818859979017956,0.056185620109424,1
NGC,1467,235.15522458013487,30.526987118273823,374.44458405236725,14.413915923038038,0.051795746361944395,1
NGC,1468,96.73617588028215,66.0155367686486,626.1893198153878,16.178059482372806,0.06113489526101831,0
NGC,1469,188.87498399813498,-3.5853259799713637,221.89593970740952,15.521997273109525,0.06350049873113806,1
NGC,1470,249.38223018135895,8.917611082131339,460.0147066426113,15.583846208727715,0.05512909917428956,2
NGC,1471,205.0955803221608,-1.4288936238525651,635.1590286626093,16.22595864279935,0.06152813132972932,0
NGC,1472,209.51374678709197,8.167220623550088,363.3766259038644,14.305150280372951,0.048105314683314075,1
NGC,1473,155.09650577152698,0.29072450688479745,557.7619843865092,13.501290746670804,0.048263316759357744,1
NGC,1474,182.1449959910643,-2.1387273766822283,623.1266341108987,15.301481240810899,0.05213966541985069,1
NGC,1475,118.24391414283348,27.31989910089151,439.2499557803494,14.280927372144296,0.05416367003737028,1
NGC,1476,109.308332468067,39.4614389265587,669.5970425184745,13.063299034505679,0.04547700356134525,1
NGC,1477,258.9090905812699,19.53621833461106,446.0743126216417,15.1346802363467,0.053304309329040934,1
NGC,1478,222.1668180468945,35.05041296124745,545.6164576589139,16.918336102120048,0.05885028121726349,0
NGC,1479,202.61968641404016,2.7113727853254144,667.9380113006548,15.001184891291816,0.05532613988067791,1
NGC,1480,235.07986519882581,7.183134860957617,247.45525666542912,14.55291695947574,0.04927247071919139,1
NGC,1481,151.87337456368303,-6.594069271587952,412.1066588593334,15.95306288938704,0.05791814410174872,1
NGC,1482,161.7455709792709,-6.9151723311647615,570.2049656212378,15.578182920262917,0.057095649954483046,0
NGC,1483,243.08535995497482,3.9920134587279477,437.69856152797286,15.493116231301705,0.05318503663989476,0
NGC,1484,134.9033921972695,-5.652946201279986,150.3418004579553,14.802568526587415,0.04897810610387311,1
NGC,1485,159.39528840123165,-4.958935125501311,546.0652017494651,16.404854902505384,0.061366155492609605,0
NGC,1486,216.80097666954128,35.039786329814156,630.460216579513,16.42786039585581,0.06353796456333186,0
NGC,1487,229.3905869054744,6.795235681684696,548.9045072187206,13.716361737209958,0.048708159366345385,1
NGC,1488,237.90594709200673,2.9001348496971677,519.703328468105,17.328128077298594,0.06669210561265591,0
NGC,1489,134.96105659072117,1.6390967405890728,659.8216396028089,16.156548502272173,0.05647137081918048,0
NGC,1490,263.8592694588699,14.369852871133316,564.6996175564667,15.558488165925407,0.05548326792921137,1
NGC,1491,221.29291114923294,34.650563410991424,632.6710892967628,16.29271052774806,0.061680852341745286,0
NGC,1492,209.6612993125172,-0.9389779861540777,662.3812867358545,16.292947308898132,0.05936706775185754,1
NGC,1493,146.8065599050393,-1.6724986463202727,541.1952062650458,13.716159380271057,0.05078146697608467,1
NGC,1494,210.58287071324366,-1.53117999532229,395.87082950762317,16.237830071932315,0.05971791534281637,0
NGC,1495,235.0936761342902,3.572127377916682,346.15612503409034,15.410656499929903,0.057020420717854695,0
NGC,1496,252.50214079872399,0.1649155177557747,631.0235458933819,13.869518892592678,0.051100775987054,1
NGC,1497,169.66912568466287,3.0886473851536778,616.5140879442959,14.157755043467084,0.05114209599323682,1
NGC,1498,244.81506586626773,5.4121451679872505,658.2142531800547,15.9337878913329,0.058825094771392965,0
NGC,1499,258.91833360329076,20.582915820346074,612.085121124931,16.180193500082698,0.06233757312889516,1
NGC,1500,233.07118546976173,34.73232598348915,350.8892970280954,16.489005319811156,0.060409522157325216,1
NGC,1501,266.08038376064195,30.013680105105927,608.1881405906715,16.00850284782407,0.059496674434678376,0
NGC,1502,176.89137423908943,-8.219019180218543,667.9551411522431,12.78207600092912,0.04351996761339097,1
NGC,1503,165.9708434750595,3.0525214504514033,509.63385572908084,16.593120459806315,0.059220455714128255,1
NGC,1504,-88.96339782252703,33.84011635533424,150.7732649253315,14.611631083861251,0.05189776977265116,1
NGC,1505,175.66254849024756,1.4178791429103879,606.3340593265618,16.582067220524383,0.0571515811233056,0
NGC,1506,168.74938796774686,-5.182168045979796,525.7272943809938,14.113580965461198,0.053834854741301216,1
NGC,1507,114.88690703057637,24.15266127488883,270.92732293858575,15.010893276087067,0.052730656237546296,1
NGC,1508,-74.01441740663353,64.78900880786803,621.9784231880137,13.951409086664686,0.0468969909650037,1
NGC,1509,241.80157704425994,10.567563164295052,593.4116183484107,16.040088649028785,0.05995304475580894,0
NGC,1510,224.0777144198679,1.1436235062875724,649.2811341150611,16.0979448530236,0.058256108487215325,0
NGC,1511,93.67170709015208,64.99579152471001,578.0152913217912,12.79909209956087,0.04204523260274268,1
NGC,1512,241.70272582278017,3.58620868985098,245.8524457693535,15.694176903255103,0.0579521987179257,0
NGC,1513,242.08006501892743,2.217897418584139,613.0741124081594,16.14728105408462,0.05554173998338375,0
NGC,1514,216.2602244927436,41.65466906550478,563.1907622491015,14.991304206213227,0.05275699049697398,1
NGC,1515,220.85138819557295,46.67564007817784,656.5953248131954,14.122120571855032,0.051415692423175015,1
NGC,1516,202.7322368491526,1.402489847855093,426.4930897152481,16.588932068780995,0.060238823896750573,0
NGC,1517,214.56660925681277,4.5642583502779015,607.9804240388868,14.890847039161278,0.054039955202850584,1
NGC,1518,208.89400246324442,50.93915257246022,292.29332967464603,13.33741372239377,0.046171557545789194,1
NGC,1519,-86.22563235448038,35.80097413601998,524.4779535998464,15.509471122876425,0.05101006058827303,0
NGC,1520,228.077431590745,-1.3652632724317646,244.7561379071844,15.836052645523365,0.059551589445962186,1
NGC,1521,236.15442151579336,33.30511283459994,436.6131922099536,15.676772189756118,0.05739904873687732,0
NGC,1522,119.77080446173835,11.716758643917938,511.40682317892515,14.60090589341135,0.05334136875230309,1
NGC,1523,221.84193059893556,-4.3734508533844,484.7137923594702,14.80179359142859,0.05109749469657775,1
NGC,1524,152.05022277432468,-8.104019435131331,535.4791624194833,13.697152559426568,0.04774099108278876,1
NGC,1525,133.78389476733855,-0.39995396761723656,273.2374052767809,15.710777816529163,0.0558017325644141,0
NGC,1526,205.9626560082027,9.259534374536173,624.4900387057579,14.920760901303774,0.05060893556391645,1
NGC,1527,244.81978747320932,-0.3191474137197438,564.5157718557533,12.88641863238994,0.04221370728871978,1
NGC,1528,109.0073153596449,33.8531000035584,452.93130655778145,14.972546959265587,0.056430223852358886,1
NGC,1529,266.95749290576265,31.75059249619505,617.6320968801249,15.57129983199569,0.05576380491220846,0
NGC,1530,139.03314261291246,0.32755586474594045,289.5930830058556,16.074687796806185,0.0589035035735351,1
NGC,1531,219.36837687303318,34.387840903197564,389.3186972462186,15.133413159705714,0.059560288355423235,0
NGC,1532,123.94738236444786,9.471092127467655,616.3889825154465,15.181248384533498,0.05703130644119431,1
NGC,1533,170.7272986240787,-5.695360623572255,485.9711371187834,14.675406332323794,0.0522080988286684,1
NGC,1534,263.6658975241489,27.565721719117697,525.8111214068589,16.232675767021707,0.05458719136954272,1
NGC,1535,145.46859869357965,-0.03544055429165848,653.7830520360164,17.00345943583843,0.05875669993740846,0
NGC,1536,171.1335034076371,1.301560543565368,615.4462408899032,16.756334196669442,0.06398050090635812,0
NGC,1537,216.36367015452572,2.046781572607469,587.3097946923747,15.522417121330111,0.0555105841301662,0
NGC,1538,127.23999576080692,-0.8220043140990698,569.9830647042907,17.237498590096884,0.05741238034271404,0
NGC,1539,205.09562243606862,5.946774235195259,481.5398975050187,14.765539699439493,0.05004238751003611,1
NGC,1540,196.7542203591447,3.447743989474475,628.4370302135412,15.904331404383782,0.06258151099216752,0
NGC,1541,229.2513696312272,5.104239233668786,452.8187289650665,15.945237427358453,0.057843105049948614,1
NGC,1542,245.3579509179164,3.6335457278192833,514.6864776476577,16.018953996944308,0.058439360157621606,0
NGC,1543,-70.8312459928941,60.31778126112013,534.2186736652293,14.499214567276793,0.05499157394742036,1
NGC,1544,176.50815596605727,-2.7464595283513087,514.8232599322001,16.57200198335555,0.058636546851292506,0
NGC,1545,237.39118419169554,6.212849912191829,181.60711711366156,16.00249206205125,0.05518716337820896,1
NGC,1546,208.51777095256531,49.03849402683316,588.5662153882538,15.700339084097978,0.05710408283943582,1
NGC,1547,-66.21678464285716,64.78477921436182,612.8347945435689,13.912279773009956,0.050979653955601646,1
NGC,1548,136.33300451579802,1.0162873513338846,599.5143382529022,16.281104787404225,0.06094028336770082,0
NGC,1549,247.3809190779357,-0.8432950491933172,567.524057836806,13.686603669564391,0.050692540635519014,1
NGC,1550,218.70616697508538,37.43012842720428,558.0578516884875,15.925962852225263,0.0612454530651751,0
NGC,1551,221.7110660862789,-4.8510463604091445,636.6322052722653,14.045273856922432,0.04810881739267521,1
NGC,1552,198.75487532160238,-4.827401465937465,616.8323824088656,15.56374381410313,0.055201853220395565,1
NGC,1553,136.98032956212631,-1.7219639139959368,604.6474891001922,16.176824338501262,0.06218478547535367,0
NGC,1554,-88.7186437245093,30.05617082169972,666.8224451370339,16.01783133653903,0.05555069813878778,1
NGC,1555,251.37957994294194,10.424966486299535,480.3111172933657,15.057005544685493,0.053878678649394246,1
NGC,1556,197.65127843354634,0.05767871134022378,575.4168684868413,16.462352794114945,0.057725105372745555,0
NGC,1557,230.78406079297704,8.97566784536408,650.8412602691259,14.34407300942263,0.05609545091225402,1
NGC,1558,-74.16461606636135,63.38246069634461,663.2708378887341,13.877268949360722,0.04609133460995943,1
NGC,1559,244.44206015580363,10.547695423224532,475.40316812481876,15.799134978888837,0.05423554307513558,1
NGC,1560,258.74796767683483,19.074474479078052,648.4295307247173,14.927305147566143,0.054106832957979425,1
NGC,1561,252.57962795248525,3.2037123370922505,429.83376952765434,15.047709616051318,0.05229091366101066,0
NGC,1562,142.44414582431642,-7.863356745503462,538.46130550576,14.973633321812814,0.052832412853663906,1
NGC,1563,247.28458665601107,9.51304742345803,644.4269408279368,16.035574354948483,0.05402153982573321,0
NGC,1564,159.82883164799279,-6.125973327335571,669.6261666657877,15.465451230638593,0.05525131626939304,1
NGC,1565,256.86025591565397,8.168707657757551,641.5900006873136,15.798891723604191,0.0569441727120574,0
NGC,1566,243.23996685803507,7.60023795031967,275.585279702622,15.698654665337342,0.053621637262723794,0
NGC,1567,240.51945365702426,13.273889501043621,646.2916717356206,14.435529184096614,0.05074002191276539,1
NGC,1568,165.38742623866656,-6.440339608177285,640.893795070305,15.213069164770953,0.05193184425664811,0
NGC,1569,254.94155350691364,10.49112668630038,597.6174395428183,15.984055180327733,0.05806574808745376,0
NGC,1570,195.7417659892651,-8.68500037307412,575.4610158015855,14.491660499994499,0.04924207840849962,1
NGC,1571,260.0474408930897,21.966549723754746,661.8663011655839,14.278517758226032,0.04943937957080306,1
NGC,1572,195.3397718250551,5.602123236321203,223.98343956475432,14.011284152212612,0.051218290727055533,1
NGC,1573,138.8188514886137,-5.772523941648924,660.2741057959686,16.574552305761983,0.0594880678314994,1
NGC,1574,220.23294082060227,46.52100417535909,552.5898044703924,13.498219805809791,0.04158619035928334,1
NGC,1575,141.4387315680106,-1.610017065322127,610.0567710384065,15.838816800562805,0.05551641393099708,0
NGC,1576,123.33471591758709,2.963392649412906,435.4688969968287,12.515949503770983,0.041312961224812615,1
NGC,1577,220.99093393964117,1.2338802436160192,566.2519577512955,16.331255062623864,0.060182939331461634,0
NGC,1578,222.63417687678637,35.13510165346981,481.66003873825844,15.196487470643275,0.05436685954423073,0
NGC,1579,159.2366443402532,-5.501833915263591,355.491511428426,16.132302530415355,0.061135688595286404,0
NGC,1580,-88.28574760718385,33.7347424805134,670.0757594673971,14.288266755356695,0.052083552684326226,1
NGC,1581,-89.71999745101353,34.802914795840344,394.9666693574063,16.668765110581486,0.06358135122766133,0
NGC,1582,158.72492346152617,2.544224967244886,559.4391709461344,15.366757412435753,0.059227828646948706,1
NGC,1583,162.27301788074308,1.9247543845815533,653.1942192329326,15.378075773891101,0.06142795617878689,0
NGC,1584,170.3861715618718,3.3786287720083763,548.8166776470998,13.598412801447699,0.04603155327388874,1
NGC,1585,189.44966273074238,-2.002240142571798,510.79635808090916,14.15821923337927,0.05707258532639585,1
NGC,1586,212.68367889300046,3.471749223337288,305.9869692975915,14.695315828952916,0.0515290047128217,1
NGC,1587,155.15116879429084,-6.5478934566110425,517.7262239458413,15.639992674396517,0.05701086047641274,0
NGC,1588,138.4342715775602,-3.7439524423336326,540.361747201947,16.11448072981362,0.060267728238245645,0
NGC,1589,-86.07165394362792,36.535171657118795,646.2930283733544,15.895863195922699,0.06218955840659989,0
NGC,1590,147.3593901376103,-3.3452664376028496,285.8986417094281,15.486605395372495,0.055215831593064396,1
NGC,1591,169.0838089932482,-1.4558226875427829,611.1369536472093,16.0604661550533,0.05761977251616673,0
NGC,1592,127.88689613081094,-3.615746270796378,416.70537320423415,12.74719195690615,0.04461734150949256,1
NGC,1593,257.21477653557855,12.508623605492513,576.403321098615,15.067628052483027,0.053797625136066486,0
NGC,1594,123.29608097128279,2.7703016713325868,624.1080165162798,13.982812888129295,0.048863799567796073,1
NGC,1595,109.30099202157665,32.81152012930717,569.9719510205601,15.405736736330436,0.056270300811277374,1
NGC,1596,207.32828471533324,-3.0470574077325865,389.2424858110431,14.865470619457243,0.05174049914188982,1
NGC,1597,156.45066898045354,4.7815072084291455,620.1375660278776,14.110917552600501,0.048517838414059905,1
NGC,1598,235.49465957922845,3.4307495803458217,580.8544727321105,16.12092730380136,0.06164219010917985,0
NGC,1599,-65.61398046152446,65.61571151632113,397.395781435832,13.355521653224947,0.04650362978702198,1
NGC,1600,243.342817656779,0.8546533844451688,629.7754315771783,16.45195842774103,0.05555747442929206,1
NGC,1601,173.859408242402,-2.314432024613226,505.103496724149,15.745700661575958,0.05655869844425564,0
NGC,1602,161.9526805472518,-0.061761722386276086,538.8296347544696,14.36139994740126,0.053321129508394474,0
NGC,1603,202.49695769930963,-5.903517944984472,655.2399920109146,14.351176500492786,0.05490869037426951,1
NGC,1604,180.8702323569667,0.9750414484339411,628.2169237519364,15.572858925389168,0.06268407097454032,1
NGC,1605,246.40060770648887,8.443116489124499,251.75679456464488,16.015379581789468,0.06389443297978266,1
NGC,1606,127.16691798351984,2.7023875013621073,654.96150219072,16.215178723450197,0.05853877338665665,0
NGC,1607,123.49160938252331,2.3390164896010344,664.0170390008983,13.430590788911061,0.04734998264911192,0
NGC,1608,193.68634514086853,-5.609291115623104,495.6783897406566,15.208651431038547,0.05686842486908984,0
NGC,1609,195.66167350228955,-7.935032742660512,665.3177904820118,15.787899962736091,0.0565167643227357,1
NGC,1610,214.319534858954,0.19452271563009943,264.2047198246544,15.756661406276294,0.057320484688261744,0
NGC,1611,231.86787219732776,4.032347045179896,463.89893993505495,16.3883651929977,0.055221085711240694,0
NGC,1612,222.27273209509383,-4.589628454152156,601.7388285108489,14.488831000714782,0.04471004334869948,1
NGC,1613,222.08417706489146,33.5794782574751,589.3322425198853,15.786000715213142,0.05901529773654397,1
NGC,1614,264.3279748977069,17.366292502364292,584.876630346681,16.490944792764434,0.057906589110622006,0
NGC,1615,254.6623743714443,4.175845980158509,553.0085238765884,14.395998462167656,0.04627061057492537,1
NGC,1616,171.26900600882934,-8.425461782895281,570.6643686094761,13.22291018116742,0.04894540762586111,1
NGC,1617,231.53334916577802,-0.13278037920749017,406.1118614638075,15.97282882565078,0.059160277732675966,0
NGC,1618,155.57299402473285,4.339270529946669,429.83803668797236,13.852253014879807,0.049617543034596145,1
NGC,1619,133.65993832067187,4.131280925511494,613.3929326099643,14.91872531636018,0.05536796275218761,1
NGC,1620,164.6187844881493,-6.9589453424293595,513.0474851664702,16.138414907712008,0.053740948513161996,0
NGC,1621,130.14466754727468,2.8968727680642545,580.2631620292236,15.051122950259245,0.059358359085461415,0
NGC,1622,123.96587205402432,3.893135709589938,558.0434121269545,16.0134021734854,0.051489775175839136,0
NGC,1623,205.7545806050424,-2.7386870268393486,503.47222689440235,13.70887267770421,0.04681580193246858,1
NGC,1624,269.56615546522204,36.84518370836454,666.9308322777068,14.508036182017626,0.04992322100572815,1
NGC,1625,130.78345959882336,-7.292871821176014,558.7531502675517,13.631029121366968,0.0547996395837225,1
NGC,1626,148.3328069998286,-8.044840444267901,637.6214189080665,15.126762540805334,0.05314834278247997,1
NGC,1627,193.4687553544646,-1.1115298416767239,297.4832073444224,14.725049926315165,0.05130312886594533,1
NGC,1628,161.38921374294173,-7.545747817925778,314.79745194843554,14.813327046299676,0.0509329464457497,1
NGC,1629,159.88571447302078,-8.616237434601906,528.8775196813573,15.777023785454505,0.05842323777240708,0
NGC,1630,112.82895542858682,27.978834692126252,669.4138087151896,13.556032355823,0.045015389788523846,1
NGC,1631,225.3010080211126,39.98180781827342,571.8978565174231,14.072229344423008,0.0516178280266941,1
NGC,1632,221.56828548025683,38.0027773022331,309.06633406939835,13.972002623215673,0.04752382038645543,0
NGC,1633,193.2346512811727,-7.232735460779837,613.7848765486639,16.46321826945665,0.054298744441824254,0
NGC,1634,131.29143685778303,-6.576412554114569,668.8351472567545,12.568400353582144,0.04279245220418554,1
NGC,1635,253.76099323333688,5.7535830072754335,653.3103857237256,15.378924751063,0.06073855777441855,0
NGC,1636,219.5168320471298,-3.2345219163371546,534.8847342371125,16.451416171230267,0.06191590932553242,1
NGC,1637,268.76675311909264,30.180806465172207,609.8320867950363,15.613743883341009,0.05467267847039047,0
NGC,1638,127.55067707095961,-2.977175633789398,383.8039186799616,14.420421757428441,0.05375746112568576,1
NGC,1639,233.15391674954785,7.10959266944306,277.13001197558253,14.890690873033083,0.056695076487184914,1
NGC,1640,225.0904180426418,40.9439602868261,545.6000268400769,13.757745333451227,0.045059009331824246,1
NGC,1641,210.980666097177,40.52492449963241,620.0240170540637,13.352978973225543,0.04140437115878306,1
NGC,1642,136.35666623483726,3.3310998055287593,516.8701442889553,15.205222099172902,0.05274308993369401,1
NGC,1643,267.4127833576821,35.56253983395983,433.7878065995345,14.782739702738995,0.05919653522776847,1
NGC,1644,229.9174768607618,4.559499787628575,354.94530035156737,16.06790620018181,0.059272309112501365,0
NGC,1645,235.29171530985462,3.2374708875968983,447.51580607842334,16.09699784535501,0.06166371375377935,0
NGC,1646,159.88744308830084,1.3492672063974032,460.4108006268745,15.885006216300273,0.05752025171186208,1
NGC,1647,238.32867357029932,33.973121014521126,615.8952002026089,14.519599410359751,0.05122013832965444,1
NGC,1648,198.1527552001347,-8.502608630434937,652.2305030635558,13.101784581626294,0.044679965626602994,1
NGC,1649,264.34833618536527,31.756381187051314,634.3414804054332,14.681397473331915,0.05289508094763169,1
NGC,1650,114.52719165200398,24.709192053363225,588.5046715058266,15.872749396612283,0.05964116286233872,0
NGC,1651,175.84180838782095,0.3807066162732934,644.1891747434686,15.999224502318995,0.0609281282389295,0
NGC,1652,108.48500419417762,36.197064851653174,342.8499293777757,13.530697845333618,0.04973175145668701,1
NGC,1653,177.12396807171015,0.6409597345050178,544.1151960216755,16.260825114910674,0.05514319507440403,1
NGC,1654,195.52167794465774,3.4090706204012826,154.16971779843735,13.971756082309671,0.04313179057152732,1
NGC,1655,178.65649056858476,-1.8594757093573477,554.647634010923,15.827956626469133,0.05472753382135417,0
NGC,1656,-87.91868085937017,31.298705218892387,452.2138108348782,15.189555096956786,0.05536892659476911,1
NGC,1657,129.2857462360687,5.704254436959488,654.0007348215853,13.767603666128219,0.04758449159441383,1
NGC,1658,132.68786256423607,0.4153248181887562,496.47241996240086,16.395198988688207,0.061491885425155685,0
NGC,1659,213.8554664288862,1.5764339757097048,666.9870551148884,15.117132476673527,0.05791008601573177,1
NGC,1660,246.11373205726807,10.918211329282753,597.709600011194,14.696150535689357,0.05440969752634429,1
NGC,1661,221.14693873267404,4.003535520783368,644.0543463890746,12.626634049651944,0.04792835943811763,1
NGC,1662,246.0558277092362,9.514056905015778,452.78177345291493,16.29798381803839,0.057864134872348635,1
NGC,1663,167.34583433332634,-0.5090929034157017,474.0720338525425,15.550217463071837,0.05708525461713492,0
NGC,1664,243.28622196050924,13.112442946541366,636.4917276817371,15.225569938319534,0.05344189136578243,1
NGC,1665,266.22760244661424,22.184292894734646,480.1216026242157,16.049346572505222,0.05884626059259116,0
NGC,1666,-85.35849672335296,35.34991934832488,563.0483323462574,13.966722270891855,0.047004842048669566,1
NGC,1667,228.7466597517581,35.91824986519634,349.2279685039859,13.776782204928784,0.048434278942723855,1
NGC,1668,260.00711268540476,16.48970204852682,669.0866048947945,13.646051882682764,0.045368727172516325,1
NGC,1669,212.48983302004405,-1.7721312775715996,481.2813634045659,16.46718037132363,0.0622400915099523,0
NGC,1670,139.53919549660344,-2.7379649293921626,668.8433617686592,13.91617890332222,0.051951314466890504,1
NGC,1671,164.01566851812777,2.72287677393384,311.4259703956733,14.54137047113081,0.05310244503545815,1
NGC,1672,135.07969190509698,1.7971075918093786,524.6749935532038,15.7118576004843,0.053334878750270986,0
NGC,1673,204.4210925777255,4.255726300242542,649.7250912023302,16.367925025716374,0.05770564959878975,0
NGC,1674,159.74062662823704,1.6311915024458012,623.7099312554199,15.251450557274815,0.05103172201500463,0
NGC,1675,200.86168072495812,0.7646335622837048,89.5226251154255,12.457799245962745,0.04150108935824733,1
NGC,1676,269.39043831356446,27.2580780614079,488.2129371456763,15.056356966980726,0.0564246355140307,1
NGC,1677,188.61126919718254,-6.573278597193816,638.2438914557584,14.249019297173653,0.046240427445155385,1
NGC,1678,217.66915518708447,41.759591035566515,526.7037251361165,14.990596041465794,0.052312112592969875,1
NGC,1679,235.35208540496518,30.825567368575214,639.8966302585566,15.623855251890362,0.05517089564814838,0
NGC,1680,195.9059310500211,2.5072152207618705,581.6713901050628,15.308935635416681,0.05924663592859619,0
NGC,1681,257.42296290297116,14.8361978966806,667.6444006253688,14.12323938964503,0.05127490688306211,1
NGC,1682,236.63161222491658,6.892926421067812,377.7384403730442,15.131872159193163,0.05690351368134614,0
NGC,1683,195.37270403833574,2.727393963284344,474.0838982497828,15.760550050472187,0.05637351417987816,0
NGC,1684,125.85516596091131,3.5093074237125963,622.7186493433452,15.087431917102718,0.045840618268845376,0
NGC,1685,146.1838818517349,-0.8454746028279305,394.08718360298565,14.587765358491676,0.05178180051972944,1
NGC,1686,108.29208080719954,35.26805559990138,407.79484197620377,13.298156564147462,0.047280004957150734,1
NGC,1687,193.01349604142524,0.1082875169911725,530.3949144498994,14.823153211453791,0.05055021106776704,1
NGC,1688,-66.14607834596978,64.91016839945155,472.833678729748,13.531113528111366,0.04723794345148764,1
NGC,1689,268.46976265784855,24.0074910636401,626.6181076642487,15.645679103715523,0.06082305663074809,1
NGC,1690,224.8161059735529,32.21950552907667,606.8341213696093,14.178438841958416,0.05569870029579643,1
NGC,1691,242.8981528252576,9.527825524733869,547.2479811135555,15.07638897762316,0.054121861620528434,0
NGC,1692,-72.12026932524113,63.868621694969555,281.52269524793587,14.315304024854825,0.051888519458704825,1
NGC,1693,140.67911516795476,-3.3796014872016107,463.335844139299,15.978466151266945,0.05819771596025925,0
NGC,1694,213.24019447418402,-3.0714707204715808,594.2096019977183,15.898812396929001,0.06261126059800938,0
NGC,1695,159.83783498646295,-0.24765138472259807,133.7142801808334,14.337543205540051,0.04845595186801756,1
NGC,1696,205.36749528395046,51.38030589818465,344.6200871639109,13.477817639473416,0.045934737936675234,1
NGC,1697,-88.3461919332808,39.16923465903371,366.55122807878934,15.376192185393549,0.056549067157033985,1
NGC,1698,170.58906238815797,-1.8570925030808032,363.7128573011283,15.47534104990951,0.049680024324526575,0
NGC,1699,223.64922549705673,-1.3704513030662209,599.0240514247882,16.106854452041286,0.056094948818290656,0
NGC,1700,170.355699961447,-0.8914168890375088,472.3083102929088,15.895770518932462,0.05396997913307559,0
NGC,1701,242.6140714375607,11.853802507503573,373.8785983629151,15.68424853654682,0.053219858959646725,1
NGC,1702,206.71328806410557,-2.5515549320926554,418.47457930093765,14.831169409157773,0.059047914541273665,1
NGC,1703,244.47281999875833,8.867946685156193,522.2192559330838,15.617338921209367,0.05573791440834308,0
NGC,1704,215.9297784732206,-3.899153716943469,591.220662796388,15.628243044670837,0.06244015367332475,1
NGC,1705,265.1610523244459,31.568500502115775,554.8155519284472,15.65223745782663,0.06629151348484798,1
NGC,1706,217.2162611459672,41.6387632109973,585.884525866208,15.572209506835058,0.06422694437124472,1
NGC,1707,205.72418648867344,52.363472440754606,623.5456788033335,11.783184976720898,0.03754031784481494,1
NGC,1708,261.68209664517474,22.756335796861514,548.2443495474065,14.392198387303425,0.0531015810050979,1
NGC,1709,248.98709869074992,1.5918390471936532,525.1094349014502,15.576993789324739,0.052739734069449304,0
NGC,1710,239.6400158915713,11.324549051672928,647.7202246373912,14.054860188730837,0.05219356573784699,0
NGC,1711,193.65643709330308,-1.0666780317893656,660.0795207069059,15.828305346515133,0.05831771758131691,1
NGC,1712,212.75164432258848,41.23914959927444,625.6526504604083,15.573837477755164,0.06318427782823167,1
NGC,1713,203.90632866196376,50.85344424109311,366.3124931463612,13.363874182611578,0.04465328687048422,1
NGC,1714,168.93537205816557,-5.027704838770795,423.57655687894356,15.042077935583102,0.05257600414295567,1
NGC,1715,197.0910954550678,3.755975590610273,586.7267859352335,15.43021742129281,0.0561442420196908,0
NGC,1716,123.55434185020243,8.042513528432451,546.377746541258,15.702179934006818,0.05798175064864037,0
NGC,1717,188.81379020249864,-3.927484141179653,426.56193689155435,15.104573666734575,0.056570912193955165,1
NGC,1718,212.39288272034497,45.48152929961003,628.3149082750946,14.817130629958593,0.054559078448004915,1
NGC,1719,125.5831253848516,7.063215503928806,651.8432221896292,15.852754238812702,0.06028439217469854,1
NGC,1720,210.95303417462085,4.423171517278346,538.4639386482679,15.29248883515112,0.05199446000011558,1
NGC,1721,241.78909647612983,6.406578886697528,369.29500625415056,15.347900185194527,0.05455666548084175,0
NGC,1722,224.9513206208379,41.58347222341818,639.7593621447935,14.29483406314213,0.048826630256228014,1
NGC,1723,264.78416567919106,13.710213708182701,579.4793762392612,13.199269947789903,0.04821105950096254,1
NGC,1724,265.8624300356807,24.829476749660575,567.5797028784974,15.97231464042467,0.05373314048501355,0
NGC,1725,178.99481567047874,0.9433850071499025,629.3238760668613,13.511729066267604,0.04531014705887149,1
NGC,1726,222.65604251127746,-0.4993710333251305,559.6730499626298,16.30454445558248,0.057574542662298445,0
NGC,1727,209.14533209433029,8.52849637060975,641.2312383966131,15.025743601730156,0.054299390027923854,2
NGC,1728,222.4862420685676,-1.2657821431389886,541.6331251048232,14.963044821743319,0.047566119865950045,0
NGC,1729,238.58762409462634,8.82477710566022,284.6546929538072,14.935670166236521,0.058325215445422865,0
NGC,1730,269.6817051448471,26.766866488345908,378.9415084087076,14.603488850048043,0.05457240614378728,1
NGC,1731,255.18433479181002,13.519713319029725,511.4535387230228,14.873210388695401,0.055524065578869096,0
NGC,1732,219.00775893070607,41.36808092102944,389.84080813136944,15.219255148726686,0.05508735005411805,2
NGC,1733,216.65379423031462,35.80873204169929,271.73332800610933,15.474745995010338,0.05570855581522896,0
NGC,1734,269.81508719017984,39.2092888387597,393.6595886125958,13.261434333833108,0.04768312092245041,1
NGC,1735,247.53132538965053,7.8001752295573645,433.5830562020279,15.448304957533733,0.054682528146125106,0
NGC,1736,203.81948925095975,-2.8465969234029878,644.3440632401495,15.268526103628512,0.0520481964510796,0
NGC,1737,98.2337531471491,70.02105319218312,608.2794008481994,12.914616450301663,0.04349878068228804,1
NGC,1738,236.75226125022772,35.01567961881744,463.32490668475435,15.321940662372123,0.054453451315815186,1
NGC,1739,170.31311832515289,-6.977891119704528,557.2522266947303,13.121426152288844,0.045587928681017464,1
NGC,1740,196.3102963009111,6.4430622070434325,628.2798870198669,15.594514707835788,0.05717858182989287,1
NGC,1741,199.37843110829732,-4.669481359297476,501.14987346388415,13.944199068526801,0.049936845665033286,1
NGC,1742,240.75397510888038,7.211971389676667,492.2646900136926,15.550795569151026,0.05720275708864838,0
NGC,1743,196.3710725848369,6.562059549702878,508.73899837702686,15.033103293483613,0.055894156493401306,1
NGC,1744,171.56465444058867,1.7253604636056465,430.65367340594264,15.732149581239758,0.054855890777165545,0
NGC,1745,268.5190576493301,34.46499271933832,279.053788255976,15.149529622057663,0.06060263664379737,1
NGC,1746,192.40863445747848,0.24903912433611672,587.2046070545382,13.004419619998814,0.042916730636176514,1
NGC,1747,113.79897005438477,29.527118442200862,539.5835167433852,14.649875296153116,0.05243237758544236,0
NGC,1748,219.88594442199073,40.004812855027765,111.24013925691555,12.351334962864087,0.04140232398905032,1
NGC,1749,158.72051949161747,-7.311946545811937,603.9153710844458,16.19437475994335,0.057311894493233616,0
NGC,1750,177.24474625623614,-0.8410990575450268,655.9774378741656,16.08480957983746,0.057245074779795624,0
NGC,1751,262.81243869505306,13.145224727183148,435.6504335297937,14.788500110838259,0.05188695829142223,1
NGC,1752,233.02274630929884,37.14288869571937,247.8695545348908,13.723257278610516,0.048693521348139555,1
NGC,1753,94.06436238428732,64.49218259290319,661.8282163110076,14.240497268579144,0.04855350953513735,1
NGC,1754,-88.71543908897532,28.984212628814227,417.3509828916375,14.576996652642439,0.04979040838536309,1
NGC,1755,214.9784388432973,40.69090457525012,368.50766290454993,14.45665494784035,0.050036132630886555,1
NGC,1756,146.93725685166967,-6.571280638983165,366.55864885492406,15.068101521509103,0.0554831939803729,1
NGC,1757,139.8946179391545,2.1714884048695713,659.7831015204398,14.609646485348918,0.05246742850846262,1
NGC,1758,247.8451565231536,3.772170684048915,667.8003347856896,14.70417020565539,0.049269439096402315,1
NGC,1759,213.1696604197394,-2.261542616651985,544.644402324782,15.613381071118011,0.06124761567943659,0
NGC,1760,214.7186439731223,2.87570354684671,416.62293527574917,15.163882570102476,0.06238608169652094,1
NGC,1761,155.47491185629937,0.05972951670022879,512.8860971905599,14.599835543522996,0.054802630611914815,1
NGC,1762,173.8822137282947,-7.481838240353247,265.1364362249245,13.83331299827742,0.04964942924520563,1
NGC,1763,213.0760267238734,39.086303305886126,255.72440472748315,12.351273992135534,0.04035556696164123,1
NGC,1764,159.49256980175605,-4.352481874201315,635.6174431894758,15.475703749620628,0.05222935713439317,0
NGC,1765,221.95858677847457,-2.541708706968808,576.9032395523977,15.236662175146385,0.05512815121487684,0
NGC,1766,128.76015477002005,-5.674546482565294,387.52752380753753,12.6296447039516,0.04595410482699179,1
NGC,1767,259.74027789296053,15.313000499191181,552.8456607423434,16.198944450921452,0.058139965925963794,0
NGC,1768,144.47647007037733,1.5663244530495082,666.5363104861956,14.943917270906713,0.05143341606587941,1
NGC,1769,254.3693471999069,13.520723792739748,567.5172701107059,15.511297924819996,0.05270676528972463,0
NGC,1770,139.90217725913604,-3.69854296308411,577.6314015811677,15.808625583240921,0.05573382130671372,0
NGC,1771,216.30671103739772,-1.5419025103808326,634.8264321941342,15.577175342488685,0.05457744805489405,0
NGC,1772,224.60580145599968,43.75381504233515,605.775941064688,13.1694070988037,0.047143209611790776,1
NGC,1773,149.91795434346722,-3.7330957883852918,656.8380481742684,13.90875104893834,0.04726137558331448,1
NGC,1774,198.02013871771962,-8.517165800895498,590.5020178090913,13.496126436932657,0.044211005958493074,1
NGC,1775,164.07122271911385,-4.917768853383161,251.05179172157042,14.87909987468543,0.05451143329312471,0
NGC,1776,165.44158133767507,-8.974756033626498,639.2714343367909,14.336125639526026,0.053324325403542185,1
NGC,1777,249.0927900171452,3.6611500173378393,469.744820369728,15.857430059713417,0.05889943391998209,0
NGC,1778,107.72882625293389,68.95158007736414,521.4750665808332,13.676658779208106,0.048615959767099384,1
NGC,1779,172.24529112834728,-0.5075917043079229,318.812810320577,15.08630063602427,0.057229868554891296,0
NGC,1780,170.44575141918315,-0.5201422899973623,342.49992239829146,14.837862717300695,0.057552908824280234,0
NGC,1781,228.20352190173966,5.6301967674563125,666.6573761301173,13.722695971856695,0.04774384078156565,1
NGC,1782,189.12229494431512,-7.171318948913893,532.3300098828665,13.971439926540782,0.05169522678344118,1
NGC,1783,240.51071660710448,33.80323887964512,494.5579115671876,13.758037180663985,0.0497682793262234,1
NGC,1784,245.1420563316914,7.926127682858718,669.1171959605143,14.694311478586515,0.054446914067935274,1
NGC,1785,110.05879014355295,38.92329638583691,296.8499775185063,11.978641539477808,0.0379037878751154,1
NGC,1786,213.57700070350563,37.43281423538764,577.548978718225,15.671942536807775,0.0613009329414366,1
NGC,1787,204.1417909037304,0.07419763676571065,315.4501012904531,14.722009067569937,0.05816803058468876,0
NGC,1788,249.32587602964344,4.154816098765056,141.8466951779426,14.850646979415046,0.05488173923497027,1
NGC,1789,237.44290097185583,34.63779387979749,630.9575050638496,13.709126063058878,0.05290365291821296,1
NGC,1790,237.55697066339462,0.06769395209641572,198.88777292606952,13.507793054838697,0.04998980999598061,1
NGC,1791,230.92439555839755,36.32650762523892,271.82734021537544,14.201904412106225,0.057177533694006036,1
NGC,1792,192.82637087009908,-2.379384322577796,556.2010021450366,15.490902511450708,0.05815917730397962,0
NGC,1793,216.4781667841428,-3.701535405298263,428.2220024353812,14.603729337623323,0.05374072746422204,1
NGC,1794,152.5408588892983,-3.902240699601124,601.3576745534505,15.663921509988045,0.05721333489833563,0
NGC,1795,130.01686441446756,3.704976122513433,161.5883898381427,13.60980671876374,0.05219971592353842,1
NGC,1796,224.98919592618324,-0.5379142060659052,419.82559513184736,15.312136011482686,0.050836698253335366,0
NGC,1797,98.37711438143549,60.629998642191865,661.0679748930145,13.453618722106635,0.04587979739035924,1
NGC,1798,170.75586396869178,-0.16243911652932735,664.0835356081972,14.99315024558209,0.056210554967203744,0
NGC,1799,191.76915418166877,-7.949687413512741,421.6114535863553,14.475525801873317,0.052006677569990584,1
NGC,1800,142.57322796049476,-0.31309893756860613,508.8944351665461,14.687808686036,0.052886247544248595,0
NGC,1801,154.7016474622682,-1.869241343731971,553.3160503115125,13.990947574847135,0.0483854887004652,1
NGC,1802,218.03732153936483,43.2547034196373,636.4382132012038,15.146997216377816,0.05561624879158269,1
NGC,1803,118.15176316669373,27.05424334469211,329.01130556476915,14.037523579262347,0.05152171440209956,1
NGC,1804,213.35065902589318,-3.3050708385942875,255.20513594467337,14.19618863341768,0.04648568643166968,1
NGC,1805,106.87491218439358,38.365528051086734,644.8974426384766,13.708648356201653,0.05293424890101358,1
NGC,1806,111.537815072845,31.206933545845093,359.6137069317236,15.114299254912071,0.05681436931163923,1
NGC,1807,108.78158569102548,34.19433298441256,525.549481167687,14.756483767624612,0.05735453729997378,1
NGC,1808,-89.78453294520523,37.37072828771817,569.9270324422854,14.808950230608657,0.05587033760613741,1
NGC,1809,179.01869745978647,-3.9264731483341446,440.48356958059406,15.095756712765947,0.06197620029190914,1
NGC,1810,142.71946911383435,-5.13013462196232,596.1069895588419,15.742935801629049,0.05991553254112576,0
NGC,1811,229.07301724915726,5.85211630038884,381.02702884992846,15.05963133473275,0.052806474052901946,1
NGC,1812,258.75797951634365,20.047411888595306,420.51840176133004,14.525435057868794,0.05016355953286754,1
NGC,1813,218.46263844935768,38.005872677359285,497.90429320248467,15.629395925912352,0.05480434892989154,0
NGC,1814,223.6483175629657,3.079136619716575,418.56050468828755,13.368652682265566,0.04985679262877929,1
NGC,1815,251.9814610321933,6.079111268933515,325.77360452706205,14.048100522451039,0.048195611221910635,0
NGC,1816,143.91229845927356,-6.273816811276743,533.3662821057529,15.533359693141799,0.051098849743031735,0
NGC,1817,131.83460584833608,-5.067607473706668,620.2163486577036,14.962794243564758,0.05558772523792762,0
NGC,1818,143.07756553838857,-0.2661342620365545,587.4965468626882,15.808014290550112,0.052968102683125975,0
NGC,1819,217.2191258497898,38.63626243194715,629.3458062384088,15.552899135971769,0.054209136953135194,0
NGC,1820,109.30104304778325,67.17856141937368,432.55805932079767,15.32756533723757,0.054979304396174086,1
NGC,1821,199.22955121084857,-2.572683380130916,458.7489043665921,14.420803853132513,0.05254548628642588,0
NGC,1822,228.0500079750604,31.815192960575313,432.6509569778303,14.353303931159608,0.05147432026446971,1
NGC,1823,175.18245712096498,-1.4412580283507008,617.1559396891496,15.046386902102702,0.0551799613489472,0
NGC,1824,146.42524451506654,-2.889283628253656,669.4323439742191,13.954145733650543,0.05076319000831509,1
NGC,1825,214.0316153055478,2.516849021180451,579.7482162500129,15.573929327139345,0.05735731854485108,0
NGC,1826,250.9938949635033,3.3539892147701615,351.0643588436831,15.680452011345926,0.062133809795582626,0
NGC,1827,170.06605811369334,-5.293925747811745,227.1764481769918,12.936790601244102,0.0447936481778321,1
NGC,1828,150.01206118899026,-8.11645009244633,589.3501381815742,13.519669908885342,0.044439003669646496,1
NGC,1829,262.2238788801459,14.643803722497013,163.40093961356425,13.99731771273047,0.04904213142485851,1
NGC,1830,239.90984326984238,2.4416558560265553,424.3846242820392,15.846916921008825,0.05851620535016947,0
NGC,1831,215.19894709590963,6.165916178533946,473.0183012041983,14.518494559061345,0.05298684084681771,1
NGC,1832,218.21812062396293,-0.4022229281582321,581.6898259804592,15.347181037931929,0.055038597084837285,0
NGC,1833,127.2687396760364,-3.376840077041052,660.0348359156029,14.434520199431285,0.0495609897606531,1
NGC,1834,219.75763588267057,35.414267799284765,565.7851294606274,14.977557808824692,0.0553060164796665,0
NGC,1835,245.9312198462179,4.925310749383181,607.9561922842478,15.919971743394518,0.05138447449206655,0
NGC,1836,229.07893380389368,31.590639958747296,632.5227920673459,13.044501247569325,0.04540246473749943,1
NGC,1837,123.85279779555847,7.488728169773129,200.14466707060927,13.60668643743103,0.04836723143311364,1
NGC,1838,223.8887127946085,39.18640224772849,670.4500109264716,13.270311961983298,0.04714312197709561,1
NGC,1839,-70.51738886436205,60.38635678838573,568.8103976570375,13.987369262377769,0.0548128559092083,1
NGC,1840,194.9683320185817,-3.6967354235014205,430.87622969834183,15.389257451028712,0.05791841012395425,0
NGC,1841,201.03006583273918,-3.3917782602548683,651.118432628868,15.022123500579283,0.05051634998888902,0
NGC,1842,156.2866041885022,0.3503625607463172,354.6245647998658,15.454260201466354,0.054462637197781376,1
NGC,1843,151.50449981941745,-4.007219249366574,529.7592592274267,14.883691219051089,0.04869793970623077,1
NGC,1844,142.98750201927464,-2.696437255320876,487.1040670080686,14.6582004797956,0.05552678438825077,0
NGC,1845,228.442351140244,31.663444989479405,655.4867339495297,14.056010864326879,0.04860076560257631,1
NGC,1846,169.12623077970187,0.3265009882158081,573.4538754849484,15.575547923595424,0.060192238881644544,0
NGC,1847,156.2973994131549,-2.0020158164659816,598.2640602536242,15.681795480970809,0.05330743585050821,0
NGC,1848,-72.92884262567637,65.7311769772108,398.1242595864175,12.2601102892464,0.04114588143448691,1
NGC,1849,-69.60862172612984,60.63820448556965,617.4830014724598,12.052289526448893,0.04134846981072781,1
NGC,1850,160.74715649523347,0.4189766043501664,651.6057076083341,15.734944780215327,0.0607089024473676,0
NGC,1851,177.73828159648107,-5.298816737693136,668.2825688699552,14.186878102678412,0.04959679741720682,1
NGC,1852,194.61634123069155,-6.537662169673172,642.46378804596,14.986815906621276,0.05294262861554454,0
NGC,1853,217.4485559028789,5.023992138534761,579.0372287478759,13.92181756145261,0.04670401382081751,1
NGC,1854,136.52904454820919,1.1305142225552904,535.5179099150059,15.200546085727742,0.05759295295606681,0
NGC,1855,237.12560866202108,3.2194267947726143,387.6939800719681,14.609123692329696,0.05262409884970939,0
NGC,1856,194.84579817455705,1.5288274296334545,670.4066736586132,13.569801934953231,0.046900836323481444,1
NGC,1857,209.62745650745305,2.63794397588978,447.72814503029844,15.478488755749087,0.05635394578256526,0
NGC,1858,161.10187327463447,-2.848046341514381,564.3831983526557,15.584807672791452,0.056195158305694035,0
NGC,1859,156.6215411749669,-6.551285197914106,553.2613173876313,15.635141747787726,0.0619542678221959,0
NGC,1860,250.0517056994554,3.6964885373001035,661.7255441391799,15.062750573152938,0.053274988121539434,0
NGC,1861,156.15708541514738,3.088939016785214,335.3625758761652,14.736729953546375,0.049645920156324734,1
NGC,1862,218.06272486142555,0.11110304742853148,479.13409907189134,15.603454087178,0.05537604359690133,0
NGC,1863,237.94166920280787,11.149227618710512,490.48064775161134,14.941660195507446,0.05300607357389836,1
NGC,1864,-69.10508258897441,61.871688722216874,465.22771767816465,14.104061423985879,0.056199432053269466,1
NGC,1865,174.05410863940435,-8.168979479704065,396.8815409427157,14.703299058978663,0.046329801652102445,1
NGC,1866,113.08855082973172,26.292722748330814,549.7533994563794,15.12991197558298,0.05267146216120159,1
NGC,1867,262.52847983340604,17.98142087824002,478.64701773872054,14.947185944592276,0.052338676571846605,0
NGC,1868,160.29071918279737,-0.5744588006290605,447.10105023720126,15.590542213594574,0.05159563840846919,0
NGC,1869,265.35780694996765,23.628228008424735,175.35815065961398,14.570139470107819,0.04723522147169873,1
NGC,1870,225.65279919035822,-0.9984962177728609,374.538084820811,15.912064969956061,0.05444856128388751,0
NGC,1871,175.9492894217206,-8.468394645875586,543.7074925767317,11.747293321755174,0.03998877343526244,1
NGC,1872,200.66570137439882,2.8762634052413545,578.6183532158254,15.675155371190364,0.05589931592431442,0
NGC,1873,219.09012664719518,43.74604882849076,651.4204794263242,15.897377628679699,0.0552545859938641,0
NGC,1874,128.04997587774932,5.0430914500721356,669.1528694317624,14.035871747815882,0.049953002167369163,1
NGC,1875,-70.32751739230879,67.59739749249515,638.9735537388311,12.722019778308976,0.0420519996612902,1
NGC,1876,138.27446815976316,0.18060239791351712,613.7879302463867,15.191426905825862,0.05705796762292065,0
NGC,1877,221.39218406870168,42.18354380348403,669.0119660665065,14.775664871187791,0.05661354835613329,1
NGC,1878,211.1421503032282,3.87684078856646,422.7250388335801,15.07250938195269,0.054732289853079624,1
NGC,1879,269.6067637499712,30.250465952949895,504.0547175686345,15.441439661504704,0.055365497275277106,0
NGC,1880,258.31320831753203,7.977941511433558,580.2978301480903,14.753151115136728,0.05485327421103367,1
NGC,1881,236.28855764859378,30.103892430886397,617.6481884137696,12.447519118648215,0.03973638377248753,1
NGC,1882,267.8095319277419,21.75420759431301,540.1178048910407,13.771794025111332,0.04997883130641709,1
NGC,1883,112.85120662697129,66.41883850135991,661.6446486380397,13.01302613877174,0.04355932035674849,1
NGC,1884,143.18267080655608,-1.1678774123965276,459.41228864825325,15.356736130128734,0.05485190048069389,0
NGC,1885,145.41169258576738,-7.757190849871299,568.5861950443292,13.64763985908796,0.04376875553737219,1
NGC,1886,215.09468997017672,40.39367311495862,535.884564307535,15.564097968345997,0.059090445107689106,1
NGC,1887,214.19848717353662,3.1029168467817945,275.0929979031316,14.672164642231332,0.05280866511797684,1
NGC,1888,133.34225730884634,4.455848342068026,468.99694726591616,13.928501703116389,0.04929296943481525,1
NGC,1889,162.61388664218845,0.09313645511560333,350.16703017146006,15.124559365895893,0.055132004325544465,0
NGC,1890,252.3703687288624,2.3060108746624786,667.9551383907017,13.048580656722956,0.04806640507363988,1
NGC,1891,269.6943536614647,39.22658239266482,551.5890497704362,12.927877022950264,0.046194952328231856,1
NGC,1892,160.65167995649938,-8.135235908168795,638.2451650331175,15.6321841053904,0.05884462170963431,0
NGC,1893,133.88524989983077,-3.263449699804526,588.3685905787726,14.863492733892903,0.054344502500306834,0
NGC,1894,231.48103381012666,37.02822076127826,600.8533065629074,14.778674622635037,0.05436255211326894,1
NGC,1895,202.75144944189063,-1.4129433681556738,629.0750862287456,15.79235361322412,0.05726542779983227,0
NGC,1896,142.3818824205096,1.6140829650470305,570.7114401304282,14.132454665131775,0.04505198740051477,1
NGC,1897,130.87706646454612,-6.491797669115158,309.00435054482585,13.79331659400521,0.04905033727413376,1
NGC,1898,204.6153663904893,6.6359048224826935,570.1152395801499,13.806630818916814,0.05012544856584551,1
NGC,1899,214.30027042967615,32.771092851524614,366.2276437216855,13.994868522392224,0.05183429420388068,1
NGC,1900,127.80648744559366,6.614042969136853,502.48029387777336,13.457203224105518,0.0518784620529691,1
NGC,1901,-86.597046571833,43.86879285559321,631.2752013068081,13.671621282693998,0.048646880007635486,1
NGC,1902,137.97752434563233,-3.3524890580385436,426.00689333679975,15.35354503819035,0.05624962216875996,0
NGC,1903,245.78364368441004,7.096581955733839,495.88733231277354,14.621858503746319,0.04919001377203658,0
NGC,1904,269.04696291970976,36.68446783182473,382.1870043543928,14.359981134824228,0.050433999661404806,1
NGC,1905,242.61516913921287,31.385250235015437,479.79931023935626,12.876658357575971,0.0448991767329992,1
NGC,1906,-84.60794248430913,39.199919794782026,374.27407775300003,12.914257421691039,0.04650023903858655,1
NGC,1907,246.12483994197015,-0.013088743376364939,370.8565684803204,11.50327633127874,0.03686949812713261,1
NGC,1908,137.11493900073032,-3.605188965778666,392.7129703453299,14.66905545477101,0.04833289998522909,0
NGC,1909,206.5449329046638,1.8739540903065106,300.92063452402533,16.542637966173633,0.05731332583654468,0
NGC,1910,122.8805543633427,9.840175550357781,403.74900323013094,14.567630074618137,0.05248519246289462,1
NGC,1911,213.541467759009,33.034008360440474,457.6658400177973,14.143116058643418,0.05343423780796755,1
NGC,1912,144.15272889889684,-3.473781954880283,544.4473160601631,15.146919631953642,0.05400471841308365,0
NGC,1913,207.8430668996906,9.338819850184587,657.6743977737796,13.624297433772293,0.047230868682894625,1
NGC,1914,130.35052284712611,-4.965164012014463,579.6728046851479,15.524480966683653,0.05866510250589563,0
NGC,1915,231.3375704801441,7.044878457867752,601.9390858021628,15.683720404909728,0.05741290396440597,0
NGC,1916,267.1543349179809,17.241531884520352,568.3095312161894,12.31762359742174,0.04016517407612264,1
NGC,1917,247.13514989987826,-1.1067518377924535,666.7114270620551,12.688403378747267,0.045622717527475584,1
NGC,1918,116.01407352756883,28.916018471767135,536.6937510144086,14.03599562675633,0.0468709439939391,1
NGC,1919,227.16547136083918,0.03689564453365722,314.18879192597757,15.698132002245485,0.05827236839241972,0
NGC,1920,174.92760294608019,1.2539992751491478,537.6800289472096,14.712916103481454,0.05348036182228684,0
NGC,1921,241.45384137540327,8.44740187265334,439.75642344581735,14.556415788763026,0.05071559544953404,0
NGC,1922,261.7937726751775,18.03790270229525,435.08561321884554,14.86163155896037,0.053587554987586786,0
NGC,1923,198.82312373542402,7.362614077658243,665.514572568906,13.355136897830324,0.04665164149951813,1
NGC,1924,247.1389247623702,9.200202417138133,669.3314853738542,13.720447557328763,0.05303397955010234,1
NGC,1925,216.79940556458422,4.854976600547897,474.60519997371534,14.872963972139363,0.054182111300010834,1
NGC,1926,127.48523817176644,0.7553719827099722,658.8075089544357,15.743214023460533,0.06022245578946737,0
NGC,1927,214.31232577601452,45.399146204393055,491.22399731226886,14.7346335928094,0.05437601978225665,1
NGC,1928,118.94710074983871,25.360524982182515,375.9963777739531,12.614183985716167,0.04770620545191446,1
NGC,1929,137.0630322092257,-7.2849371016456,573.022196909815,14.445631669658306,0.051020594389104654,1
NGC,1930,172.2027036243759,-5.344125183337769,558.8516441127778,15.10648303128453,0.056658423260230954,0
NGC,1931,134.40682174633577,4.322685675638213,648.2097727820588,13.348813208885192,0.04877694566389265,1
NGC,1932,235.7988851621506,2.889012826224688,670.3760194686776,13.102078274914401,0.043368941642053356,1
NGC,1933,138.18363545804883,-3.3361243723860436,469.4603251998143,16.08067432832972,0.05919969272595357,0
NGC,1934,239.2266415548373,-0.00044335289316029366,418.20271429297287,11.546537067520289,0.03629540539488562,1
NGC,1935,93.47029716439317,67.0007914393619,567.9033953005692,12.772268689898711,0.045510717546886605,1
NGC,1936,168.3767479559444,-2.26287977759549,456.53721388205986,14.656793786361632,0.052079091253550557,0
NGC,1937,238.3889309118031,9.33334168894498,509.0048748749963,15.469521341421512,0.055903095056567945,0
NGC,1938,125.08376702414262,8.184042695980478,602.4793915254421,14.169268627222866,0.05317564769113777,1
NGC,1939,248.732966139065,1.8689917119918642,500.90231728526334,14.198125805738714,0.049388053965963255,0
NGC,1940,208.85157971009366,51.957831013834074,559.9632602365226,13.375153483377726,0.04397277517137512,1
NGC,1941,170.2167350909565,-5.6569396120647175,317.63169455682123,13.653436409649446,0.04830012051042128,1
NGC,1942,196.6123440155245,6.407118290750872,297.61391042280803,13.57241765198347,0.05146601899689695,1
NGC,1943,226.93024189288536,-0.6965769807518106,578.8593232007023,15.478804900025061,0.05487854987487963,0
NGC,1944,124.06684362981566,6.564064992127181,414.4678271653951,14.245419307282695,0.04925567370047818,0
NGC,1945,116.20925615771748,25.549638085803714,654.0382674443983,15.82761333389494,0.053427712133138176,0
NGC,1946,213.27245556649297,-1.0468842029614625,449.5313278124842,15.4271719422991,0.0558062020298279,0
NGC,1947,134.05405688963504,-3.157563720218576,321.4133240748797,15.58488581846113,0.05988488690203138,0
NGC,1948,147.08423362616202,-5.230553332599881,605.515205813699,14.534934589245134,0.05475866207379516,0
NGC,1949,265.43931115900045,24.738864338624364,460.331665105622,15.193124667269705,0.058786417325330784,0
NGC,1950,210.35869828602495,5.558939003512146,290.25768915733596,13.256062046112355,0.042410873005812026,1
NGC,1951,225.99736029333332,-3.961243310587356,283.6267139445997,13.48108943383616,0.04345161725834575,1
NGC,1952,252.2296061632389,11.449433398161034,636.6741821455199,13.515063371399126,0.05569570945508771,1
NGC,1953,253.36518799513465,15.172565506155019,618.823797721223,13.334050577910599,0.04883124239429649,1
NGC,1954,129.486844232669,5.721576017534311,608.637649556537,14.085970540468088,0.047301984220950624,1
NGC,1955,145.51395165109963,-2.406470239375242,525.4594222737383,15.428961785341142,0.0562983376306851,0
NGC,1956,117.7567743798464,25.555188577295272,643.8859405397473,14.971557474540539,0.05758691110593055,0
NGC,1957,129.6076905827413,4.643929388013286,470.2341811717863,14.89156204604625,0.056733030939069805,1
NGC,1958,208.1706588788868,8.845693982051197,458.22577469538413,13.943948766610053,0.05267106086394638,1
NGC,1959,159.76322331621319,-6.221005692756153,532.4960076179603,15.620091565548872,0.05534612460281793,0
NGC,1960,214.2507083213192,7.41872410941076,544.4875486557544,12.131793007444443,0.04087843867314863,1
NGC,1961,205.77493722126536,9.100751269028638,538.4318718449472,14.173583172743681,0.04717918008995864,1
NGC,1962,166.5508238431256,-8.22338998514685,593.6770464338503,13.370012855983171,0.04996297660212685,1
NGC,1963,166.43747565496886,-6.166819323087686,598.6021646622486,13.060857973720145,0.04595419781665428,1
NGC,1964,127.83216102613409,7.0835062228670305,640.257967383901,12.820459771010698,0.04292331481304227,1
NGC,1965,238.74141313863575,33.0790162591139,670.5395025557154,12.572292919169472,0.04280570547605477,1
NGC,1966,264.230180986679,16.45350620236814,559.2320615998538,14.974394066357721,0.059250558325692655,0
NGC,1967,241.30350791220286,5.806465105080636,669.5399086489646,13.993667934392661,0.05019467293444362,1
NGC,1968,233.7581392651033,35.11673812512709,469.53134677570114,15.533100533196206,0.05517065621904779,0
NGC,1969,213.14853956501963,-0.7946528718515179,595.3832203720473,14.607304415349397,0.05464200198096935,0
NGC,1970,262.87722816558,13.14117781468781,509.45321822995277,13.267281659922434,0.04418890692243415,1
NGC,1971,253.707157431557,2.9173183837716707,372.8767585227901,13.900756510249789,0.04488507537626439,1
NGC,1972,160.1223973607429,-1.4579587197357282,629.8023296012295,15.501302713701358,0.05309610543723825,0
NGC,1973,131.18807715168595,-0.37322363589832425,418.3224011236093,14.974390203998585,0.0585244101379783,0
NGC,1974,201.22257393341937,-1.5683024751763148,502.08546596594255,14.583930282167422,0.055402953870111134,0
NGC,1975,253.60181876036555,7.194771933362598,282.83549872840763,15.02935223566758,0.05529582204404134,0
NGC,1976,187.2451862452477,0.24561653394248806,251.28273705467356,13.334718198588005,0.04911051433175621,1
NGC,1977,234.77335903230994,3.4235092381413197,501.8533724124522,14.759983017449736,0.054271872369752686,0
NGC,1978,125.76005241398391,4.157410182100913,449.00735910486446,15.61561935570222,0.059637071645805693,0
NGC,1979,162.007860744411,0.5693616565823076,625.6305228946998,15.598482795484744,0.06110130065601821,0
NGC,1980,253.6097265749193,13.978806818924374,302.9320626901253,11.78821181609996,0.03891861001975553,1
NGC,1981,244.1238420796152,6.511072701180348,587.6119161272004,14.175955050719425,0.04858560008016116,0
NGC,1982,211.20968349425803,45.440783087407326,514.1858966630458,14.016686529123502,0.051497191518681464,1
NGC,1983,183.33935640065496,0.023455687957935893,669.7584303767735,14.696615743137984,0.045919963737706265,1
NGC,1984,235.65436377021285,-1.4355988409929339,579.8426335264519,15.306223741183638,0.05626901444801161,1
NGC,1985,138.44470047330498,-2.7206135464150734,274.7309282943718,15.519424370502959,0.05990185020435284,0
NGC,1986,226.65155587090885,36.4611763639939,398.4023253787237,14.778701614041623,0.05727654037584365,1
NGC,1987,268.57173947188767,34.488764760018185,237.17859068006794,14.41744225986059,0.0476084977319544,1
NGC,1988,207.30607119481152,9.249177782632746,602.0046416215015,12.746164110461764,0.044010037172935924,1
NGC,1989,114.69791909587654,22.091921851605456,556.3717065028012,14.100974056405148,0.05267318792517902,1
NGC,1990,222.8204494702269,34.8751463897357,669.3298818933306,13.09891248471031,0.04941880763981296,1
NGC,1991,209.10176305364692,7.230382067113758,563.1795961856774,14.880017690412055,0.054846007498510534,0
NGC,1992,217.89399303056553,0.4335059948326938,558.4461797182431,15.073447820394922,0.053227299110838795,0
NGC,1993,227.15865523557954,36.43413447041552,660.0841943456358,14.592501789031138,0.051436017012540504,1
NGC,1994,163.6885791344369,-8.80970949216504,596.4300528231179,13.994459736950263,0.04819454684072057,1
NGC,1995,97.21910349369776,62.19677369143378,402.46483861083595,11.523097306871701,0.03555829866992717,1
NGC,1996,138.84253146094903,-1.2187045622118329,643.7179642944794,15.837251300629827,0.052098537633865495,0
NGC,1997,121.76708866014634,12.195578270138213,584.9049455899411,13.576665141203772,0.04849376058002061,1
NGC,1998,244.42204459962028,2.3690339585039317,538.9579566480013,15.477543294581556,0.06121619815695583,0
NGC,1999,186.77731685857256,-1.2865208868263067,610.2278518545456,15.359052980971741,0.052262588493982305,0
NGC,2000,-71.71443551123623,66.27554349121054,376.1602403563601,13.829454505172311,0.04913935705582999,1
NGC,2001,164.7228070861566,2.536176291139388,391.6391700407419,14.674378796993913,0.053308048111271,1
NGC,2002,263.99918205845165,13.950552264546662,316.6002971251929,14.712931036341367,0.05093333356459312,1
NGC,2003,137.5833903086408,-4.51035389105767,652.8715014747588,15.178567455024789,0.050272445001258874,0
NGC,2004,268.6190947284952,35.31681057171909,547.4364416716396,15.203264412672908,0.05351364840065745,0
NGC,2005,188.8676838838546,-7.281796110914083,572.00645433546,12.872878543759146,0.039803480669505745,1
NGC,2006,229.86642637328208,6.706655704155072,640.4169575144307,15.137404419124561,0.055067716177542136,1
NGC,2007,158.72254217508748,-3.0093712541331943,662.3386990893227,15.45822068468274,0.04968473088976086,1
NGC,2008,185.798819400913,-2.581849258437416,592.8813410853764,14.395129456126194,0.05142752309377285,1
NGC,2009,164.7564954028815,1.9381896202146,615.696196054126,14.651715451031123,0.05506435186223818,0
NGC,2010,112.96304721962768,27.248960720450953,301.9685133528274,13.650084819007343,0.04636388219470944,1
NGC,2011,125.644847801917,6.968216062664668,342.5773764083228,13.255793528124071,0.048378474718276644,1
NGC,2012,114.68667088483237,26.65985173565587,342.92671284840253,15.301320732463989,0.056376098486970824,0
NGC,2013,219.94728511598802,35.254754070442445,605.6944790711431,14.985942105143948,0.05391632849238253,0
NGC,2014,157.86720944220008,-4.73544103178513,474.9730109146889,14.784505763445173,0.0512323934621791,0
NGC,2015,236.76582256461944,0.7565041384931549,639.3197173564574,14.850935329239167,0.05471670108636436,0
NGC,2016,239.82170541379446,1.625376788604878,658.7911656059224,15.342904231284907,0.0561199829142941,0
NGC,2017,168.28203717627989,1.9527461606666667,355.5166526499712,14.000332843533382,0.046212651123680074,1
NGC,2018,239.5788401120317,2.793017561004386,396.5887381908418,14.300338884162208,0.04952485361394056,0
NGC,2019,-67.86906708282223,67.70398838957495,520.8674984385899,14.005672739955033,0.052380842587360116,1
NGC,2020,243.29408911153604,9.023536949249529,669.2396915367915,14.279273711925716,0.04545620854053365,1
NGC,2021,260.73045014529623,8.810110954933819,591.4111700588362,13.57398015927903,0.048289749640057035,1
NGC,2022,107.826780734192,38.72314092680183,444.7683625816577,11.737813037921505,0.03726855718848677,1
NGC,2023,134.36180685339494,3.109959465410567,268.08828585967586,14.47026974762534,0.05311001623960734,1
NGC,2024,246.60266880226277,-0.1139874894873063,342.06281388749136,13.558778335450551,0.046815836779710115,1
NGC,2025,196.07165452231567,5.641824310325707,666.3439390025728,15.097009841085525,0.05583732513387968,1
NGC,2026,215.94615673953388,-1.2541879486764345,418.24748149921066,14.718493903473167,0.05245613109666881,0
NGC,2027,154.53354673986826,-3.8310315016914855,386.9694512397032,14.798314901370672,0.0544787909471977,1
NGC,2028,256.5846057500727,11.927406393039597,598.6566438716615,15.234802289308755,0.04780267634753471,0
NGC,2029,188.16840477526165,0.034723399721407894,594.8282094905387,13.423182228031354,0.04812900709798183,1
NGC,2030,256.5779685068934,11.083415615804059,224.05388871164,14.378449916268947,0.05396068119022195,0
NGC,2031,113.43675505960799,24.47686938101774,501.2522196512032,13.260974800490263,0.04229927189634793,1
NGC,2032,121.37487103131292,9.67503065782894,490.9163849412965,14.759168524919245,0.05509832911999023,0
NGC,2033,123.94282661244348,8.784783349914504,302.9014633509793,13.62674136867473,0.05046061677229353,1
NGC,2034,177.25894306072138,0.06081538010853253,569.7760095893019,14.79418564377131,0.05116336105684408,0
NGC,2035,268.9658203545051,28.22176911362878,563.9972647256444,15.338691805096182,0.057354673848861476,0
NGC,2036,139.4092493754747,-8.775809282988737,574.5405562243244,14.53597044160208,0.05016979539413656,1
NGC,2037,256.8140420871645,13.617735600566222,329.7752631339261,14.292977505471983,0.04846019674798376,1
NGC,2038,253.3900712804405,6.352148469178118,525.5508925653377,13.297583303921641,0.04597838856789877,0
NGC,2039,111.11283149567431,38.0422931314321,463.11601433511174,13.40353517598026,0.04799097630179175,1
NGC,2040,260.1542842339999,19.23118133705516,397.7409256354914,14.70552785807037,0.0495705417288195,2
NGC,2041,254.15789361464056,4.126205654498066,622.8184490709265,15.064359245844722,0.054912563005055925,1
NGC,2042,158.4931100703209,-1.0321719198498371,650.6186612515286,15.50136406527918,0.05924899061456773,0
NGC,2043,172.79175500641497,-0.43085656721836224,624.9590009260241,15.14391374856584,0.05960161532468064,0
NGC,2044,264.318372420646,27.792841776321307,670.9959920014936,14.068426880263614,0.053640767082729135,1
NGC,2045,231.65423952409836,8.143148706256826,454.31990963254214,13.291221161639385,0.044171357098735764,1
NGC,2046,-89.90996597473872,28.03288064108039,579.214308154554,14.867824221358564,0.056332311754494394,1
NGC,2047,214.73887305557383,34.36288058862153,256.31708620305943,12.678536039768016,0.04296925317170182,1
NGC,2048,165.88984128604943,-2.700842934003144,324.157195614533,14.78898805948953,0.04897233575674485,0
NGC,2049,258.42469303534733,11.197538962338143,532.186834383418,15.055616286135196,0.05728802429434351,0
NGC,2050,239.18127862838188,1.9697680346115807,219.96003263315694,14.731299678330432,0.05343941215663065,1
NGC,2051,204.43847326394572,-4.3648882090731105,635.2006793112381,13.148155172580546,0.048698231238353824,1
NGC,2052,145.407831983135,-7.385628217332952,266.2047882375003,12.385958920309504,0.04246769923788759,1
NGC,2053,208.92220190791852,3.104330854977436,561.4811650903962,14.60072125315944,0.05281660197232411,0
NGC,2054,254.52802059707776,15.525697381674485,531.6287666457986,13.19377376604741,0.047842589997113084,1
NGC,2055,229.12551618370333,-1.967572405041143,643.8057526671788,14.914840129664428,0.05645304291110655,1
NGC,2056,128.11779269483873,-4.152359380525934,365.0320598453741,12.662538255677314,0.04491178899733275,1
NGC,2057,257.06024020476497,10.638582001546396,328.98343116307865,15.53345135940669,0.05737029855095796,0
NGC,2058,247.79661453886536,3.6694914746222995,344.0050137849068,15.332394489306239,0.06018243905919243,0
NGC,2059,161.09789300172315,-2.8746532095379562,397.67675189486073,14.310209450661457,0.05457375944630679,0
NGC,2060,135.242041489928,-3.1733077200349533,599.5886244932123,14.672521720664067,0.05246068063915098,0
NGC,2061,146.40948003602492,-8.145878195532854,488.9450122159948,12.258859058632089,0.04062654226449462,1
NGC,2062,161.0846031583822,2.1901365167409055,577.6222537344252,14.303914352716369,0.049935838312550836,1
NGC,2063,211.94704202184565,40.052066751171594,290.9240032652235,12.599113617444592,0.04234284475406374,1
NGC,2064,265.12972850084236,25.97571144641124,422.5678603727412,14.874522372871395,0.0526937962833306,2
NGC,2065,234.65397823512654,3.118552980385769,74.54951041309522,11.298932266970553,0.036076962515245836,1
NGC,2066,126.06819799109601,2.054984508130084,665.9965312069168,14.43654406196219,0.05012692254982181,1
NGC,2067,264.72179243998545,21.01171498609198,563.6098473415759,15.327392760095366,0.05545642582970949,0
NGC,2068,235.42153448365386,-2.2986919632261444,644.6719046560205,14.747169138383253,0.05280181947125048,1
NGC,2069,135.73756093425277,-2.985291563919354,434.45114030054526,15.145468771501042,0.05655190477606853,0
NGC,2070,259.0716298157583,9.212575920093215,347.440023293517,13.77679469358409,0.04900142432893012,1
NGC,2071,246.06060628999978,7.226437445838936,616.5691919107397,14.473515982948566,0.05333691323628038,0
NGC,2072,234.89867468112675,3.373580372287842,626.8669702036512,15.435396765376005,0.05469170197149319,0
NGC,2073,177.29461561667938,-7.81073856568339,372.6029597615587,13.520864489025067,0.04795612070276362,1
NGC,2074,96.38011301856899,67.51771316600882,244.95995374513458,12.734750558862432,0.044288841537541916,1
NGC,2075,131.89473988484397,-4.919870996094236,487.3108364569263,15.487077423896858,0.052898956349268236,0
NGC,2076,222.75293673496608,41.09688365327261,619.825852241816,14.465628595405605,0.052401728922344015,0
NGC,2077,219.52579679733176,46.385464656703796,534.56788830437,14.018782312801847,0.05034546588859949,1
NGC,2078,242.29205651521835,0.6237659054625211,375.9621285595991,11.711736558239565,0.03905474063392227,1
NGC,2079,-85.26092516653657,34.857717131916644,606.1223037106386,14.307461501811712,0.05172451445266079,1
NGC,2080,212.5805809025137,-3.404268927103788,656.7455287239325,15.187699980258145,0.05361998523372242,0
NGC,2081,260.5136816044753,15.713489391127341,614.4391187548615,14.429252303188447,0.04780978321507428,0
NGC,2082,226.77202745199065,-6.241228258591979,575.6903540628832,12.384253983276249,0.04485291735513971,1
NGC,2083,267.2539767705008,25.47412570424271,655.1905294209477,14.706329949052895,0.04952369133787858,0
NGC,2084,110.46810161240606,32.45271253638111,343.9163273884962,12.48914651565139,0.04071632609693297,1
NGC,2085,223.83188474648256,2.3323191800808196,614.2296324728937,14.972683048282704,0.0537279604478467,2
NGC,2086,256.8467714990526,11.60687894046398,358.90412246978883,14.440464409063953,0.053161393507647085,0
NGC,2087,266.87493669540385,19.832975358733655,545.4219907674222,15.412540773429127,0.051984981835613654,1
NGC,2088,232.44399457988962,31.83055873935119,620.5876846737993,11.374316953480712,0.037275231877792483,1
NGC,2089,100.73509351845433,64.84062721270467,345.35820729557895,12.446229670505135,0.042871287541232046,1
NGC,2090,125.82455032500229,0.9530164342423132,479.40298194869894,15.149162014486846,0.05322704401826396,1
NGC,2091,132.7262611564811,-4.671769806144225,647.6305021551523,15.071899182480363,0.06136443994609774,0
NGC,2092,211.99812420166103,49.81146615002439,595.9157419465429,12.048832524084107,0.03863355060626533,1
NGC,2093,243.2890696411372,4.879371779648359,554.3732669575444,14.475065252313435,0.044051066191524865,0
NGC,2094,170.06927431077355,-8.639011720206938,408.9975935513825,12.393297221271407,0.04136059370609466,1
NGC,2095,170.75035649131752,-2.954275988849423,490.4089187508507,15.077028501094693,0.05779179978876644,0
NGC,2096,158.82831784754003,-4.489225345300665,589.8192480496042,14.280985255396047,0.051535349902574024,0
NGC,2097,196.2841058976841,-0.20700030114975193,652.3759747961346,14.812476926102452,0.05853752591044958,0
NGC,2098,255.4736094276555,9.805744918450616,435.14057837274567,14.247298779688936,0.0503403015563808,0
NGC,2099,193.28115951085064,-8.0634907104846,570.1683556038104,14.108226626548069,0.04632722286293572,1
NGC,2100,210.48772618005222,2.088419487314121,533.9336829274786,14.957073060027431,0.055882406192480236,0
NGC,2101,108.29312844352687,36.00146373791544,499.5314294423304,13.240118232593904,0.04688500472097359,1
NGC,2102,234.76368001756347,31.36320605784747,612.3317426305491,14.53359271531396,0.04891263796422612,0
NGC,2103,240.5970040418743,1.6558516286306229,359.4596695603128,13.658178491542245,0.0464470972198154,0
NGC,2104,253.88496602468658,2.719669513463767,581.7314263670338,13.400401455919301,0.04758615310627491,1
NGC,2105,234.1549773542377,2.5827446946973422,392.9688675202802,15.295403870438745,0.057483473755123096,0
NGC,2106,229.1850515513533,3.9677131268768058,641.6226058595088,14.19742454659007,0.049484673236763504,0
NGC,2107,165.31735327727418,-2.418470482587915,234.34055673644022,15.152424427985727,0.057050229045373,0
NGC,2108,268.27104301679253,30.733422765169827,638.6390330031121,14.963196016008657,0.05766061103649338,0
NGC,2109,221.17563054765657,36.37317560654696,398.7848217178811,14.393449484611786,0.0520563358062377,0
NGC,2110,108.09932751231224,37.6765324349261,612.4651089479712,14.952949983883524,0.05561865114275448,1
NGC,2111,239.74516038909195,8.36468802306132,451.7818469186003,14.775975207334032,0.05479381649205152,0
NGC,2112,254.64058815740506,8.923405556801484,355.08111513215107,14.974221859412069,0.05439729683643628,0
NGC,2113,163.33711827686264,-8.031159235132058,646.4272737020282,14.438683047648992,0.05011426676141203,0
NGC,2114,269.16495008478944,23.829585549351567,557.2629461434527,12.84272470680673,0.040540299392388554,1
NGC,2115,243.44237538153263,12.840741512082914,437.9460416822913,14.831368888068258,0.05190190940736125,1
NGC,2116,112.72806524344027,30.49156457800495,572.9153695405588,14.898056125676293,0.05577482768167155,0
NGC,2117,-86.15778838534779,33.93081434923176,329.1976842491687,14.086321684381849,0.05163824443942196,1
NGC,2118,213.68394993665612,36.482294172774594,400.8061928301993,12.873315280463334,0.045031703734988174,1
NGC,2119,256.446953452326,5.6411100063145305,427.7694832025047,14.361291754163712,0.0535045183564698,1
NGC,2120,234.45698530322295,35.30732760694915,501.05670132086345,14.289549727023468,0.049487488665302476,0
NGC,2121,229.55795898674012,31.650051237895404,493.53384444657496,12.377200294841336,0.04192281812939226,1
NGC,2122,259.47613869820526,21.159043362112918,458.749096915988,14.451574058617634,0.05758414047948395,1
NGC,2123,197.44651875674393,-7.612749514478824,638.7584677375054,14.210385843731927,0.053721123903445016,1
NGC,2124,128.87613067300435,-5.612864816284146,670.6681108557744,13.289403939658047,0.046190040265906215,1
NGC,2125,225.29543073360855,-4.172491798546719,540.1790343307945,13.689598994516242,0.04974063058223547,1
NGC,2126,219.76083761164256,3.1758701392062747,559.0622050409575,14.13809666135124,0.048320266036212006,1
NGC,2127,241.18031991062065,11.489702417253133,543.9041391493028,15.11754240111896,0.052660047177337,0
NGC,2128,254.80051750279685,13.35907115088667,428.4702734704372,14.76720978993631,0.053001297498715565,0
NGC,2129,129.78194020080542,4.148622096942086,648.2658270884355,15.189368165983947,0.05685390594178319,0
NGC,2130,145.56212306735682,-0.9677437363809819,607.7121742825753,14.424524697430249,0.04973533004133646,0
NGC,2131,266.50071303106876,16.272553059644395,660.387862157151,12.782151552245937,0.044551784075344714,1
NGC,2132,238.13087165646283,31.79861102028418,487.1310498239836,13.27874499897363,0.04493147565523602,1
NGC,2133,136.8880799968778,-5.349205027790136,414.12694424291607,13.58744016360541,0.04783573753621853,0
NGC,2134,133.93126076221978,-6.385702019519015,561.4520882185693,14.96519017589597,0.05255956739620287,0
NGC,2135,164.60144646541562,-6.432458777350162,661.6840415575867,14.043420030904013,0.04992970006584207,1
NGC,2136,259.663100154254,15.319517403438812,119.26685328157008,12.114770453522805,0.04189702561258163,1
NGC,2137,215.7048157153165,3.434400417451637,670.9985564657119,13.47251389069124,0.04984916834515456,1
NGC,2138,228.1996954611664,-3.174112349916849,492.55101551372593,15.40748193202059,0.05499999020370561,1
NGC,2139,223.1429017560559,-0.682679147693149,446.1541098820484,15.92276417754142,0.05481334765217014,0
NGC,2140,164.03199764217518,-4.338673489381774,302.02292481383336,14.616714866819255,0.05273627223980305,0
NGC,2141,158.74089689774704,-5.988675289712054,442.1241208449423,14.543375127878697,0.05593994159215249,0
NGC,2142,216.68754774725906,36.41241462517591,639.4894065939535,14.683665330194867,0.05588408915592812,0
NGC,2143,177.2531806238744,-6.411973553289246,643.5217350106897,14.909415681980237,0.0552998396540917,1
NGC,2144,219.37292833613486,33.97380378307712,634.2828086655849,14.540522178428873,0.05209333395451542,0
NGC,2145,167.09961958527708,-5.1798314101926,557.874720034856,13.492944869087856,0.04383945260100991,1
NGC,2146,162.50972872203968,0.06930867416399492,559.4828665119596,15.39082653224849,0.058503973170559734,0
NGC,2147,268.51585231928726,23.132895571769833,607.3363099383862,13.675654538224617,0.05001156775106615,1
NGC,2148,218.59940525662597,33.05278785517054,235.79479547442978,11.915194761592467,0.03984461528771776,1
NGC,2149,214.20190706193773,1.7483377947763075,391.7259111851595,14.815185481308093,0.046588776234021766,0
NGC,2150,172.23275363916213,-7.006146566647031,670.5838239932004,13.967532898051921,0.052069150224539756,1
NGC,2151,218.1082092078732,4.090446330214379,603.1066208535902,12.482382169158097,0.03824805155851348,1
NGC,2152,267.3056196112044,30.060464688302684,304.9387324242762,15.220880506772549,0.05145161861861077,0
NGC,2153,260.58452581073146,12.472802157136691,450.2251400435617,14.12194410750453,0.05192582859405563,1
NGC,2154,-74.61298672024603,61.50671519627126,499.0471071535048,13.690838667608796,0.0485784920737595,1
NGC,2155,176.14867714456915,-8.805081119341569,619.8263202690816,13.570341576246937,0.04847117377819265,1
NGC,2156,-87.38930858237222,33.17012734245216,366.4323325741001,12.84164828967968,0.04575793403174218,0
NGC,2157,256.0796749493615,13.89419764634607,590.996663253276,15.350434746717722,0.05749173166721636,0
NGC,2158,138.56637255589254,3.7390405579775354,555.9749043905458,13.864891150839414,0.05000360475457146,1
NGC,2159,172.30011635741707,-5.752811100867049,587.4838909825137,14.94546174442545,0.053200874792932375,0
NGC,2160,-87.13106159739169,36.401002817349706,564.1861246791801,15.525330549084053,0.05466921084432677,0
NGC,2161,124.08401659918698,2.9230577133582787,292.24953479549373,13.139005519387362,0.04234902837680043,1
NGC,2162,131.00241599448398,2.034746233916784,265.74977164089313,15.153187332705498,0.05563897745818315,0
NGC,2163,212.80737750423927,1.6200118787472357,640.4153532298261,13.440405428061373,0.0472327474044668,0
NGC,2164,260.60521293866725,9.463261565386386,534.5386291770988,13.300260442240912,0.047344505148191524,1
NGC,2165,227.55107539789338,4.706886231575489,516.4762400452923,12.855443361483976,0.044396246709034935,1
NGC,2166,229.92171338507623,4.84953110515352,557.6195624670362,14.053901406443112,0.05143629797144484,0
NGC,2167,245.76541566859362,4.835584818190698,390.5931016963238,14.106452603170569,0.05126558076258449,0
NGC,2168,207.7806482370864,-1.3630192718160947,324.75991852602186,14.926915877432572,0.05433483140985376,1
NGC,2169,-87.20026424965097,41.813085811567674,666.309233410364,13.85253763159797,0.04712690518448528,1
NGC,2170,98.61624927512767,64.33305892256195,516.9401177007322,14.380984454319892,0.05091474133010743,1
NGC,2171,262.6563716007922,27.016456246803283,659.1209800702655,11.841715508921524,0.03926765952992956,1
NGC,2172,219.23041942183312,39.86513784291723,437.8759956177197,14.682742284227823,0.054316108396346076,0
NGC,2173,160.19560894352287,1.0832911119936972,262.30291479084804,14.481945202820691,0.05744388348288694,1
NGC,2174,251.37839143404676,1.414224092417492,600.5101762121307,14.457577912961597,0.053461533164582103,0
NGC,2175,196.5387281312258,-8.397395123382546,319.11655058471405,13.085903021091214,0.04338476303704753,1
NGC,2176,127.7017571964993,4.922721449951106,538.5161963924961,14.99856849525116,0.052645114200166855,0
NGC,2177,215.1885766758398,45.68325730156106,627.0821173498931,15.272317956100531,0.054048735338159654,1
NGC,2178,194.58357144790318,1.720634492759034,526.1042540729029,13.565954793199795,0.050012628271385313,2
NGC,2179,220.48833501757963,33.72655975849916,416.79092142914027,13.856989219989748,0.04399712225241579,1
NGC,2180,107.8992184782899,35.22923174722476,654.5991436092937,14.06756952077984,0.05265500616115346,1
NGC,2181,108.56643229664574,38.25137201825893,658.332385927039,15.07203158685093,0.057094419561905654,0
NGC,2182,145.36074294919615,-1.0114428123780161,219.53551207182747,14.408129956242362,0.05075558190487266,1
NGC,2183,246.77332854488083,3.0546853977790582,479.8618580898514,14.78168729026283,0.051904672717994475,0
NGC,2184,166.26754112332705,-4.7252790517508565,499.10883046123877,14.906033977285796,0.05436831060600004,1
NGC,2185,137.8788895411235,0.3571628183796556,595.8911711200126,15.070582281984363,0.04879897560473654,0
NGC,2186,229.84689364534097,7.370533231591814,656.2125761040203,13.562208285441544,0.050578635120991276,1
NGC,2187,253.83644326127416,5.817661880954703,424.89310316164875,14.3231728745046,0.048796323170801834,0
NGC,2188,151.91354425922114,-5.917581873707007,664.8084064886908,13.563306535180102,0.05204259331000301,1
NGC,2189,197.28148086624077,-5.7693322058884045,414.7568659811407,13.27661276732341,0.05031364011510325,1
NGC,2190,246.88121421846313,7.634455046588629,572.9358159531001,15.025503127028461,0.05195293049970605,0
NGC,2191,267.0689426372879,18.70894771381815,440.6645147542937,14.329127304333792,0.04920897228090404,1
NGC,2192,217.17599196887784,-4.657372431832786,599.8623809950195,12.589985214347893,0.03901497153643381,1
NGC,2193,201.01468406336366,4.52679916948942,658.1598401140412,15.383318390205643,0.05257610376695828,0
NGC,2194,125.69730389330672,5.9616723837153485,174.91619339698684,11.153766588453728,0.03554928515425656,1
NGC,2195,177.80420054466995,1.6026103612013982,637.6456939607216,12.664521593440332,0.044488260776627396,1
NGC,2196,-70.6555631448611,66.22344128439967,604.6465738493491,15.284695390034958,0.05516851003844305,0
NGC,2197,118.99490964279607,24.790563588778696,446.9699797436446,13.197032628385081,0.04886938028509442,1
NGC,2198,108.21266566820644,37.56585776824754,430.4363576187985,12.289066609865571,0.04492271939891026,1
NGC,2199,217.3839910605075,-0.37483321184324175,648.8065733942228,14.608338197617371,0.04777789059390937,0
NGC,2200,211.33002269556354,-4.612560002729926,570.1191089454446,12.974998211300424,0.04157822899661142,1
NGC,2201,146.3306838466627,0.7536749024222141,669.0372660284686,11.122389117972439,0.035513268493701254,1
NGC,2202,142.67927748899467,1.4543318650548485,519.3126109580276,12.329695015915895,0.03971663203112196,1
NGC,2203,157.31274402524627,1.5206767012620372,548.197338651348,14.532573407150972,0.052127703221749706,0
NGC,2204,230.11189792561925,7.995669668261598,535.2740433290554,12.51730004835004,0.04237191298969343,1
NGC,2205,162.0540974606346,-5.594639670526716,508.0132844619803,14.339651181287566,0.04999041676050119,0
NGC,2206,160.63406526126548,-5.037984625319159,164.83730659172963,13.986111880022806,0.050461092687493214,0
NGC,2207,220.21692863908066,39.15118960250364,666.734999619834,13.60178733976779,0.04828190071823733,1
NGC,2208,255.0539791014047,8.384272528830575,499.900300214647,15.253660715937391,0.055234124051379334,0
NGC,2209,219.9343214425629,-0.26783350690884455,635.7310538137788,14.210988156390771,0.049136622832484614,0
NGC,2210,167.24770033280276,-2.881838229195562,479.9136536956045,13.60397571506409,0.055009293751713394,0
NGC,2211,206.16477475815432,-0.5834066627085656,586.5541889563362,15.0039019642642,0.05178482542221344,0
NGC,2212,237.23434970056255,5.214048317944703,474.4206061318024,14.794080167868032,0.05146107589863251,0
NGC,2213,95.8051322437537,65.1225382674995,272.27998018774053,13.810493886566945,0.051923923895686605,1
NGC,2214,225.31737695167985,35.09798027220701,475.79773872747705,14.80278827755724,0.05566599138641956,0
NGC,2215,-72.8299843054911,66.24750316349486,530.3949599519318,13.262267018668703,0.05015722268417804,1
NGC,2216,224.79740666609092,34.72826452860267,429.46703208060444,14.711688037247644,0.052263647276404326,0
NGC,2217,252.08177316714495,10.986742740832053,451.11684896230713,14.150174915800465,0.048936151381837344,1
NGC,2218,98.60146745287489,61.16799134959962,523.5801566805427,12.78258622750477,0.04484900520485936,1
NGC,2219,-88.21729550933561,42.98321313352467,662.2556263887376,11.937515338246351,0.03994321471282363,1
NGC,2220,261.85162495702235,23.69812377384925,604.0974192333215,13.250223333011697,0.04674221738730867,1
NGC,2221,130.57932601610563,3.0821094536914857,446.6999055787615,15.207227694086361,0.061250393131747335,0
NGC,2222,-87.55667432654471,28.875528547222032,493.08916616795653,11.129564164520957,0.035231196027289434,1
NGC,2223,133.3481600051195,-1.4461485427328016,67.31086031694983,11.600199602258252,0.038068754116068644,1
NGC,2224,111.22298192940747,31.245117557041464,637.763349798333,14.150641925063244,0.04860574811958549,0
NGC,2225,199.263060937295,6.822502396366499,454.6377246338141,12.997309620381955,0.04355024090459719,1
NGC,2226,150.27047160886755,-5.212969603532681,608.027783254636,15.512173044683138,0.05457906900877962,0
NGC,2227,189.35305480738324,-2.7156873404310744,649.7283550731413,15.176833176191945,0.05438393435553801,0
NGC,2228,194.2671311259773,-2.7029707836581203,666.577756727443,13.425971658910532,0.05112868582147632,1
NGC,2229,244.61239403548637,9.819953702372507,226.49183357594802,13.645471180434887,0.05405905680367537,1
NGC,2230,129.09861200719894,-2.1111827284919973,619.8708618584379,13.610368418606377,0.05013583460306453,0
NGC,2231,208.8998498433559,52.15067258050505,617.8962528975936,13.04281085639767,0.045079415315441164,1
NGC,2232,155.1026284446475,-7.695276665093609,621.8299783017563,13.345345854759461,0.04762922471972055,1
NGC,2233,-84.92370212410896,34.698301488307635,624.984681312816,12.947483944481926,0.050230810171548027,1
NGC,2234,229.26997018975675,7.04171188961002,618.8234847880227,13.800882523725964,0.04614115820666961,1
NGC,2235,129.23066598772402,2.189307472683554,417.47910012975245,15.308715497904059,0.05856037025808096,0
NGC,2236,235.69492272176313,31.460546828514193,596.8757979196372,14.953846343476982,0.05956091388182978,0
NGC,2237,126.14203827037798,-0.12645788593214743,511.9956284805504,14.04524829598023,0.050217903873694195,1
NGC,2238,234.01682803480958,-0.1452096213952898,621.6715679527956,14.80527571495546,0.05050945530600063,0
NGC,2239,-86.51974323193222,34.1243002150069,595.9831053086353,14.08723489775744,0.050025166700705864,0
NGC,2240,213.67500766076898,45.1391357815344,552.9052316743237,11.30121667411677,0.03685825980258056,1
NGC,2241,231.421923078413,0.8672934832730816,498.7520422677681,14.764804704788578,0.05021037907650497,0
NGC,2242,254.24137761648404,2.6533249001527737,639.3325652937383,12.37615983924957,0.0429641979326376,1
NGC,2243,187.68754755015314,-1.6291625882880485,534.0059439829363,14.810611078705133,0.05783684778983784,1
NGC,2244,244.6564926274762,3.8540216508727987,657.1194927852621,14.743152076132898,0.05248071963705396,0
NGC,2245,123.27965670944899,3.140833091432842,645.2273172363979,12.95110259249085,0.046380377114162596,1
NGC,2246,208.02087159155394,9.236843684314628,569.6839748052355,12.661392879209437,0.042722719117524594,1
NGC,2247,234.78100313615303,29.94870373612744,476.55690857907916,12.130030669783693,0.0396089119040078,1
NGC,2248,222.59046559070956,38.07041974503619,276.9731050410707,15.072490812678115,0.051565350614378815,0
NGC,2249,240.84191599217328,0.9999213903566786,595.109158595425,14.484648760114908,0.056656823507274565,1
NGC,2250,197.52430251554514,6.082791173816515,435.92133851216363,14.576270765295352,0.054725276028493745,1
NGC,2251,263.31333459629525,12.83727679562488,452.78931347837914,12.61079906643852,0.04409572218241765,1
NGC,2252,265.1749227855714,22.340601411481796,627.1411514715405,14.901046344604413,0.05868194885079935,0
NGC,2253,248.0283450933103,6.775940771741551,503.3560397851033,14.472218544336764,0.04980994101435126,0
NGC,2254,209.98964697530167,6.517983231740008,377.62595020456223,14.406677998964117,0.0508217905413582,1
NGC,2255,165.10100747256783,-7.824905554710238,651.0066213821641,14.078328205421093,0.05435061420260972,0
NGC,2256,180.2747381064122,-0.7257022874863506,602.3773005677044,14.760029302289261,0.05262530241181347,0
NGC,2257,125.07995447214176,3.414717104696133,645.9720619174483,14.611246793544085,0.05427072115495448,0
NGC,2258,233.38222904235465,5.0593618101510005,541.6909303949926,14.70527084676544,0.05456472757159145,0
NGC,2259,227.18225510115246,34.23433660302424,655.7956021715041,15.02295873714301,0.05692009687872916,0
NGC,2260,251.3985160056174,0.5624585106909319,668.43525107941,12.383304203534546,0.04364898184650194,1
NGC,2261,228.99109694678992,-2.5404655083483827,586.5071417082878,12.935009141472552,0.04782167812973966,0
NGC,2262,130.81169265144163,-7.0770562218283,520.9789866338584,13.202565300281915,0.046723880405768206,1
NGC,2263,164.53886953752306,-5.336262057201224,569.0020483479063,14.267041978890514,0.05314261932797463,0
NGC,2264,187.010627302469,-0.7108967158022227,655.7980747926764,14.337935043663235,0.05943421674761692,0
NGC,2265,160.9419758051427,-7.2490510060460975,587.2976814314677,15.049832599974957,0.055945033315853175,0
NGC,2266,175.3704771530101,0.07468335139740319,520.6330547682663,15.365639106789505,0.05344923856928395,0
NGC,2267,-86.66352914815181,35.7837763870939,239.87796176365217,13.085585631597617,0.04712661956359304,1
NGC,2268,-69.50829708377006,62.661787406981574,525.8188604446266,13.9165694324471,0.04969785846520154,1
NGC,2269,240.20648318233154,31.09018882159297,513.5195435405134,14.260651749835707,0.04874888178290175,1
NGC,2270,102.35769405875152,67.30342402639552,662.0653469885394,14.359326624847096,0.05668835138355812,2
NGC,2271,115.60456993619187,22.03032174420786,367.68848639027675,11.064489728142014,0.03504627653147879,1
NGC,2272,139.70127967321636,-7.062591870955862,637.8829447308033,14.99663496829372,0.053846384936536595,0
NGC,2273,133.3127020482127,4.2821073516873245,392.57892662481214,13.423297210213816,0.04678647694358963,1
NGC,2274,244.08261152609452,2.750683620863388,667.9416456021672,13.560011735266247,0.048037071582269476,1
NGC,2275,224.06263570909522,1.6707427721271557,153.48145703389886,12.637006281817028,0.041231356728516404,1
NGC,2276,242.8674672027953,31.04572966573967,580.4064284171639,12.546147014177073,0.044821914750816844,1
NGC,2277,233.92697728772157,7.187556525370349,667.5448058116441,13.454202306809883,0.046167331358570984,1
NGC,2278,161.5614429812549,-6.029848364222258,485.9549085279286,14.08329264856278,0.05016205886941665,0
NGC,2279,98.72137476918329,66.70791459588143,667.9877491551129,14.40484573951806,0.048907929505588615,1
NGC,2280,189.6635907324334,-4.364502784250632,554.6207453728829,14.111780627162277,0.04889142123959972,0
NGC,2281,228.1429759517858,1.2749169225389767,663.9080913532057,14.109533942307168,0.04671304372305433,1
NGC,2282,251.74332517861453,0.5059446210151094,345.0753131500085,11.9268624670646,0.042498328381427496,1
NGC,2283,137.68160200423847,-7.084871746394694,435.84430739070865,14.359694988373866,0.05601852304335926,1
NGC,2284,246.0386301548706,-0.4893992261155855,427.57272491046155,13.955301434332817,0.04916040090619735,1
NGC,2285,-69.22378950620977,65.36217359754919,261.0321481409466,12.794820424347773,0.04472125025011083,1
NGC,2286,252.8841737174572,3.975298615585031,339.2554437003521,14.596870527534131,0.05643317364874241,1
NGC,2287,166.09127019416223,-4.152402445093443,653.7205139489438,13.695717229589425,0.050277335803955395,0
NGC,2288,258.2630129176287,12.253920878395984,653.089643322595,14.593232777618807,0.050529080586262334,0
NGC,2289,225.89851192440884,38.79774989981536,495.597614066243,12.100810456394674,0.041991487136373046,1
NGC,2290,202.77656400165702,-5.269570332594327,467.8703415218645,14.439186540025554,0.04842027710371782,1
NGC,2291,172.49554475491993,-2.793228253508436,552.3960084765101,14.343962477620005,0.05702575776051203,0
NGC,2292,190.7765223902324,-8.308454457648986,573.82067315886,13.260944279927935,0.04636906129132109,1
NGC,2293,267.1410441227826,31.001893423910197,336.3961636831623,14.227092615456547,0.05809396453833746,0
NGC,2294,121.68402927174998,7.433848809696615,640.1806257847525,12.482089833026695,0.04278873763515812,1
NGC,2295,251.74572455537105,7.58273002872296,616.440559922096,14.624743088509915,0.05421106645517958,0
NGC,2296,231.24907984651793,6.765634219861854,554.5289634789035,14.493293629778007,0.05451319562389678,0
NGC,2297,172.8206643908829,-8.341620547747038,504.4838500377154,13.559490640858133,0.0484421498394905,1
NGC,2298,155.1382626054169,-1.9034153993540273,497.5189979987028,12.525924803600978,0.04573317958081298,1
NGC,2299,253.83843255989558,5.8172919383886255,593.2500036389159,13.933846698326521,0.046912962924489675,0
NGC,2300,166.47356197576045,0.8299871242538337,543.8566131766702,13.880480573964425,0.04901469790560729,0
NGC,2301,225.73958379063015,37.970086768011505,598.3428566743271,14.766631760550059,0.0502769140107832,1
NGC,2302,230.1145029185946,2.993857074384881,452.1985004961042,14.453031350242568,0.05165513920509952,0
NGC,2303,167.5645450419712,-9.242034376051945,662.8985738918941,11.983620838835606,0.041978363317745696,1
NGC,2304,-73.50364835696037,65.95797265191591,474.81276976022264,11.904225675764293,0.03901181707916941,1
NGC,2305,220.2543972078959,37.62457306438755,621.6399195902916,14.77785758218453,0.05959508899440275,0
NGC,2306,195.04851882994762,-5.287265678070243,194.1539322975275,14.844494068268684,0.05865198024360487,1
NGC,2307,113.4676310004627,27.51811080253102,443.4049903248508,14.669324875536075,0.05915740604370796,1
NGC,2308,228.65855837655343,-6.015233475562589,448.1905193172353,11.652451580540504,0.04030624003372163,1
NGC,2309,123.463690164384,3.668848115520847,536.0073833326427,13.506422769293906,0.04432446897653597,1
NGC,2310,100.62313270811303,69.33660649349618,497.11868833327867,12.659699799801873,0.044124982373593885,1
NGC,2311,217.70770454914356,2.8832155755045705,239.18388498116184,13.069450643647361,0.046775986629863174,1
NGC,2312,203.76397274182366,49.13655842135832,572.4333028780642,14.256006330189932,0.05165277376337241,1
NGC,2313,196.06078879116274,-1.2985950052855975,422.11760902023,14.466570438778422,0.05788256136986124,0
NGC,2314,259.1272643839665,20.89944297153486,315.50049471063136,12.169300461205415,0.040289428895928445,1
NGC,2315,268.70878948572823,23.551914308964353,532.7581012672682,12.679748446253583,0.0463882731028133,1
NGC,2316,176.69523735306544,-1.4553679196482414,431.2356354417705,14.897153449337969,0.056214520837337946,0
NGC,2317,205.41778976934967,-1.0708703895201324,608.4912910055072,14.608776309478218,0.050836866063877884,0
NGC,2318,116.65002909599684,23.56937598889922,408.6826069588447,13.060581764291955,0.04833476484154803,1
NGC,2319,111.79470876709068,32.93316545253055,521.3232355489624,13.340062704967409,0.04817864486865469,1
NGC,2320,204.71337082954736,7.072593897821915,628.1071311280904,13.46728923756345,0.0484232975896161,1
NGC,2321,211.35669641021138,3.1211424562325556,623.3734054978854,13.820545429531565,0.05580390561882836,0
NGC,2322,153.30095210769667,-3.218035132772886,411.2073986894194,12.452813900007527,0.03818820276083851,1
NGC,2323,161.90541631816382,-2.913685045712432,624.2399941816732,13.410621915501821,0.04219729204524309,0
NGC,2324,239.45918539922513,7.996915090836794,227.3863099494163,15.093387471718932,0.05605019905097293,0
NGC,2325,108.66550316301739,34.65520365421434,476.7464507688346,13.937514106963489,0.046635258909684715,1
NGC,2326,122.1720052663303,6.270043449246709,567.8623846391516,12.628390127997044,0.04653736862310492,1
NGC,2327,164.42667536052792,0.2543830961655288,173.98720173924744,13.16118401201423,0.04740841839754485,1
NGC,2328,149.08948383569242,-3.971033132813472,623.2565181834095,13.230754979479416,0.04826762443730933,0
NGC,2329,141.20375250149806,-8.485851620934886,574.1006377178261,13.027538318949238,0.04982403640797397,0
NGC,2330,241.91236566935265,32.23968004710878,417.4594591990793,13.816220033274528,0.0538542055804858,1
NGC,2331,149.77710574108337,-7.031638328074713,355.15882984127757,13.734247834846533,0.0446770754108121,2
NGC,2332,198.7993789391146,-2.502702350737727,653.0668408893846,14.245063978541149,0.05352520596777868,0
NGC,2333,211.956478188074,48.41210482898186,642.5932166089034,14.52844745966763,0.05126163555733426,1
NGC,2334,221.77487806082996,37.74493079322899,561.9870237711971,14.578642568897763,0.05040784310240868,0
NGC,2335,215.81455550033414,46.80250473043908,669.5207940399047,13.252264514339902,0.045620281372225395,1
NGC,2336,162.37547822598592,-1.1608704462066997,523.6125543239898,15.49215044788215,0.05495895741928663,0
NGC,2337,184.94007654074545,-2.688502918019223,616.3212744569933,12.00593009243136,0.038720203558456665,1
NGC,2338,225.3415676633375,0.02499332754301139,634.7939257709726,13.830025081752117,0.04626634371370009,0
NGC,2339,96.12933742595634,60.20697339627481,617.4453993517315,13.241158375016761,0.049291406591090284,1
NGC,2340,216.86125461962493,46.83546509874975,368.717599385957,12.608006891934357,0.04238120906818772,1
NGC,2341,233.90706135194364,34.26950026762742,538.5763765183102,14.345614636448369,0.05287626024990307,0
NGC,2342,243.35224397277057,12.503223614719396,401.39389944722353,13.216934413221782,0.04770514297122683,2
NGC,2343,238.4409692018844,33.79895900483552,511.49451658448885,13.342233650637208,0.04642944287197688,1
NGC,2344,233.80134314333927,38.29660642391008,647.9732084174959,12.849723335582528,0.04104501073911763,1
NGC,2345,119.52667129916264,12.066098740739665,643.987709601275,12.218399849264273,0.044565426264650425,1
NGC,2346,169.0042733849156,-2.840241098910157,429.62117632504925,14.174637269619318,0.04976308626465552,0
NGC,2347,137.11185492045902,-4.593802451849916,624.8167013196423,14.099087374375717,0.05246387874592369,0
NGC,2348,126.94890600117134,6.700397081527038,611.9851150774566,13.967251612704795,0.052036479941627196,1
NGC,2349,256.1784348084774,14.070127124472982,652.352075275963,13.873401820372601,0.052511172864052644,0
NGC,2350,110.38385100391383,31.335856493510306,520.4825505903336,13.352514599421143,0.04540763207278078,1
NGC,2351,219.31946203386124,40.18850888148822,567.6613357410235,14.74905742760488,0.05359013198535223,0
NGC,2352,268.4732727504408,36.49635489510106,579.5670583976364,11.490530601027054,0.036939456049124075,1
NGC,2353,268.85180073446077,32.71836249943435,524.4480338860785,14.854012601766408,0.05606311365694296,0
NGC,2354,174.77412233575762,1.9033441954694588,343.5020508825998,12.90481999374849,0.04537786965275758,0
NGC,2355,231.95654411581302,36.38726577865938,205.52366918289212,12.316974245008538,0.04130366377423456,1
NGC,2356,147.1657188225735,-2.559696767487624,653.8898069019144,14.295173938052754,0.04958636182456868,0
NGC,2357,127.61132419781867,6.441039906588772,527.4302786498495,12.917591909837018,0.04567867247998121,1
NGC,2358,220.38548117095675,37.77158964921111,224.58283061510926,14.69142583475654,0.05653248323470979,0
NGC,2359,129.47097427862295,-3.62412381918694,482.84387987892495,14.610177954789512,0.055672363257481226,0
NGC,2360,-84.44807463232797,39.316763511055676,418.871884686276,13.447489887219884,0.04860574809767041,1
NGC,2361,209.046091557127,49.93614816124496,380.3465000565873,14.498364115356576,0.05464307006339216,1
NGC,2362,157.19392744951918,-3.655449192150937,644.1218766530684,13.833218098760616,0.0507308794455163,0
NGC,2363,229.24509944716124,-1.525613961367965,136.3600694037555,12.374563302845495,0.04046403130917357,1
NGC,2364,138.96873872452556,-1.3756336267506704,595.9500668780939,13.561179508965067,0.0476954252399029,0
NGC,2365,265.73970717909344,13.840832979607587,537.857823632509,10.991301876057952,0.034453124577862496,1
NGC,2366,162.45489927580513,-8.968990963769588,585.2032176557879,12.89472779312722,0.042948053779688494,1
NGC,2367,214.31142806774164,40.813050495088476,450.59252741347353,14.124679333177086,0.05046132268647052,1
NGC,2368,110.89274020540283,68.30128650517567,493.76747405935345,13.413388022872857,0.04568771662119922,1
NGC,2369,-74.21834271807847,62.38568728232684,532.3314468296616,13.276236074024753,0.04510309037411759,1
NGC,2370,219.9773707779318,-2.3260665886925826,670.4778795130982,12.774766180458666,0.03970713715324974,1
NGC,2371,215.56463851667652,3.0754221913881628,610.1485134582838,15.40535544079579,0.05235725130257869,0
NGC,2372,238.32318492477364,8.229487338252376,670.41381658695,12.55313122512335,0.04186888454926133,1
NGC,2373,213.40668350565485,46.19755257633666,402.66066109518454,12.919085418723284,0.045300667312991795,1
NGC,2374,234.98366779348882,-0.17360354894549412,635.0429682168347,14.722292462887705,0.05287197250473312,0
NGC,2375,116.42136736387063,23.433617056637274,589.4601504853204,13.541220247092198,0.0440139158408659,1
NGC,2376,158.67377127902537,-0.6975186844053844,509.6731409204867,12.853401388817346,0.04303360441706745,0
NGC,2377,139.63977941047352,-8.20865825453343,290.6766367501512,12.092439320945537,0.040469687352891616,1
NGC,2378,192.60623002820168,-5.0358701437626845,451.11414603552765,15.02505811143222,0.05104432838477354,0
NGC,2379,214.85658631207662,-0.35949482469211347,463.0491139235582,14.563675213878698,0.05242873219300851,0
NGC,2380,150.8953855613764,-7.897152473201605,571.231355716974,13.427281104229541,0.04925211705555939,1
NGC,2381,264.2562747236286,19.06864213160592,486.98919279530645,14.61584140033277,0.05175662188337963,0
NGC,2382,265.1614203411491,25.434506544275393,636.6736393233244,14.32222915185081,0.05059490045501661,0
NGC,2383,221.93588552693754,-1.2929273377755754,644.3168884007298,13.872143523988143,0.0558730533609824,0
NGC,2384,175.42290730279703,-7.124606985764778,180.39554483348917,12.210360723235468,0.042678410437774754,1
NGC,2385,241.84313694801094,5.494889622334774,207.3829893078056,14.121647070710308,0.05248404839817249,0
NGC,2386,195.75285135801963,-5.868346308043507,549.1198414163372,14.831674602765984,0.05056915082848819,0
NGC,2387,177.21074358453825,-7.168494130119507,293.1558123846776,11.91560140875644,0.037939368671779425,1
NGC,2388,260.9982583089602,22.0582330830862,510.5898041659118,12.664763157968208,0.04174567773968575,1
NGC,2389,164.03614092294987,-6.235022903369071,283.32603491238143,14.759292292038522,0.05396352063593144,0
NGC,2390,233.07468712004874,0.36054186453914727,593.5253772926688,14.443772829643185,0.05299136779250548,0
NGC,2391,268.42417978897186,28.51325882284825,448.2011783580746,14.233669480295084,0.046515261564011985,0
NGC,2392,-84.90407677314617,37.10138263108404,670.3814280713492,11.393574980239608,0.03789512209058338,1
NGC,2393,269.3343830739617,24.072298716733524,510.72647055497936,13.787578991360517,0.04648554536842483,1
NGC,2394,178.15180211444212,-5.7180311620031645,465.17218316745607,13.185175746097363,0.042796643513214085,1
NGC,2395,163.32029723671624,-0.19117169094790612,506.16556391210594,14.822065730879165,0.05132141487656561,0
NGC,2396,216.2324338443636,0.8972050947868561,669.6487760070326,11.914702769888176,0.04283216525997863,1
NGC,2397,-83.44773600249377,42.739054024724496,611.3830624537947,12.270533590844057,0.042948956097721376,1
NGC,2398,115.67075179668893,24.40272258269748,665.9547656594204,14.10054483167517,0.05047645164682476,1
NGC,2399,175.6605546101058,0.9180742281101708,183.11949526973802,12.441746712108142,0.04054556663736349,1
NGC,2400,259.43034066150943,18.724884147246986,302.98554565548284,11.315601493173562,0.03850384689292255,1
NGC,2401,197.10032169407097,6.824191717887854,321.21270492586643,12.260333620954778,0.04117956313787039,1
NGC,2402,132.83857210779354,-0.44003335027060864,330.5327679246529,12.968548920569724,0.04347995301999052,0
NGC,2403,229.65074390490847,33.65107086390739,433.9626320510703,14.125069768135688,0.05323615622075706,0
NGC,2404,174.8980744898033,-1.3183361889866474,478.17388153154326,14.640029747626011,0.05571801789702834,0
NGC,2405,-87.2675609396396,32.344857799769905,401.1982264920101,13.027213450191871,0.0452062337467189,1
NGC,2406,211.73498206801372,46.87741688556417,456.1522808946026,13.887236414364237,0.054858473305133534,1
NGC,2407,257.0446216966906,8.978673689471172,533.2150543399104,14.518597634735581,0.050593971967271584,0
NGC,2408,139.5375570624592,-5.98280193493442,213.04199344612786,13.340939833827674,0.046313459673508604,1
NGC,2409,180.96809692383218,-1.0317886349222372,539.7748991638148,14.8933698792466,0.057803686556854805,0
NGC,2410,-88.08079184699766,39.640484293200245,612.4172001945076,14.190770507046548,0.05572424439642586,1
NGC,2411,162.2095019927518,-2.130288818363519,538.9074677477928,15.000129411951743,0.056202522931549495,0
NGC,2412,198.27664227875118,3.290893302944527,653.991770502608,14.466746193488218,0.05316143944396066,0
NGC,2413,224.4729893710176,32.55179249645278,434.4812758559376,13.538114878740299,0.04780573752161816,1
NGC,2414,263.082419121434,12.743091731217781,571.9695704301802,11.915876514498722,0.04026349852419029,1
NGC,2415,256.6481866693407,7.532021699538697,520.2486393252643,14.404974675043103,0.05199325009000496,0
NGC,2416,178.17887281613142,1.096358718783715,474.3414443938193,13.335310498788449,0.04871777956348022,1
NGC,2417,128.31493247157195,3.302366099425299,589.8065319224806,15.386539565282733,0.053704584156989275,0
NGC,2418,236.66141745113768,0.9075479618953719,670.8097685627605,13.036960529249333,0.0439372152655093,1
NGC,2419,199.1256104427101,6.115459867827605,356.9375720071855,12.643367966690771,0.04529652936231837,1
NGC,2420,134.07598595212355,1.4983610457245562,386.3446141118416,14.28474402164672,0.04921393953740399,0
NGC,2421,173.60351890375523,0.9788247884792667,670.6630969656243,12.65624792747445,0.04516985046372508,1
NGC,2422,266.2055731246161,14.27957358036593,599.1226416953416,12.030259706465166,0.04030993518380384,1
NGC,2423,236.2296863776881,10.215599602813036,595.3925375265833,13.168039015058794,0.04755736830883637,1
NGC,2424,167.58693063641908,-3.124782476072569,654.1687151671806,14.42712190382308,0.052812913196774114,0
NGC,2425,237.23699532340638,-1.0132882844334778,425.10540091626825,12.280343291224371,0.04542887455478917,1
NGC,2426,254.1639461380629,5.682059078068764,542.8981164047442,14.20814219867738,0.049920742117851837,0
NGC,2427,236.11972236930472,4.192318545654589,651.3133648772139,13.921725647783681,0.051993083309392424,0
NGC,2428,173.37226997017495,-0.11269331230731056,610.0710334711623,14.159773897847083,0.048822477197157675,0
NGC,2429,211.43077717999418,45.32883674488333,603.9735487772512,13.620169023658095,0.04990925390890624,1
NGC,2430,203.87934718789546,-3.81917744386645,605.9231828995563,13.768716213796603,0.05187202417127829,1
NGC,2431,116.1748586483767,24.381257633895114,427.1547247381119,14.016420558594268,0.050114832107753346,2
NGC,2432,134.23183547893836,-2.0988485052634753,510.62248352976,13.975250055435481,0.04833120130184158,0
NGC,2433,215.87735041287624,40.068183844178535,620.6652057978243,13.468708833459095,0.05281287854417801,0
NGC,2434,206.63532356332456,-1.162513567852929,628.3858384473988,14.254475574105724,0.05233911702748595,0
NGC,2435,126.70712566795362,3.232696162591901,488.6942057082662,14.834884121500354,0.05524656022066927,0
NGC,2436,156.35619235075578,5.1799587344137725,576.1725201402473,11.763352259130723,0.03944715129739896,1
NGC,2437,-85.67178313135999,36.261996788875194,458.0851285796167,11.821881606300215,0.039053197259330534,0
NGC,2438,222.15134292870576,37.59664062214437,431.7353160060496,14.065122700343649,0.0510433421718889,0
NGC,2439,222.35454668533714,32.678737488552585,529.2352152070093,13.807355751550924,0.0472182218654163,1
NGC,2440,209.03349839506944,0.34568551092902045,529.0862756688102,14.362597457544053,0.048744978032109296,0
NGC,2441,96.03816098834702,63.86005484142715,327.27816534686974,12.962726566915626,0.04518117256523103,1
NGC,2442,176.115708273232,-4.429769364108958,448.31798220039633,14.636491026388885,0.05651699853237697,0
NGC,2443,211.7163070807837,-1.3343403146983268,514.7436310332257,14.7052587492129,0.054059736157837095,0
NGC,2444,176.94220134439104,-8.15271116835213,453.2114446070754,13.87051681606846,0.05040814441847141,1
NGC,2445,248.8680250660739,1.1431901387843637,239.2817092240642,13.452856831296481,0.050049068740260313,1
NGC,2446,176.0912194846568,-1.5916111662066244,549.2060286337705,13.82181113416607,0.049161539200044735,0
NGC,2447,213.54798807849286,-3.818395688130519,621.3281955925956,13.542885904842343,0.04761198252593033,1
NGC,2448,190.79641486255167,-8.157724273383746,555.653058211701,13.382523701421487,0.04752266742895935,1
NGC,2449,244.94335630067292,9.517794179246259,633.0071181423982,13.910196347288164,0.052266955463480584,0
NGC,2450,219.27626998374907,46.40870125981563,507.2710702029607,13.599018259977587,0.050459915653984035,1
NGC,2451,207.18316193931855,8.992593779337767,480.5667356745333,13.637909145527441,0.04669478908020908,1
NGC,2452,112.22256464278081,36.02155231442259,479.3687472804166,11.550285958084986,0.03764797815193217,1
NGC,2453,155.1646128226202,4.320871079730271,582.0448510646128,11.673996171152952,0.039564733296520826,1
NGC,2454,-67.12500897941231,66.67478922591427,635.4109716136566,14.36820791730513,0.05131071755427991,0
NGC,2455,255.23603610907017,13.914991126105857,260.3686102616278,13.07579580280556,0.05149391275878908,1
NGC,2456,214.97404695318517,-1.8066620420056159,507.9694153590527,14.396704319159602,0.0509192692176405,0
NGC,2457,-89.32540458453342,32.42458359324008,252.52335516195978,12.996366269763495,0.04759459309500567,1
NGC,2458,233.53283967623273,-1.2162735513923661,384.8121543250747,13.524058048908183,0.049507095633249794,1
NGC,2459,226.88911114816986,-5.31816246910407,404.88620959100666,13.699699935400767,0.04825999239701166,1
NGC,2460,233.70286081628046,32.94072279654997,483.6585195582481,15.3131866920428,0.05273601890909341,0
NGC,2461,141.64784617149124,-6.2720837825630396,512.8691303322697,13.790767435425762,0.0480191459343783,0
NGC,2462,232.64515966250627,4.15930429042752,305.10338253008797,14.196810432453315,0.050363692417765595,0
NGC,2463,215.27016202687238,0.49749335549484835,567.999039321042,13.563028916176158,0.048153989060570876,0
NGC,2464,124.49376353595872,5.498132446581365,431.4797410565186,13.881249562336764,0.04855752416094676,0
NGC,2465,224.0375333971723,2.782207048135368,339.7787028577434,13.31707876004956,0.045641952204055584,1
NGC,2466,121.08719679012455,8.331982515961654,450.07367244464797,12.013342697533906,0.040886246221754255,1
NGC,2467,251.76197965288452,9.229025098584206,649.5623189509431,13.810376715224644,0.05294739001454363,0
NGC,2468,227.63761470851844,-3.410998036717659,545.1933901059622,11.235100429869842,0.03875380684761778,0
NGC,2469,-85.37004993184051,43.90913082247662,416.6718717802797,13.454194511186824,0.048551735709503406,1
NGC,2470,261.2326038973115,13.842303604342101,464.3735392350824,14.46207005642398,0.050135145319464676,0
NGC,2471,201.8599526152462,5.109732395750083,569.5760770641514,13.65388617783824,0.04385022339063245,1
NGC,2472,233.75435841623403,36.301624228562225,397.1278276185963,14.548087059749838,0.0492462653033119,1
NGC,2473,224.1219040104923,3.11317043453194,543.2793458917969,13.221105529770734,0.04735682866055623,1
NGC,2474,221.43740781721314,33.0106072626095,631.9188672197079,13.783212458854758,0.04960911145275239,1
NGC,2475,261.55122428120353,20.631337400988677,536.555517653579,14.142112247286976,0.049619040661859064,0
NGC,2476,-71.34222712209466,65.2861563821235,649.6516234445,14.31458411079811,0.056129685584705234,0
NGC,2477,222.04011934276787,-2.2827872901586774,629.9531275571438,13.678518099392251,0.04657214247837845,0
NGC,2478,202.9327748717136,5.025256343571767,641.3470606781485,14.02784558428354,0.04872734951529096,1
NGC,2479,253.27454655638462,14.197224491846741,462.10129480590706,12.851117804050986,0.04522530465246752,1
NGC,2480,153.2252523467683,-5.811645589131188,334.56427202776365,14.284116421747468,0.04891712542675601,1
NGC,2481,186.85058913375943,1.1290008520292796,482.3411093995041,12.429240766638566,0.047227101908297396,1
NGC,2482,176.08671639168568,-1.3773354425661748,97.2325482400696,12.950701282571467,0.04545708133473477,1
NGC,2483,234.95024708699228,-1.6204054584072585,619.1827970581032,14.631864000633302,0.05015818650654591,1
NGC,2484,228.97884651258084,-2.310513027294321,544.747758701324,12.270602445915408,0.04224941491300259,1
NGC,2485,240.86519724307524,13.646547210917927,458.955492099834,12.599405452874011,0.04108400530896712,1
NGC,2486,235.57338962667438,0.49058187067007997,420.79557657589237,13.011030708902064,0.0447092174853745,0
NGC,2487,178.1606811371176,-5.379949366210926,312.9547562137326,12.636406299952299,0.04889376415384402,1
NGC,2488,258.51583546707457,17.22564065611717,668.2748185985675,13.271557350308981,0.04316331913190708,1
NGC,2489,253.26419877644767,3.878919272872639,647.5295387992419,14.814394911980054,0.05417591624303514,0
NGC,2490,131.7719247913264,-0.1274240062391727,663.5428150505153,12.830152386803771,0.04294717555185338,0
NGC,2491,163.91390002440025,-7.820986192101951,299.61257240425783,13.157650764634658,0.048517164672578175,1
NGC,2492,132.4513211753274,3.448154771525272,551.3564768451223,14.455798639672107,0.04667728774958043,0
NGC,2493,215.4580005728817,36.675725192698266,562.6478807755675,13.854713089549946,0.05147113379597871,0
NGC,2494,99.26418924395189,67.000947479284,638.2487585418535,13.352322036901427,0.04434779963323469,0
NGC,2495,173.75929298710247,-8.674251979425632,519.1333732580567,11.356271217166697,0.03781640206137087,1
NGC,2496,193.7517468015239,-8.39719555446903,478.3323877498395,13.892847950942883,0.05142522309585665,1
NGC,2497,264.06006555526915,24.367675954079413,387.2729294549862,13.721351519050415,0.05042231253062526,1
NGC,2498,134.13252433187697,-5.931425137117327,428.1039608670422,13.645543822002352,0.052550838821988174,0
NGC,2499,208.40868489742783,1.8929435312987706,471.6448261316657,13.585676037211108,0.044808076959201255,0
NGC,2500,124.37435470509789,8.723204010646707,434.09746453317064,13.38778482246938,0.04810839127378215,1
NGC,2501,239.34232133512546,5.344220395014319,596.5840388635701,13.862244928987192,0.05148869495895123,0
NGC,2502,227.49246675096424,-4.427874383872692,203.15538345230914,11.161225195035213,0.036350733261085635,1
NGC,2503,155.967411711396,-4.8871182270967655,274.49113371237684,14.0795860735872,0.053280755428398975,0
NGC,2504,267.52234910462056,25.745871592016524,567.8903885922606,14.46945176571784,0.05641199578016611,0
NGC,2505,167.9588173909824,-4.747310968997108,483.1476726010409,14.400039951141098,0.05354038157172785,1
NGC,2506,241.67893970701417,31.995992686241877,434.691478343676,13.025587064045947,0.04921209116029675,1
NGC,2507,167.27908635499202,1.9021884943094813,472.12032759374847,13.993314469195438,0.04587640611676089,0
NGC,2508,257.3493200400934,7.042134616032972,624.3236928207737,12.793812991369835,0.04368213060959854,1
NGC,2509,231.69066900789394,35.45302211871302,601.626102425445,14.377329329572133,0.05014186248795153,0
NGC,2510,225.74003428213192,33.76701904927891,620.7895298690853,13.98805561430299,0.04943423141311235,0
NGC,2511,171.9799268845424,-5.15435454962683,425.9390919397716,14.311773679066901,0.05526314268612626,0
NGC,2512,244.72289710044458,10.091808579366244,602.6441381008917,14.32267726924934,0.05612684062792808,0
NGC,2513,216.9000526662997,45.95360175821065,617.3236162147506,14.170095720816446,0.05067447192628249,0
NGC,2514,219.38807069872288,3.23530107622594,605.8767992560452,12.271431900671876,0.04030379667535939,1
NGC,2515,267.5154852952248,28.482303027232938,601.2736825251028,13.975778286635853,0.05334180308061538,0
NGC,2516,218.77314993417943,42.209867734434354,457.422248009666,13.802495168744777,0.04884703229241773,0
NGC,2517,267.7988087368402,31.85589137942159,556.6113932239642,14.48026916039737,0.049847628133899376,0
NGC,2518,212.19256212576101,-1.0056774038482168,106.79724523048812,12.313356984934105,0.04660636414517828,1
NGC,2519,-88.5681042336825,28.552241260935816,318.7670841258175,12.558887129075405,0.047141630477939685,1
NGC,2520,194.70730288783432,-1.9690555666584932,573.4690162094641,14.609134565550688,0.05218158262981979,0
NGC,2521,165.73813083000442,-4.819674456223284,590.8355659580191,14.018502202952012,0.04832569951764435,0
NGC,2522,254.43747057670194,8.813105821064772,622.7866151059552,14.39148961094426,0.05382378739708577,0
NGC,2523,186.90098383378313,-2.3723402168465886,508.7363896559083,13.545951411304086,0.04255473859495351,1
NGC,2524,260.21941888637525,15.888521187571328,580.3895354852729,13.689076651297487,0.049171286495392034,0
NGC,2525,207.23665193384178,1.1814062567874397,654.2208214811212,14.251616273568548,0.050598740028813226,0
NGC,2526,108.34496077273974,35.480304202775166,559.8183029086717,13.605541044078958,0.05136147076962019,1
NGC,2527,132.07567489815278,-0.47264568702067333,591.6133218578501,13.150290504924824,0.046970815930943745,0
NGC,2528,233.9101980780705,33.908829226725835,623.7000777592706,13.485457663186015,0.05279179031662689,0
NGC,2529,234.0223358047293,6.67941121813552,413.50948032445774,14.144007774689337,0.051257299414493876,1
NGC,2530,174.80453186198204,-2.4367459049814584,558.6508511547706,15.233299976390034,0.057506326938957714,0
NGC,2531,177.96809315057936,-4.2950991725933605,651.6351042191025,13.273344610271547,0.04776436381509845,0
NGC,2532,255.7437634925022,11.60144764305827,572.6889733618015,13.984557058315461,0.050822588745019125,0
NGC,2533,158.92747716326573,-2.269882726724384,573.9148698902384,12.881726000152959,0.04742302501863999,0
NGC,2534,268.0887966502179,34.801643109807415,353.876356050331,13.728486106261263,0.050387458752689275,1
NGC,2535,130.1298035002986,-6.576965556773343,468.59950463754546,12.658524276331493,0.044888538976862485,1
NGC,2536,264.8388001114046,19.21583753366575,444.59618083553954,14.212943116877764,0.05045130403389781,0
NGC,2537,201.93396747706532,-4.008049492793054,554.6101881656028,14.728537773223707,0.05100778961078669,0
NGC,2538,176.91231361479038,-3.862169267698408,584.2677105458681,13.917393575873863,0.05291389063597633,0
NGC,2539,182.4690472486807,-0.5282490539449809,486.778954158757,14.341801938329692,0.051702766005184454,0
NGC,2540,201.53153995914852,-1.988139874123769,544.1672458470938,14.0764243048153,0.052592138687991875,0
NGC,2541,174.9878582059452,-1.4168536440725195,402.73809835329234,13.6505135931228,0.04840624373765174,0
NGC,2542,110.32637123529145,32.19003131062002,611.9555017912177,13.529912969912468,0.04794969273368665,0
NGC,2543,177.65141495378396,-8.23546334286066,589.5670709983575,11.726602997677004,0.04058711126595523,1
NGC,2544,124.88128599041067,1.8779470415682644,234.04642813458418,11.755544517249533,0.03845526401592534,1
NGC,2545,261.3994523641122,18.13167476320169,574.231692079024,13.921193938718293,0.049326480009352136,0
NGC,2546,235.9587807739348,33.29544852274043,180.34498577319744,13.026774543975037,0.041953675497622,1
NGC,2547,-88.49672607899431,36.45513090520138,622.8096251323642,13.34595451312523,0.04219648662748321,0
NGC,2548,233.8680416876632,4.208111475781445,267.581384555335,14.43500548251766,0.05149749539147086,0
NGC,2549,193.91318700716727,-4.576573993930212,670.3043439442869,12.956395988539812,0.045861891661464094,1
NGC,2550,262.57126776426145,23.485208803744904,335.45168570668193,13.007999514618954,0.04539352093377513,1
NGC,2551,207.20287750239282,-2.4408934631247905,530.5641850891667,13.458141064385666,0.0465242229136656,2
NGC,2552,223.497678413644,35.39474059883506,559.3774851803996,14.122626016521247,0.048528942261680225,0
NGC,2553,224.79717279452206,34.03413122863881,561.3354238128708,14.336854729945278,0.050211622487069826,0
NGC,2554,145.81782464335572,-7.980648327016344,464.7238326917052,12.903784360219014,0.046238800508463435,1
NGC,2555,-87.71505696843754,43.34763790330916,644.0916329209044,12.479838669062863,0.048041927183045646,1
NGC,2556,159.53384337185426,-4.303395483204808,670.3134553268565,12.620074668631219,0.04317525106867064,1
NGC,2557,243.45444013084222,7.030060287566268,468.0548500904529,14.312664788347208,0.05126669721616608,0
NGC,2558,261.2617108920973,31.57525733822797,663.5183743195441,11.249775283705295,0.037140969631920165,1
NGC,2559,128.14767191666658,-3.6743770349969442,470.8466991344777,13.473567713734226,0.044750499550725936,0
NGC,2560,235.77462592060093,8.096905076262356,555.6378827383802,15.02220117834858,0.05411206150336671,0
NGC,2561,233.39066685366222,31.465371599568055,546.9725962461466,12.381790771008284,0.04474478629075711,1
NGC,2562,114.99515682020285,26.68666172845818,655.2309517531374,14.167576611979392,0.04987815719330337,0
NGC,2563,148.869340658456,-4.580876005517592,389.3014477433826,14.214159345747518,0.05042523830774482,1
NGC,2564,135.02468465835352,-1.2130969455742207,598.1597304343845,14.700361828764848,0.05053441841628033,0
NGC,2565,133.9089796004771,-5.1565856265493695,664.581777354322,13.786784473426465,0.048674070520655324,1
NGC,2566,177.16437372840048,-0.2679252804437878,529.3309641224141,14.286284393805593,0.05149226035387045,0
NGC,2567,198.26346732461514,-9.044243363293676,669.9900289459991,10.709872038455433,0.033861869663072516,1
NGC,2568,217.69944460540927,-3.7758174956216783,259.73993967336924,11.795774867144846,0.04315429665784027,1
NGC,2569,134.81161763062764,2.1455451773203396,141.2241684488985,12.381719253629242,0.04056851361331492,1
NGC,2570,162.35096292887494,-2.400351172169478,265.39409478460317,14.321392781586312,0.05033883928270309,0
NGC,2571,198.08227648211795,0.1702761268820854,497.54705656672905,13.881942939405175,0.048297890938996425,0
NGC,2572,238.57787274379768,11.211583790109547,602.8017311144682,14.790304575594892,0.048596119339227646,0
NGC,2573,194.91812721175606,-8.595651837239323,451.0967705336278,11.72427124160646,0.04043303192978019,1
NGC,2574,124.10376469731861,6.5513692890923405,530.9157345068527,14.210983901282086,0.04683297225477558,0
NGC,2575,170.199935584908,-3.168975318577391,624.9980773836039,14.465604883306906,0.05442009348847506,0
NGC,2576,215.97636285165086,31.812287523509998,497.59162165078783,12.047472937621938,0.0386446690420025,1
NGC,2577,248.4834113382763,9.283178943431027,628.5410012632974,14.40064520421653,0.048030960616703915,0
NGC,2578,165.20554295346798,-9.158889990178796,572.2309685174664,10.850887540512522,0.034883148334414034,1
NGC,2579,195.84792345960588,0.8534795038496755,559.224068614028,13.61752078234367,0.04830864167959245,0
NGC,2580,260.6178464176508,20.828398304152607,588.8044789961148,14.891373431794147,0.05889780112255104,0
NGC,2581,113.85906809148872,31.25497716477597,514.7493100421581,12.083223010551405,0.04227638319641845,1
NGC,2582,145.0886632718508,-7.51035869649736,389.44939119710375,11.967434342442449,0.03993135922163425,1
NGC,2583,138.26421759033025,-8.17591635411416,397.6696556042072,11.167117601622126,0.039385835726970686,1
NGC,2584,178.03650361210885,0.22368056169217507,291.6878949824224,13.990168940439899,0.05058761788529926,1
NGC,2585,182.11903167347026,0.5436743652261289,599.4221116517349,13.195113622799509,0.04665067012041306,1
NGC,2586,232.7636470545914,31.794642806115778,500.1139319602361,12.016063534829753,0.03950456799756978,1
NGC,2587,169.48131663201795,0.8291193693019441,255.85472729743583,13.835113101717203,0.0458686804067955,2
NGC,2588,230.33549470846785,3.921941640750263,660.5280155724364,12.975707728503973,0.04676853002601283,0
NGC,2589,238.6455088642387,32.32289088791781,567.9753365174959,13.727980450145315,0.05083551098612296,1
NGC,2590,175.76353066126794,-6.477527685789964,655.3022538137892,13.880797988328917,0.05750309884465462,0
NGC,2591,148.3351421450344,-2.265571079914256,564.9055558109391,11.934183165701304,0.04105818249520695,1
NGC,2592,257.15149226415895,6.607122516425356,537.6576182071601,13.107885498432422,0.04701741019871552,1
NGC,2593,238.12004311107648,5.693741199819148,642.7994192458532,14.078401248562221,0.05148440360943546,0
NGC,2594,117.56589304255648,27.592562394468438,620.7888228365406,13.985629461083397,0.05587735296105499,1
NGC,2595,239.9176223834641,10.166234477387228,551.4921743413447,14.501147624028297,0.050919580876015724,0
NGC,2596,111.42704024233483,37.664091600244824,415.776899144103,12.959504918236778,0.04746917876059589,1
NGC,2597,231.44665463248802,-1.3652581074969425,663.3013109390037,13.59623263350446,0.051893178962930414,1
NGC,2598,153.7449249402404,-3.1108817816651135,485.0396647223904,13.797826660038872,0.05245929756338108,1
NGC,2599,116.57939173391608,23.597515109230752,531.0105603965555,14.407656059453261,0.04800631383060355,1
NGC,2600,197.3058339179397,-3.76000543188343,319.20592733942715,13.680015890205613,0.04379356447444318,1
NGC,2601,-87.63099249122459,39.65007647158108,639.7585214743334,14.240544939238346,0.0547751292349158,1
NGC,2602,240.25054594605433,3.6112779461139537,592.6071695930225,13.756043709600714,0.04623103187348486,0
NGC,2603,178.13716772384998,-6.202748350509902,509.37300671915807,12.944603762010507,0.04363468126685624,1
NGC,2604,141.78601386857667,-8.37011811790695,492.1416154647156,12.483541729201203,0.043328296512906206,1
NGC,2605,226.31356697580267,2.2285886974810185,546.4134589460617,13.203578102359103,0.04493709693406449,0
NGC,2606,263.3857171624025,27.38360762738152,431.50787518193533,11.499426043237477,0.04142253468166437,1
NGC,2607,138.48411316425023,-7.693603358956114,630.521021005066,13.260633205137111,0.051730979479225676,0
NGC,2608,215.04771260247068,2.7501900736335267,557.9315609852137,14.289203193404612,0.0531820804326924,0
NGC,2609,129.36366329903035,4.81370241353823,304.8968904437121,12.692893307254572,0.042123889683567915,1
NGC,2610,152.62044552467736,-4.072317109868351,663.1069656087201,12.967651964356259,0.04768154214763562,0
NGC,2611,149.06176734295812,-5.283676495961199,548.8283795453256,13.77855301238004,0.04347695829791372,0
NGC,2612,168.63463630990884,0.32726046050914165,600.6178914808208,14.43733778033612,0.0517340621063303,0
NGC,2613,140.00077223539463,-2.515031216960455,594.1816875704403,13.654575497795635,0.05273622943917729,0
NGC,2614,213.73467245954186,32.6856067453643,610.1297923777752,12.239644918636372,0.04436490153653874,1
NGC,2615,158.76321627641667,-9.456069919209732,449.32191865058894,12.595047399830586,0.04931620315966162,1
NGC,2616,136.52459917383146,-4.006368032615795,669.4275897570931,11.631785837482745,0.042623094600996864,1
NGC,2617,259.5229853574968,18.62417430244747,589.8589847368735,14.612924743320624,0.050435397308190286,2
NGC,2618,246.9527493546533,0.19283806012442198,387.22878325048737,11.136524577898351,0.03600268276967565,2
NGC,2619,193.5571679603511,0.33397521306715655,635.509431419267,14.111044210675848,0.050963102856996526,1
NGC,2620,238.36207405482705,0.6929317912728671,174.83935111417975,12.326875230045676,0.04295632371138053,1
NGC,2621,265.5424892531565,33.617238399339314,507.8676764704428,12.604906767424964,0.04821750116592456,1
NGC,2622,225.83647877377462,-0.07498579197877352,397.34251781585704,13.963322316222587,0.04911963528848405,0
NGC,2623,248.87711575701158,5.288625170821564,490.013070312754,14.193217640349513,0.05063490699115137,0
NGC,2624,213.22112558840428,39.54165647215741,562.2865321101403,14.27482671303576,0.0458535912815629,0
NGC,2625,205.3558047344574,50.423553921911065,573.6312383273631,14.382581420972,0.053475469504115074,0
NGC,2626,221.36642949385816,2.553587592814555,613.9560035858545,13.803629232468863,0.04836350884163089,0
NGC,2627,212.53445561996398,45.375646945969336,466.7910045281701,12.561605944249603,0.04171320730931554,1
NGC,2628,117.1771664853965,23.22630371773087,638.7276255031708,12.140138767912886,0.04113632253036532,1
NGC,2629,171.7995532086629,3.363521215180674,395.2042141100204,11.437965782354711,0.03853285890231736,1
NGC,2630,198.076303868719,7.2028684295963075,471.8116630322997,13.529324979798497,0.04722223401058107,1
NGC,2631,106.56209530583736,68.80733870127656,564.6260613834727,10.627440016075745,0.03377009630673118,0
NGC,2632,215.49874292654158,-2.754451761512203,624.0957235534707,13.537438599743062,0.05054765554996223,0
NGC,2633,112.46707844353857,27.67920615150489,510.0821966410376,13.29835493427687,0.04945424618787637,1
NGC,2634,225.2928336562211,2.1263694064236773,624.2735770931585,13.53881253974918,0.05090247153548068,0
NGC,2635,216.10991732508495,0.9315888619497158,530.8629296902959,14.093638696124902,0.046177591463099556,0
NGC,2636,120.26768494257385,12.322059881688268,533.2557383612663,12.785062801315826,0.04484870039118113,1
NGC,2637,255.13621665248166,7.856524442707344,651.777997601701,13.753513528536907,0.045790064009866856,0
NGC,2638,196.32849141361604,-8.961150967877725,653.5464970954774,12.940712849858139,0.044060088836827556,1
NGC,2639,159.06482245896942,1.8176950513426475,608.3692657262125,13.764969748568715,0.04806398227716036,0
NGC,2640,160.90511236613477,2.2565823310808097,610.7091207731562,11.255212762148302,0.038644823433811266,1
NGC,2641,174.0875150460767,-4.315208618552775,670.7441300167492,12.769167769670375,0.03894589471522841,1
NGC,2642,135.84987456006263,-1.4249173068839858,476.79569871040474,14.146122411557554,0.057012002334120675,0
NGC,2643,170.96396029989265,-6.273866464509645,542.1751886042165,14.207230970797264,0.04864408807216289,0
NGC,2644,228.64524341761268,1.3348367550203213,417.3755789568776,14.69533361660822,0.05189210373531362,0
NGC,2645,133.2460216337357,0.9912021597339615,467.4255591859663,14.346451002635904,0.048051600115783716,0
NGC,2646,159.21842615062667,-4.7011175546643855,397.4551752556486,13.78836189260507,0.05351496373451667,0
NGC,2647,204.25877134496866,2.8448697536453977,640.4162129724723,14.364491176195736,0.05578526369794401,0
NGC,2648,234.58004419596512,2.681390741693315,431.8794634326532,13.356755720751146,0.047212671611229655,0
NGC,2649,218.30997406628035,1.8752922291386278,644.1176412723111,13.442484107176877,0.04551282786869753,0
NGC,2650,125.92944366823824,2.156067115030138,630.9051156010527,13.063301611010312,0.0462774492264521,0
NGC,2651,255.37842794384392,14.821888515154725,461.75724038013345,11.266644609673811,0.0378798600008479,1
NGC,2652,266.2996531944775,14.208829683928935,667.0502667566542,11.36045223502122,0.039907292023871006,1
NGC,2653,214.28702750613292,38.24327795528123,545.5546231689748,14.093287386665237,0.04999644071281202,0
NGC,2654,261.84221407910474,20.741347630461103,416.36928761851544,13.153028073197055,0.04729333285695647,0
NGC,2655,235.7722708668173,9.893294146046555,528.4496656383063,12.549988260191194,0.04924075822285592,1
NGC,2656,176.53450459966407,-8.663509360130618,649.6272909287394,12.36787601141999,0.04555892735806296,1
NGC,2657,267.7372346399509,18.182028972327966,611.1318647050455,11.082382711500832,0.0378463383648789,1
NGC,2658,226.38983270044423,-3.295376983310125,424.30029423891875,14.022337539039318,0.050287397020421926,0
NGC,2659,229.45071111600285,4.417138619796892,337.7481731559625,14.440089662988076,0.05450085506836563,0
NGC,2660,220.38748202676737,-5.0873201963878145,657.0283818347065,12.16297100231567,0.04351416979751938,1
NGC,2661,165.08528978100233,-2.869632480815421,511.54095890096926,13.822003254211012,0.047032435471917426,0
NGC,2662,269.42898977658257,26.071817244979794,421.1720696195569,12.567394182825906,0.04665088963767346,1
NGC,2663,209.50784519282053,49.274335519664795,537.5524376098678,14.20755859890867,0.05328691442769605,1
NGC,2664,247.8191374630283,0.7458405798629423,629.379322217369,13.038278883123109,0.04469535965586766,0
NGC,2665,198.9081139633719,4.325501579892355,402.93357029087576,14.08455618594259,0.054843934877583406,0
NGC,2666,-88.25261093037112,29.605595873184168,591.7867054523354,13.729908611602628,0.04884446873026588,0
NGC,2667,195.46064130900638,-5.682404399119645,581.9217830266389,13.330494309861491,0.04898601638084659,0
NGC,2668,-86.11395984377582,44.290448734479845,663.6372852459791,12.247571781905934,0.04096428186078151,1
NGC,2669,266.39841760923287,33.49967954161916,625.3266825833908,14.598145541686083,0.04695793760787727,0
NGC,2670,133.7230546878847,-3.5465496178618205,442.5529143569257,13.667826512069366,0.05011421973038078,0
NGC,2671,226.54886366516763,4.011385165451298,561.1744684190952,11.163316891366893,0.03866073659997499,1
NGC,2672,210.68511833103614,50.80521731538916,621.1985306322781,12.276272596672214,0.04198224291315792,1
NGC,2673,227.35798342410243,2.5532463366452878,514.0174261022627,13.320086692672707,0.04790364768367166,0
NGC,2674,105.80713842629306,66.94015951786636,413.73478596624375,12.35105606565893,0.042237986481587636,1
NGC,2675,214.5906875215382,4.63561121289946,530.7623430061791,12.056883386213686,0.039829517913934596,1
NGC,2676,240.2265663994183,31.376515848317176,561.8733072143748,12.501156635431773,0.038630783250991674,1
NGC,2677,229.04484369935278,2.7119592831077877,435.7969647966895,14.428612433943501,0.05080734692562594,0
NGC,2678,252.3920926821454,12.300762260613302,516.1016172098061,12.241220239658892,0.04522925335116863,1
NGC,2679,255.971432634486,13.024102066788087,490.7990237564212,13.420456244559341,0.04578502608944804,0
NGC,2680,246.3706226200183,7.9970590908196,552.2141680590349,12.778355570347054,0.045131934097683825,0
NGC,2681,216.38414546041068,32.204727326501256,444.7410513123787,12.772394843410773,0.046831045236098726,1
NGC,2682,195.02801946457345,-0.18230854431965401,217.43812975314583,12.946190829474006,0.04452204832533011,1
NGC,2683,238.00392238828238,4.7093614809481625,544.8926027838708,14.88142828464279,0.05363734604097129,0
NGC,2684,111.01493110797017,66.64347243311911,501.14373049574374,12.911884520810952,0.046286434627407655,1
NGC,2685,217.7749793935604,-4.297601018836395,551.7570928500439,12.06600256485796,0.03875840744925059,1
NGC,2686,134.5944685097036,-0.3263210531290994,618.0491637032179,13.644799307489766,0.047768695694551194,0
NGC,2687,266.31419152306387,16.52494838504701,407.64878329006115,12.138574914612574,0.04158618644463561,1
NGC,2688,135.5551123481939,-0.8313268587397342,438.76476927919435,13.994710104067527,0.053197022443375874,0
NGC,2689,218.67396466162398,44.43125350182771,392.8826730360597,13.693626703939076,0.05284384073824197,0
NGC,2690,193.9200418632245,-0.6654244743195414,506.5509591666074,13.96771689556241,0.05434442659139363,0
NGC,2691,157.62524803359324,-8.310247997092956,309.479858518384,12.061647671448236,0.04090307753543876,1
NGC,2692,251.49866487826196,6.8565992115425844,570.2230207257813,13.129574944038575,0.05015292202856778,0
NGC,2693,261.3928457922967,21.53402946815979,269.9038605574019,13.214702139476168,0.049272672423978335,1
NGC,2694,195.23393971144827,4.787970997746002,554.3847298293647,14.037908010011076,0.053568023498226,0
NGC,2695,202.75142492397012,-5.953893876734803,567.8747530036227,12.0234100352264,0.04328386451401308,1
NGC,2696,93.46828480265076,65.09015571547,645.0199537172858,11.904896165406942,0.03962746987085744,1
NGC,2697,175.81281736039216,0.31084722223866285,376.09186000486864,13.99962953072768,0.053454610021888546,0
NGC,2698,166.50397819127357,-1.4512054128257266,404.39510821270585,12.85424611611098,0.04727409869158047,0
NGC,2699,139.7349903717256,-2.2091857018763257,544.0638918078836,13.72397396359974,0.04617863794681917,0
NGC,2700,237.82047413717558,32.17663365430891,271.2888212083889,12.93377710697526,0.046598642143895266,1
NGC,2701,156.10813644705547,-5.229685073373658,356.2440097764209,13.792404217170438,0.047536757511595175,0
NGC,2702,215.3147637437332,-2.1970630430151514,567.3851822944276,14.029884468116432,0.0521008169023386,0
NGC,2703,213.5068835102923,-3.5824091258461204,491.03735780785513,14.119445781465991,0.052021605185266294,1
NGC,2704,156.56878125826373,1.1907572575620515,246.5814979025275,12.429615689943551,0.04276266102649518,1
NGC,2705,211.17881243979585,41.08306176624625,517.6874919894323,13.066468868838815,0.0496281663271544,1
NGC,2706,218.90955341274838,-2.4946683287497233,414.91989020334245,13.919532077031835,0.05247215528763123,0
NGC,2707,217.9611870431426,-2.885671064221715,393.2083305831085,13.399594634927391,0.050093819276667895,0
NGC,2708,161.38598048919823,-6.599923250374892,345.38259933650505,13.544952034677186,0.047097118271585754,0
NGC,2709,122.21659670953306,10.705742477061564,599.9909303060244,14.150110982852762,0.052846027696698376,1
NGC,2710,144.17556490210762,-1.2324454805962428,655.803200075654,13.359582667810654,0.048924744639803786,0
NGC,2711,142.49401696487786,-2.606577248030973,558.4721711379192,14.502965178369001,0.057420680408552055,0
NGC,2712,164.47299549269854,-8.12059838517386,542.2201617607578,13.997390084093137,0.04579805159403316,2
NGC,2713,-70.57139376925714,60.37825613169728,515.3540050456886,12.692916680711786,0.044632743341609875,1
NGC,2714,131.30678087167627,-6.898662739720372,486.1248374688706,12.071347178482622,0.043308100255171664,2
NGC,2715,255.53740547532993,13.435560287563098,540.9128289659274,12.635995409317154,0.04545256062879104,0
NGC,2716,215.13450671240702,4.72652124793388,665.4055247869687,13.403649312382207,0.04634512769931732,1
NGC,2717,223.9505594465651,2.129065426910257,487.71121664947736,14.060760057386691,0.049521964904181044,2
NGC,2718,195.73030747003298,-2.0018414531879043,540.0705158533299,13.715312965031625,0.04520850709923567,0
NGC,2719,167.83040183903512,-5.302508339901144,645.6920082901811,12.194217712959404,0.04698076932314747,1
NGC,2720,211.29039218053126,-4.453353999579814,661.7648888321055,11.204722737397063,0.03798190064869273,1
NGC,2721,212.6066667441263,40.18801093342161,401.4637482571701,12.918086192841336,0.04461258359585334,1
NGC,2722,230.17942960442892,2.763618152849614,469.65985768285424,14.465783443058951,0.05796325835972778,0
NGC,2723,249.1639661951727,3.2874193836603984,571.4914505478507,13.830077152384167,0.045714627854868885,0
NGC,2724,173.73393763599717,-6.2395653114353085,501.23681354264374,13.954520924286447,0.04996376509537607,0
NGC,2725,179.11375129649065,-4.8918745586549806,642.3732597321739,13.962142060122757,0.04736692262511507,1
NGC,2726,146.54069431027474,-3.377061700446713,505.8595939830456,13.266768402195682,0.045107010798216086,0
NGC,2727,-88.81952689178644,37.9889976237214,481.59777696312614,13.579524313210957,0.048484483157110805,0
NGC,2728,195.6292446334596,-6.0211224317248995,507.1013157442264,14.660104030747842,0.04966517654559358,0
NGC,2729,190.47445660067402,-6.771597325497624,568.2799349439275,14.043897469178676,0.04777791925581425,0
NGC,2730,162.84652041925352,-0.3172916344789556,606.8079761579867,13.972288977723528,0.04957714759742827,0
NGC,2731,158.56782014992964,-3.7893640945017673,421.5792282169107,14.260842763821907,0.05217263351939053,0
NGC,2732,165.0404880804243,3.987096156812505,523.3260006487754,13.283571077701318,0.04953949095178152,1
NGC,2733,135.7188407670811,0.6496524028597345,550.5133881933299,13.208080436940394,0.04617495723582977,0
NGC,2734,221.94426352845724,34.294219440724454,567.9044575798245,13.716074125620828,0.048047109524068356,0
NGC,2735,162.46903457762022,2.1527431836774915,634.4113211398303,13.510467975979168,0.05026340121823042,0
NGC,2736,239.71291072028188,5.618832846363874,625.0490313061953,13.325305714163646,0.048661597314494695,0
NGC,2737,145.85462435276105,1.2962688908762938,495.4048235483226,12.237451711131069,0.043395368695518716,1
NGC,2738,207.60339452017973,7.620081535703773,661.9636577153277,15.174880833732237,0.05489356498736337,0
NGC,2739,246.46168232734937,2.065954543256782,565.2717665847581,13.132767024610278,0.046262855372596653,0
NGC,2740,260.22973790200035,10.605093965901304,416.34582806869406,11.71926426664897,0.037863844315824804,1
NGC,2741,205.99945942252384,49.79378894961093,670.3809849980053,13.150536702779368,0.04763780951083224,1
NGC,2742,232.24473728430215,0.6178540548375192,618.5249834104751,13.365208016161729,0.04743259650392459,0
NGC,2743,169.45003542274597,-1.206708998291518,273.0590838537327,14.214692956024825,0.053508724313670986,0
NGC,2744,-70.08514541767659,62.75341250556714,585.3497643019405,13.549876099622269,0.04524762622321917,0
NGC,2745,255.7905684388246,7.573885743500932,668.436422365415,12.886974758302102,0.05028360951418056,1
NGC,2746,-64.44127511298069,65.61181229466365,562.6844041758497,13.326715577679735,0.045428845307465444,1
NGC,2747,134.73492633656807,0.18821735837737336,290.1110925234692,14.029989225608812,0.05397626058572016,0
NGC,2748,236.84116138577394,2.9323719091107896,657.478252265124,13.892424560733994,0.05319682931713905,0
NGC,2749,231.891754184273,38.82925609834081,608.7127080688916,11.782782660188387,0.03868341684563485,1
NGC,2750,172.17369918240658,-1.385195507251464,667.3064163929305,13.174287552706485,0.04635329604752749,0
NGC,2751,107.97296194437125,40.33674879070994,625.0214845425338,10.978452903432185,0.036230706161924975,1
NGC,2752,161.85447457387335,-9.644469289413303,665.119295444473,12.113916478229362,0.04048484570925231,1
NGC,2753,131.93059275193076,-7.397225879761008,540.042322405629,12.62904780650495,0.04377190343669249,1
NGC,2754,222.7152422774622,-3.783379970756058,526.9521792014083,12.890939547572534,0.04552956997599563,1
NGC,2755,116.36583845841328,25.302705430022435,486.2494255451698,12.569681362930869,0.04236238919515651,0
NGC,2756,212.15107812182384,46.13642096336249,336.8433024646981,11.450028085231763,0.037688850964267336,1
NGC,2757,158.08927753707502,0.9848837129738791,448.86559593207585,13.8289294053828,0.05484233563887138,0
NGC,2758,196.12506489819694,-3.659726605288397,668.0348278189551,13.544398925661111,0.04934215745137429,1
NGC,2759,180.3523808743987,1.769083109398181,588.5812575249289,11.985924767196963,0.04416979468691138,1
NGC,2760,261.05439985734233,20.287064750078567,369.1003860019113,13.355734459751949,0.04289269237916077,0
NGC,2761,206.74815306065213,-0.07748967823325392,402.6526630733604,14.13349867187216,0.05300914503001649,0
NGC,2762,243.68483592100594,3.9035751267561496,405.71215326451824,13.222333553067129,0.046662553541672945,0
NGC,2763,220.64926958332387,3.5245191035457837,529.9271706531653,12.209959042667137,0.043124411730085035,1
NGC,2764,172.50468591399277,-2.5379328342794736,656.9268909719483,13.583917055629271,0.047251534307536834,0
NGC,2765,209.01978559328182,49.353825997659165,670.3432143878379,10.719110110616562,0.0354811237643221,1
NGC,2766,144.07129676267925,1.4640084804683373,416.04228228182996,12.48181478021121,0.04284778907659031,1
NGC,2767,-88.18045287508245,28.697571379542666,658.431863979636,12.908862799338074,0.04599743577089169,1
NGC,2768,217.7166356978271,-3.1235988249446307,671.1439962249182,12.034817380270912,0.040738676305111535,1
NGC,2769,176.2292127677709,2.471187090542915,564.2527683165748,13.439748483263502,0.04510483874575946,1
NGC,2770,219.5394112180957,43.1959306109139,225.63029229277876,13.559355094932894,0.046240381666029916,1
NGC,2771,253.2349935830844,10.366685397737763,529.8203561493933,13.7815453174971,0.05173105786326615,0
NGC,2772,130.81987648340572,5.342054689364581,591.9923323645243,12.996241150925012,0.0442934418166604,1
NGC,2773,194.27777027573757,-7.247205457637902,661.9268070172894,14.068321725744767,0.05030040147384582,0
NGC,2774,187.98056605404764,-2.9863477685510436,337.87917482268654,13.880667520789537,0.04951987115960029,1
NGC,2775,158.4947465747996,-0.7205964390608995,565.4297494482099,14.218620869771966,0.04946925679415092,0
NGC,2776,246.65599511059776,5.8493585354178395,535.2989781892193,12.682031068467072,0.04127902179738319,0
NGC,2777,166.25790077940937,-6.751539398260044,524.8896357819165,13.27161881346549,0.04490736268140463,1
NGC,2778,211.27779269464605,4.006804722843374,505.5699887772623,13.04360490328478,0.0465523183778887,1
NGC,2779,-65.22996651758088,66.38183483597689,537.3660501950419,11.473515983020775,0.04069453678893475,1
NGC,2780,198.62851922177268,-2.108812596617335,593.7262397313644,14.371473719069396,0.055595852698536626,0
NGC,2781,222.488841934761,2.6072731588853966,536.9743946483081,13.425639061081725,0.04807011863343443,2
NGC,2782,-87.5911509038486,42.607460577128016,455.7869627680285,12.428431506995953,0.04908568169441753,1
NGC,2783,96.21897371248383,68.83452722810277,307.19066641829767,12.282144485509948,0.044286530073875126,1
NGC,2784,198.99287827623493,4.961468613145254,489.5815584947356,13.534063562965303,0.04700272296842119,0
NGC,2785,194.41180239318797,5.191661134494716,609.6137121439277,13.486889738926363,0.049102949591289705,0
NGC,2786,209.8315697644953,5.502772023920122,212.71599493019283,12.024054449153601,0.04405161922013062,1
NGC,2787,241.28027717585252,31.36910715406752,246.52631673722317,11.309440387600981,0.03886211947691256,1
NGC,2788,204.93771718329933,1.0632453699077344,637.0113855923643,13.892399245888535,0.04882116004127891,0
NGC,2789,124.53885528943896,0.8938164716460776,496.8795734235998,12.34267985575582,0.04263395571239321,1
NGC,2790,136.49944190477203,3.4455489843006255,467.08806642681066,13.406701539653925,0.04635568123286467,1
NGC,2791,166.76498326978228,3.578799207994123,610.7766859146162,13.192574660864725,0.048744348194742174,1
NGC,2792,228.0980987202535,-0.7584361520595602,484.8435106666689,13.17859429888948,0.04743294462853674,0
NGC,2793,192.53756036015005,-4.538467834227218,516.9861277269364,12.952009461418461,0.04742258248813782,0
NGC,2794,189.77931124908494,-1.6936648432557264,606.8453198986456,11.568865123668203,0.035620596685383005,1
NGC,2795,193.20150771465237,-3.5505009938166663,542.7852339617351,13.499499912664058,0.04793806154355299,0
NGC,2796,219.90074656906617,38.66620582134839,633.2745465730814,12.775648947326886,0.04138448017864428,0
NGC,2797,160.0187928684847,-3.5697272615265105,366.512290903031,14.102745286481554,0.05011042451751468,0
NGC,2798,133.53307623783726,-1.1883385423964385,584.7924222067581,13.200723250773516,0.05250236064252378,0
NGC,2799,213.1701376365674,0.5275993178916455,493.3356837814136,13.574170667380328,0.04963043108238769,0
NGC,2800,147.69518707454682,-1.7657436654671252,592.0067274283313,13.482816483705118,0.05481468643087945,1
NGC,2801,249.06379891389878,6.89900669627901,451.7556493400808,14.138350211901981,0.054083376450542356,0
NGC,2802,180.19451135957326,-1.7363591065542612,172.5979138718447,11.24544393834347,0.03640578040654598,1
NGC,2803,225.59184075641684,0.9599594954503103,651.7830765038713,14.031996397976641,0.05007986431967859,0
NGC,2804,226.57284035473427,0.08380016606805524,608.3289303802037,13.835202828222432,0.04906117236498612,0
NGC,2805,267.1582975061185,19.083080813679082,382.40684714157084,11.9927470840984,0.03927047567495623,1
NGC,2806,225.22641258160067,40.26624028006303,607.8751358805326,11.488970026177782,0.03910159471444091,1
NGC,2807,195.89984369313498,4.14521890185031,394.0555337590963,13.886475079679586,0.050803026665873406,0
NGC,2808,204.8590704024357,6.040750485960841,507.451742721267,12.889290482324583,0.04737427426487644,1
NGC,2809,197.95360720088743,0.9649505615328086,630.6832855465419,13.333066647917335,0.05130552849114567,0
NGC,2810,160.55215016679563,-5.193761146951219,260.45782813681365,14.224057652398225,0.052661863566571536,0
NGC,2811,244.18157334846666,7.126020954103334,626.8700016652502,14.437422925094749,0.04863759789734486,0
NGC,2812,248.10922618683435,10.338624682099434,363.9525803726604,12.254332380553075,0.041456862270163826,1
NGC,2813,240.3984614415905,10.913568535062824,668.6357910624754,12.914871838435996,0.04458362368014704,1
NGC,2814,246.24467776814996,3.0737197221364845,541.5264436239504,13.223674146465099,0.04769106141760466,0
NGC,2815,250.97324796991936,8.882570278233251,533.3441756782472,13.392844452030968,0.04719796476366257,0
NGC,2816,227.60763135923557,-6.224086622713635,615.8345691495954,12.438158165625842,0.03994584450366831,1
NGC,2817,230.4055451680166,2.5047150628405466,614.6594337556558,13.818441584702441,0.051440395418269884,0
NGC,2818,119.16893308905796,25.186811859779308,598.8202641467897,10.720545423975313,0.03537956892179131,1
NGC,2819,115.97213200183033,25.001098319644885,563.4921142122218,13.841110764711281,0.04997815694578525,0
NGC,2820,234.26578358247656,0.03981904633322017,663.685210583123,14.40460169384591,0.046970369727130964,0
NGC,2821,200.00359030141414,-4.3411774441915,450.7119191047799,12.324590918205816,0.04254590602082104,1
NGC,2822,230.78888763449157,8.537390466325087,494.7950895955797,11.921533248250935,0.04306418608718253,1
NGC,2823,165.4055514437591,4.395602029021034,623.6960936941174,11.60434518232728,0.03876634295375816,1
NGC,2824,268.9740006451182,25.81271428511578,527.8055862576323,13.942415077574449,0.05334473815006,2
NGC,2825,197.26050554861354,-1.8844835437383727,621.6184391155932,13.33963832015066,0.05140423848773994,0
NGC,2826,244.05809844517114,6.782658864143583,669.6484876574349,13.110008352164103,0.04469906517499307,1
NGC,2827,97.39841599597193,68.68681794127504,485.4273480030076,12.493098967028676,0.04275795882315042,0
NGC,2828,241.24710832336982,30.07500579690354,630.6707638551578,13.027346924008514,0.04418676536719535,1
NGC,2829,167.42122459054266,1.9199888527570286,627.5180232337062,14.118609759343492,0.049905628291111705,0
NGC,2830,129.5910914026379,-4.939948232783334,217.50064497678775,11.705810200931001,0.04194603750039714,1
NGC,2831,266.0174300591452,28.818877908096578,451.38636088296045,13.126040832029942,0.044441431525793905,0
NGC,2832,214.24072460690195,32.74009864248597,339.03595880807876,10.894799620250021,0.03410951632222265,1
NGC,2833,107.55525176349465,37.380952177314924,668.597497393713,12.220275903698237,0.04205086939660902,1
NGC,2834,219.52395594508965,-4.578973608795875,557.8002308984535,12.847385225147963,0.04906500444720658,1
NGC,2835,228.34985966454224,35.7614662813656,492.8550187395278,13.325223176841243,0.04584389542105361,1
NGC,2836,139.53043878417458,-6.303265725046863,598.3585119371786,13.125164727447231,0.044331918704507964,0
NGC,2837,257.15696044234744,14.130159478722877,363.19249104382146,13.466681287499178,0.050538917607721806,1
NGC,2838,213.89557968382812,1.0777361730040749,437.84993919757113,13.05428723121908,0.04446457335720438,0
NGC,2839,247.58665140149577,-0.6927125558920216,487.6336837172492,12.360585493281926,0.04317751345929027,1
NGC,2840,154.94926250423833,-7.23042756843361,433.85569140595345,11.946569918844634,0.03793898300930608,1
NGC,2841,110.15455396982,35.792296964243626,377.73133177575363,12.541957549376907,0.040627477769901346,0
NGC,2842,166.17591280420126,1.7599325029490187,589.8597059322282,13.948047581534098,0.048566791910131316,0
NGC,2843,198.0087937231903,-5.007415375671043,438.6765512344124,13.224004051943895,0.05236775586181968,1
NGC,2844,124.85443260415863,5.731617362958169,635.4966274083309,14.058839679426749,0.049644518870837276,0
NGC,2845,254.92843449175285,14.219254968169395,671.1641420863374,10.884593153655432,0.03653684618280079,1
NGC,2846,264.9004847656273,14.770528435376908,489.73926746049585,12.881614843230578,0.045697989058552005,1
NGC,2847,139.53706204875584,3.5714503848044323,670.5352299717388,13.008898336944544,0.04292292482165441,1
NGC,2848,260.38088245899644,20.720347876565096,436.08248594037656,14.137740622238244,0.04935571567392686,2
NGC,2849,220.28924033020155,-5.1459284563983125,595.6117205269941,10.356169317680205,0.03314635931135453,1
NGC,2850,227.6567099696694,31.631161418017676,616.4993686185726,13.39408059835677,0.051867827666755004,1
NGC,2851,151.40604278304681,-8.361597522694192,667.0162143622231,11.58701447777295,0.037828199136752554,1
NGC,2852,223.79685877554493,38.96774316850334,583.1205208395351,13.699075462195925,0.04963488576163849,0
NGC,2853,232.67672339342138,7.94396218488658,661.3535817351345,12.054423609819064,0.039543571341320645,1
NGC,2854,176.67632770941555,-5.391680469651425,621.1428854948632,13.592342897778629,0.05335241985116853,0
NGC,2855,267.1166708278273,26.070036962788404,669.8626445086642,12.437616867085008,0.04553918166846347,1
NGC,2856,102.45023331794786,65.49186495978329,536.3742894138603,13.783369597884349,0.05063998702405222,0
NGC,2857,207.0860806737378,4.458746133061746,593.113576880192,14.268441265947537,0.05158344800606247,0
NGC,2858,227.001893776118,34.864835131462556,580.4769821955741,13.542419811129129,0.04420317785919116,0
NGC,2859,162.36581209268752,-1.674764521964071,669.8131062158305,12.074639506303072,0.042501267857077855,1
NGC,2860,213.9798746689408,33.5569243193822,508.4854508055334,12.222948476858324,0.047546288206959275,1
NGC,2861,139.57112831297556,-0.5494140892107795,562.9919527686728,13.238237536937893,0.045199536801068654,0
NGC,2862,127.14465242668254,5.136696649982721,593.9644269074593,13.926852326205092,0.055117003742717365,0
NGC,2863,219.1217489047463,41.25706156837987,370.7108029348603,13.477968406002619,0.04731728168436037,0
NGC,2864,238.25053585143291,1.4567648642301578,246.68656023971525,12.24383033396082,0.04200559966805068,2
NGC,2865,216.99252577368898,31.624434578677604,647.8093960549523,12.16907870269018,0.045484369573201885,1
NGC,2866,114.87317057989358,21.927167505797144,466.26084131700543,11.936019848140118,0.04054188860000991,1
NGC,2867,185.33861274250242,0.6324437345927326,276.9350489793143,10.976278802092914,0.034495930801637736,1
NGC,2868,266.33581249599854,17.543657568372385,392.81568531574044,12.499519520706325,0.04331428540251652,1
NGC,2869,210.374668297234,6.3359999683235815,621.1263586519815,14.13311162864821,0.05379970388583566,1
NGC,2870,216.75156891130246,45.11676423198489,244.79501474534348,11.303211199312079,0.038025611752428266,1
NGC,2871,201.61031752402835,0.39647486984342184,392.62157041706774,13.736295302186463,0.048906466988943145,0
NGC,2872,136.2062245813273,-7.20907566525979,526.8841412850517,12.636913491111871,0.05091900059527607,1
NGC,2873,131.15727940080214,-2.74296225874957,489.7510330352334,13.02171967611832,0.0480256386084618,0
NGC,2874,208.85491129046207,6.311239251955973,630.4000043369922,13.739121881599333,0.053193100440010826,0
NGC,2875,231.6475674342712,-2.2056041684556513,634.0180159858413,12.493146001315482,0.04527464459998006,1
NGC,2876,235.06066381981617,3.8271338816428733,211.1769835799704,13.423498930348114,0.04737248043547207,0
NGC,2877,150.75885083616038,-6.937068952018465,620.1139388188057,13.042631430251856,0.04633428107644649,0
NGC,2878,189.16903324968067,-6.880709061988498,444.5174235116448,12.125604668398163,0.03943631709184658,1
NGC,2879,246.58953892495322,10.297574817801625,342.88845932904053,12.71947005433474,0.04406764708161467,1
NGC,2880,169.98939063016297,-2.95541913193536,529.1730347683656,13.420854781213867,0.04752501667452541,0
NGC,2881,228.73354581125813,35.04738769446539,539.7065533616951,12.89566541901195,0.04543673082502332,0
NGC,2882,127.87209876022816,-2.8706406406028773,626.0692505628876,12.72395563346263,0.04328742261215707,0
NGC,2883,210.2047431546543,7.532700643401998,431.3321832014131,12.138259253809922,0.041635076291860994,1
NGC,2884,228.83604066404547,-3.9404480387679968,607.6631134409514,11.997115634343489,0.04639170656045934,1
NGC,2885,265.88405966238076,19.489486595894668,647.2668863881379,13.42982104714474,0.03935978012206802,0
NGC,2886,154.96097585295888,-5.8792752371210355,659.2928797377994,13.535736780154334,0.04849355805495469,0
NGC,2887,206.78533999722407,48.892028250798,350.77297320477044,12.407503969947085,0.042772137845752047,1
NGC,2888,220.61269505913145,-1.2992571161666013,602.8707742533566,13.710767427665084,0.04832805757779459,0
NGC,2889,224.23128170801476,34.01242727868653,635.6930519532943,13.859634362648658,0.04542905308491224,0
NGC,2890,176.03535798431878,0.7751612832613507,628.0368801738706,13.8445128906514,0.051736156208250235,0
NGC,2891,189.66575913237088,-2.162393033757177,154.34363873720127,11.193126690206192,0.03878727363903663,1
NGC,2892,223.20999747381072,42.23102966213088,567.4154245331084,14.331563590083807,0.05272852598460214,0
NGC,2893,248.78620081801847,6.236287681406183,335.976930317975,13.243466397299636,0.04205756548069144,0
NGC,2894,216.62123792444996,38.09442258542978,558.0598442977563,13.986358121572339,0.05129249337945993,0
NGC,2895,149.48407933283323,-4.789196273472748,670.523232784605,12.973848330630856,0.04698829237011157,1
NGC,2896,234.59582563295157,6.737055011437167,586.9238752286939,13.765620894767638,0.05315424130716571,0
NGC,2897,196.40204055486748,2.2931042511984767,608.4208976690753,13.461068434422415,0.04951580929630697,0
NGC,2898,209.85988132858137,-2.7165695779799655,248.81195912098798,12.91299080123086,0.046197435989248636,1
NGC,2899,170.52673718748036,-8.745616318437568,668.6768946323016,12.059088659559608,0.041587703556849376,1
NGC,2900,237.43039732226836,4.186998249720087,662.4246897833799,14.175721419092051,0.04771776975898703,1
NGC,2901,209.89987964199995,-0.38218946416206573,576.9570359591561,13.929881823681264,0.04703113398506727,0
NGC,2902,215.47277402889247,-3.605805716849685,393.2683149616437,12.466410475655282,0.047726609773326864,1
NGC,2903,-65.75318250861346,65.96411006756817,669.384655684076,11.419430533428498,0.040657541944861514,1
NGC,2904,144.66494950820126,-3.912157883442571,426.4852061805442,13.835822188623164,0.05380921616987905,0
NGC,2905,-89.54068337886642,34.09507502764323,200.1342721090501,14.47615261977971,0.0509134367391631,1
NGC,2906,195.55334476224513,4.183038584681154,500.394733392918,13.310457313709275,0.04933926576455466,0
NGC,2907,-68.89892049160255,63.06908655855079,554.450914286834,12.342460589119497,0.04366243896139425,1
NGC,2908,135.73979526539864,-3.7550792311436556,583.6423434500234,12.746710432344718,0.043295480481730944,0
NGC,2909,216.78791606448266,46.917026010175555,340.37015529797543,12.204581459076186,0.04599800325447096,1
NGC,2910,252.4551336726218,-0.27468870854539507,568.968854444915,10.854318708438084,0.0355924797372934,1
NGC,2911,228.26177452798544,-2.6023163681858583,529.854921669055,12.392139633922552,0.044935745163253944,0
NGC,2912,155.59529884734928,2.0813313907027995,559.7863877748232,11.83658667708831,0.038411684062268026,1
NGC,2913,265.8368639818965,29.201935028134667,560.0697975578439,13.246169267874397,0.04510009622047975,0
NGC,2914,210.54249351336938,-0.3597012628493381,562.7798145400183,13.835004118279224,0.05009711097887219,0
NGC,2915,161.5237155297955,-5.346360289352902,668.2338315144107,12.753819054693006,0.04379029485190417,1
NGC,2916,222.99997629377157,40.428609472043526,205.15575670502903,11.263884259819003,0.04009568298632379,1
NGC,2917,138.03940097161635,2.209768083531011,584.0954449457219,13.521735805667838,0.04565312013673525,0
NGC,2918,240.18199391725844,33.99940356426843,562.6687783019464,11.857849498018897,0.04133844197429345,1
NGC,2919,133.38328537246025,0.4005530266515505,609.2761009404704,13.331165119762248,0.04986830767470211,0
NGC,2920,186.6205931709681,-1.6245559053833387,395.8974024894633,12.57971889377884,0.040766115383256994,0
NGC,2921,138.713794268061,0.9296735395241041,458.16919008389453,14.025716776851851,0.050828617728879595,0
NGC,2922,160.11353118723054,-3.7295421667539324,599.3623679583602,13.541542985075965,0.046943986770759255,0
NGC,2923,120.61447561409071,12.71951474129397,625.157310357352,11.704000473931687,0.0363570036082244,1
NGC,2924,210.83570220084172,0.6287555388833855,606.925150424935,13.48696254693863,0.04992281354484345,0
NGC,2925,-87.12713861525559,31.57461636578452,587.2935238181453,12.016659548691656,0.04217858620612343,1
NGC,2926,111.78083716979478,68.3718787837066,665.5083592480178,11.352373648356911,0.03879163942254129,1
NGC,2927,193.3034024858472,-4.828104236429701,359.34565674283226,13.688418588056212,0.04510181099337863,0
NGC,2928,214.83448397362724,-3.0590133792470726,640.675815370125,13.406379122799908,0.04352333870321965,0
NGC,2929,260.56341251995366,19.332118893138972,606.3016209526985,12.804764288633198,0.04327568769324236,0
NGC,2930,253.68544039106408,7.400697565040361,552.9017803602263,13.5009854706056,0.052260430229611674,0
NGC,2931,179.87669047057975,-0.7825922064653662,447.4602589289591,13.891632262145212,0.04749692310147792,0
NGC,2932,193.43435844575757,0.939074502368461,488.2435622915259,10.897404608002043,0.035173266519266645,1
NGC,2933,208.11883807047323,-3.3356152596559023,483.39166505312954,11.388165206701752,0.03726838588275698,0
NGC,2934,160.50536553253235,-9.78945659144573,600.1189949413638,11.370131766030427,0.03794594706825729,1
NGC,2935,221.72866100525468,-0.4993894962857131,337.9622589023291,13.31741820642902,0.04716820146878152,0
NGC,2936,-88.52121390533433,31.309116463442766,599.976494910038,13.627996648395184,0.050710910906949194,0
NGC,2937,134.8197552896132,-4.8784557571971465,645.5718599345853,13.216452416601348,0.04531520973315591,0
NGC,2938,242.32453754523266,12.436236611102395,568.5868980584613,13.419898805943502,0.048427973858464285,0
NGC,2939,145.70866983731247,-6.264225036914025,249.44712117381735,12.924454535142099,0.04134165908959581,0
NGC,2940,-87.96568023947471,36.73475233099327,578.501334654814,13.695377078213669,0.053002053113386266,0
NGC,2941,198.52653014432656,4.311430878263163,474.6957280062347,13.497637206070667,0.04945027295806594,0
NGC,2942,197.278428641886,4.352383980204398,462.7450314663304,12.489086482902032,0.042684386438860904,0
NGC,2943,238.52328264806977,32.711052496596054,424.41145926950065,13.701695593653103,0.04311317209025687,1
NGC,2944,118.3480946316878,24.43822639654446,504.23184829825226,13.312984682943387,0.047408841388460916,1
NGC,2945,192.7191639854886,-1.7521583384743762,185.79612418042194,11.798029646358998,0.03940549782991355,1
NGC,2946,240.30912830179855,10.060416143130603,609.7262626499748,13.648902674662352,0.04838110118611619,0
NGC,2947,239.97602825069924,12.543250756721806,552.572405574293,11.249414711588413,0.03636035966614345,1
NGC,2948,227.50487468934907,31.587032084901544,670.0823810413256,12.86498617018374,0.04554746896159493,1
NGC,2949,216.76074723692824,5.97740088539166,669.9031464378784,11.244967533463326,0.037296275192340425,1
NGC,2950,225.50069217739744,35.80950936887638,583.2589943116482,13.177859497392781,0.048591681805810305,0
NGC,2951,177.3690511834548,-2.354924514824572,407.66684892938764,13.152178633961775,0.044744254947072085,0
NGC,2952,135.98569901702183,3.436884194425941,599.7380803490876,13.812808059536838,0.04789396443245256,0
NGC,2953,178.2565993189499,-5.724738891416974,603.3530627887128,12.21617275023309,0.046313778912785174,1
NGC,2954,173.186265512287,-4.542389886086665,640.9296099086682,13.370558268395856,0.051250724004074495,0
NGC,2955,189.63442134029162,-2.8305628457306033,277.51435857212437,13.142301718673478,0.04378139567279287,1
NGC,2956,209.32880375990248,4.865074490530322,591.9825580720106,12.417860551189381,0.04624532791320335,0
NGC,2957,263.86793619424066,24.344984282607868,501.8123327819888,13.0499895455521,0.04724502665910046,1
NGC,2958,244.20251530863584,0.3383102175183502,358.9506088570245,10.49016543960706,0.033300493085413274,1
NGC,2959,241.21145442155273,7.158342819787081,572.3067817737086,12.928508872863436,0.04554331429528752,0
NGC,2960,236.96523685488893,6.517176253047926,665.9241680620811,12.723990649602557,0.04286529140801516,1
NGC,2961,203.02961020793975,-1.743856888003036,289.9204775675806,13.32600331017681,0.04776136109686503,0
NGC,2962,162.44212068281777,3.2077269801706936,615.2898168827836,11.72879581625878,0.04264189709950152,1
NGC,2963,155.0002590794981,-7.829660909904187,646.1642433009157,10.282775692858433,0.03264868955806236,1
NGC,2964,246.6480529333258,4.5122484320151806,491.05149453752784,13.20726510607263,0.04559299888525932,0
NGC,2965,170.16498854619687,1.7517950317448259,459.1883452500207,13.992287552997954,0.05116948771945231,0
NGC,2966,158.28584804483765,-0.32056973659862825,365.990623972237,14.0172303557853,0.052958627867749804,0
NGC,2967,93.6366668887837,66.14234340778518,365.38487762396056,12.642941956561893,0.04696932753604418,1
NGC,2968,158.10332865416837,-8.210883912406954,670.5263414676799,10.894747809093724,0.0341504680468046,1
NGC,2969,213.22119053575454,36.59915613148156,557.9626958097853,12.062322091645232,0.041916667661682186,1
NGC,2970,269.0370117736155,25.711794454425373,348.9665921072338,13.414449480401508,0.043987424189688394,1
NGC,2971,241.29417860098602,8.528210415127695,620.2995423054476,13.449976889380103,0.05140822131066324,0
NGC,2972,194.34793032296596,-3.18151240307488,469.3156819594168,13.591230581254349,0.047495391114467156,0
NGC,2973,197.63155154472946,5.921141257080855,382.3963307173414,13.862206718281163,0.04930521856830595,1
NGC,2974,260.0370948376708,21.5198758503644,406.0173480326061,13.626912937601885,0.05030846716818543,1
NGC,2975,263.479424918566,15.540048716752471,448.63822457352563,13.503594554741067,0.045582751322860104,0
NGC,2976,242.47909661989792,32.41273943673709,453.1901601150088,10.767640744914061,0.036786214814826204,1
NGC,2977,195.87884899376007,-6.804385701118667,358.5062066720588,13.210003255230916,0.04987842971396272,1
NGC,2978,119.31216091163841,26.040083188476608,670.5084713462962,11.668856067091298,0.039357902088142736,1
NGC,2979,221.9928609025614,33.83399631759936,503.5238787152551,14.015054766550476,0.05076952555949338,0
NGC,2980,214.71318843837128,2.9752404851876393,494.7508349664816,13.67361621261218,0.04805230497939589,0
NGC,2981,261.7942918884918,14.666890427223846,666.1240329013124,13.325876927233876,0.05134072268380799,1
NGC,2982,209.76195252276682,51.39176967100853,536.3909831867413,12.118106962069696,0.0435371046386072,1
NGC,2983,159.26064651947019,0.1259646357319795,422.9326034566518,13.799507983413942,0.0453588282884939,0
NGC,2984,265.8580674458315,33.86117035303419,555.1890653472374,13.247495851329681,0.05263407497020932,1
NGC,2985,219.50291178964173,40.15392481444627,531.4553908002875,14.084382507532588,0.04570615379674289,0
NGC,2986,155.17751172412355,-2.393700754890095,202.9148726571851,12.241435670092521,0.04415751286979654,1
NGC,2987,157.73047013725574,1.6976367927812304,323.99278794432735,13.478224052668956,0.04529734122188212,0
NGC,2988,249.07914318682046,8.33447400908275,615.0643546249106,13.271416428251312,0.04652678303136502,0
NGC,2989,127.37406649822913,6.391413534839295,670.402657605773,11.563119378060001,0.04235437883239144,1
NGC,2990,157.88425692948246,-2.9480529295000752,323.5429271322358,13.600971301262739,0.049428563814673164,0
NGC,2991,265.2074192344836,22.08388605507519,657.0938233743348,13.114269791128244,0.046430037962245596,0
NGC,2992,247.05539412831502,4.969562766883693,660.0454145278984,13.541534466920282,0.04614266195964586,0
NGC,2993,130.3617758237163,3.4396781021935485,661.4466678487692,12.543485928015851,0.04646804942598403,0
NGC,2994,-86.57075932209855,42.71402366820251,345.3674606837172,10.774339729080559,0.038639313743569985,1
NGC,2995,164.53898614329066,-3.4675185342104817,590.0322339062561,13.577081456447548,0.04583998236214811,0
NGC,2996,173.54870594546964,-1.9563549207729185,630.2108604271597,13.316411036003066,0.04959161785143241,0
NGC,2997,249.34491993140972,4.6023580231500585,641.5441493282491,13.031524288926782,0.04907481143289664,0
NGC,2998,197.952270729145,4.062532682246185,425.28315371108215,14.11887340228693,0.048341560904603384,0
NGC,2999,226.03402245100736,-3.4805375293713485,658.6040641667257,12.450523543715141,0.04547622207580447,0
NGC,3000,114.04648215418582,30.117380727419246,625.1604799286301,12.786420773944563,0.04645896731091741,0
NGC,3001,218.14569141880807,1.4780573450070238,590.9186368668276,12.868468303904493,0.04222242554778735,0
NGC,3002,257.46611499266135,10.80415685609834,442.0580662184133,14.048624544772537,0.04895622389151568,0
NGC,3003,231.1464614049232,32.467468961168045,391.3625050504457,11.922579588302622,0.04088709510258731,1
NGC,3004,157.04854467280848,-6.350917458870578,622.3159503264573,13.359488359064764,0.046303588629650894,0
NGC,3005,197.5923726068089,7.086519818600625,638.560264318674,13.535045285213682,0.051136879985490914,1
NGC,3006,156.46538296126246,0.9683701860241709,584.6169961548457,14.17989559684036,0.04834688586244394,0
NGC,3007,222.76870114226548,38.35635129266693,647.5801072175448,13.918606803704522,0.04817388659963543,0
NGC,3008,268.7493584390527,24.324557032676637,319.78550412723115,12.73399810925763,0.050354662066632735,1
NGC,3009,249.2032320724761,10.644939091183193,553.0831838740387,12.222179190284601,0.04585914123981017,1
NGC,3010,147.80721230355627,-4.831505676518315,629.2601233955423,14.018968091272969,0.05186059768061541,0
NGC,3011,242.9940456778456,7.283090184338794,552.7218594655984,13.693466400244958,0.04971460124747962,0
NGC,3012,131.20233605284042,-4.308219166025738,471.6516202838047,13.517208836681618,0.0540505162422377,0
NGC,3013,205.55512082193928,49.37618792379833,631.149223167014,13.527921603833216,0.0480775925642079,0
NGC,3014,265.6461144042768,24.508826918182084,536.1344292399051,13.572371312691478,0.047878644337906485,0
NGC,3015,226.9553885589016,1.4177950698871233,649.6114717635742,12.964045898777309,0.0460921144522723,0
NGC,3016,100.43787152991025,69.92240890950133,590.3583724150324,12.6905569708293,0.04223422765876594,1
NGC,3017,213.9523748393309,34.372425732447155,473.8761070498313,12.761046872435358,0.048379497869689446,1
NGC,3018,169.93657500505083,2.681928255673152,284.53492383159323,12.114179329442873,0.041836292927772904,1
NGC,3019,193.74707114882116,1.5938327739126432,605.3516512017382,11.847027221797712,0.04224779287689657,1
NGC,3020,197.88813232281137,7.270185362720307,417.68721893781964,12.361763507824682,0.04242718142068183,1
NGC,3021,151.55400158460594,-7.522701744174562,381.5016292376248,13.110711197476128,0.044035780446960486,1
NGC,3022,262.9070050266735,18.64566299476127,590.8165209996433,13.52601647190697,0.050988728127440285,0
NGC,3023,244.74585233403263,0.5930968326953199,326.99252413889207,10.82286411030373,0.036783014725920576,1
NGC,3024,162.96499665473863,-4.077882105485905,558.3971475641342,13.531328216623649,0.04567636910794253,0
NGC,3025,259.39622654455815,15.967948861485587,644.3051004650692,12.085527607556836,0.04179589383537451,0
NGC,3026,226.46064253620645,1.4717892560452468,437.45216912985626,13.022814596543983,0.04785537537637342,0
NGC,3027,228.87883879453278,5.978271327666133,598.9740957558834,12.828698756993795,0.044911632136907,1
NGC,3028,158.62830290251196,-7.547091905920551,469.9857408800084,14.213493338129085,0.05127115249533954,0
NGC,3029,266.5786641562665,26.958458447087292,560.8973936715099,12.63098194596679,0.048386243362143734,0
NGC,3030,162.33534984740004,-1.6298005677835194,408.5186769280339,12.663590142311676,0.043082056717940194,0
NGC,3031,223.10313719208943,41.30479527985801,645.236557338054,12.871893460628213,0.04355480639983006,0
NGC,3032,145.65779353406424,-8.097734690788734,536.8671324904387,11.446031691174753,0.03983087753007943,1
NGC,3033,172.78018483409758,1.56278356651228,607.1551839495014,13.676564408088536,0.0479567611912849,0
NGC,3034,267.00518058226885,17.179538570440567,470.3575999594042,12.434314945781521,0.042183730218253265,1
NGC,3035,140.80812778225612,-1.3710609750638798,373.1988615677525,13.12357094287298,0.04167681086750236,0
NGC,3036,248.1356764790014,2.590465976668978,274.74850089085743,13.369091717825853,0.046004029222241095,0
NGC,3037,208.7391271988796,51.7064637248665,436.28984249404436,11.642741352824086,0.040718911695758545,1
NGC,3038,139.732390205243,2.61711406394715,551.5118378254425,12.674046818171188,0.048849360542554676,1
NGC,3039,160.6658216573224,-2.1534657454448345,665.8709762754341,13.744239393842248,0.050414740125751735,1
NGC,3040,129.1728907630869,0.6852547537340372,593.487073221481,13.781565941531301,0.0490676477862382,0
NGC,3041,204.67897223057645,51.08072226205651,637.6207194727225,12.710387393821215,0.04502723161274439,1
NGC,3042,258.9641601420538,13.366675070313715,530.1696799023064,12.54976197774773,0.04452072915748815,0
NGC,3043,127.76514160173593,2.5311357177084055,638.7625054528195,14.239528497166779,0.04776984993504046,0
NGC,3044,238.29099404891727,31.734075277485015,667.4409083408652,11.119934771905701,0.03767186934443663,1
NGC,3045,202.4146911065348,2.0444627017028996,578.6376065503785,13.073124727701705,0.04966354831747213,0
NGC,3046,245.91803602762724,4.47107767985512,668.6894006774558,12.143975599943712,0.041880449800964906,1
NGC,3047,207.83227532803028,3.8488573740481784,472.56515076321097,12.950999707724158,0.04671706421394269,0
NGC,3048,136.40255331962726,-5.600718730317506,277.1392788488432,13.193634326487961,0.04821964231476191,1
NGC,3049,190.7656143177972,-3.2370640045459647,656.4785391608652,12.839838229882698,0.04419167544388261,0
NGC,3050,220.2824636042219,1.666658485292722,634.9147795679762,13.480302211705935,0.04812054902014644,0
NGC,3051,203.17662684570135,-2.4062415384037856,479.5805797882077,13.670105179983006,0.05331743799337785,0
NGC,3052,253.52715519777695,7.536046693924394,628.6931483405727,13.074432669656446,0.04664359407186703,0
NGC,3053,133.3212888084613,3.7092499527936407,321.1324304543255,12.424800783431051,0.04527259408188488,1
NGC,3054,209.17843715397504,4.958017578999402,549.4936719808605,13.425393094574028,0.056263008236846775,0
NGC,3055,212.03694514140113,-4.866356495124713,613.1848843508615,12.917171999795954,0.04502239356549332,1
NGC,3056,-85.53552874861549,43.48657031022517,303.6473125473178,10.327273972571536,0.0346938111003119,1
NGC,3057,196.62604430552923,-2.0597823096309607,601.8777907950258,13.53129840486508,0.05112272386213344,0
NGC,3058,159.8190962167727,-2.0230027858063138,75.09333024094626,11.04988946277818,0.03659066426109268,1
NGC,3059,-86.62663199043003,37.36494971638434,598.1476088607458,12.219496639697955,0.04166283209219353,0
NGC,3060,213.39316996697056,32.26388085838364,658.3311283841655,11.751977862718938,0.03839747461457459,1
NGC,3061,198.57721389544622,-9.143751544301699,635.2279161426336,12.76852046868594,0.04633787939126756,1
NGC,3062,128.72119828232894,-5.0785323119277095,615.2439088042116,12.587069650396998,0.0461888104296451,0
NGC,3063,248.76629298281557,4.8739249261039275,618.6557171623971,13.547523248688751,0.045131323906104186,0
NGC,3064,98.52259943543187,67.19959696501145,606.493707561165,13.21917118253978,0.0478671549439895,0
NGC,3065,233.54428720637065,-1.6478657050153407,565.2926720290036,11.230364893985406,0.03801554986238277,1
NGC,3066,250.12924778596687,2.806463307025325,421.3014557983332,13.196337992791765,0.04825871769046247,0
NGC,3067,-68.46098538447042,68.19028353578885,569.7995707443464,11.748843982134336,0.04129648407762646,1
NGC,3068,193.33223601292283,5.544607185586705,600.2359597705207,12.334334866640875,0.04330231231393498,1
NGC,3069,204.81349510043884,1.6225203870992508,379.1085841005716,13.608254299320125,0.0438527077155348,0
NGC,3070,172.4792390557419,-7.315483132760277,486.5263720884889,13.284676503318673,0.05063182250444626,0
NGC,3071,209.6906986045246,-1.403338220513141,637.0053074327774,13.45383658208112,0.048923414151323834,0
NGC,3072,209.74242700565154,4.713909451347898,516.2859730784555,13.33249980717309,0.050669502506621195,0
NGC,3073,-65.99532159838327,65.930243157122,368.51877898194675,12.311930187238817,0.03808432117171789,1
NGC,3074,205.77981355998116,6.128105564405579,623.6878312109068,12.550799717426878,0.042826688132213,0
NGC,3075,221.83205069989785,-3.932395610443025,651.06583952475,13.196674187164879,0.046534637470816875,0
NGC,3076,216.42494628678583,45.01471915074648,576.727701780285,13.037328556988008,0.04520509859481237,0
NGC,3077,235.77268107375835,5.783730682096686,666.5425595068552,12.156602420590694,0.04083932208264523,2
NGC,3078,237.868517431323,6.868804153212469,593.982564127455,13.551058219250244,0.04965600678113207,0
NGC,3079,265.0340990151557,32.23821339869915,538.6562846658267,12.406969763995761,0.04849016067737382,1
NGC,3080,147.0965069653748,-3.9073560119996444,482.49905923283785,12.921808548631581,0.047859886992457315,0
NGC,3081,170.4246731114672,-1.791435993612493,554.3624599093309,13.470043899288052,0.04384394208849937,0
NGC,3082,238.7174761156477,2.100670342015394,667.4111861199389,12.041344628457457,0.04240958836192874,0
NGC,3083,163.33653512983864,-3.287030864563529,379.9273802241612,12.758881981831898,0.046536782327920356,0
NGC,3084,254.22917476282964,6.17191143322128,501.4332375973312,13.149737888206738,0.04547629748450815,0
NGC,3085,181.618569793709,-0.9878709353227303,590.3559821415961,13.4074217792722,0.04578634707610316,0
NGC,3086,224.0969547036719,33.185131205346046,588.2324662928963,12.83487402200855,0.046177229237488286,0
NGC,3087,111.61823840362537,28.31710943662167,658.3180134964638,11.182576969761936,0.03650782945733594,1
NGC,3088,137.41489600583174,-2.7003651476570436,554.1061481228269,12.904737771096125,0.04588125149865616,0
NGC,3089,195.98641183576166,-5.3628210376644985,522.7915082884963,13.58890385247341,0.04987515207874835,0
NGC,3090,257.76972687091654,11.661291563304221,381.4467603447513,13.120506095060032,0.04460971897346035,0
NGC,3091,138.51227246304606,-4.018669579026214,323.38346174478596,13.221521253683683,0.043519888365487015,0
NGC,3092,175.31391385419394,-4.0501649355641325,623.0069679262484,13.24429554236005,0.04280821374189652,0
NGC,3093,263.50188211095997,15.28890159767366,645.2811315121954,13.60397862364307,0.04625352550616703,0
NGC,3094,159.25192022236632,-4.225854069202933,463.727839938201,13.529327704069061,0.04834410531698181,0
NGC,3095,118.49401074853843,25.018656931935958,308.2961368968082,10.920068859603251,0.03676607017679969,1
NGC,3096,107.07901801329332,38.36389300541938,543.6024708183376,11.00620697735595,0.03684913766156676,1
NGC,3097,224.3730697058526,2.2065843416434654,221.7394896173923,11.902006877681133,0.04102954792892461,1
NGC,3098,135.901007817095,4.197139615501182,401.2807798920475,11.412392000736052,0.040307480946092086,1
NGC,3099,227.75221248400308,0.08757863799296699,383.8660187896685,13.258061692354387,0.04632182604890488,0
NGC,3100,162.11844713139695,-5.014778065429719,626.3347083001845,13.94968439738777,0.04757149039462228,0
NGC,3101,257.795196766533,14.679125088467863,589.2532705304517,12.492768295656289,0.03992880617567763,0
NGC,3102,190.9968758986896,-1.9911920758965271,399.55506385568856,11.619343008327823,0.04163619511945724,1
NGC,3103,238.48961589629965,10.749821226719195,661.1931982424702,13.144148689643174,0.047138005472433485,0
NGC,3104,202.96242728705133,-1.404300653344905,564.2122320860145,12.85700884177844,0.04605266658195385,0
NGC,3105,223.5711796880541,42.21395024933099,552.0604031363591,12.68879060396708,0.042524986929591106,1
NGC,3106,130.36239766334438,-5.399966718525753,537.1313803220601,13.183105928181261,0.05116586300460245,0
NGC,3107,223.74636529570495,36.55206965773789,125.78945219576535,10.170307266403313,0.031924478640573926,1
NGC,3108,169.34674316092273,0.9785958585976203,515.9907684621924,12.454833653789171,0.041507809787017604,0
NGC,3109,132.36197514727107,-4.443605923735448,580.5091238618936,12.890868145180395,0.046192517164459615,0
NGC,3110,-74.22388220010642,63.47072058538122,470.46805754333,11.73634367540162,0.04318022235067349,1
NGC,3111,247.22471285465633,4.129176513521058,619.3773202869002,12.80885009570254,0.04523056061449866,0
NGC,3112,266.86939685142033,18.338076738111628,354.5519564811955,12.376249403819582,0.04009069521634723,1
NGC,3113,246.42710005853098,4.2399545845547895,460.02208008034154,12.866666067883667,0.0494906128731706,0
NGC,3114,176.66139333597602,-2.5176270395118854,608.8852721605343,11.123213013885303,0.03500685245850931,0
NGC,3115,164.36249510910426,0.8529964903549723,637.2828983076959,12.375932418759332,0.04457086409914095,0
NGC,3116,183.14541435345797,-2.2757530619390836,588.524041756,12.678975954811968,0.0445747816121933,1
NGC,3117,224.7212304430358,42.89828215052238,668.5514353767804,11.881736203705184,0.043058920771183264,1
NGC,3118,213.38163733595857,33.62482855017002,580.5700426612307,12.108562417745961,0.04101291471053677,1
NGC,3119,186.94993560812273,-0.9213083239963304,592.2243294654712,12.380487692054492,0.04659472141295858,0
NGC,3120,-88.4997225055454,33.3014848467872,342.772190111238,13.350136779764153,0.04461630792134746,0
NGC,3121,239.84266640730158,8.575365921337932,370.00609844667997,13.276254001858948,0.047041286868392686,0
NGC,3122,192.426752031746,-1.5154739764737644,473.3425598007057,13.359950689074683,0.04847445628103505,1
NGC,3123,256.6183560526005,9.731042258422214,643.78976408269,12.971483769193878,0.04339421823132182,0
NGC,3124,233.04705635025837,2.3131237363702075,601.6288087065644,13.376426118215827,0.04768263294107674,0
NGC,3125,126.57485083825048,6.396034303782005,575.6293741826338,13.151509798723003,0.044545482038339475,1
NGC,3126,124.34660033813066,7.799250383747225,517.4472507368196,12.945306604160354,0.045048182274141424,0
NGC,3127,216.50462801504412,47.001733761407124,436.7202149794918,10.558676863446165,0.03425094196198258,1
NGC,3128,-70.14843087846404,63.6479251365972,435.0661334491545,12.607059990377476,0.04185577401558476,1
NGC,3129,230.38644370212222,7.147871414380819,247.9262022717606,11.494941524103945,0.03870157159144225,1
NGC,3130,233.7738923076091,30.54395640892091,595.7649333172892,11.075633811858195,0.035399426714752436,1
NGC,3131,229.04790052874444,-4.694111191170579,594.3722760458214,10.511999471577534,0.03446308291855278,1
NGC,3132,178.06564195544942,-4.913247325662769,489.97339340455125,13.206414176584591,0.04442825753367621,0
NGC,3133,-89.84764448830927,39.551952349283944,436.0255033076369,11.55129005277784,0.03964553102815058,1
NGC,3134,155.98107036636225,4.769970529135252,376.5122859019478,10.512563613618246,0.034203882294853265,1
NGC,3135,209.42711287483266,1.321381963581853,669.583555554284,12.65114685006383,0.044432365889755854,1
NGC,3136,247.30623060946948,9.469553460282784,478.2189301807506,13.650174229130572,0.05093763572640548,2
NGC,3137,237.70582965490198,34.004612515539655,577.7631284068339,11.847875275547601,0.040900228767450225,0
NGC,3138,227.94980420135394,5.212901682577393,550.8674583545823,11.696790042457373,0.040483925225555814,1
NGC,3139,216.76950481921452,36.47321681340597,594.9236096777541,13.578550482587833,0.04837397805136236,0
NGC,3140,216.03401030609584,7.238615854492426,421.39708924432193,11.073595313236037,0.03918945533005376,1
NGC,3141,136.4948101892519,1.734023421659081,637.3309332559406,12.861875972801343,0.05151521224058587,0
NGC,3142,268.5179905414176,32.139152883716804,398.33110915313677,13.53192300329411,0.04842145596872451,0
NGC,3143,164.72940590468366,-5.784320503568234,498.7769150223312,13.734869138440644,0.04563662551744628,0
NGC,3144,135.81512784176647,-2.1657286685892716,615.2759453861769,11.96044833399409,0.03873602601049593,0
NGC,3145,262.05850679252325,31.58295749466145,536.8869350928998,11.186474699436543,0.04058016910227311,1
NGC,3146,195.12894377657565,-3.2681024011388833,126.35643136412774,12.199197082994978,0.03982679554334355,1
NGC,3147,131.17441454787982,-1.0206928560019313,549.64202590885,13.299217452308405,0.04558073570388218,0
NGC,3148,194.2507364944418,-0.10734997240476718,598.4620022439296,11.081152525785098,0.03725621255190495,0
NGC,3149,220.43960613706136,44.19542842168443,506.1637407491471,12.840366992431951,0.04733765599621272,0
NGC,3150,137.3761191473062,-5.659117612519597,464.6531657514314,14.054294154273991,0.04954886905644038,0
NGC,3151,260.00024035996495,9.162138952621287,606.9718262042695,12.361044238510207,0.043833641582736754,0
NGC,3152,166.55130176521024,-1.768965038808974,574.759228057256,12.878461142441846,0.042010756018417805,0
NGC,3153,126.07764153209351,0.7049571342941652,587.6354196822742,13.338980485688488,0.042778867410331385,0
NGC,3154,221.4931046369058,36.03813400763554,584.2937950592524,13.799408585207178,0.04851382526911317,0
NGC,3155,269.9227740613235,39.293846198124186,638.7935597430408,12.626819352216339,0.045584358289229375,1
NGC,3156,211.46629103608015,-2.270298173194131,269.91916699598715,12.947226890763915,0.04768342024975744,1
NGC,3157,141.82326250938894,-1.4032104623632473,668.6681901737022,11.726338482962358,0.039933418756350474,1
NGC,3158,176.28535019987206,-0.03159167303942342,597.8531042221468,12.288990584893464,0.042832887155520985,0
NGC,3159,241.59308085419406,13.99930208262547,551.3078261807544,11.303155523869767,0.03997778980310281,1
NGC,3160,184.3025148018994,2.247795903717362,663.2985297702211,11.252169854938266,0.03943191523107458,1
NGC,3161,265.32026191358926,28.838071788496144,667.9699589571146,12.54761134711531,0.04216132331024069,1
NGC,3162,263.1520309560519,31.263821244472386,617.5860225786543,11.11375004819138,0.036348524158425335,1
NGC,3163,182.37920182873734,-1.3043214903446179,252.95045237734018,13.007020127919219,0.04840020553934315,1
NGC,3164,132.0801948374016,4.56311471692529,407.31874338562284,12.910437558596703,0.045892298920155415,1
NGC,3165,116.74945672740694,25.180398976199882,606.7427123883078,13.449235980410906,0.045390178086268385,0
NGC,3166,240.2182679454326,1.9283800297010512,463.53322048711453,13.710661945179327,0.04907090262022694,0
NGC,3167,130.29935142027185,-2.0501593650333456,166.26538642656206,13.42789536637575,0.04877008386078038,1
NGC,3168,94.23462205462404,65.82786275573622,291.26348858887786,11.300318721922137,0.0384287701772999,1
NGC,3169,217.37092857207463,-2.624773724978391,635.0329719037944,13.480361632217589,0.05008039449863398,0
NGC,3170,194.9037134115677,-0.5130019703671646,652.2074969655744,13.113633913445232,0.04765748536450562,0
NGC,3171,197.3416502452012,-5.404322713374643,376.0699437867315,11.062827352018815,0.03915134751383135,1
NGC,3172,269.82532908250164,27.80824030301377,630.9897342537107,11.733018647572072,0.04043890053876933,0
NGC,3173,196.0217669987533,-0.9371831574782613,514.0473481340607,12.921529331532069,0.04549134187360443,0
NGC,3174,132.31395672269343,-3.3018972652585585,622.1470911296792,13.275198981659566,0.05718834529370872,0
NGC,3175,231.22243320595,2.5425168328811525,546.8720073684391,13.011453619927446,0.043851251780146344,0
NGC,3176,235.09918078182224,32.930299602389276,609.9429452695939,12.472140712406993,0.04476401769511102,0
NGC,3177,198.5615664713475,6.2210314993031375,242.1113514890201,12.103991331233967,0.04487620810814032,1
NGC,3178,265.95062388971223,20.396709990725345,602.9961579583405,13.433672334204614,0.050221217317837595,0
NGC,3179,256.36030619487025,9.500575824978437,556.4243208364009,11.830180454630758,0.03836017165262941,0
NGC,3180,215.94321446413267,47.07027790598072,556.0213804905949,11.76616540187232,0.03911871012755522,1
NGC,3181,219.1442753514688,46.44097239089437,616.5821283324187,11.785562405869104,0.04102062404599629,1
NGC,3182,193.53492202726756,-5.2035788043960265,620.5185560523709,13.022294978610617,0.045616816252347966,0
NGC,3183,155.91349875895665,-7.138638331311257,539.0835700740762,12.92615868664255,0.04314755998064237,1
NGC,3184,202.2847636949028,-3.442667029176649,463.9048193915336,13.286107525752076,0.053790917932316586,0
NGC,3185,200.12537828027243,3.3158509319852407,526.71894933127,12.149004772247709,0.047599012555950795,0
NGC,3186,263.920328806367,17.13447377999212,650.369403687888,13.430144546475999,0.049402057453671704,0
NGC,3187,-89.12276455183931,36.4591381986613,606.2363754698077,13.622567227668975,0.0491395538797056,0
NGC,3188,207.98516229746204,3.609362314755293,516.6600555120102,13.529788226023262,0.045680307335121684,0
NGC,3189,217.19497095956473,-2.191463288282416,555.0678040114625,13.329294050043714,0.05202015597574493,0
NGC,3190,224.23202103347458,36.97751485191585,667.225027773079,13.114519109194067,0.047718364215814185,1
NGC,3191,175.29612439611648,-6.95343084066251,464.19547654901754,12.934541557039235,0.045354864135530006,0
NGC,3192,206.08444349898306,5.617922575859804,567.9554338681173,12.644123497634828,0.04519010189414937,0
NGC,3193,133.02363613840464,1.8904582049765568,575.1202389524401,13.37084935062161,0.0516932353281805,0
NGC,3194,148.93914938357875,-6.036374183578201,562.3784742670052,13.267135643108707,0.04137033363003204,0
NGC,3195,247.2521925751044,5.278066818477962,578.1756912752188,12.90099092882106,0.046733830128641206,0
NGC,3196,145.01805877083964,-1.3209715418495853,670.4001829250248,12.433213689936133,0.04365820185048366,1
NGC,3197,206.63090067118455,8.978952185794963,518.8137873303133,12.500579630005648,0.04017848803894237,1
NGC,3198,260.02763675472306,18.436714144635747,476.71347796536185,12.996314315831084,0.039710658430275846,0
NGC,3199,139.6284937351301,-7.8413482070928024,654.6941147149713,13.25368932365397,0.04270156826570458,0
NGC,3200,114.20094151000153,24.336669054991464,354.601147872711,11.84384867749417,0.03907102185549362,1
NGC,3201,160.65549780817486,-6.893207015303304,121.4212674533124,11.874087354485681,0.04471607349527623,1
NGC,3202,172.17948931444164,0.7386262590939576,636.4875435401487,13.4600620411136,0.045354080830987,0
NGC,3203,125.38564426421527,4.207086204106025,533.89490177257,11.194849266496997,0.03684153550183759,0
NGC,3204,191.70746118525653,-2.714697341975311,614.8119529008902,11.793533388893563,0.04303311744653512,0
NGC,3205,141.0213337025835,-1.3328519070329752,549.2166825023656,12.780781599558765,0.04318599478986635,0
NGC,3206,197.233435956244,-5.798252915046384,669.6993916517772,11.212195426253567,0.04267213360862731,1
NGC,3207,169.77944007828472,-5.5362658219958485,401.11929703065783,11.120799440501564,0.037810716614641374,1
NGC,3208,164.0913504457863,-3.2932063663294917,619.4368948408452,12.581301991282155,0.03973897920188817,0
NGC,3209,266.69205144501825,35.99864125278457,568.6096105363217,11.90164965818237,0.04431393518207534,1
NGC,3210,210.9045156279186,0.09200319830840119,341.8701434199664,12.644958548671855,0.04257348917487353,0
NGC,3211,268.346895998632,36.675202314322284,651.3564538407626,11.427387329544393,0.0418825552506062,1
NGC,3212,238.02517649120185,11.001814436607974,557.322036435365,13.051139277546923,0.04794977882371518,1
NGC,3213,98.33108323210887,64.53414029777116,605.0811231756037,13.11387041344096,0.04456040321520146,0
NGC,3214,216.18042494193188,31.57071363814161,665.8470859351752,10.122745346303708,0.03245121613391965,1
NGC,3215,216.16277021906018,35.29977352243152,396.26884632146493,13.361211152036837,0.047800986342855636,0
NGC,3216,205.4348755096109,2.532219350613354,484.19463158723454,12.709416101636457,0.04703516655173171,0
NGC,3217,128.3859249721971,-0.1695518854505618,412.7830810057615,12.803849177853342,0.046047078683666226,0
NGC,3218,-88.95655763116363,35.13338190950449,478.595984857961,12.63356403073406,0.047605135059078325,0
NGC,3219,223.41084016811587,44.16369388898717,537.3730597433477,12.294108045113038,0.04579373249094764,1
NGC,3220,269.9119069182094,31.430688912627783,227.41088241027833,12.768539466022508,0.04872417041528826,1
NGC,3221,227.7127116373837,1.483052537404017,472.35887218417844,13.401732366659486,0.048783075802238035,0
NGC,3222,245.2146096153356,11.502906913429372,649.8843614154723,12.205337790468763,0.04193225628196409,1
NGC,3223,134.17459628337681,-3.870131761726746,540.9412490958092,12.860456032006978,0.04646521175486491,0
NGC,3224,149.13698672260531,-8.258319870634823,557.0677734546188,11.98086033781122,0.04301805164856044,1
NGC,3225,99.24071429733604,66.3804008480715,169.0112440831756,10.296847331091776,0.03256905257264844,1
NGC,3226,231.8308673130564,38.44727763803193,352.14852038404223,10.001246478217737,0.031965519786577926,1
NGC,3227,220.75173138694063,3.3924700669203585,514.8280667035767,11.781899591344802,0.036021744389890656,1
NGC,3228,169.92278109971699,3.1855542088172517,635.5487142291498,11.317099262891274,0.0406021020047104,1
NGC,3229,138.35921011659394,4.016031197507336,505.98562865865784,12.245763718213809,0.0434248439997299,1
NGC,3230,210.76659384543285,2.5292903931819914,473.82219808181014,13.093014883225553,0.049007241679236264,0
NGC,3231,205.58498650848125,-1.3210330592917723,651.8920750390763,13.487657734719457,0.0508234862727517,0
NGC,3232,141.5967973115022,-3.328096766105647,569.606629325012,13.368412873446347,0.04518062554100617,0
NGC,3233,218.03502754274433,-0.26242274444522873,420.2711637400156,13.440063670441445,0.045313879245827894,0
NGC,3234,199.57323192299205,5.572727134227396,310.6416805014451,11.64366875496676,0.0417905318903954,1
NGC,3235,263.2377141413192,15.917452683586568,665.8803215790019,13.008944530435363,0.04395695258046169,2
NGC,3236,195.1786370188342,-5.076306635236853,535.6953633216465,12.813681039905584,0.05038911715771308,0
NGC,3237,250.315084122896,1.855010415640036,587.8689682640536,13.414315199818978,0.048799363595416305,0
NGC,3238,186.08194048875612,1.0621746653830286,440.9204169434931,11.97481718257067,0.03878256206639122,1
NGC,3239,131.21621790751104,4.5625224333161745,645.4785901562167,13.333561159237057,0.044294346193046424,0
NGC,3240,169.30787644235525,-8.734314720401706,559.0472466121602,9.965405536360066,0.03206219643007811,1
SGC,0,-50.19742220795996,-4.769017603667808,614.2365489617949,29.2574687041881,0.10057637917494006,1
SGC,1,54.95451451897921,-0.5868093322201909,581.8843183566099,27.94272730012247,0.0998271851538289,1
SGC,2,-39.69685746063243,6.532648694903843,578.4396823335775,24.639946464491377,0.094351207071499,1
SGC,3,-49.6645975031809,1.7097099181475284,459.4033603879808,26.184102829875922,0.08974142087771401,1
SGC,4,-45.2183643197416,9.337402040869643,501.17937705763666,22.735573209096014,0.08363157150178538,1
SGC,5,56.815121900573345,-1.9819009098247957,663.6171687124855,21.44891229656548,0.08196488235766519,1
SGC,6,60.239404159148016,-2.427133938667506,654.9982732205849,24.09501206385174,0.08549508039491036,1
SGC,7,63.75225386183069,-4.528398711852866,632.3621198029438,26.034911798039253,0.10261269780773795,0
SGC,8,-38.82389724793834,4.668431572263717,601.2600290970902,24.35815466560441,0.0895097312763408,1
SGC,9,59.1954946106777,-2.693365609544158,520.124452553119,24.121704819254564,0.08983158931391613,1
SGC,10,-40.96563282991685,-1.1889989648263832,308.213190790084,25.080215245382114,0.09014273318254828,1
SGC,11,-39.85624083846433,-1.4983393295271168,235.33584481073686,22.94157406039296,0.08196024449757588,1
SGC,12,70.68665191530796,0.6286147245984441,653.5577803577658,21.78051068921017,0.07803154543625307,1
SGC,13,-42.72707286629298,2.8986844506846974,546.5967870469364,24.34093086684562,0.09055629874262745,1
SGC,14,-37.173734075462754,-2.2607013618008254,613.0148685105559,22.423669041331472,0.07569336634875949,1
SGC,15,-48.864139521338345,5.31945713934048,600.7240795117549,22.526830256301444,0.08460924437046499,1
SGC,16,-43.93010376351431,2.8391645185157253,446.7261080554343,24.47326047781799,0.09533562821377245,1
SGC,17,-34.94611377136679,3.1805425969638588,593.8872692071367,23.23880526835544,0.09195111206973994,1
SGC,18,-48.59328214058893,-0.8793551683368366,587.4335801046873,23.14389453565346,0.08102381210206343,0
SGC,19,-39.704932359263196,-3.507087114366795,617.4361586978142,20.675602824402347,0.06815106147786075,1
SGC,20,-51.06009533642719,-5.401636097455081,537.215190529669,20.289987197333616,0.07062097743468047,1
SGC,21,-39.67611511147215,1.6981188022550824,504.87478711577774,22.83422676674955,0.08385889446106574,0
SGC,22,-42.4135814925705,-3.4206004587006404,488.04821573116254,21.51624838788332,0.07573458698584647,1
SGC,23,59.93827616577883,-5.074175138850794,297.9290233130907,20.238059856558248,0.0761362637998086,1
SGC,24,60.46989414234349,-4.320965072710495,594.6763061295794,22.542131654143276,0.08328939139232862,0
SGC,25,-45.91993746067225,7.141215739897546,290.0826579485908,19.998036946317654,0.07131518371951115,1
SGC,26,51.747945171702455,0.01843610938665573,494.7069134279071,20.858081969876423,0.086100344452266,1
SGC,27,65.4515100495142,0.42741883550273396,550.4400257393526,20.600570363923307,0.07225021725171399,1
SGC,28,70.91944292304481,-2.767027343235377,549.011830482419,22.24691707376035,0.08565840043514915,1
SGC,29,68.03795571833757,-3.543126150605747,505.6627284231836,23.10301965257275,0.0858465470946586,0
SGC,30,61.416074327776485,-3.0828447607948495,570.7895281135252,22.647643605521697,0.07505555335372362,1
SGC,31,-35.467560411738205,4.0326679908920084,477.4282381871843,20.15724675786899,0.07278476844706556,1
SGC,32,50.281328577091685,-0.4145080901312295,629.1973603217266,19.158588458389143,0.068514099841656,1
SGC,33,-44.05567326256766,11.452584656488,659.1805567514202,19.236896302256312,0.06241442121122595,1
SGC,34,60.406360506688394,-6.831232605150253,446.7641569984046,21.289271379255972,0.08283051942596299,1
SGC,35,-50.89821870830192,-2.858001823176028,640.2250289254766,21.155777230770017,0.0801891729888028,1
SGC,36,-40.019339997791256,-2.108781525546692,360.9147067656963,20.772112828743545,0.07947568003875546,1
SGC,37,-45.74208885850005,3.894973782727898,540.4736717969653,21.448646738239205,0.08002257399120896,0
SGC,38,59.710447177428364,-2.4409239049455733,626.4544245653833,21.22795956090608,0.07805436568576928,1
SGC,39,49.681060643188786,-0.6226124206675254,654.0459001042096,19.201934081805575,0.06503887559932497,1
SGC,40,50.74888815986018,-0.3972450878765575,582.9979089092474,20.299009735116403,0.07198255261003869,1
SGC,41,-46.81028808831668,7.302196780806266,616.973920742534,21.539838723347007,0.07945752004882904,1
SGC,42,-38.78059831507855,1.2345707763881062,553.0005817107282,22.32393063846427,0.07951367274880121,0
SGC,43,-47.28854143910941,5.5962148365597155,250.4115914579021,21.255998486216292,0.07768569437995827,1
SGC,44,67.71693629089155,-0.24476783535653182,295.5943454570969,20.47839218377693,0.07282309780976118,1
SGC,45,-42.16867525821694,-0.1117492345649624,521.5087658312667,20.215005216671546,0.0775019963194199,0
SGC,46,70.02160331484832,-3.841158313830617,476.8653950634541,20.270722911926537,0.07375685915551679,1
SGC,47,-45.39885309256114,-3.253082485720248,579.5029059663019,19.342431051519245,0.06876969988943765,1
SGC,48,-40.20628406575224,4.507030506819194,504.6971685532548,20.77262345770903,0.07933200760086208,1
SGC,49,-35.46702085000368,-0.8290184898509826,623.3598733139579,21.446845886617513,0.08444265918997541,0
SGC,50,-49.87090728183185,2.021586916705349,411.24218393146623,20.526043452102993,0.07025092197248113,1
SGC,51,-47.73718516416655,7.844788618426933,591.8580800657868,19.476796685223782,0.07210912911184482,1
SGC,52,-46.21829754751725,9.391019011014668,562.289892269044,18.592214097642806,0.07167428903930749,1
SGC,53,66.27667749313821,0.5746172898429902,476.0693815660954,17.57011293923112,0.06369901665313231,1
SGC,54,-49.6617910588156,3.7498191746645784,524.4422555440389,20.530417388784844,0.08492539994196244,1
SGC,55,68.42543636255495,0.28795111553103964,659.4105548728435,20.36551679038564,0.07338895624095276,1
SGC,56,64.30489839033955,0.49041646274287476,617.2997306568991,18.25800417242297,0.06919134174134234,1
SGC,57,-46.304575411746896,-2.584803342609102,535.8936028055884,19.956827738456123,0.07099687812944162,1
SGC,58,-50.043925701179674,2.709549121158469,589.4280377250553,21.13208527970276,0.08111719002075332,1
SGC,59,-24.24866997874377,27.272095611717166,402.27902330021135,18.94229499959543,0.06783598378707488,1
SGC,60,58.64336871197149,-6.078517155716761,629.8841320202789,19.405410801046273,0.06823622509377669,1
SGC,61,60.081779109059646,-6.038212002202118,651.887474420624,20.646142530720414,0.082284174293354,0
SGC,62,67.49184295791443,-0.5522514464701407,450.9200988483137,20.629784027918397,0.06965185699210935,1
SGC,63,-36.162581562513736,0.5204097258504304,577.1588129139566,21.621249548902153,0.08063386646020795,0
SGC,64,-51.25542546947278,-4.2652278787194495,461.7384120948294,18.247640696662977,0.06006383613618095,1
SGC,65,66.41920314447411,-6.912746177652529,625.6654275093059,18.31875603170469,0.064908208101386,1
SGC,66,-47.27055959032041,8.247386390658635,637.5487509399356,18.97531024712666,0.06783139673441851,1
SGC,67,-40.585615230640535,3.635452849336986,214.5997796849632,19.736917316287848,0.0698489530852824,1
SGC,68,54.82394188443017,-0.16354379382644105,644.52930628583,19.913860230264923,0.07423628692686096,1
SGC,69,68.30530225798196,-3.7730529744388552,660.0544669889523,20.392773393360653,0.07905068552217305,1
SGC,70,-41.47613103875296,-3.950980579527162,590.3660608454741,19.016658277867776,0.06804755549155125,1
SGC,71,-27.09631995549377,28.288314704082886,597.4246340157766,17.373945860291517,0.06305129946723216,1
SGC,72,-50.06029021726514,-0.18092758154119007,653.8108617195992,20.620246441047414,0.07641976827084312,1
SGC,73,-44.117674781297296,6.913134481237681,556.1709868578305,18.40645646883669,0.06554719291254815,1
SGC,74,-47.660461582550774,3.6525665866345562,197.22326525920622,19.19373631824508,0.06852952752834199,1
SGC,75,-40.41190040709362,0.0617988110279901,581.5570606323472,20.132188724921665,0.0779607743637837,0
SGC,76,-45.76635602195049,7.856646199243232,386.81011629158616,19.92470688159209,0.07654501749527265,1
SGC,77,61.80730048807517,-6.0562145229117315,510.430343112063,20.261058614873175,0.07647078687684294,1
SGC,78,-47.41119458657673,3.296148644543452,514.2674444493073,19.988205072357136,0.0716679880717437,0
SGC,79,69.69299008932471,-3.2789093005768266,256.0413681816865,18.0259236726323,0.06398613912834598,1
SGC,80,-25.101434948845988,28.350602168522443,328.1353905586828,16.9624044214902,0.06411186248137932,1
SGC,81,-47.62018482065951,0.04189868233053949,267.19042715622714,19.38771231370811,0.063663484641613,1
SGC,82,62.30094557950523,-1.796875346240351,476.1114648586206,18.96144288763482,0.07386433332700776,1
SGC,83,67.23693637063273,0.7459281586196475,497.9841761079593,18.572393088022096,0.06464274917578984,1
SGC,84,-46.368043479549705,8.705897472891978,416.3277236885252,18.48903694424689,0.06522294473156909,1
SGC,85,-47.91510451524618,2.015931070986409,632.7305792814524,19.241133910804894,0.07814396076275074,0
SGC,86,72.84974145194373,-3.555892081654429,607.8282065209796,18.019694116211568,0.0666201316595074,1
SGC,87,-37.26837214205325,-0.7978115591296076,542.7360934783886,20.445209928550277,0.07301247295553902,0
SGC,88,-50.29729584259483,-0.7935236945149453,320.25894274297696,19.189259752649356,0.0727056862275333,1
SGC,89,-44.79868928278274,-1.8598339364155798,493.84696656486585,20.46657664983134,0.07508785297971968,1
SGC,90,72.31790445318538,-2.14078448756861,660.904704899104,19.23135529562473,0.07379097418866089,1
SGC,91,-24.647882533059423,28.11898778273056,603.9977021091537,20.15343846361246,0.07758193425665223,1
SGC,92,-39.22497884689024,-3.50129721134997,656.8458855509026,16.86780816472581,0.0616478868680006,1
SGC,93,-48.67394873969071,6.1185237830830435,625.7884821545624,19.648198240849123,0.0700394721573718,1
SGC,94,-46.032454237332345,8.493838743028304,331.1636891352772,17.31073855726453,0.06255680713759108,1
SGC,95,-47.28252130156721,7.89369998327721,446.2539095330694,18.0824980668444,0.061505097976381616,1
SGC,96,-50.78344309989075,-6.03302387138431,665.2150281636281,17.359599595015307,0.06652756149954761,1
SGC,97,-43.56330290368825,1.0052014404869536,563.959492886739,18.797778142950175,0.0701751026892956,0
SGC,98,-45.61378314191572,-0.6548499260819267,667.2245765653192,18.42649019313461,0.06754862100080258,1
SGC,99,53.71429973533636,-1.3929606182527912,523.9865530309239,17.626636528462793,0.06275757025754593,1
SGC,100,69.5527609600008,-5.294040445756867,564.7300685965989,17.860171274900356,0.07066897766553436,1
SGC,101,-45.09943268996294,-0.060042727432923534,365.044562520152,19.591867800133073,0.0679320392740149,0
SGC,102,-44.03772753892679,4.870812583895805,658.3991373533681,16.740009719638905,0.0600939980334357,1
SGC,103,-49.78969572379358,3.1942197691943406,366.24428537722713,17.030602738870694,0.06382324450944073,1
SGC,104,-26.573836554536854,26.089708561180405,650.6648224573476,17.00494492389236,0.059305841192299875,1
SGC,105,64.23437010509835,-2.162638735634291,177.27149926269493,17.149480291041307,0.0634285276996999,1
SGC,106,70.24965469501866,-1.2578763355099905,640.5653878738581,19.344764018878845,0.07186701959338025,0
SGC,107,61.32948374952148,-6.870665157735561,409.135488761679,18.425202066318256,0.07168723769328009,1
SGC,108,-42.2123147328498,3.1062647306880704,659.4367882979717,18.15537969845577,0.06666232915941797,1
SGC,109,63.56923528556448,-4.959691251006082,324.4083641807231,18.1378317943356,0.06395834398010494,1
SGC,110,-44.734282535129786,2.166695097535169,418.2579553091884,19.28312776116591,0.06389258005878826,0
SGC,111,-40.1612454318014,-1.9454887705908102,449.4661413087457,18.929098191162133,0.06855683660251535,1
SGC,112,-48.90358818787772,4.551704894386196,473.3958538933489,17.76488030368722,0.06495267292592319,1
SGC,113,69.50065336175504,-3.692789581057336,344.5424582008204,18.029545512975197,0.06632070416020236,1
SGC,114,-37.832021853802296,1.1414019668050626,634.8797419549595,18.88401755564629,0.0673154151640344,0
SGC,115,70.67833072988525,-0.2602011003911421,344.56665647758336,15.791051010753494,0.055627203903243244,1
SGC,116,-37.953700894192075,3.7605328544569265,560.5117373524273,18.011244390552683,0.06240143322898061,0
SGC,117,-49.20759926916443,3.815864841814899,309.844332523329,16.6375185071456,0.06023299885931953,1
SGC,118,69.17174655306137,-2.977875675436004,381.32215621334296,18.15428377704685,0.06411920019800141,1
SGC,119,49.89499076910114,0.6259753537161427,356.24391454250303,14.302733281858314,0.04652634065573175,1
SGC,120,-46.08942328694929,-2.713841840590293,654.7503577350567,17.15488498159035,0.05870129414389532,1
SGC,121,56.685788189708944,-1.7420189230798173,429.9900153888392,17.09361513556947,0.05534961373022518,1
SGC,122,69.30718957351519,0.8503811304624013,611.5108285307979,17.771763337852935,0.06874982733423557,1
SGC,123,67.13694790561681,-2.2761606873648175,642.5067270287935,18.287346113811093,0.06134920687442124,0
SGC,124,66.24712875840994,-6.445631119265099,451.9151686600749,17.58542870421586,0.06771004219484308,1
SGC,125,55.494409358346566,-2.195805507918826,630.4432010186149,17.317753171633214,0.06221803737984124,1
SGC,126,-44.62903590703852,11.16388983398097,544.090385938347,14.826478913325065,0.051553112122089906,1
SGC,127,63.983819279185646,0.23600835982670135,582.3155344875938,17.69690696504288,0.0647041460595906,1
SGC,128,53.3858693586889,-0.5868784568735101,658.664131836622,18.369992829607042,0.06445299013555729,1
SGC,129,67.7597483396893,-1.6004194084952301,601.8462583327173,17.97055621101144,0.06960420843126489,0
SGC,130,56.178729486485075,-2.8517672990360654,529.9943591307699,16.210721564372033,0.05750811413750683,1
SGC,131,-42.212467456274034,3.3301766384420244,298.9844728473541,16.893075605303263,0.06154136487929516,1
SGC,132,66.02939250164968,-0.4150330170096369,666.3412272544618,17.546345776574363,0.06189745546387765,1
SGC,133,-44.658557955186325,6.920835614143905,363.9286742520213,16.489660929312386,0.058403786440394484,1
SGC,134,51.102990100523904,0.13956960249772427,669.191538512943,16.35315405629331,0.058071670110266004,1
SGC,135,64.38215856156445,-0.2573846737116119,343.72047877110606,15.53135536159348,0.052480126234884954,1
SGC,136,68.19337987523815,-4.434091994534888,616.133642245835,18.566185844643194,0.06815695334984312,0
SGC,137,-41.4173705010822,-4.223185092163876,659.6084408392821,17.113893664492394,0.06661259173108675,1
SGC,138,63.88675580930585,-3.8368308558583,359.91186787846675,18.44646605155789,0.06234269416422245,2
SGC,139,-47.315379946530165,0.5087406672807012,555.2861425216481,17.84147958301541,0.06626881176693755,0
SGC,140,-50.86930853917359,-1.429283939237881,529.3847183529278,17.591798376944222,0.062120088599785676,1
SGC,141,62.58785276268786,-3.0126255485305933,651.1458864147093,18.92443637685102,0.06985199128155781,0
SGC,142,-26.38605540928631,27.8868102684421,626.2723940891664,18.343384001645315,0.06260506289975251,1
SGC,143,-49.61815267442846,-0.1299200545242422,559.0268033328763,17.69975550766966,0.06296729125328161,0
SGC,144,69.54210956989382,-1.0712323164597086,418.6910914186909,18.636277861546606,0.0684695322419715,1
SGC,145,-45.65846266785986,1.5815354430946198,513.4638727906793,18.35001919728404,0.07015135448675973,0
SGC,146,71.86027041770332,-0.31809821920182585,461.2530694403572,15.734201023943186,0.05640385537335149,1
SGC,147,53.59348090564515,0.3766265997911649,609.1347356291187,16.485193702269214,0.05578118109524742,1
SGC,148,-37.668857392014736,-1.8939991257092623,329.2935043661088,17.355008427170624,0.06047821090897146,1
SGC,149,48.14694096628115,1.880358792148049,659.377200747832,14.430570552168811,0.045680698039353346,1
SGC,150,-44.126628335805144,11.234412024543834,587.0208258130716,14.836484933355896,0.05000197943668073,1
SGC,151,-46.359038336686766,5.548548566535443,523.4525117472335,19.036115258989422,0.0641684239360704,0
SGC,152,-45.46065037685649,9.926801295197375,352.78202421749324,14.213927884643782,0.05378913920767369,1
SGC,153,65.4142131262474,-0.975423045720623,391.0731103093043,17.45803827646611,0.06040006414859852,0
SGC,154,-40.03051056864427,5.117588980416995,529.5204624868888,16.834869744420306,0.05629609266207385,1
SGC,155,-39.143102605982236,-2.794364802187531,593.5568627674436,15.437056837061169,0.05197402345091596,1
SGC,156,-44.864123882881756,10.98053348045174,619.3872431499743,16.423473636878487,0.0586739127504748,1
SGC,157,-34.34275940684501,-1.2661259900021022,535.8270412720692,16.025187726221333,0.05656537378866597,1
SGC,158,-49.234097903692245,5.222131480217545,501.90821151579803,15.832199290240526,0.052773997634135116,1
SGC,159,-43.297286861717595,-2.498196513210801,344.98846641315436,17.173952557471708,0.06300786139174591,1
SGC,160,58.424001663448145,-4.694069097657008,438.0944217420545,16.9811541542586,0.05670582596930007,1
SGC,161,58.15069046987312,-4.641562282464078,566.4224447904539,16.990008097847312,0.059874794066986675,1
SGC,162,63.13218622820878,-0.5897400948372817,526.0579094657436,16.496184995741054,0.057485408869287755,1
SGC,163,-26.817539542100295,27.579428779770506,377.39497695984227,14.986693751428778,0.05330480392100827,1
SGC,164,-41.08452120514294,-1.6291417209443522,615.6511564891098,18.626891915928294,0.0658016103694975,0
SGC,165,59.445697719318915,-5.3310545469822515,531.0072973498562,17.77299810264241,0.06516617191452848,1
SGC,166,59.44946679539663,-3.130887967160726,267.56892113058484,15.845548244350233,0.050644805828664555,1
SGC,167,-34.2024203245217,2.0946385215461487,542.0630912943559,16.12848498273378,0.05695284215062555,1
SGC,168,-51.02770157344055,-1.6929608444580946,665.662103011133,15.514310046517524,0.04943730094812624,1
SGC,169,71.83070811817717,-3.5809286898331076,580.9045083174698,16.587996451065266,0.059012182591450184,1
SGC,170,-50.51454062830026,-1.887634531981851,355.1826333581291,16.90375126114595,0.06259557522414586,1
SGC,171,-37.059533521548424,-2.074021719254521,472.04950287592237,16.311139078592245,0.05620654808005604,1
SGC,172,-51.00007932045549,-0.008660576198561682,505.49196800969236,16.153762772882796,0.05857595127502227,1
SGC,173,-49.52087970229168,-1.8969702429087496,219.47448033801857,14.613798643418901,0.05220873278790356,1
SGC,174,-49.89109645989665,-5.555361484252801,428.9682511979586,15.046888295007992,0.04916300201421905,1
SGC,175,-48.31204147378338,-0.2566832887420542,344.083753111237,17.56904981574584,0.05986638579110084,0
SGC,176,-27.52254442778299,26.60793662893251,559.8460371468142,15.267716789325378,0.05483074761149858,1
SGC,177,-47.14087757405726,7.489666431037136,551.0375409168205,16.91029987128103,0.06043741777646792,1
SGC,178,66.78804384697276,-5.409571371016346,208.30080915130623,15.652472838808583,0.051398068428743116,1
SGC,179,69.52383591955737,-6.2916461725316,436.11109826866107,15.281679673856146,0.054550914683307375,1
SGC,180,-46.169553984163535,-0.34142818165670114,128.12797318889798,13.930818998405233,0.05455764409894523,1
SGC,181,-51.32077626390185,-3.227011165663246,487.4458735846493,15.002215001875102,0.049867558147443966,1
SGC,182,61.79970054854801,-5.225087467538247,662.3078843072143,17.72027519544867,0.061763457508419176,2
SGC,183,67.53859967813649,-2.747757177176567,423.1462402433946,16.360998010996973,0.056854601546033195,0
SGC,184,65.79639741659808,0.34986636115283365,433.56308642632854,16.937827974259235,0.06607606271920856,1
SGC,185,61.27065058724877,-8.153093467005212,624.8549608037347,15.03734722766744,0.058782520958151556,1
SGC,186,-48.89800620251147,-3.391213102765693,526.3957746346956,15.993092394283407,0.059995909085539686,1
SGC,187,-46.56706874450579,6.8717580145529835,650.8953880818814,16.23430739896106,0.06080208542521858,0
SGC,188,-40.94101004135382,3.5738456969284504,609.8962286688688,16.11718191555159,0.05937005832119399,1
SGC,189,61.14404295331135,-4.919652065558623,339.8763536668789,17.540015826045664,0.061639743043187444,0
SGC,190,48.64581244791298,2.2269632192043654,501.7534378539167,14.238991011534297,0.05235620541964331,1
SGC,191,-39.25253315442818,-0.1696786256742525,634.3544511179502,16.786987685524732,0.061364883216141905,0
SGC,192,54.76397895737714,-1.322379812990745,306.4447575190011,13.635165120594687,0.046017675201841406,1
SGC,193,-34.19759577773194,0.5227716754434106,292.1869210341269,15.823815550358113,0.054342018481488646,1
SGC,194,-47.006000161452846,8.53927653505241,666.3374002964385,15.419497587524885,0.057087752177551486,1
SGC,195,52.84787392702905,-0.7358572727341914,354.8516609114831,14.447398678113084,0.04579820727368738,1
SGC,196,65.01469932941643,-2.1901114312705565,668.4334032321478,16.400501919282487,0.05811132533789776,1
SGC,197,65.5118493508404,-5.046568457742021,483.5743824335653,16.649776924770432,0.060851033768700644,1
SGC,198,67.56869074191044,-4.273819917282633,640.3161628563388,17.954371311285644,0.06116712494572677,0
SGC,199,-43.50054198394748,2.1437839299474515,602.6355194971584,17.423003124830075,0.06477997551353241,0
SGC,200,55.908027908405394,-1.4329708590313306,338.57502777586853,15.560428450959465,0.054050953953119436,1
SGC,201,-45.38722740627179,2.605111988989342,640.0994675320212,16.715667060836704,0.05907369662335421,0
SGC,202,-26.4943668300443,25.962807470991077,616.1741172411841,15.110598683246248,0.059703384390396144,1
SGC,203,-36.377176393345195,4.8401064727761245,603.57690502446,16.464765074529485,0.06409911104708507,1
SGC,204,-34.02358093796439,-1.0350792051814914,495.44044313320967,15.163886594921623,0.055208545001254244,1
SGC,205,-40.21163569615692,-1.812369568900798,565.9388171349368,17.079218741957288,0.06234505577629196,0
SGC,206,-48.94653005924128,6.18658534783597,574.2961390233911,14.629858533546546,0.05070665380592089,1
SGC,207,-46.675775864736615,8.221179065451912,467.7781058527664,14.837361914656444,0.05376998615213628,1
SGC,208,62.102374657613254,-1.7212086770518795,595.8929933650985,15.73517742482569,0.06332431587944645,1
SGC,209,-38.30262293691148,-2.9952533832964203,529.4076850044204,15.896066285559687,0.061167929572924995,1
SGC,210,-48.562066662085314,1.9331614976099574,434.4021688971207,17.30922719630347,0.05964585955339738,0
SGC,211,-23.943799457756818,25.944152912210868,621.7367843514945,13.958557172421777,0.04592753413788322,1
SGC,212,66.8805335684551,-6.60333482008708,306.43133709376366,14.7140122307665,0.059190230602825064,1
SGC,213,67.02864159530012,-1.9483720703125031,668.44570386403,14.84329433886944,0.04840085396899178,1
SGC,214,-51.18212741052536,-2.728762477501569,582.2004168907981,14.508426791706873,0.049457127867201946,1
SGC,215,-48.822883363939596,6.015680533137363,530.9781412416395,15.90532380880007,0.05659492483080384,1
SGC,216,60.092859278240915,-6.26816545783934,236.80112018995433,15.707979947478067,0.05557938642866139,1
SGC,217,-43.65942288545965,-1.3353560906006483,546.3959521209323,16.818756551830788,0.05896300829492454,0
SGC,218,-50.265445973236254,-5.375628592928391,408.1246219672845,14.404925919598904,0.05631032169101481,1
SGC,219,-37.244660987854004,3.8387462409297752,430.85635745858195,15.827253863396647,0.05506599359288936,0
SGC,220,-44.51004218569413,-1.6111922396639988,324.8383714489622,16.781971100768132,0.059141647132229865,0
SGC,221,69.3484726100582,0.6792270940017093,472.30001402190493,15.290339022634845,0.05507793137484141,1
SGC,222,-43.75967186499322,7.056758781180876,644.0923790031483,14.884046807989767,0.0563708532602535,1
SGC,223,57.10668059431589,-2.188565351148057,566.863622128898,15.86225226379619,0.057126547401333175,1
SGC,224,-34.1008949647752,1.5011548870755538,437.1411996070778,15.60144407095162,0.054236873777153624,1
SGC,225,71.31072281188912,0.3715682563926029,490.4694240924781,15.439865781859577,0.05944887560925925,1
SGC,226,54.72184802533466,0.08521275083277785,457.8263572166084,14.91664833750118,0.05034258640978442,1
SGC,227,-50.15876002728498,3.297207166631879,627.1828225707967,15.967554820148973,0.060425312130298496,1
SGC,228,66.93653139876619,1.0542589162853548,614.2512784391259,15.592905586873268,0.05775311532152682,1
SGC,229,49.402329461632796,-0.19399126168119987,426.39748796682795,14.726024307925538,0.052715512967924226,1
SGC,230,69.58888887712007,-7.31000312568494,596.838891098202,14.373088761779522,0.04896637709587594,1
SGC,231,70.3848244779772,-2.816813190636872,522.1700806959748,15.849836088294822,0.06619999669350166,1
SGC,232,-48.304192864128254,7.449056172819027,660.7366398027257,15.597807535791121,0.057352519906671715,1
SGC,233,66.60717882951336,0.4587661891475747,590.5719755196823,15.795472142107545,0.05267263865035925,1
SGC,234,-45.65091333276819,9.433195026249315,665.6554414686992,13.91590364208488,0.04940683057526339,1
SGC,235,70.85173290322092,-1.9325750263865458,611.550237630091,16.41646647542231,0.06061931971931046,0
SGC,236,71.02795508091927,0.3609474635513591,515.4946551207908,16.00096288107452,0.06110872377226992,1
SGC,237,-36.377622541998235,4.12248036253899,669.9675673412193,15.180291390595048,0.05453871110277822,1
SGC,238,-50.76568131474231,3.3704535856693942,660.0539062395945,13.92480321055306,0.04907265022203359,1
SGC,239,-48.9928222612974,-4.043050594432869,656.6393911484982,14.721401808513038,0.05134183742971332,1
SGC,240,-46.426014178507224,-2.6462831419067783,396.84669132240197,15.207824535239007,0.05825750540367291,1
SGC,241,61.77339875289798,-5.708564218303724,614.1901413619438,15.72960887452109,0.057106886607005795,0
SGC,242,64.4692652260122,-0.33162781619107157,367.19980852594153,15.323456995729892,0.05353803036181417,1
SGC,243,-33.492247664281884,-0.784581555602511,616.0499047889133,16.032340449400543,0.05566788592547997,1
SGC,244,-51.174165471978164,-1.8878006033019588,601.5193271888036,14.483941750652512,0.053203140805032675,1
SGC,245,70.34367545670827,0.18061421205168707,434.765898661427,15.484120010239275,0.05806301390638763,1
SGC,246,-43.28635048257407,-3.1610557961744354,646.8493529509371,15.907094866314718,0.05546590146899726,1
SGC,247,-46.48968578756607,4.052399095031562,605.710742878322,16.50903160263417,0.058991428098758195,0
SGC,248,-34.607877580383544,2.211559360716701,367.38201175763766,14.075880831631927,0.04640629480738359,1
SGC,249,62.34290811591734,-1.069199425996891,621.7226866147527,15.221481309450041,0.06048945739782754,1
SGC,250,49.184736218690766,1.530584356117032,632.1546052138086,12.827931743384688,0.04460396884029399,1
SGC,251,-35.836535338865794,5.200925572997806,637.77634975767,15.53711531225438,0.05795555177830124,1
SGC,252,63.18944110556817,-0.7718469264229894,565.619457209758,13.91935757830963,0.05318060207290143,1
SGC,253,-50.85090674627526,0.30468815433448604,381.64569026981195,14.305890378369009,0.0504358796900543,1
SGC,254,-25.282310461484787,29.153633379104214,586.5927064582852,15.139414643803262,0.049892659853257214,1
SGC,255,68.20906000608177,-7.604673455310147,614.7785451113577,13.524715604414725,0.04314918630220161,1
SGC,256,-39.42704865333475,7.684867868267578,657.971658051397,13.987969546584761,0.04698228391841573,1
SGC,257,-45.258564900356426,1.3525637315251118,292.66576143280156,17.055023753402004,0.0616079074179136,0
SGC,258,-49.94322469766774,3.1017145079659745,557.7784819405035,15.75320402287436,0.05271060123245241,1
SGC,259,-47.52548200928936,0.9558839641692262,659.9634755371715,16.28650731891548,0.059764061056950486,1
SGC,260,69.74133862906459,-1.7424477931723645,659.2176060979748,16.36360519875646,0.06510874187373417,1
SGC,261,51.967310335382436,0.046428223890638526,332.70854393680014,12.141187654717866,0.038549305989467944,1
SGC,262,63.64393211033419,-0.4097959692637403,446.6022378401315,14.063848830726224,0.04970208703962124,1
SGC,263,50.39875240365024,0.12379974374316649,458.71151833297847,14.2814872401588,0.0535424717539205,1
SGC,264,-50.120582966260834,2.835362220259619,495.77816098905845,14.118123464571186,0.04844553911755627,0
SGC,265,57.2934535619564,-4.086493901843061,650.8429856672087,14.755379983244508,0.0526192964429962,2
SGC,266,-26.658071306691305,26.086073741177092,480.7766265474099,14.334789093628752,0.051719100155524264,1
SGC,267,-51.37407304789366,0.8815256807620436,663.3055300240235,13.556865023604951,0.04592764781136249,1
SGC,268,-45.252439732818615,3.545961910945582,623.9216666259894,16.532493339685054,0.061295120870060484,0
SGC,269,67.34162020157912,0.8435363873050419,572.986273724687,14.766273995291384,0.05408716647223535,1
SGC,270,72.17612019740616,0.3523346103262664,601.6546478995725,13.634619024902703,0.048107884435550564,1
SGC,271,-38.29671569470229,6.37573958595479,456.58508209166524,14.91637486256325,0.05452685250008728,1
SGC,272,-50.46464584488214,1.6867923035375036,607.7596299328867,15.922476584949754,0.0524522897263608,2
SGC,273,63.193454615157,-7.143839632618158,661.9220860628463,14.121768200555525,0.05127989578936813,1
SGC,274,-41.39405181499613,3.389529322792377,461.74237492977477,15.683907163321136,0.056940964970933226,1
SGC,275,61.872690994367986,-3.285257150721053,515.4523517976012,15.748869229087354,0.055668173223077114,0
SGC,276,71.9723257354814,-1.9020522416038104,640.8579810903426,15.792393049183609,0.05842105759893275,0
SGC,277,68.96798306015137,0.13891674541000598,578.1830694014055,15.480001040541234,0.05711514718546868,1
SGC,278,-42.572697835067885,1.1878201555150627,630.9878434368072,15.35438509122079,0.054371902489310175,0
SGC,279,-27.172718410324848,28.34271535282098,658.1238764859312,12.930959040175955,0.043763421234418794,1
SGC,280,69.34340082488491,-5.814335784899345,413.1217370654361,14.629407022821082,0.05230652674267325,1
SGC,281,-46.902449535059894,3.6312895612861973,450.7954675277631,15.113833493944867,0.06229728466370236,0
SGC,282,-50.54015369290466,-0.31343616728968987,598.9848904562656,13.952454627423846,0.04821372927240586,0
SGC,283,-41.16915782459135,-1.2437235046277488,474.64378301616136,15.975046230268799,0.05129448522827972,0
SGC,284,-45.545849406068854,-3.102425067389362,557.147771192771,14.069414540959674,0.048297728919828725,1
SGC,285,61.37994133006965,-7.930898092843245,658.6272484118516,14.55594247172784,0.05232715792453127,1
SGC,286,57.587757095864276,-3.3488915149006253,492.4589094351298,15.33406548689336,0.05339287547486028,1
SGC,287,67.89155634845713,0.40651677978697837,544.8025860587942,15.63312912141474,0.051757276120021005,1
SGC,288,67.84240173176538,-6.338610741892313,234.09094355205096,13.800708763535066,0.05047907021641338,1
SGC,289,-39.72845223648863,3.2162109849234866,571.1831513093873,15.642996463539562,0.055138827039962535,0
SGC,290,-46.15768130097489,-0.6432273519740038,521.6174018161078,16.44164120990291,0.05766404174277364,0
SGC,291,-34.70448859292839,-0.8849399360931915,585.0201700614471,15.242056285678839,0.05541491265605873,1
SGC,292,-44.126019294109206,10.348234752134562,564.9589381177816,11.699229081476298,0.0369751282997247,1
SGC,293,-25.307876173063864,29.892392186697265,665.7362449592342,13.759698015831601,0.04517372078964906,1
SGC,294,-24.997669025167774,27.275564741239823,466.59234334176693,16.225245504312518,0.05665467680689539,1
SGC,295,-43.62954558459819,4.1761092784055,523.6513016911946,15.014800796656363,0.051780951457014564,1
SGC,296,55.4876920727135,0.05419339784287584,612.5438671387116,12.498562713290394,0.04269113566764741,1
SGC,297,-44.908191840440765,3.133193787617554,668.9136787424055,13.450551671566659,0.04818837119473364,1
SGC,298,-46.45057103627103,8.721612271415959,532.1021907749686,13.905457799456839,0.049043817405323556,1
SGC,299,-40.84206935524416,-4.08732931174324,543.4845294595491,13.86505658066818,0.04926585973885812,1
SGC,300,-39.38597605276734,7.392265346750682,640.6889480955787,14.083775765388829,0.048250353022811485,1
SGC,301,64.17441185913589,-1.9678047006926551,491.5178341982795,15.598086301467548,0.0563450084064382,0
SGC,302,57.957235295065075,-4.086654549786889,372.0345612376142,13.590184850895117,0.05397335946461497,1
SGC,303,-37.274132512792946,-0.9277815400840437,564.1935990445561,15.770664970124189,0.05837607719615229,0
SGC,304,72.70765745273349,-3.904093578444678,483.3707516037501,12.774863632694888,0.043382425261957056,1
SGC,305,-47.30917204045211,-0.3599235000940665,491.7141286438145,15.542088373402004,0.060469859677184476,0
SGC,306,49.97634107741952,0.6744553334811046,542.6874351508218,15.480213903485613,0.05456504698159218,1
SGC,307,-36.33262846971694,0.8332913964821804,420.8260177732158,15.246015964541348,0.0587264649922443,0
SGC,308,54.769696491765814,0.27877684308140466,425.47135693537354,12.780760954752525,0.04187596763910016,1
SGC,309,-39.18894599502172,5.295923270830004,554.4036584409604,15.31111656830968,0.05311041120481611,0
SGC,310,-23.83954880124344,26.22124490129557,440.60970618211115,13.484372076025544,0.05114255263363281,1
SGC,311,-41.164406218935234,2.4521237703695546,527.7147618216039,15.519005325363649,0.055565356976238045,0
SGC,312,-40.11906143293376,7.908116537049589,500.5948582223564,13.418557634879603,0.04624826175341736,1
SGC,313,66.54395656258212,-1.1124992270545808,241.63646374237499,15.677389320528468,0.05643806484974562,1
SGC,314,-36.48564436819093,4.786011345917614,397.0097053859206,13.903135093027363,0.050384386774639855,1
SGC,315,-41.48952388617367,1.292768836350577,564.1361221051434,15.602465890618209,0.05576321866271842,0
SGC,316,-38.04073491665987,6.032205369237005,501.1788990923,13.712050772477056,0.046761107493988624,2
SGC,317,55.08305156204718,0.23765847222837294,497.77464611623077,12.998864875278578,0.048704179888932,1
SGC,318,71.192898952724,0.4248793950844024,615.8182300202064,13.716612777871157,0.049698427470165334,0
SGC,319,-44.61691902524008,11.167431881741175,522.7209006201496,13.92410577034282,0.05135374499720613,1
SGC,320,-38.047002599234446,-1.1967126737922553,588.5412920389001,14.545070490442104,0.0544975070100886,0
SGC,321,-44.354945459013805,5.9944522448802156,614.106086638705,13.777652379195352,0.047848687492985466,1
SGC,322,55.41312138325336,0.27076032948804524,543.7362305155515,12.826778954280806,0.042944471643429696,1
SGC,323,69.95001558896138,0.9190811530365629,545.1546623691954,12.365608772003512,0.04177477713969634,1
SGC,324,-44.090596154742904,7.760310964363922,664.0597622159487,14.061014935258777,0.04782658336494864,1
SGC,325,-45.62308263178757,1.182523946859697,215.79534287626979,15.211474809410564,0.05132733592943575,0
SGC,326,-40.06147807307002,1.3645281776171212,606.3789760557191,14.770696000789739,0.05565816394515295,0
SGC,327,55.0934482606703,-1.8772180721657368,381.27838059053494,13.76162353797131,0.0488492669959235,1
SGC,328,51.816823571560676,-0.5632911737106719,531.3940409392856,14.573178274724347,0.05032844063222755,1
SGC,329,-43.894163894844795,6.847423030720218,589.2733477086647,13.372637748451774,0.04833519617816368,1
SGC,330,-48.58630998940387,-1.6759336342547313,182.64731359373948,13.695225469922152,0.05084775116652341,1
SGC,331,62.29705157450817,-7.6125360619993945,544.1843285166768,13.517435673262584,0.04979350288900193,1
SGC,332,-22.9919481117918,26.555604289346466,565.7278471634987,13.523274125932573,0.04741925007117124,1
SGC,333,-36.790702389423025,2.691460591068844,494.82839866748503,15.067668055179801,0.05446185749545821,0
SGC,334,-44.78073089851725,-0.3721399005740215,426.533926722337,14.424089475060864,0.049327320110770456,0
SGC,335,73.09462141338065,-2.8376315546395863,518.8444965263527,13.272266279351776,0.04223359853416799,1
SGC,336,58.93943845883952,-2.2138474318069825,582.4684538297971,13.849095273562186,0.050269488970956254,1
SGC,337,69.40699318394758,0.4335760244685065,317.99977898281327,13.92790458381925,0.046977450210301204,1
SGC,338,-35.30750585088492,1.243196600185325,627.1933768194838,15.273824797230494,0.054500968518317275,0
SGC,339,-38.28670490429784,6.15618748824719,439.12848352099076,14.44493782115381,0.05077309270943402,1
SGC,340,-39.89522884221148,4.734006209609721,329.30463266942127,13.111099707093201,0.0449090212160459,1
SGC,341,-42.36478305798401,3.4532047668809818,376.46195819346667,13.656962959114912,0.04812874955963538,1
SGC,342,68.63026122337773,-1.8417493551363349,275.26599937190633,15.048026242126761,0.053137530534566685,0
SGC,343,-36.281120416594376,5.6025786330994665,495.5373415233382,12.462837795416277,0.04509210735622219,1
SGC,344,51.626068523206065,0.6575471335451408,647.4968717181089,13.102098229469666,0.04530246960526088,1
SGC,345,52.804653455177885,0.21651147909308371,444.1582516959226,13.663224850947604,0.04716702439113408,1
SGC,346,48.330122428427195,1.577606955468326,460.44854603996976,13.72082386716545,0.049156656898037665,1
SGC,347,62.931128597169696,-4.738692046851038,566.5767189350249,14.837634776167707,0.05091450133331718,0
SGC,348,-35.99838145764069,2.634921585821548,661.0526859063863,14.642848446114844,0.047508958632831125,0
SGC,349,53.52060020363273,-0.6728342204611714,478.6872189806256,14.555764974011622,0.055329717460738656,1
SGC,350,-47.12059320049719,1.719327611073596,532.8732927232538,14.36810958327182,0.05219545491697217,0
SGC,351,-36.140822888957324,5.870576241544284,559.4355947858232,12.491670024344105,0.042761625708224456,1
SGC,352,68.48311889170382,-1.2252111695273389,646.0690134561676,13.673258557710609,0.05124138807945878,0
SGC,353,-38.805617511691246,5.669741320360908,474.8727409712222,13.984227540736386,0.05081115205495265,0
SGC,354,-38.317737320705184,2.527766468989254,414.59425325179353,14.685143689036568,0.05198115814732293,0
SGC,355,-37.642749343484475,1.994061728851049,617.2781627282619,15.235630401621313,0.05401639908706739,0
SGC,356,66.88565903346404,-5.053749225124852,668.2677828531672,12.769887231910483,0.04344368380722404,1
SGC,357,-42.49227193485864,0.008071581620427442,263.5925974105604,14.539460290571766,0.052669184183652386,0
SGC,358,67.3318736356636,-3.225791544097203,571.1512682854539,14.14800851954824,0.052021666403771025,0
SGC,359,71.95254239583174,-3.4068662734642765,451.9481764369985,12.430370724694306,0.04598387349034441,1
SGC,360,-47.92634148034609,3.12575028071773,649.0707445441851,15.044798166178726,0.0500691523855989,0
SGC,361,67.34918055400651,-2.852491992430477,621.1874092002588,14.94345285881788,0.05221034868885488,0
SGC,362,-48.22608132846366,-0.2654217749705627,366.56618832397965,14.964028258070067,0.05375092413796693,0
SGC,363,60.71739728527772,-8.100612500122727,562.6531655742972,13.278598135748846,0.04430627793275983,1
SGC,364,-39.35823020684269,-3.2891973864769164,419.51776610575445,12.481788862439162,0.042557127263048056,1
SGC,365,-50.80827928885854,-2.381409882623944,507.4583781975586,14.165331064026834,0.054641820502549746,1
SGC,366,-37.641737341454466,-0.8310111476936022,434.0725512648364,14.480757860006348,0.052445971829368804,0
SGC,367,-33.5017842154319,-0.2664336455204342,573.6922060978243,13.359892774492652,0.04498955268671488,1
SGC,368,-45.191836344168564,5.59503820268853,434.95322166253465,14.900753977529618,0.05531245532775595,1
SGC,369,60.007034681386166,-2.3241179384805437,412.4766450346838,12.16983400015854,0.04168493456069112,1
SGC,370,-43.030961270978814,-0.17056145564106837,653.7569787539173,14.817042861928861,0.05397839105815984,0
SGC,371,-40.641135827750915,1.043847173205894,417.11180763532917,14.306371217464584,0.05154391228690829,0
SGC,372,64.55502538518115,0.0006982680983549715,637.9788161282422,14.598672213585061,0.054180147580489134,0
SGC,373,-27.791650398347063,26.781989254283104,541.6965413019838,12.753564219941993,0.042435428093269535,1
SGC,374,67.84555738711192,1.1317516152191958,369.6536075828577,12.217963021426993,0.04392235554517155,1
SGC,375,-33.84856846326936,0.22414111287753183,670.04306014379,12.35448283702086,0.046018619653129575,1
SGC,376,-45.90365251513871,4.576989663405514,413.55327061909526,14.810425644441565,0.053038968821754386,0
SGC,377,67.20656306056665,-5.667174857788108,650.0706885147982,14.760847388087313,0.05607504500524899,0
SGC,378,-33.52481373531114,0.1478393864637147,418.3413963328859,12.409501283953732,0.046242278245724695,1
SGC,379,-46.455183967694396,4.371597503476511,342.43275055768095,13.400981179266946,0.04466993726422318,0
SGC,380,64.99557566505057,-4.200341235901824,394.83756678205395,14.654272168325242,0.05710914209918888,0
SGC,381,63.36304183949192,-2.568582448190234,435.6892379700358,14.42270473816505,0.052732875626004615,0
SGC,382,-25.347225705127364,26.31515714895945,494.76142846690533,12.641960817619097,0.0463902360026738,1
SGC,383,67.77769484179709,-1.5224079559357482,145.38693303697897,11.18019817153497,0.03949531930810311,1
SGC,384,-47.25919287339511,1.972845371681632,604.5173811920909,14.07390138853819,0.051571894347960584,0
SGC,385,-50.98900121553521,-3.562402834773242,669.1159612114441,11.966758629389604,0.03874095048877836,1
SGC,386,-47.45511765961096,4.706719648428913,582.5894896083473,13.64106500127377,0.05416426033949947,0
SGC,387,-45.914060054893696,3.417485665160743,498.3260568448157,14.592825015760017,0.05002436044827912,0
SGC,388,-25.752637480894734,29.341564564691723,545.9502551951003,13.631771586414933,0.04612601666950324,1
SGC,389,69.0175717430015,-7.526188949539395,496.531207662215,12.860206096745882,0.04569538581317193,1
SGC,390,69.62429392755114,-2.89617607725336,436.8430325533388,13.546230720410891,0.050549755213350304,0
SGC,391,70.30128114781168,-4.096097826265296,643.7652426114157,13.207991349272806,0.04880131026977993,1
SGC,392,-38.12107646296818,0.7590450649911449,456.11306306518696,13.911087380410605,0.0533117550413772,0
SGC,393,-48.48240455647136,-1.3916513775264376,528.4130800844899,14.347725000852096,0.05108339065839065,0
SGC,394,-24.12881338370666,29.793806101913628,447.422408089809,13.106807311633839,0.049730774968946435,1
SGC,395,-23.1857041104315,27.973261843114976,554.1198592505377,12.773954063699799,0.04751370769970097,1
SGC,396,55.68524641468346,-2.317399020491084,499.87036587501274,13.38540840318266,0.044519976087458044,1
SGC,397,-44.56996968496999,-3.5913932004559252,631.8930689479942,13.439667000375982,0.04946704722126158,1
SGC,398,-43.59241065655451,-2.2111080375583443,587.4242036074901,14.70071225284066,0.04671345759703358,0
SGC,399,-24.92157542676333,29.95364860418408,627.6732352097814,12.579308127105042,0.047865440769453656,1
SGC,400,66.45360568085617,1.2051445147147573,661.3735097369082,11.85013896147074,0.04080169983231533,1
SGC,401,-39.86213252283148,6.857376168267238,287.58180302801486,12.997704054757065,0.04674424799939342,1
SGC,402,51.55405335706512,-0.13340176792508837,558.5265596257157,14.440711364888623,0.05292669917946314,1
SGC,403,58.563156176783465,-4.423415973957902,419.05161794758016,14.168901672701283,0.04566854151327732,1
SGC,404,-44.16757843297106,-2.34728257208867,452.7661868414751,14.198323464214928,0.05966547722265333,1
SGC,405,-45.00987504873213,10.836394568643396,397.276748829993,13.447262602589694,0.04638433103316659,1
SGC,406,64.00507477806892,-6.54177994586887,543.061838212653,11.33417836921989,0.03727768153740717,1
SGC,407,-38.704132709996635,2.743552636836166,642.4792424910264,14.041110688318192,0.057286783389528056,0
SGC,408,-38.12785756098959,6.405022395890897,413.3691430688407,12.957101563149411,0.047633129332841403,1
SGC,409,-49.95453597427827,-4.303069443366954,285.26108193910596,10.672214198951007,0.034336247204608754,1
SGC,410,-49.91290781223379,-5.809341759741286,490.68792174952006,12.35314232009606,0.0430047490913976,1
SGC,411,48.166042544644554,2.4541588330368826,605.7306094892081,11.733822718721974,0.04125195812558672,1
SGC,412,-48.581803777922865,4.3160805956498995,666.983509247513,12.810297801914968,0.04491019851717544,1
SGC,413,-41.09250683382164,0.5843412669906415,451.97973324097774,13.866843983496913,0.04808132638007853,0
SGC,414,-35.849109313242245,6.072015060311216,664.794233473957,12.233053146775687,0.042221451666056925,1
SGC,415,-24.803604814938687,26.09037947243224,557.9134899648046,12.898768620068914,0.04129257303044128,1
SGC,416,-45.38677297710077,6.1626900528693405,574.6038814183006,14.419766327052606,0.05439100073181312,0
SGC,417,-44.25758924009549,-1.6711599937725354,625.5336470170513,14.249806973110738,0.0493894064204298,0
SGC,418,-33.23616926685973,-0.4514652513780507,521.8922267999421,13.07321012777032,0.04718638518885935,1
SGC,419,66.31328030580497,0.7536664652508841,630.4806571910102,13.427344358666225,0.045189571931818606,1
SGC,420,61.44745089633149,-4.327409283911608,417.62823306355176,14.043941542859018,0.05342763286993735,0
SGC,421,-46.91892408735818,-0.2977502513606453,651.9922841772117,14.48053135546259,0.05219238747208232,0
SGC,422,63.37030419244599,-4.3398763836169545,667.168489379728,13.660802322733943,0.04739537953443873,1
SGC,423,57.168311610899046,-1.5946451987480574,639.1935120028943,12.682138698988123,0.043867964008193254,1
SGC,424,-39.28580846441684,-3.1779837945226386,573.96062275849,12.510261589468668,0.04048426538816908,1
SGC,425,69.87660113507309,-4.470472049709081,583.5589744875017,13.511356070264585,0.04698971567502044,1
SGC,426,-49.406486296807,-0.5226425124950066,627.7083525453761,14.13390753792162,0.04623547170868291,0
SGC,427,-35.662357166485265,3.174190318007557,571.5687443754074,13.667126551521545,0.04553886931277951,0
SGC,428,-43.166854830954286,-1.150803658180388,572.509284560783,13.458706575190567,0.049020098364905236,0
SGC,429,64.41008277373457,-6.00135150236385,346.02394763867113,12.49422997042313,0.03994948246860148,1
SGC,430,65.92218233025388,-4.157787551524733,445.3064740917379,13.895569251654242,0.05361218421370107,0
SGC,431,61.53837946507435,-7.052412254992378,278.1488090167735,13.415811931857762,0.0494790973468838,1
SGC,432,64.62595429494463,-1.095335037681286,512.2800439663986,12.859899683318213,0.047056840411145516,0
SGC,433,69.18444896749038,-7.440956544085224,460.8199359618272,12.57109374013304,0.04722575385334741,1
SGC,434,-46.37105163195646,9.911975174931246,627.5667957215971,12.402069670070695,0.04520799199200602,1
SGC,435,-50.196697473942585,1.5732443663898463,537.5749378784116,13.883054928871138,0.04907300298223882,0
SGC,436,62.6375666467465,-5.1767459763267265,450.8589746120763,13.276802331189232,0.046592354844285935,0
SGC,437,62.05265386123302,-5.820813830571159,589.4295834921965,13.616122210056284,0.04983405667631741,0
SGC,438,58.67978703133465,-2.4203763074995504,556.7350353081486,12.538931647385677,0.04524885491414641,1
SGC,439,67.56691286074442,-4.69279537425827,544.7831787966404,13.572149478852717,0.04932381973010056,0
SGC,440,-33.616611816819876,1.501617386092276,503.55330311414696,11.208908741503816,0.036659749266759856,1
SGC,441,-41.414667144468524,0.6773579392343613,545.0863682252319,13.81731737265721,0.04622383191539725,0
SGC,442,-35.595420553628536,0.05385856866706945,552.7544461827187,14.018978285885531,0.0509887648332566,0
SGC,443,61.35847443094691,-2.0008012029737356,449.2903291903878,12.942362121155346,0.04418048236745138,1
SGC,444,52.20737296328136,-0.6833395888828208,621.4678562583703,12.812955179490526,0.04612620000385332,0
SGC,445,-47.20415956376829,2.780837512282122,474.9544188329482,12.45679030664882,0.03867989783671024,0
SGC,446,-50.886408228932275,-5.0033028663809,345.07959779670404,12.079320717052157,0.04288625212428191,1
SGC,447,-46.06617640671263,2.3858873678466526,353.98258938739946,13.60909613644746,0.04585625566388885,0
SGC,448,-34.47599231988278,-1.5599885008020147,561.5654243881772,12.132247616250725,0.04289296004143093,1
SGC,449,69.32640975095948,-5.397547966229003,366.95895918482535,12.522074140341148,0.041807085042988766,1
SGC,450,56.53735080812932,-4.03985873810356,590.085261946846,12.317208822905751,0.045731439082088994,1
SGC,451,-49.39911978737733,-3.6550598003687287,303.24754155463,11.419039176103317,0.03989653681172122,1
SGC,452,49.74755697517585,0.7874245281910156,512.718915587731,12.433554608401657,0.04286194168556121,1
SGC,453,48.29173687015068,2.3362465644394637,560.8843917249147,12.546309423427266,0.04891424814918857,1
SGC,454,70.5976846084816,-2.253853298475128,575.3509167788121,13.3207993080801,0.047867681897388055,0
SGC,455,-25.44325518257403,29.85583784837921,520.9851818579264,12.249624413616832,0.04028854875654174,1
SGC,456,-44.74015604410892,1.1588435965379795,623.9047758413402,13.210985418708278,0.04518780471707651,0
SGC,457,-36.10137481884968,-0.7050216916833815,500.1694816979378,14.156797058597622,0.04886110732816524,0
SGC,458,-39.04723736216754,1.4764857041450345,670.478590435811,12.125675744958642,0.04064590242984821,1
SGC,459,55.83095598161551,-1.9255798652077762,410.0841800375277,12.963580502416887,0.04180871219768778,1
SGC,460,-45.05145278574427,-0.10354397088698482,555.143290587827,14.271124950648648,0.051406580292957096,0
SGC,461,-49.35725949945612,-2.1417118315998827,669.7314741797785,12.583263601519505,0.045072135384287074,1
SGC,462,59.610293824710126,-7.072992418460541,505.8528905486901,11.32913346058767,0.03753787122051038,1
SGC,463,-37.379071156938444,1.95117010239789,476.2930085656364,13.156409211234582,0.048170973232067066,0
SGC,464,-46.16283959831808,-1.1994250393407875,478.063557603538,13.956356847844141,0.04970993724791966,0
SGC,465,-44.96702540709076,-3.307658008396862,432.744118223668,11.837466905764533,0.042409282770623745,1
SGC,466,-38.34643567508879,-1.1397875743006485,195.1595576426859,12.884811292693929,0.049147834699695456,1
SGC,467,-24.50765631623259,27.240021103250662,517.9886941853823,14.146826727720056,0.052397118092440534,2
SGC,468,55.57739232176452,-0.2049738800281484,515.939667712877,11.833633850825333,0.04062270240170821,2
SGC,469,61.85573232824211,-3.957044304611032,614.8590297421315,12.452388376146816,0.040808223126854115,0
SGC,470,-44.171280248426676,-0.4795073880505765,606.7642400329147,13.720516859648702,0.05213353414992098,0
SGC,471,-37.765046755496336,0.057394483171246825,285.0993205551521,13.91613231660596,0.052299869527504844,0
SGC,472,-50.92899594793403,-1.02028304531969,410.33986123747974,12.368889264299272,0.04253670386984115,1
SGC,473,60.77524472578289,-6.9844794004341875,532.6835042250359,13.291401810530566,0.04586507651635592,0
SGC,474,-34.98423681579467,-1.4971121418095896,643.1730543691681,13.154373639499763,0.046543987080537044,1
SGC,475,-51.3008098667727,-1.1177350205050407,630.5832228283679,10.602178032035722,0.035824538717455064,1
SGC,476,-48.825612862587455,-2.3694064990349384,558.9093821027061,12.863980544709975,0.04468452923820808,0
SGC,477,-47.248620653946915,0.5570853224193093,242.60493664997588,13.027034384486038,0.05000530754947363,0
SGC,478,-42.876396424198525,1.5135277228275386,662.4368864049349,13.831631605833595,0.0546950870705376,0
SGC,479,-37.11887746644081,3.2112446475037486,581.625024617098,13.609316852761866,0.05032481572303648,0
SGC,480,64.68598813693019,0.5870416230146768,666.8865363039492,12.124586928748233,0.038380990712858366,0
SGC,481,-46.08110455760021,5.549480338932009,454.60829193459193,13.470537427448308,0.04751940951734527,0
SGC,482,61.705649842891546,-1.292918348900373,553.7517493686884,11.649151792018634,0.03988548978345702,1
SGC,483,-48.4284552391399,-1.4913550792861583,641.9690699708804,13.678602121211851,0.049590660420010584,0
SGC,484,-45.66485581129482,10.309575521010176,453.85263811229385,11.314010005890443,0.03975212015230457,1
SGC,485,-43.33199919147419,2.7998678846476692,504.4948431492519,13.611220867432122,0.046780987805545536,0
SGC,486,62.88011611940144,-1.9238561344669085,254.90022821899504,12.53286230383768,0.04539114248597352,1
SGC,487,-37.164829317642535,-1.7389259017202112,641.1975459437656,13.013004610928283,0.04573076035919789,0
SGC,488,-48.173614292590024,-2.6070875722804416,650.148184347231,13.122221802653966,0.05016570410281173,1
SGC,489,-48.88581647663435,-2.6773732042028593,628.1201836763488,12.937994026958087,0.042391139393488396,0
SGC,490,-50.611429215730354,-2.0916988730833306,444.43977954341284,13.04163455280643,0.04516571581597782,1
SGC,491,-45.52009577206708,-0.859518982825086,589.8501814491296,12.729798225281106,0.042322478883204985,0
SGC,492,-40.08334649704816,8.055371945227884,556.4682400055415,10.575086295847589,0.034297306711457975,1
SGC,493,-43.9888456510628,7.110118752102997,525.9387830146422,10.755793409664244,0.035609670020016825,1
SGC,494,68.77360132682622,-2.225235584510996,541.2010239035991,13.566467507935752,0.04753256989302642,0
SGC,495,-34.97345876039964,4.3217789789751455,659.3005343199573,12.472703417010178,0.04109616523425903,1
SGC,496,-42.18940093919765,1.0248371546599093,605.1373359937027,13.04763402176622,0.04514126498190039,0
SGC,497,-45.113458606139126,8.327888935929241,578.4522731860517,13.48121422088156,0.051632749608537774,1
SGC,498,65.24408736624659,-2.452597127386997,556.8108766672158,13.06554168812326,0.04662124161253213,0
SGC,499,67.58528332797891,-5.422037594378066,289.8505324121402,12.627698445092044,0.04325324267602544,1
SGC,500,-47.650239361482114,-2.331439599097698,490.63976159452835,12.521693802192253,0.042976083008186,2
SGC,501,-47.866566110405,-0.35840660520861894,409.5336172380816,13.85092105960417,0.04901841152680097,0
SGC,502,61.910841790632816,-2.7569200369906177,630.0622547229761,12.60073508146846,0.0460248779797296,0
SGC,503,71.82540160376202,-0.2522418316923969,385.63201623328524,11.592380736541715,0.040656739686512934,1
SGC,504,-36.508951550688614,5.9275846054567465,538.3858700866379,11.529959082395285,0.04549972717384321,1
SGC,505,-49.816152184418115,1.726964872566861,653.5977725600633,13.8074209315929,0.05277443647812294,0
SGC,506,66.61097234269003,0.4011986440150186,645.7229862769523,12.574416641197322,0.04159737159852027,0
SGC,507,-43.22442735404793,-3.138819648807343,381.0789716920067,10.94256569047558,0.033624464960471064,1
SGC,508,63.174318634434414,-0.984663108189306,311.39985738504697,10.355027605142038,0.033023391629888696,1
SGC,509,-24.82557796700127,26.179272101759828,592.4759440161076,11.928751551738383,0.04203832855895335,1
SGC,510,-26.160861885295503,28.479406542846107,441.05740988183123,11.392811982503051,0.04065250815932456,0
SGC,511,-26.81171938587823,26.44122364138562,429.9878333037335,11.716870965047184,0.039417222098557234,1
SGC,512,67.46933650948021,-4.268089558603797,458.32227501503377,13.16342458548394,0.04575217326536979,0
SGC,513,66.92166735692689,-5.8451358466788115,324.2744419997181,12.912821391017095,0.04999395238906897,1
SGC,514,65.5978638934997,-4.8570577540770925,617.8977091228347,13.178896789775031,0.04802031478896521,0
SGC,515,64.0197772396418,0.001708173528040012,486.093628966529,13.411546198425356,0.04741585676279156,1
SGC,516,-49.74286310737364,1.8241932544370332,293.5617044193131,13.015748497107746,0.04814937104684479,0
SGC,517,59.79184381306979,-7.4544886267784785,476.5726670005297,11.404114012598798,0.04098016111882274,1
SGC,518,65.62799887062067,-1.731010664994518,652.2570420981408,12.597706034758907,0.0442091985068301,0
SGC,519,-49.26354714366695,4.322198753139296,398.04198657137226,12.547544274011434,0.041029668032009706,1
SGC,520,72.44848662681642,-1.5887777757115216,318.41495401168964,10.69509124900003,0.037106013023718576,1
SGC,521,-48.144593362380114,4.096516429741432,635.1658725207132,13.434121506316888,0.045466319750040014,0
SGC,522,-27.22463340141902,28.412249785315943,533.8549096404195,10.979039615517847,0.03745592594419828,1
SGC,523,-46.58327511946347,4.720508118122207,627.4904807180111,13.669199073540005,0.04816220789835613,0
