cap,void_id,ra,dec,z,reff,tot_area,edge_area
NGC,0,116.1853126229163,25.77930416933239,0.19170286058415043,29.3163112906523,41568.32807809034,14649.28628117054
NGC,1,262.31984091888523,17.499738956891182,0.09744177799555469,25.103669370958713,27470.711886513436,8740.290534781543
NGC,2,250.1232032392835,6.956405821857867,0.21190640470456584,43.46136869047462,76671.17902734563,4926.861226172607
NGC,3,132.3884322665395,-4.658460287940273,0.1398566827763795,27.745164780479346,33294.13855340401,6775.182765717711
NGC,4,255.68697221215234,9.78214911504141,0.1672162869066207,31.38934183477897,39793.54726914789,7422.1041764203455
NGC,5,230.66606978578852,2.1319554072138733,0.18083662538569945,35.983285059401524,46993.457067453,3874.647962652822
NGC,6,234.78319994434355,3.7001491750538547,0.19416697482399922,33.51439986856528,36978.86540268731,713.5728305416241
NGC,7,253.50992657221553,10.003621244767903,0.21178742462061861,25.524896422790782,24593.159041274816,3255.294268118255
NGC,8,130.64712364889914,1.996059506904065,0.17244419714553777,28.546466385370458,30745.732388369273,2735.0574321467293
NGC,9,197.37322527450854,-2.2351717197168957,0.1498589865303434,23.16134505792856,17621.41542301089,1020.0008560338889
NGC,10,269.7020190737607,33.39749320673914,0.1604187125485539,25.521595145277985,26598.21760357238,5150.5472738917315
NGC,11,127.37058987762656,1.2044738769561332,0.13175368635608536,26.138632453306816,33791.43238365856,8876.54364201693
NGC,12,215.92043566002508,39.22568541126426,0.22609337303056917,26.099670685396337,30524.156849005034,6425.3288013389265
NGC,13,163.4233446562094,1.0667878127042525,0.2096075080267822,29.372784214733542,40745.98069161046,6836.116631791831
NGC,14,143.7859523383427,-6.2130481818791505,0.1825499473158027,21.63527742104213,19987.992972127446,3199.344712431164
NGC,15,255.11275628233756,5.755930123991329,0.20557927361673028,23.191373607460832,18994.01927347114,3919.6574296748763
NGC,16,248.71074161572093,5.620866430024881,0.1345258823184384,27.879944108702347,26804.830643681806,676.7595541696144
NGC,17,270.37960403084645,33.86602488458448,0.1579012940731211,28.096206018189253,36045.27030973045,7548.321147314862
NGC,18,228.32050032857984,-1.2217503460058545,0.21939064731824173,21.632736789926366,15214.054402861862,1434.1756697071646
NGC,19,96.76368616772834,65.93841676007415,0.16449084285205592,16.400743816356258,10182.561581772445,2857.8041524003693
NGC,20,131.35172341006515,1.2876345076802627,0.23498653377176362,14.557612850515236,8051.231459163498,1741.4003167932399
NGC,21,271.0321158484404,30.64172408473804,0.23253403692879626,18.47188566459278,13457.10601246996,4257.015077910849
NGC,22,249.77793484096492,8.650226575488167,0.17787312433334254,26.659008854069178,29174.689038801986,4725.537916727921
NGC,23,130.77486079843712,1.9295782359555584,0.23038565232470987,24.740796678446337,25546.256476241517,3950.2234134390037
NGC,24,145.61545455575987,-5.569344909367852,0.10180545675472734,13.89957273374977,7237.798896081904,1940.6081250331831
NGC,25,151.08845936619406,-5.326496337379484,0.1675893625419268,26.20909611757225,31613.48491223243,8156.696222692992
NGC,26,205.67681491285347,-1.2139234904930318,0.201415097470542,31.183801406027452,36872.06398586536,5025.132033317956
NGC,27,142.27972237882335,-5.345345994545716,0.17104245309837793,22.743373267042703,17318.51345646566,1978.478986285983
NGC,28,267.1765885826161,34.33840050777016,0.2304621228433957,19.79878073849879,17772.056828498364,6247.313052609081
NGC,29,177.57028914259527,0.1551252422390866,0.19973444449897013,15.455384053099666,7968.287757184071,874.6021956084377
NGC,30,228.58438300338958,33.737045792243215,0.17631544740883703,19.0651089762553,13305.941564000246,3043.0006139107372
NGC,31,240.53483639376395,6.522382891381242,0.19632332130744223,25.807971883796075,20764.930585277296,0.0
NGC,32,237.20395609810333,7.035297805048416,0.1925245739538944,24.981050484398256,21875.056201487936,2209.7707265655686
NGC,33,189.48060580102793,-4.0652720270785485,0.21398337260636535,33.26493318987395,57357.674632605645,13316.232795891328
NGC,34,142.8230350873891,-3.381999761161549,0.21782364602630613,27.260256448992752,25618.602647057833,0.0
NGC,35,160.18205967587605,-7.10290699190829,0.17350633010475042,22.891270846796996,19585.19513663163,3277.960186727631
NGC,36,211.02541520783302,1.4558403062456886,0.23052530325010226,19.304864318246118,11239.203534625458,1120.6553030675188
NGC,37,142.30601449316205,0.3704547784764989,0.18770788871580787,15.105580701680067,6928.531034580995,1349.8369374679892
NGC,38,249.04677028829508,1.728237619468295,0.1336668657287855,18.327751998461,12128.501652159033,3093.1055816074254
NGC,39,259.45534966596074,13.56774224107677,0.07668073426302045,15.912213052409555,10526.404097484205,3537.161362832198
NGC,40,165.32447965044952,-4.053421075913514,0.14547885381176154,21.309934379992566,16367.479420566413,1947.914412555518
NGC,41,214.69115997595864,-0.28507564606250896,0.21932093322032362,30.343261728950424,33081.14885621179,956.7698587933282
NGC,42,130.83742813822707,3.032360630401313,0.14318537449041,14.928655429048867,6329.321426533111,847.7154918192564
NGC,43,136.56999434451726,-0.5358807765175765,0.10691095671136204,19.890124188519312,13864.895908142713,1977.9430269746833
NGC,44,172.54920107903237,-6.338258659171191,0.1607101834843064,23.08435020056759,21792.1385372422,5101.90585116476
NGC,45,221.4041088038549,36.37740951805473,0.18622674897871375,24.08971009319214,19431.83555321773,872.9952801440388
NGC,46,211.14205281409252,0.8853623006600262,0.22011123027601143,14.613950227878663,5158.8372803847415,0.0
NGC,47,171.4311945002806,1.5799674086686313,0.14847332651178877,16.744335058072988,10067.0507017686,1825.0620743341206
NGC,48,230.1048972959118,5.11080908912027,0.1676902254713613,22.4921528852211,17751.104801165977,3869.8229080107258
NGC,49,146.1315348281725,-4.546182844050501,0.17105956148544005,22.12590074625831,17299.10547675347,2049.610643922081
NGC,50,164.83879333886952,-2.5420467757890934,0.2305473393750899,30.37797857733389,42933.430549184835,7081.5464038569025
NGC,51,198.09702618868474,4.259909254719705,0.21364070458826637,26.096531387432158,25308.275094921082,2040.3790904453142
NGC,52,232.11442493549714,5.078347645410054,0.22657012964682266,21.954265328866846,15568.393735828775,288.75251260426
NGC,53,256.2987094111249,7.031595927084155,0.1840179386975982,16.850372626526397,10457.342115548896,2449.777752401297
NGC,54,139.0417562855821,0.7203594332574984,0.13081326772777205,21.54312733289654,17947.892994650803,3510.406875997794
NGC,55,229.6643936222565,2.933038130304157,0.20447616011506642,25.88420457089293,22710.503484273573,1854.252063711839
NGC,56,274.31222288013987,42.69497204698762,0.20398902082696233,16.33391912100584,13239.95716416107,5022.946067533995
NGC,57,258.74743679311985,10.261008087469824,0.17635374367217024,19.14638768995852,12720.509601547863,2928.0591861682665
NGC,58,167.8167470046376,-3.2385052768953235,0.23271667861818227,19.15256601263933,14885.30874304,3448.4556992393573
NGC,59,249.58665997030528,2.3519744538081304,0.1712373790896822,25.428519254504486,22804.57872687531,3258.359654797167
NGC,60,174.8289855211545,-0.1148274870711338,0.19772881912528312,24.881203409711038,21193.789989906967,1817.5606942780303
NGC,61,268.9047112120769,30.716499214846827,0.2306969566464176,27.210562993603375,32551.10064440827,7252.334683333957
NGC,62,134.98650805617723,-3.537996178785946,0.1959932223035181,25.338932699507378,22084.006253376865,619.4492185434165
NGC,63,265.0894989233259,27.210125243193552,0.21038008679247205,27.87345405901579,35464.45925155994,7262.89562902083
NGC,64,195.37681955924285,1.288437117426049,0.16313287425900536,19.15985603138636,12667.17891730995,1901.52341593268
NGC,65,195.4087988218634,4.75931956780682,0.1644992428113233,18.935427469150635,15727.531209491193,4271.9954439772055
NGC,66,207.56345346795612,1.4041481198038517,0.21729615577368283,16.410918337308566,6629.765018098087,0.0
NGC,67,172.08004787965098,-6.320928152384009,0.2099390572489479,20.875519209146937,18797.02020779659,2873.0194908650333
NGC,68,207.43834987614903,5.836952450017399,0.21257872031144412,23.638740720903943,19076.374777624864,2045.3159049290607
NGC,69,138.15360759581702,-0.4137873774795768,0.12010389223800187,33.42365546283106,54844.929832818816,9652.149679720898
NGC,70,207.88520630950657,4.564913647619639,0.08664425168725202,18.628475920683957,13523.82840903057,3426.010887996088
NGC,71,212.5435862468664,1.710873382257562,0.20516230142022018,35.16674987800271,51008.26190674118,3807.0376373941417
NGC,72,215.68595652204763,-0.6258233214179887,0.23268177200085768,21.945717985603125,17374.12305903739,3787.7069620899238
NGC,73,129.68300584492604,-3.380228142082022,0.19726363117045795,28.55930431523036,37889.086927701625,6490.605682468
NGC,74,130.25969194917622,-4.484452465371677,0.18721703210410132,17.61548790125429,9296.101433924647,376.36105813090626
NGC,75,201.4809079840347,0.8534251506351624,0.16305426353427724,17.241615678278464,8964.233797891586,0.0
NGC,76,239.43295014602944,7.9033891344985125,0.21837485450494207,26.38019797322598,23859.943040494276,598.3353230134322
NGC,77,208.31077606775054,5.12645537650866,0.21654583240940103,29.648182104523546,34020.36436723886,3449.5440854396666
NGC,78,215.60207228558843,37.927008074784794,0.22623035460380025,32.108862044752534,53653.48513555005,12371.551708576475
NGC,79,165.21488708542657,-4.5932078170603,0.16052591252057294,21.897465535802173,18603.59040547236,3609.946867183346
NGC,80,130.62881748306006,-3.0333897861035104,0.19564597944243195,35.73402503128711,59499.85948913133,6866.966740598906
NGC,81,148.67468891184026,-5.733732345315524,0.20770969880397347,28.736790578465246,33795.746655849456,6005.232566910529
NGC,82,142.20624311711435,-6.437909426955282,0.20455965172468996,23.217406793192847,20646.33130611813,3320.5500528400794
NGC,83,227.38166046284482,2.274332222044559,0.19986823425038214,16.77627066307308,10007.204884102468,1422.9256212134815
NGC,84,273.14535829830675,38.89101467978455,0.18500943150753793,28.042653072358256,39346.23382363381,12014.728693279281
NGC,85,196.66606947629924,-3.5037359745367973,0.17184902494559773,30.081690986429248,33882.02578850278,3290.1293594584495
NGC,86,274.38220800338945,41.82971492361037,0.1707586387745218,16.67374376793574,12836.45856423397,4724.283824849801
NGC,87,138.42809772720955,-5.430258349506788,0.11995530880771564,17.32575617479416,10073.727963349336,1459.5184109048214
NGC,88,197.20749443234624,6.280355288899312,0.19604237666700042,17.841119316115076,15191.502544545254,4001.640475220326
NGC,89,269.0826035984501,32.45283611839645,0.1761734915023011,25.59970310740261,22769.09585550016,1375.0914902127047
NGC,90,225.88239992501445,0.42088485141464643,0.1955780884411168,30.791319986937587,39981.88929730715,4254.311384308241
NGC,91,164.23889519750603,-1.888270881345355,0.17234289975983344,22.322295262490567,19759.339425541122,515.1151861995211
NGC,92,214.67847137678834,-1.5432481897156316,0.17852372701754277,20.302810808354764,15392.25701414463,1831.9919864093115
NGC,93,136.16456528195795,-5.750694463395815,0.22294809468988552,21.579858421790835,17396.590695676186,2230.790473065696
NGC,94,217.93736335746934,38.02287156697393,0.0906582687858244,20.976237247492307,23095.408012301847,7152.430707217067
NGC,95,140.68842005557292,-4.608723466449559,0.1888782291267191,26.651489333225307,24484.433132160277,431.41826464648494
NGC,96,230.8718962814965,4.7235395205680915,0.2030176799048902,34.42540330430499,54483.85517183539,10198.346047715833
NGC,97,274.0009980666975,38.63439087035717,0.17290600863761776,12.944373593183911,5815.870124480494,1004.6503664623
NGC,98,135.6568577497332,-5.803521843785678,0.2332522250586493,18.52325558993697,11995.093012379293,3011.4828856152344
NGC,99,131.8007683007844,-5.4062965604210245,0.21712588857750403,19.60510458220181,14234.733311935086,1441.2032593084793
NGC,100,166.92887619127941,0.8373801954035671,0.22395183072128805,21.933405082084974,15838.331822378095,244.74102825045912
NGC,101,221.84781527255373,0.5318483386434266,0.19586478167694316,17.03254542869238,10366.520704826346,207.30015505387144
NGC,102,258.048963314298,12.266231303450638,0.20122332995606398,24.675884352362022,21545.288102329163,1253.4432993168684
NGC,103,208.288432363846,0.6048687790067789,0.21142625460528314,23.973357252127457,19378.999628575584,99.79260881408297
NGC,104,101.57577893055225,68.73864820784524,0.23247048642394005,20.146775245324992,21079.43388213728,7462.515784808059
NGC,105,159.5331214968448,-6.245505557070865,0.14567683328319053,26.658631493937552,28663.21138559931,4329.279003714317
NGC,106,242.41094566413497,4.4561611983777984,0.07169225708276628,20.218060912718922,17081.03677610738,4009.807312865269
NGC,107,115.6227756358374,28.639757028574955,0.22546446699252395,16.436148135697746,10990.624610806903,2447.5560733498423
NGC,108,227.20842528626807,-2.6668418540331014,0.16666948164604775,24.171901128780632,23336.92135276321,6399.358629054771
NGC,109,215.29739316224652,38.55318499971128,0.21587350763710292,18.812641859894956,12082.774083383014,780.0882073422629
NGC,110,161.9474257443347,-6.251588179402007,0.16364491680306878,35.034611071052986,60378.83071022631,12327.225783170483
NGC,111,127.60952975619203,2.9273510363974906,0.11119887103098504,20.45546984874482,15163.91698908877,3433.9762359021065
NGC,112,183.8836033891782,-0.5983391448034733,0.15143429123799299,17.901337073435343,13431.033352455397,3841.337454730435
NGC,113,136.0439009362637,-3.349840230818633,0.20578118796188063,17.98163166351269,9859.754209789138,0.0
NGC,114,215.8014650057408,38.29709307477711,0.2258151429282343,35.79571600573904,71359.26598832775,17590.634720665184
NGC,115,271.4419591867943,38.45500159233006,0.17229844943466044,18.205374295773833,15310.868114852545,4008.5132261273
NGC,116,141.21744083831504,-1.3833266272762947,0.1735098672153054,20.105660223737317,12433.123820658699,100.0169152360576
NGC,117,208.17715985640825,-0.3287436146561159,0.22072362752938263,35.59621416384977,55994.60155675215,5325.59194327624
NGC,118,221.49445138115243,-2.415710273668305,0.19646285137343988,26.074832719922018,25167.82056834006,3525.5299679782165
NGC,119,218.38615266362936,1.2900435402756028,0.1683795720814783,24.907231791223612,23960.109924751592,3269.9689154380158
NGC,120,273.01691394178033,40.36100044836537,0.11829494864760874,10.899620112130545,4689.185547745519,1793.3925408497305
NGC,121,162.54274868584608,-2.704870125189373,0.22359804035666034,17.867955454537906,9007.858417194468,0.0
NGC,122,224.69698749746232,-1.2193521405828558,0.20992129814691107,27.144402484573938,24447.081086519553,1033.9224513181084
NGC,123,233.96511776793565,6.636526941470803,0.19527573663029296,12.120421186880279,4432.297313088176,698.0911343303071
NGC,124,207.58126341919717,5.956730474021458,0.23055914563463847,14.866977208232314,6229.680878167859,436.90161303175927
NGC,125,220.40907718658391,1.036877396006486,0.2147757448479271,23.157223392186527,19460.36499157864,1713.3157331204286
NGC,126,181.85726728318724,-0.985351049113285,0.23329955485252657,15.377096910584946,10348.61979682424,3061.3745435084943
NGC,127,133.74873706484377,-6.355793950725058,0.1487414628051872,15.685143627248996,8902.00382164836,2070.4077251378953
NGC,128,148.27126803678507,-6.89189020519855,0.17560704794558052,15.102772952749152,7765.632680381827,1404.2336064736328
NGC,129,216.87468362586284,-2.682051156043773,0.1668266736455367,16.733792212597677,8782.880841831042,2068.943912752955
NGC,130,213.50463081941595,-1.0125255705014446,0.16596802042363606,24.88029184403454,22397.525425505857,3046.422992570862
NGC,131,233.78250670469208,34.41616333625352,0.1660873293560888,19.924029477174845,16411.6965854663,3335.1491964975503
NGC,132,211.6664139703145,1.206211310200781,0.1532166158026088,20.26456117405928,12721.556742159542,640.9429688693123
NGC,133,270.42967859247904,30.03371501788967,0.18624773733431949,21.589221244436107,16309.940716976553,2897.2345380014567
NGC,134,201.0156016815686,0.9673029605843648,0.20817472624197592,30.883754039270837,31032.83693908284,43.34823288280139
NGC,135,115.02635289511777,23.166032732823457,0.21202610963559784,15.621241364816163,12022.271333769495,4572.040485799972
NGC,136,184.68211192712286,-0.4833250114624854,0.22689690161795686,35.09426660898664,63461.12323812876,22848.42896111983
NGC,137,168.74359982624796,-2.4035029940112387,0.17601464508196454,30.575339422043083,31859.046161932714,2797.8560428906
NGC,138,225.7246660347967,33.045613719779226,0.1970171792990346,16.75254075796706,10126.121501067544,1675.9631943755662
NGC,139,237.11698865650337,6.288187161044051,0.17758427941572116,17.28850623331413,8795.27080232885,65.28674088064116
NGC,140,237.999427167752,2.2709044169977717,0.12059086371262333,21.642881597221475,15927.044241860583,2454.3981981622733
NGC,141,203.1279590228812,3.7336853642816084,0.20826769025403305,21.75149459376807,17283.732931730003,2244.7647424443467
NGC,142,181.9433930254132,-0.5431355731111226,0.19768999114016533,19.429927379128173,12685.675570275589,2622.498556821921
NGC,143,216.92793250356053,2.7108195338133654,0.1885949057893715,17.35794155503325,10747.445979350934,1179.0558750228686
NGC,144,243.96092521192165,8.333672437167529,0.1899469462827653,24.71608305791988,22499.073176974107,98.49254328214154
NGC,145,162.1043730509751,1.5018687703112548,0.22690828250557213,17.201229824535982,10610.011797759742,2041.2051460550495
NGC,146,208.59969125515227,7.0294046680392475,0.19874173415266966,16.69592094819083,11499.4347475813,1919.4912565315556
NGC,147,137.8127616018058,-0.16198959213072475,0.1862338775027038,34.48364161832779,46186.34978900332,2436.613966396969
NGC,148,261.7650648391066,16.312454871176055,0.13341725608577001,23.855812518063658,25337.73753021746,6080.528599516627
NGC,149,234.7868567696748,0.27685186719484206,0.17049129193633525,15.852192333802764,8680.874404828955,1507.0158063863355
NGC,150,212.01438465395202,-2.535647465971367,0.19487899674896073,24.17850195777499,22738.195952911294,3695.083020105836
NGC,151,199.90180450117163,-2.98784681800402,0.19194242136623843,26.25458066068836,26127.066283430075,3252.0615456537844
NGC,152,266.9205903359265,30.700984779957942,0.2146519053730257,21.42297705519383,17136.541450779532,1737.6740010489193
NGC,153,237.99343770538536,4.2575210903691385,0.17185104130232073,27.546554845228393,24887.199955506956,701.8409847692556
NGC,154,156.71247646498892,-2.509907583138606,0.18590135502781746,28.010827347279676,27753.464900354942,3724.2402693887484
NGC,155,131.75688272652775,-2.1257902511255686,0.16561348054709985,26.616985622768336,28034.232791813658,1831.9872456325684
NGC,156,125.0462554080568,2.4827266460161277,0.2069460344376345,20.412197737908787,17264.84832377037,3746.604886098721
NGC,157,206.55925769817827,8.119465802454153,0.23196035442963775,19.871690615363097,18268.20441675071,6597.769536452083
NGC,158,155.4563643372592,-4.651807508129964,0.1324975076013546,16.64416149987893,8751.478670346185,1187.2702416462307
NGC,159,170.35767005030337,-1.7454607804984925,0.18033770745824046,36.38196402620699,56221.58498884559,3033.302119783695
NGC,160,197.43027205090576,4.0032379167975725,0.1478521313410976,22.191587229921762,19308.818421397187,3585.576879492012
NGC,161,233.72485593222467,4.895908692875574,0.16330314665164608,37.03000387378612,63380.22937716548,8752.072871389855
NGC,162,127.06209463558464,4.903456833294286,0.184027625644067,16.02978748806704,8646.297446125807,1371.4598281668013
NGC,163,219.77669450528532,43.711467520049744,0.13766739935812997,22.085799386895985,21987.67148917875,5887.672585574107
NGC,164,230.5840894092509,-0.38429229789853636,0.21457370183701874,32.513711237546616,47440.54226361627,6989.853644148219
NGC,165,95.97326714669754,65.73856334250736,0.22196443485200085,19.752974444107753,15122.699805740383,3641.8125729995304
NGC,166,133.4883402379889,3.3688547716987234,0.21981820491948623,23.730593662064095,22835.88561450083,3894.245464054228
NGC,167,138.3386880819504,-2.341502614389634,0.20729676349197995,25.103534171745345,21818.261507607305,0.0
NGC,168,172.21689778660362,-7.559161346492018,0.19065140655690624,15.592292079998467,9816.136221459585,2787.3587064408316
NGC,169,207.56185157185442,6.530022602836444,0.15628035330331985,23.905540340285533,24524.77687220495,7011.181251355372
NGC,170,231.04417060458894,5.279969850087342,0.22057313556481406,31.945022469426547,46008.741105390756,6669.917455718136
NGC,171,215.4058709578245,3.9436126881342166,0.17165996884300744,24.190772486936194,26928.024974552725,7645.893994691217
NGC,172,220.84625691458183,40.22527591703649,0.12361565320493866,27.25994660819081,30517.214411254026,7210.158432300212
NGC,173,227.4525362341901,3.0655097654545256,0.1843008383515223,16.204768838754717,10877.595091970712,2040.7006151679286
NGC,174,272.3548091413428,32.143504582983994,0.22467167236161947,11.247297451032495,3526.50413849648,757.3273372764335
NGC,175,221.11200822043645,39.51778656216393,0.22617328680611068,11.88216102646802,4050.088378943012,0.0
NGC,176,180.36735864424452,-0.5251267109931038,0.18335828331155732,19.970021171101816,15691.357402198231,3392.576955838929
NGC,177,172.13207828717677,-0.5807250967924316,0.22234393103995673,15.130600336277286,6573.692728788347,0.0
NGC,178,268.49268092693455,25.989555745723866,0.2048635022515086,14.44192575923364,6509.628642885508,720.9613270680279
NGC,179,184.1241828629769,-1.2742881215909176,0.20775685489511542,18.31282528924175,11880.86155610956,2057.00630912499
NGC,180,166.16738037510606,-0.7241921701451345,0.19229604787117544,20.591875076752178,12826.368549195746,12.427138321282518
NGC,181,172.54753421773785,-3.053599186867402,0.1935415611565716,14.171638933051266,5800.032813570657,0.0
NGC,182,112.63444246177542,30.42614393666722,0.20229079714764872,20.498491495370747,18973.176707377905,5771.14501236557
NGC,183,144.16739301579815,-4.145667833589844,0.1182689643362416,27.53964951783468,31968.12072707123,7200.7901481911085
NGC,184,123.87111442426934,7.438667764308879,0.2162809522134245,24.043064250637755,26799.02749037519,6378.282913170588
NGC,185,262.0898687914505,17.37850741069617,0.2218519740437987,17.89642097244566,9955.484211137255,0.0
NGC,186,219.4911374483166,44.43577529269752,0.11083153516531645,16.756645436670965,13607.208065076293,5331.493895459714
NGC,187,265.39924280980944,18.585922481313425,0.23279802693667498,22.003394263202168,19620.53245003163,5002.846315650924
NGC,188,216.34390950424876,4.8557708854492425,0.19350877983267525,14.510698080753452,8413.89302677788,2153.6601279369384
NGC,189,242.9541385971567,1.979143296197693,0.1969334888790744,22.091269972344225,18474.694691145833,3376.0395827529887
NGC,190,175.1210905466136,-7.809895935542645,0.20535218459845125,17.933075747152575,14532.502528284493,3773.63697159525
NGC,191,159.87168412055377,-5.122008430643599,0.12104704068754929,23.655684726423832,18838.9276793551,1378.6569176568944
NGC,192,219.14128840912022,34.7206124300964,0.21356628486501106,18.31175630464147,9891.317429358722,508.7300890420774
NGC,193,202.0174835806531,-1.08323096192631,0.21915666768478248,20.336927554842397,12917.433773408116,0.0
NGC,194,263.43810428707127,16.124343379500086,0.20224760567619454,27.099825849334497,24450.067054924868,1286.1892983452467
NGC,195,156.12711535156237,-3.5122148685893824,0.11872995100129903,20.23136244310357,17873.50479167242,3016.3283262211635
NGC,196,251.81526690251212,3.355745242337087,0.150225716337603,21.141135382759767,15972.014273651826,2945.016931547565
NGC,197,239.42230019729237,8.427461493679772,0.16269695219895813,16.38931638578735,7372.564437556803,16.628365518056118
NGC,198,215.10012543832545,3.8374566147447746,0.20610212319442386,17.408893513699102,12059.594196671816,2297.6837865160624
NGC,199,235.06562867095195,-0.4329227532469785,0.22157055222907263,19.48141000795938,13492.050876692936,2620.929045483686
NGC,200,207.63536526719102,50.14681279188736,0.20043756559460602,18.834441489221067,16649.310553361465,5438.502119035362
NGC,201,163.81248664437504,-2.9469088990093533,0.20683504199713393,13.527940272944981,5005.487931497923,0.0
NGC,202,206.21349416076606,3.2788341617042955,0.22098710355126405,18.479447431219572,9407.872319883365,0.49299227558431225
NGC,203,260.1239821997917,14.042009908122218,0.21277008549218332,23.93871881887889,19639.466696277726,2307.144326296005
NGC,204,165.14238803260113,-4.8253575150984975,0.21853891066153655,22.021912226460085,18049.19025259193,1341.700082085437
NGC,205,138.2431953885103,-5.743565596894015,0.18337071110501074,12.97774477623414,5027.126248570839,83.06322853535731
NGC,206,133.31671264298905,-2.2523277192615905,0.23136963109972486,21.943842345550735,17062.61054412342,2405.6402727351665
NGC,207,130.5479571346859,-5.721944329423712,0.16343526447051857,17.098056637524635,13035.795169989178,2984.9202182643526
NGC,208,271.05765254286564,30.497597551999736,0.19898699930420075,15.468629276619343,8887.7853743821,1556.3399058640525
NGC,209,222.5890149175319,2.0156756617010525,0.20250095960251158,18.296372713161333,11983.885741215652,2043.1749649243588
NGC,210,176.51654540515244,-1.6499329442841857,0.217341829094123,14.02284377032193,5863.252431130283,0.0
NGC,211,124.07114971127683,4.077605481405208,0.1839721360599051,13.784743759191027,6941.489530214182,1597.6617439059034
NGC,212,199.20533732459126,1.9240353327545148,0.19912768568886444,49.11108684102228,143417.92460427852,15227.034066590313
NGC,213,247.5725363200928,2.0086929839351826,0.14845729578139352,25.264815646545216,23211.073590906628,4194.046415691806
NGC,214,132.8647384883652,-5.780444049699512,0.23188582951730885,20.937718437216645,18094.26501442777,4153.9004210554995
NGC,215,219.8851854413117,33.919525366875156,0.15281840281620301,17.690940087738543,12841.946838868553,2749.825266724554
NGC,216,205.67254921311022,1.7578333321278343,0.15890898936948927,13.547594546294844,5229.1353900972845,0.0
NGC,217,139.7287745530684,0.3309255799462377,0.23124253058060135,28.525891323479758,35019.13800536071,8248.197605557254
NGC,218,257.6951358280903,9.47482668236165,0.14060699590785816,10.733507810770456,3010.712762979816,574.8959692031489
NGC,219,254.7930560439022,4.622076638844613,0.19310213171950558,10.664433432892467,3248.3861196010716,494.9389967651735
NGC,220,242.0738734209937,9.399042371761963,0.13531634990654878,29.417811610486027,37270.64045553795,8210.190397649134
NGC,221,142.1998016617001,-6.1807411937603405,0.15520112333318237,17.59716053895088,10883.962462031433,2012.3062075080413
NGC,222,159.2764362718778,-7.459336798440367,0.1839134610346092,17.743462126735313,11655.575494954363,2149.8803938280857
NGC,223,254.29760333527958,6.430813817564229,0.13224667137617468,17.347188301512386,11189.636661444152,2657.07896273954
NGC,224,244.764738277446,10.62090927902265,0.12667629867586883,14.863623478896146,8904.930837100024,2310.223115287726
NGC,225,257.77440798212274,13.752136605341134,0.18289603913239502,20.599423541317577,15305.252502796386,2132.046163280566
NGC,226,148.5212805576256,-6.460437327464723,0.19072440054468068,15.356601132417063,6956.1388357997785,853.1793832367116
NGC,227,257.8907661084305,9.163935564182692,0.23389552975407588,11.736197630407398,4346.248666451206,1205.1440966609616
NGC,228,175.11010764933462,0.14276830266879678,0.1517588245440009,16.948013375443736,9622.125248814991,1331.3638322695003
NGC,229,242.96666035927996,2.7935603815555954,0.14510634020201926,22.556584281392205,17455.379303849353,2657.3060118047965
NGC,230,227.9802292970121,1.0933303180292622,0.20970902748875925,14.146433318434495,5603.145796422798,0.0
NGC,231,146.82974714992315,-4.258725420433921,0.2182865120952459,24.350958778249247,18636.084770857036,746.8801260527173
NGC,232,115.61662850644879,25.837860668770663,0.22573883066392847,28.437290225180963,33022.10374922592,6358.259230285535
NGC,233,231.99301355525554,2.9951757067101608,0.10252617458501724,24.233932667605252,23552.238630323314,3937.787716967472
NGC,234,218.8570387201855,38.14702045697273,0.17510973892341505,17.811541474308225,9451.039676052513,0.016723900417735364
NGC,235,260.32675565105893,15.36199922172934,0.14453662640025036,18.495170629308557,12244.264711399072,2113.7301127818328
NGC,236,211.32518018279853,47.68577041809414,0.20975685165528007,20.059188558846508,21530.133419778056,7205.67384495685
NGC,237,209.641959948155,5.3144732872020475,0.16705893579697811,17.44445559076095,13293.283746009556,3249.439813798576
NGC,238,130.09568435110464,-1.7216410138917264,0.10355363953112859,13.867802148866065,5452.1772837458775,896.238596672537
NGC,239,197.18686009295047,4.328425389628934,0.1264528560008653,21.544388694951568,18291.134624166192,5467.586139317741
NGC,240,112.89006841601841,26.312209611846836,0.21874401318640277,11.364681023005986,4462.761585756068,1609.5295638337109
NGC,241,186.59431313330722,-0.24864506461502808,0.14067311724140932,15.875069637005788,11769.055950886568,3435.3161610174893
NGC,242,178.9649111494759,-3.6628448691890743,0.18557435460863947,12.49362621954824,6130.196425206259,1608.0409422290622
NGC,243,145.41845018942755,-2.507829111649396,0.09933180394078801,15.863094117365861,10989.698206476034,2687.525967876932
NGC,244,166.62491324531285,-1.4564655518388467,0.13087463851318015,15.601676884297698,6242.103092437679,0.0
NGC,245,129.58222711239992,-4.956396599436836,0.20786877045708668,18.367127282035405,11281.085894697506,2087.3287272986913
NGC,246,161.16712610378067,0.8138667979684105,0.18609835852440326,18.25923262488381,11437.986102870971,1523.1509813236073
NGC,247,177.556233483823,-5.339230136385274,0.19135726380940488,15.29266270805291,8151.82017237624,1710.9904916828075
NGC,248,210.0841824118231,2.5521908394556343,0.12456797342318648,15.948453628693294,10387.50328411475,1328.8422967326621
NGC,249,241.10538159857313,10.312341315187245,0.22079855779083865,20.60996918482959,12996.837513810407,112.36423597241051
NGC,250,177.10542460760198,-5.262360686655707,0.20772812025093085,17.75364001962804,12451.109812227382,1758.679442642095
NGC,251,139.5349538490195,-4.604261672833149,0.17634847598893016,16.619987270933517,8754.33601807826,418.6158413706187
NGC,252,164.40141691617217,1.506603197575014,0.19163211759153626,21.25464018396551,16927.718378606845,1764.6477456528175
NGC,253,175.30656341928267,-1.7571154039938828,0.21670786646766202,15.65957225880039,7013.731321713082,0.0
NGC,254,203.61858789477196,-2.0266826246619773,0.1553238848266669,22.593060014959814,17883.976786896805,3111.1841268198577
NGC,255,139.89702398309805,-0.464541534558666,0.19048237005456967,41.790522571860066,83089.71443657484,7697.91184829123
NGC,256,217.58352299782092,2.234672153342628,0.18590222706815748,20.297440277899184,16118.070555605991,1567.7239620937748
NGC,257,272.81056306548567,33.86898170978387,0.19568250437500678,14.19177408618875,8272.24124705983,1747.3360750276377
NGC,258,160.6817621663773,-7.1258915831767125,0.2011351636254492,26.875298047542927,29420.306764201785,3640.043802299295
NGC,259,245.67376359200355,4.907291033924194,0.09376002367289908,24.906995233136527,25313.830818484246,4653.312665925404
NGC,260,143.83912623646017,-2.427910991859987,0.078397494645064,14.795355642112389,8282.24421989836,2099.8005479964468
NGC,261,97.04253477464285,66.17441532713916,0.19853687057990574,24.133498078532245,26461.713014741836,8187.795213206219
NGC,262,260.43284608457844,16.309959101582194,0.20268915715292102,16.413260587433257,8012.579296159041,237.6624709850425
NGC,263,110.17630911733451,35.74407256991884,0.20697438716197902,19.105378623621117,13595.109580656159,3215.6686209024942
NGC,264,140.27087270273285,-0.4569939122036927,0.1473968072957062,24.8582652493837,21849.082785134127,2275.976197374564
NGC,265,223.1662318819301,1.778940939169047,0.17906327716501844,25.482788140830344,28469.21695713064,5761.260762449652
NGC,266,190.53484918460302,-6.469112597756975,0.10556357583143516,10.963400668029015,3552.1974202903707,1125.872374264092
NGC,267,271.2677144242066,30.08200229352368,0.22234061880441033,14.90735795053227,7377.564337094076,1686.216910259746
NGC,268,216.69758223438356,4.522200567124362,0.20308841037361408,16.69428750388584,10667.263035992548,2454.7539275530867
NGC,269,131.6425151002265,1.1422358367003307,0.21454585561429776,24.107186101066038,17266.2872591455,0.0
NGC,270,164.75752613843588,-2.5995648061615153,0.20215810636768164,23.712250629440767,20318.618583897784,8.561541625771783
NGC,271,141.81014842825982,-3.376288389774919,0.16124488894687014,19.48355585912301,12364.42997308264,0.0
NGC,272,254.25709757048406,9.802564626056675,0.22907424310051924,17.716142807823587,9946.244176619048,647.6666553894859
NGC,273,227.48453901399043,2.327414735874006,0.21292452649944904,19.55315757506084,14664.287214233265,1498.2217291879244
NGC,274,128.52214328738367,4.320016977218418,0.15295197944388605,15.739356804275854,8403.395869756223,1429.686990094062
NGC,275,159.60071182085687,0.9193104719743872,0.22548747874732414,20.91152964738766,15516.592042278759,2304.5582868032243
NGC,276,205.11550385318816,-1.3576453832237212,0.1555902431301993,26.96025424447996,28308.188650763914,4194.348620180446
NGC,277,210.65880822127968,-0.4021518419850487,0.20092230218938556,19.27461401929813,12203.390240989009,112.1068672735877
NGC,278,218.61400383901855,36.00405277941959,0.17204665351095708,27.7060103494112,28666.802357720844,1430.5367835376358
NGC,279,220.31619983755846,37.94979042604957,0.15436190449554582,24.11374985039572,18486.419010345435,129.72364932315085
NGC,280,266.10382783862553,29.579298469639504,0.22197143679843898,29.448373075045907,44893.72827566275,8454.203566503988
NGC,281,266.7069392638118,32.374738408906104,0.2050126721884189,21.806242410633757,18421.480431244938,2987.572673662253
NGC,282,130.11531219152658,-0.688781383718149,0.072307344054126,15.360887463154238,9716.618378328445,2442.873894313157
NGC,283,222.9430577216325,35.873012179226755,0.16657333001080457,14.55743630446737,6084.07594704304,27.644251148363562
NGC,284,195.67157795485375,-3.401921276921009,0.21997702947192202,23.18605806826486,16864.746986916423,163.0209980783455
NGC,285,220.70561095312624,44.9226645353732,0.2041861503167712,15.106074726887286,8777.124928631769,1827.8435757655109
NGC,286,140.7492864492562,-5.460658709163116,0.1412126796633596,27.417876943584734,31483.367825664427,5526.127704208776
NGC,287,262.7799912703672,16.35802330274683,0.16839023888834695,24.142711454060358,20444.185602734717,1811.6698487153633
NGC,288,224.22334236451005,2.274702225988193,0.21315849646483911,20.626054236547596,17402.93623532957,3060.161527214951
NGC,289,265.99886245185553,31.963889951364163,0.22637535478930512,15.497573433066668,8408.540548537088,1552.553844345488
NGC,290,147.61830159205462,-5.874248866583753,0.12727700174854661,14.411210422811473,7657.981909546667,1356.6760641349717
NGC,291,209.19254618860185,2.496121853395439,0.15665682182445448,19.288285948577556,12162.927463376504,406.8971333515785
NGC,292,244.25403767116558,5.773076479518302,0.18549968781200388,12.164180876501012,4174.32305705964,0.0
NGC,293,260.0589762000898,16.051492682901856,0.1995344370164701,20.255497553511077,15016.869624169547,1527.325741943627
NGC,294,158.07254375797388,-4.501842596934311,0.17060368116386765,21.966109062519738,15623.596300991887,15.11374289940332
NGC,295,129.1347024623582,1.8462602912583475,0.13153123366205755,34.447621818441576,62673.81961199424,14331.284075352434
NGC,296,246.00721682103529,1.4665949003585037,0.11514673183345427,14.245440803224078,7951.079408224319,1752.5094933556256
NGC,297,249.72263968940007,3.6673875139928533,0.11923996826052218,20.284768928512594,13649.013149507093,2201.8133273129465
NGC,298,136.2806285032866,2.163813596523935,0.1699149704984261,18.248867498498466,10460.943623586558,1306.54076562132
NGC,299,211.57683790016583,-0.5565871891702485,0.15486218868757928,28.291657595840597,34033.4714078573,5038.37258910894
NGC,300,268.3483393909651,35.511805288034715,0.2061667204451604,12.609819598880675,4720.564172532966,934.2240861924423
NGC,301,265.4491444114725,18.59471333591713,0.11653840499552676,13.502192120055671,6655.080673579972,1555.102266762837
NGC,302,163.73569142518636,-2.0469558037810898,0.1827430710060507,11.958120798390365,3851.5658583661907,0.0
NGC,303,172.9536010543821,1.878024567864341,0.2331012651077551,14.720369836992237,6816.146998761172,976.5725495038223
NGC,304,126.89005531651102,2.4103490695920686,0.2316956741355342,21.73559696041749,16645.717546705382,2942.994001845037
NGC,305,213.63882920757342,39.46501109481245,0.19574650559436987,22.102178662261103,22812.124475141976,6704.854700075807
NGC,306,115.364852922531,23.726126912584323,0.23370808938544824,17.31158532334563,14530.15266449587,5459.506325976873
NGC,307,220.3617302305962,-0.13430387015089765,0.12302594410613141,14.517687770559455,6670.126427333291,122.31142231078051
NGC,308,244.88061028616175,1.7883061825550821,0.1765709399829448,22.115588278780788,17925.828323978814,3347.971405882836
NGC,309,164.86313491904994,-6.284553593069211,0.21503090665892316,28.980999664414757,39129.11498766636,7226.139702052062
NGC,310,247.0585442173347,3.7565039783162386,0.21360487400260647,26.59603184728484,24395.94837169884,0.0
NGC,311,125.90603388532975,5.373722545046674,0.14434647231655584,20.092435247152903,16173.756406771978,3477.0497431336466
NGC,312,259.7936803721565,17.56189107060359,0.20162418257971065,24.959610876276166,30639.525596405114,5980.752680253977
NGC,313,130.40556550132428,-2.2132062460488724,0.17555644656569533,19.851248490611646,11924.209801884845,149.58531736456908
NGC,314,264.3354753147368,21.164158493021453,0.10856111477106144,25.648601998862958,34064.10718666137,9362.962852584476
NGC,315,177.73382515187987,-1.0761210025435592,0.14651683827467657,18.244593165137953,11992.142829135937,1506.8102278958888
NGC,316,274.7233446943471,41.0621802597248,0.14746840142822149,14.300530222108254,9670.905017220863,3232.6582445681156
NGC,317,216.3408288766362,2.5372408076381676,0.21534448779588672,12.21593390044193,3909.1048877109984,5.013228014014121
NGC,318,227.51375711265035,-2.359862995310754,0.18290785017995123,13.781384088511166,5292.952689994208,832.3674355586984
NGC,319,162.44857265688657,-4.417801416080629,0.21380845842505103,21.620574011226086,15244.05267702692,0.0
NGC,320,158.66435459293285,-4.280474656975781,0.20748269836274802,15.620364746837588,7741.201120096152,0.0
NGC,321,254.762621773261,7.398559180754214,0.20007073547050835,32.56836938216558,46164.815217679316,6703.535949066869
NGC,322,192.26960110168454,-6.91466459431226,0.14657602641454956,15.70815887722597,9507.002885933987,2011.6652280682415
NGC,323,252.7879340587617,7.371256232615999,0.16962334519527478,47.207628061812,124365.95655264697,22712.55141748723
NGC,324,193.72963747274267,-2.205650657265094,0.2047917927043052,23.416686958989725,19066.969222710202,1705.1172040410715
NGC,325,246.55583395571847,0.6359795114670774,0.202774088496442,10.702145229875091,3520.386007008155,535.1167632450124
NGC,326,195.76060790191184,4.157278054702116,0.1366876300798263,16.0095177316878,9603.473282913674,2399.768340805028
NGC,327,179.87816361718313,-1.6298603307264428,0.12408984323088451,19.498773154403573,17024.076720923,4655.237569234541
NGC,328,144.5902663478376,0.9493707778084078,0.17853644688640213,12.055031697103589,4967.368731887668,1616.2463891551547
NGC,329,273.8931614704583,39.57406959660964,0.15960163367268768,17.636456468947692,12561.34202120049,3359.927388529408
NGC,330,218.6324164096271,37.25258070015808,0.0738729596401345,15.399182817561165,11287.265643766186,3358.599142044305
NGC,331,231.2129300649425,0.1886781059426776,0.15940384061020274,19.294543675671328,11890.846938359186,1962.7407350403016
NGC,332,263.42383792269413,30.873969774455446,0.23243798252628614,10.807280150770737,4429.362333399558,1560.2806553977493
NGC,333,223.79668576434443,-0.9250964200095764,0.13649070873161082,18.357526697039802,11700.842125447442,1188.1707780961606
NGC,334,190.88822666850493,-7.657782619371074,0.1969016037085908,15.29113304208185,10631.685140953718,3197.057975085864
NGC,335,127.92458733317089,3.721504807911175,0.09281996782110115,15.557608577343638,8305.247114673104,1802.1925700722977
NGC,336,164.95092481750757,-8.01486786506659,0.2315517882090624,15.91578322218048,9547.27509793418,2640.451316634937
NGC,337,221.87525742715374,-1.8550610363237472,0.14076001918406011,18.008973277120614,12811.149240182818,2147.539471503816
NGC,338,169.33947365346785,-3.8785540395042615,0.20023057245111325,17.194607482829987,9792.435659362953,1169.2287343099272
NGC,339,274.448183802142,40.93811161255263,0.22234574335821308,16.269797085313826,9234.95919499427,1573.1464950589032
NGC,340,261.506963575398,17.301201832171856,0.21250254395061666,17.848554451315227,9985.78705447455,38.94195645408006
NGC,341,199.51602648995632,1.117652080565841,0.20128019401908667,53.7162823001903,177035.39389957784,20292.107731527707
NGC,342,242.1155254825702,8.901869869195222,0.1478558884578302,12.487768692308057,3668.0548194621156,0.0
NGC,343,157.10524091601346,-1.6239194708822937,0.2300488168840715,18.788152848256214,13595.898866267262,2109.5574814701145
NGC,344,265.9558989285383,23.304490881013162,0.17335784124423634,23.92242312827113,21515.647562584665,2565.958163290053
NGC,345,135.06603493069468,-5.165560492955495,0.17926429129432475,25.109802924496563,21698.351460570364,2565.493614985414
NGC,346,173.2997524141965,-2.0579639662013514,0.16090448313367436,42.13040685344462,85598.63421072684,17239.14860592501
NGC,347,124.61058537814986,2.8172576135380623,0.23004385190564777,16.68466492251186,11354.934942620308,2613.9206949478207
NGC,348,170.42171125112642,-4.902933090179294,0.18393811111626474,17.156061956855236,13087.445454870183,2550.3520034772487
NGC,349,138.91744766356817,2.581700106092173,0.17078996259563323,14.711392533092976,9021.14280834023,2312.1783802653913
NGC,350,173.95536412143488,-4.215170330840988,0.20476395031462113,17.640476372351955,9375.424187231958,0.0
NGC,351,217.5420255334319,-3.5107314247799475,0.22090766128568162,13.776833326237309,7294.927908620651,1690.058961856133
NGC,352,231.25467604044388,2.6048618858934245,0.0680871449354005,20.72316059296871,22171.78547868808,7118.5479641648535
NGC,353,174.73513418181295,1.708410862469629,0.19042937801446447,11.969895091953006,4807.868032556827,799.0256178120226
NGC,354,271.7429321973519,36.65469418332464,0.13264128658119603,24.656444373025764,28948.891187048146,9609.786373988869
NGC,355,247.86496090670215,4.358552574809376,0.10570970021993059,27.459410288147247,33819.402027279066,5766.932910732718
NGC,356,195.52412942447395,-1.3499770433740004,0.21723141493816905,33.938259635235326,43524.23905080089,4013.741890741077
NGC,357,237.07511565757144,5.237565419087362,0.21306663972608889,25.296496308533953,19780.85931336475,34.668918598812915
NGC,358,225.8993748900394,34.32572821102078,0.09478938762019734,14.000864969113167,7697.606020738608,1932.1399919877476
NGC,359,225.4916377835147,2.9393082537829063,0.22421885245405612,12.848027893262818,5108.001852361688,792.3287474886897
NGC,360,196.23185118106412,-4.908326583290482,0.1904171007972964,16.913561629090538,9675.671716738998,575.597264238892
NGC,361,176.67139665430122,-3.3312196216231773,0.182295589264001,25.478979128892473,23413.571165562556,1791.9160728340178
NGC,362,223.15405352614192,-2.032074914025449,0.23088113469838809,16.296272193583885,8804.29518498183,1785.2008699120718
NGC,363,176.51442693306825,-4.494534650332012,0.18718511229731977,30.827430160563182,43401.6716299108,5705.486873063985
NGC,364,166.0643903763689,2.0909005083699785,0.14754125586278996,14.70605392953975,8347.313660506845,1556.3836637688667
NGC,365,219.18754904403346,42.743008557742066,0.14930762144594995,16.193178699125106,7859.771540594884,1165.1198408783646
NGC,366,155.8008937132282,-1.6851867070323756,0.20122721962823822,16.03709323069405,10633.39373417269,2153.1014049404102
NGC,367,124.50035061454214,7.531211402076039,0.2312358842678929,22.932331685372716,22452.34555167292,6298.901691148455
NGC,368,208.5093358934978,-2.802623254898581,0.235042656778771,13.030339476926745,7709.190737515975,2690.14248198588
NGC,369,268.0949375732474,27.956024179260698,0.19100689228403323,37.640183820925934,64141.305406058964,11961.818993331839
NGC,370,163.4540356843403,-8.14516032317151,0.2284643504721772,23.378061815515764,25142.173286150657,6689.008590466276
NGC,371,271.69472606464785,35.9854473509149,0.09148456277309264,16.142804455120274,12804.891825961491,4754.123223620038
NGC,372,238.99162927352063,0.9257540039401507,0.23173290573662192,19.5388280893882,15261.585677432427,4362.636079805576
NGC,373,242.6370427226109,1.8846871178276072,0.23255411202187323,16.634322144093808,9392.32172861353,2391.5332432245254
NGC,374,262.63383258615613,21.57345370196745,0.1671821865420918,22.227779715835005,20047.695057588946,3061.9058343503993
NGC,375,220.96802151508598,41.20478365067651,0.23492112615047397,12.348990572575186,4498.086151494815,768.5850018586594
NGC,376,153.40863432006574,-5.848157705734056,0.2313069995389402,21.610971380667092,19798.558681415663,4887.751582449859
NGC,377,221.47761513254676,0.8860770311754956,0.18817815438974653,14.747428319401786,5866.80529889184,0.0
NGC,378,168.11186020740018,-0.7248563305461051,0.164007012392839,12.480073613750168,4294.881783842932,0.0
NGC,379,214.93164980429052,34.38878453461058,0.21280191783193655,16.86331581183409,11190.429377692668,2588.663766736443
NGC,380,233.27971499922995,35.62441944970474,0.17409983160365633,17.18061778938235,11466.154526342081,3092.880978002403
NGC,381,168.3855959348438,-0.3600893787198992,0.13490934529337936,23.159659687975825,19874.612501228963,1974.9532222414587
NGC,382,151.6466397636027,-4.486316378503212,0.21064351987506705,13.30920833973201,5719.517569978368,697.193927076197
NGC,383,208.22800984957829,3.1952570969901606,0.18028647342888723,20.900910112284787,15041.105982015526,66.909051051005
NGC,384,220.08096141789855,-2.117304060501323,0.1273089372503229,15.57886243891853,8475.084745641447,1538.9603229308534
NGC,385,247.2492352830193,5.387946810398561,0.1358381377993379,53.04941707728265,184287.80078593222,39194.54536948439
NGC,386,265.1676684705229,29.471848903303048,0.18555491117983103,19.204044646858446,15050.032668125536,3324.872540612859
NGC,387,239.9047592099572,7.97203189411348,0.11453887524581542,31.18884594911687,41880.427672470214,9307.554498804304
NGC,388,124.81157383747545,5.642420857848062,0.21438269852142555,38.61009911857611,93288.31462365932,22593.756388199577
NGC,389,240.8057489552782,12.941440649261896,0.2285062527713088,15.085013562738855,8901.993018743025,2443.2986501451633
NGC,390,243.2202552615427,12.539030912188235,0.2226768268582948,16.27872472740763,10621.403699667126,2652.823521224439
NGC,391,124.66515149172845,6.171161475049636,0.17693497316942436,25.0888341695048,29282.74439319707,7696.582520384772
NGC,392,212.87254359718838,1.8246922213172676,0.10711937447826389,20.448293751983098,19179.669480761095,3493.886128793554
NGC,393,224.5648406704348,39.86794741246793,0.21068219320243708,14.263018555920626,7870.952470527545,1771.770354945613
NGC,394,164.67632345617127,-6.892171942616099,0.17739526303075645,22.79385223104241,22586.99792253219,6479.740843400683
NGC,395,130.9592128118547,-2.4589325060847735,0.16128031253187386,33.59837913321566,56998.97323626894,7856.03158831281
NGC,396,254.97925651072353,7.6586684236192815,0.1257205162619104,12.93942708771588,5893.253755447876,1443.1597976533503
NGC,397,229.16985238438536,0.9985963520804214,0.1674308280194769,16.01876670800635,8389.029747391769,890.9173074520755
NGC,398,247.94743889569105,0.6502832835830318,0.18162302986083262,10.54944278744751,4088.125663122205,1110.711458127755
NGC,399,176.267513881434,-4.7390700921018905,0.11030416823517011,17.315834782545398,11518.7600919723,2533.3726328264484
NGC,400,115.22560310970837,27.478641224346426,0.12100206242226393,15.182841878385181,10204.950230532402,3524.3328166197043
NGC,401,218.67847286202513,43.06444910173,0.17014532204644708,25.005284022316577,25431.95836257023,4685.63119990496
NGC,402,260.3004969500379,20.73326250271488,0.15208820731871442,14.973664504002597,9567.185030179273,2950.9497522576453
NGC,403,135.6437057593213,-2.7401065979064563,0.22293044952689017,16.036173884776325,7339.303921429714,0.0
NGC,404,254.29543728300482,9.515107603891494,0.04686466956468334,11.41366111531133,6417.676327429752,2664.8223926505475
NGC,405,218.06751702247524,40.35453066643075,0.1331084821493755,13.681367952483736,5649.374703307184,201.38669338157507
NGC,406,258.30629270162194,9.075709467827771,0.21234474447405874,18.977161408651835,14707.563797798668,3418.5538245225216
NGC,407,219.84748105340165,-3.5136812167478553,0.18617097728970514,15.729814818290308,7784.197810073799,1666.3742858752769
NGC,408,222.85096533945907,40.86374624709959,0.21879597089907085,14.813008077697491,5426.35246679493,170.35736138621135
NGC,409,161.79408148036444,-8.216418287976522,0.2140814457994553,16.268034624067763,7553.127592620138,1255.4395913483536
NGC,410,127.66156290172617,5.035452489603252,0.1597331188352958,11.247854115381534,3543.530570594131,485.7456534360289
NGC,411,101.4498723748989,67.2778708574035,0.1518684589670189,27.286942824266117,42365.06327778407,17082.907272108332
NGC,412,235.54002821036372,34.15690429312311,0.20442973937376333,22.777257032009985,22315.90539621584,4226.272448779825
NGC,413,247.01183834636367,0.6797858049938308,0.18709427740608495,15.862316566505045,10427.48812057287,2573.3687520725443
NGC,414,209.5057005416096,6.714244909234868,0.20501040779248786,15.252516510930445,8282.179429565143,1796.7498058626163
NGC,415,207.205114433887,6.497677039087708,0.19282129572403417,29.790855329979873,41754.37271943069,9610.777316148571
NGC,416,138.1014144383349,-3.567274900661439,0.1875115132212938,10.094016135497927,2787.5285469053542,0.0
NGC,417,258.6057708187558,11.242649256797932,0.13614194591859735,21.286669576493907,19181.906041325856,4681.939389147502
NGC,418,133.1213554956009,-1.804437458817072,0.21501137893870886,27.938799218038586,29195.125827200434,0.0
NGC,419,236.01850318675008,0.10166619640773861,0.23284285015164954,14.389836045668504,6020.003950633193,1142.5164021164142
NGC,420,241.19645352492245,31.32014851780774,0.14928947087848335,13.792813464846814,8985.20207009535,3812.223737664789
NGC,421,206.23837232188717,51.03990743092474,0.2302046940624434,17.038909009139836,10891.106450933748,2560.9601692536644
NGC,422,233.4045105004179,6.48504243557391,0.21999056944512355,15.620647736616752,9105.612471963552,1408.1643210944549
NGC,423,164.22333264849107,-5.449711102265272,0.20115981040631925,13.81914326455246,4832.737964198567,0.0
NGC,424,219.57497046958898,-2.4593283564248987,0.22274105678407202,19.46839105041315,10758.65852503364,394.3138191606067
NGC,425,110.40926257735056,33.48679963128531,0.22917796891159595,12.822047856158358,5387.12088973264,1270.643915723677
NGC,426,95.63420041397592,66.61902289768133,0.23233867375778364,14.573639734214662,9103.854640713904,2661.445899904191
NGC,427,129.24059646310397,-4.7602852241572915,0.22445914804145786,20.952041081435407,15835.24188990097,3277.6710218410462
NGC,428,204.8496172892158,4.776231875801506,0.12662931162214605,13.438843901552978,8153.362027725359,1785.9065479000833
NGC,429,263.27325244144055,16.429286539362238,0.23049349869799443,14.350561909624515,5804.366266462465,77.42162291879896
NGC,430,185.00644711760214,0.04918188974777975,0.12886298701411758,14.510398597933694,8775.550678672023,2828.5705913326988
NGC,431,268.6711782309025,31.028898535621607,0.2061511858901411,15.167447005149697,7090.934662189615,0.0
NGC,432,177.5908481122444,-1.470543937270202,0.19910375019299825,50.47535370180574,169244.89340549818,32123.229234146525
NGC,433,213.01082589443635,0.9303102380957895,0.08964889852932666,21.497011074390638,21203.495491799797,5471.455941012153
NGC,434,255.11096389252415,12.051134908114454,0.14179731087376216,23.90713045238708,24033.052303117736,6072.430886143905
NGC,435,273.54733289114586,39.38346862577488,0.15232000301342938,23.822752880350382,30385.205187855674,8891.255429195737
NGC,436,231.29080562043492,7.233464304216595,0.1546281063378568,10.06296202696458,3609.837268312184,1223.3555074746687
NGC,437,215.8013824837228,3.362123558906185,0.22145996044485106,24.67661769461784,24366.126986005907,3069.3508685562438
NGC,438,217.50346058308463,1.2289614098098758,0.22699303199920695,18.531336255568476,9718.477857348198,119.54562322898369
NGC,439,124.42892703358365,2.3024918819254174,0.21915009034421376,15.409396741308807,8237.766139339961,1906.7172554930055
NGC,440,260.2926063993922,20.01491684773621,0.14351682252800724,10.111489409834638,3030.843437555349,683.1918779169577
NGC,441,111.95280823119906,35.646570566894404,0.2247804249101374,12.768116745684736,5476.184788261816,1497.8825581964186
NGC,442,237.60344195713628,1.4007245645216515,0.1542625859140108,19.431823131886528,11728.074454330397,1359.8804179512072
NGC,443,187.90074994515072,-3.334876569630054,0.22263842967208722,55.87914137121144,232582.4784142031,73434.72742595262
NGC,444,131.49150143177275,-3.573084807247998,0.2326505454396323,14.033573748933318,6516.445812694556,978.7127419171336
NGC,445,135.68951383885965,-1.0964629805884432,0.07925181241955395,28.908363478841853,45177.716430031505,11463.580075954556
NGC,446,211.3580476262904,3.21427083768385,0.23421540674772126,11.484967962461903,3872.9960814441347,891.3271894847958
NGC,447,173.41983722247824,-2.0592821692569916,0.21201966059396984,30.1994151152396,36420.74923850223,0.0
NGC,448,158.61763248757265,-0.8720391649945721,0.20510114332130747,38.46074339645279,72306.08837107335,7993.919328760827
NGC,449,264.45327718376416,15.486762415678802,0.2181998575401584,22.790915911529865,21346.44695654908,4150.71300967216
NGC,450,256.33445389094834,13.307871343265367,0.17366341978445596,16.006349425127915,9732.677405933948,1457.8762438080596
NGC,451,130.73105839087552,-0.2794712659518926,0.04558745112933891,10.88519467793002,6077.136202095172,2489.1259401852662
NGC,452,221.8491417350871,41.12479322617838,0.20924831570821645,24.933667176084157,24315.704644967558,2792.453631364513
NGC,453,264.8238903245935,19.10656130838579,0.16547683254068563,18.668182250370744,12332.715435283439,1407.9816975024987
NGC,454,247.21406768947008,7.472252781509308,0.08502762350255898,17.038428039266222,9699.51312333195,1858.1570092179322
NGC,455,274.5585640269459,39.95647377610217,0.221991723926709,20.403417835594176,16877.964873369445,3463.2022935603254
NGC,456,225.7883803687225,2.747010559845492,0.23290525698281142,14.985883217507693,7813.878653123088,2123.2940912285453
NGC,457,264.5851484923078,19.249939668183437,0.18993114871950773,22.420594106441623,17824.51404037835,1627.86584881236
NGC,458,248.6183214577872,8.330303526764814,0.23058732225317807,25.721719699207963,29514.00559306278,6923.39270277064
NGC,459,240.85494111712546,31.717408578780965,0.180125496077444,18.95035280391633,19543.901401588028,7758.069521790734
NGC,460,164.53221932607963,-0.9459283930047723,0.06201783689954562,16.312294360344314,11247.475754580406,2887.517769255612
NGC,461,145.55970077524094,1.2002490177185718,0.19807617988835685,11.019296998017541,5222.513687587045,1955.838472807999
NGC,462,262.10385367584155,15.622486115621925,0.23430600942534752,16.325394401998945,11044.68010683181,2031.9668152078104
NGC,463,217.4425658305022,37.84658553053556,0.060067805247704935,10.928669119530076,4904.065802696242,1811.7075985614722
NGC,464,224.1340891515546,35.88912994143595,0.19752244753513487,14.912047444485475,6466.997624324955,2.1255663790319
NGC,465,97.02567662107428,63.329539380464375,0.2213217223648767,21.938810015815367,28130.539134155715,11351.56586025688
NGC,466,113.35168188745914,27.301832499907967,0.23359723735724536,14.022957082464734,8031.801977096485,1897.32899556422
NGC,467,221.83447143595197,0.32022627548933535,0.22510846088831965,43.591213882858526,108491.36852490678,22267.618509828073
NGC,468,164.63366344397977,0.5103859651496258,0.22051153826474673,13.548874279177683,4711.939674731217,0.0
NGC,469,173.1594284442664,-3.512085271566001,0.16976882789530584,13.80200501769501,5244.188197778289,0.0
NGC,470,152.83977654345492,-5.101398064509209,0.13670578649164475,27.846511421330323,36376.161466667574,8199.847373338338
NGC,471,172.6354793924187,-5.469963535247421,0.18063592044659466,27.523854391973465,32862.32444638999,4952.599755417042
NGC,472,265.36738257091883,22.20438854398059,0.23244265293052294,13.499042692631864,6885.7652437968545,954.3009071003316
NGC,473,174.44225093953048,-7.477167872922544,0.19404344617740782,14.51437543564136,7415.8715157439465,1180.1331259686817
NGC,474,196.56220282965114,0.6096448658383932,0.11575366027894857,20.79129656199448,16050.559534255517,2440.0020957256834
NGC,475,205.53278662833256,4.774141788232917,0.2315150755882704,21.241476479262325,15744.738212218163,2713.974261561757
NGC,476,173.98153072881092,-4.771162361461333,0.21210029947044148,43.372029213276896,110439.12651644243,13238.105551801786
NGC,477,237.7489818409215,10.30830086108816,0.2324037538202098,14.536754523204143,8581.207615155165,2110.159784712634
NGC,478,126.70959465680441,4.913158167518733,0.1923762291115598,28.914797115875253,37682.2446185617,6745.6008829165885
NGC,479,160.38235371801514,0.9795690823587409,0.15347521886141754,17.714742048082126,10792.592363864977,1309.8874786317233
NGC,480,195.35411546556307,-3.060716532274234,0.19435312219918888,15.272229555347938,7426.810898058231,0.0
NGC,481,141.94326437246715,0.19125555261119206,0.17897049789883215,11.619315013280323,3322.594284502309,371.22512805318905
NGC,482,215.81041036280837,36.94081137364594,0.196326024821342,18.161134152666715,10306.092277069003,961.1774177080738
NGC,483,235.2212041526983,5.434426484684692,0.22797965679615134,30.308591895029537,40811.67024345448,6571.788317227256
NGC,484,222.84459635742033,1.6076722317138283,0.10128972287199885,14.56883493403656,10045.666045051425,1829.4921077903118
NGC,485,156.0711572587615,-2.1799796550842734,0.2132491580944948,17.04705968255742,10635.462132134178,1671.8997305001003
NGC,486,250.41280773135594,0.7210153886330678,0.22816987738501937,16.6966850196586,11747.333120034518,2437.155821034663
NGC,487,261.79206853280874,19.648402060385518,0.19981970981996827,22.042718659744246,15886.356544303131,865.5113690738349
NGC,488,174.5816598512772,1.7850865051636222,0.2266221787014027,19.738439874152498,15095.11898134257,2926.2695147392546
NGC,489,289.64048468619825,63.822003250277405,0.22762245549688936,12.537756342028498,5121.47076195612,1221.1769783371944
NGC,490,124.06487982685498,5.775841051000134,0.13340744477585537,12.389203753671122,4640.863703602073,1105.811102883768
NGC,491,243.20893904142866,4.671914412215277,0.19824085949774825,18.41620896642978,10461.560503001641,0.0
NGC,492,192.1997233476599,-4.744574710060678,0.11074889056461937,23.342049436220087,26683.178072096038,7937.770478173898
NGC,493,206.40190576661834,2.5874255884651456,0.13168269973596772,14.821553787333404,5605.19282248568,14.221046539399461
NGC,494,207.5641538582104,1.5412382690302797,0.14748748920889238,10.398028662113438,2754.3125043774185,0.0
NGC,495,212.3464599717279,40.2692941003655,0.21552636110777518,16.94661187105873,12608.768441443113,4161.498266683899
NGC,496,256.70175665825786,11.467546432939086,0.12457441177440264,16.16068218817526,8557.097902345498,485.2358269081729
NGC,497,215.62544802298336,33.14320356369012,0.2264365097706853,22.71793868076675,25511.20520006075,8361.879578852664
NGC,498,176.0552757130331,-1.8205184641384162,0.229484732157256,28.035154824121587,33576.31963161714,4962.445680724205
NGC,499,230.23720623351844,3.6766376857851717,0.2336508945653082,15.688701539497403,8180.111826461482,1322.6353983959139
NGC,500,254.72065443529993,9.65858084637789,0.12013187843031498,21.034080839441074,18694.164054504625,3694.374100931637
NGC,501,216.52712065754753,45.48115949906694,0.2164614828048661,15.435988218295353,10323.314412713258,2233.7594877208476
NGC,502,168.23175527959089,-1.8858115475720851,0.09594867905919882,16.707975245539302,8528.396854780742,1048.9036139816171
NGC,503,248.36340287483625,9.423007674539477,0.21921259611116278,15.934441049457785,8255.943282395709,1183.0168979107598
NGC,504,205.7942816490913,1.6094654198939298,0.1752951198314076,16.29445262326705,7036.226766976387,9.111656954201457
NGC,505,130.475715891056,-0.5721029568027185,0.05627332221011048,10.391340461700512,3642.710302484373,870.2562387779503
NGC,506,237.02459830687388,4.309735803164487,0.05715060556619899,19.995493090746134,21554.35872076531,7459.156342245118
NGC,507,261.13749593796524,13.124054274930966,0.22613811759826846,39.698696254151386,100751.11121603429,23639.474261963245
NGC,508,260.58009020599764,20.229580328966993,0.1855183947817183,18.407910945624547,12115.112193023606,1968.9262667298626
NGC,509,108.70235013868688,38.80776382343321,0.17955691242262256,14.440570664036528,7843.185098533513,2193.303305788015
NGC,510,270.9211059069004,34.34773947472358,0.19973686298577725,28.980101848963784,33136.9181572666,5115.109839536003
NGC,511,124.16812226470925,5.143157485626162,0.11429578107150529,11.370743515609641,4967.215502484974,1191.7869226323965
NGC,512,217.4718304654616,43.84912878109572,0.22127595897434776,10.984415635804025,4011.02712418631,947.0647677516315
NGC,513,256.69132932215416,9.746894230495387,0.23033509570598418,15.719158133677976,8274.768244217063,779.2475626242539
NGC,514,228.749710222055,1.5534255613331807,0.14414089081107062,13.22277367009391,5279.338494117111,0.0
NGC,515,202.39350358346078,-3.1445761247770743,0.17063006004230358,24.20281783648774,23895.270232277762,5104.998584579391
NGC,516,198.14611397223007,-1.5121922870673175,0.05903425806040766,24.858494924232684,40361.885387715054,15798.955435765609
NGC,517,249.9878084823473,3.971185322217146,0.23231695276292488,19.31008020460288,14738.436584626794,2564.2821415801945
NGC,518,128.22830118563678,-1.8939875076555068,0.2093145062379355,16.152166787731,8596.505429660447,1118.7141364754182
NGC,519,215.17432030471477,38.54344669388026,0.12649680932163201,16.36632857922837,10960.008255297418,3090.376315659285
NGC,520,205.38348103319657,-1.7185301115471234,0.22551990608440833,19.33196282920518,11963.760160769794,1223.0037702500701
NGC,521,242.95714725854836,11.759988105117975,0.20545401019995735,18.03648459323572,12013.583973088238,1628.5270799795899
NGC,522,194.64957402690771,-2.281297503862594,0.23439210244372186,12.494382443530366,5262.972191714499,1029.2800267469627
NGC,523,247.83545723272704,7.945517276697492,0.16276503241979795,21.7164814933986,15507.281864888693,1650.573988657961
NGC,524,233.92420801104424,35.482675489729736,0.12915315192938268,12.054555152325383,5024.685610951351,1539.9580302067016
NGC,525,170.44793798718482,-0.3023124210355713,0.23332745361945534,19.644519674765498,16494.001276547355,3446.7100742803837
NGC,526,270.3180835010309,36.66612524640586,0.16772549930425756,13.139297712859257,5724.240318403737,736.4799707357897
NGC,527,215.90177038746407,4.598191114095655,0.19803390374120028,25.753439855942148,39886.575360896604,11090.869128921488
NGC,528,212.4321578272258,0.46179481635667696,0.19703793987803792,11.015878806838227,2936.925145899641,0.0
NGC,529,216.2689636845329,40.21866310283715,0.19981536020012938,15.936094256966461,8232.22077274123,1113.4396884878752
NGC,530,126.00176001801411,2.910102636939601,0.22069407220770443,18.139431914501632,10173.395574621949,103.52607920372957
NGC,531,216.24983435562055,-1.2995480358694362,0.11162219717745746,25.00566143948092,24448.09855765403,5261.9596019229975
NGC,532,128.24943426158347,3.052314177175147,0.2099604155812358,14.509209544640926,5484.71139825294,0.0
NGC,533,234.42175524419798,33.18807121582325,0.2101729964783602,11.148625424262415,2840.463036343654,0.0
NGC,534,159.44885021225042,-5.254712583643197,0.1982344278213038,15.630179856573056,7028.937227622955,0.0
NGC,535,215.64657359805412,2.492651352222855,0.14511534306904228,26.24049335867224,28813.912841321606,5286.156148912105
NGC,536,235.82768419558303,0.8869076460501634,0.2195096399725111,29.344761636607164,32806.71838126766,2864.3089693774764
NGC,537,121.78220800078533,9.690989503329552,0.21783538885630538,24.080093478899357,29380.21095998089,9423.03396930956
NGC,538,270.8408604841866,38.0045299746866,0.2319795691205437,16.874894966460882,13189.66491265894,4172.829102592838
NGC,539,256.4114631849382,8.27731121818051,0.14793052634251583,12.54917318517044,4551.0650664346595,832.0555952393945
NGC,540,109.50232597451948,38.82847840788249,0.18840788376336765,13.10412899971803,7377.962971964567,2491.241003886842
NGC,541,161.14924531211608,-2.2422714823019634,0.15568074884314237,19.81312819664323,11616.724236100561,0.0
NGC,542,237.58086698499642,9.963857867124887,0.16216817697818847,12.371076355609926,5786.698998771241,1330.0410566433782
NGC,543,215.21678794220261,3.5745256434156403,0.2121821689697081,10.879035732116847,3321.1146157693192,96.19305505892869
NGC,544,124.10604907117518,2.690997628933261,0.19346089391478236,11.431924277861858,4767.486049517847,1180.4073584137363
NGC,545,157.9157147290379,-0.6031551071440642,0.1447563726670586,14.310383305779732,7579.751189318607,1116.3990981695342
NGC,546,164.39931060962394,-6.5789045119656775,0.1457827313356424,11.287387486742297,4538.56586025813,1074.6932071527879
NGC,547,247.70416869241933,0.0018524244684566772,0.19917209454365492,11.970613107723034,5482.493880006915,1605.0124559760366
NGC,548,195.82513932803818,-7.537458540530684,0.2336134504001783,15.791133264430863,10470.602714995948,2690.6102364439444
NGC,549,211.3746085459284,-1.0379462974419733,0.12358436005239612,22.06495419473106,17646.796117926533,3148.62018502566
NGC,550,140.08190891649585,-4.055548233433645,0.2056243289822266,12.39021441362409,4380.841012446109,0.0
NGC,551,171.0817326331698,-5.6370087255226276,0.19650518095451944,26.87504877003687,38132.80445687952,8362.10519645279
NGC,552,267.01975902630767,33.99290630530772,0.18747130243794555,19.811524711612492,18361.53739758394,4902.751311145679
NGC,553,207.72003120110392,50.129195816835285,0.1222383392529473,11.140555585944623,5058.945051021754,1849.0448744326163
NGC,554,259.85427725280965,16.917662681450185,0.22358917483727445,19.185168624946716,12975.825270447538,2216.156824950597
NGC,555,236.23096328399248,8.695363520010373,0.2180106719635501,13.186264874882495,5920.958296924641,1270.8690152592235
NGC,556,207.17040571732755,5.582997315480271,0.17101301773266994,30.70536953361332,45802.73343347872,10737.927465952982
NGC,557,230.14418099870062,5.37748494915487,0.14646296862416555,16.500534935096702,10763.66293880956,2583.914824425992
NGC,558,123.80615117659089,8.588063960232148,0.19314974864268805,13.79218942508196,7872.603362277371,2531.3523475228794
NGC,559,270.3926796650534,37.45274756093104,0.1987860475435305,14.690867540876374,8002.308136115061,1928.6517646846767
NGC,560,294.5478839240204,65.71117291709265,0.20615331675586093,11.511336684318861,5569.520236042972,1932.4696768813433
NGC,561,219.96287406236945,-3.0143385661213524,0.146014629402473,16.821138446160067,10481.27894301357,2072.1892702519826
NGC,562,163.30215976876352,-6.485503364853197,0.2319789670711373,13.391521335326736,5023.654569912361,304.5277712617909
NGC,563,163.58499599643915,-4.694718387669907,0.23198081960261405,10.24165246047324,2715.5133595293223,0.0
NGC,564,210.96460737594626,48.06359162436401,0.22521599622107988,15.871477137831572,9309.214031369744,2195.7491170569974
NGC,565,133.5246628051944,-1.4126302505340365,0.1478720557204156,55.58499876771044,209075.85743480962,37869.395300594006
NGC,566,243.13412049380577,2.794003267459726,0.2137167885558142,27.21599482654648,28201.998928841953,3255.259922698579
NGC,567,158.05807542681472,0.06024122264334821,0.1265618845259666,18.67629811747917,13982.68183113578,2729.341287299397
NGC,568,217.4821890981281,-2.999533192718253,0.22896473465657913,12.505037436315693,4652.085093239994,703.7126310441396
NGC,569,127.99020889103406,5.143375196129859,0.20834219383410232,16.14136753473792,8599.896866853225,1005.4976191299181
NGC,570,241.74711835271796,5.451105061483389,0.22073264193087386,26.264122086526665,20578.641657695436,0.0
NGC,571,227.2398239509489,-4.558928101463425,0.1850804950710632,16.897188720072958,12781.935416077029,4535.1074266518435
NGC,572,273.7746185611413,39.67517762109609,0.20845027883635744,35.64658824976841,77811.29625464107,23460.462964920243
NGC,573,165.4535098049194,-0.2863346297353975,0.12550894513810226,10.937178025416646,3193.0628050339083,0.0
NGC,574,218.03935740583864,44.9802363274791,0.201720015639921,13.843623984696595,6200.39107588251,600.7164670548924
NGC,575,268.586691424979,24.387430270763854,0.19672148823809824,10.991289905079505,3568.4005715470403,757.4857593905538
NGC,576,253.69355358780433,5.666012040181932,0.11882600471657323,12.002151408417575,4099.310890906235,437.83037773403305
NGC,577,258.19043779476675,14.579292291358575,0.23270915562791208,16.16662198493706,9638.775154600755,2664.4122187328467
NGC,578,151.15738861260232,-7.246408711085785,0.22869100483284854,15.963055224028649,9658.617593549965,2684.8696202644314
NGC,579,138.48642536393777,0.39367584957893237,0.2147096172210392,14.147674587280928,5663.960571727965,0.0
NGC,580,249.88123759891937,0.8845451516513462,0.20497588307779008,13.14092361601663,5550.667057073698,851.7871952815025
NGC,581,174.88966240360438,0.34204270716276425,0.14725695769174957,27.44771924733148,37008.70643336888,6833.203904320046
NGC,582,143.37662764111616,-4.182633586408084,0.23302706397183354,19.92833032334986,17650.234756438138,3413.1231800845235
NGC,583,232.43474730472866,34.255376721418855,0.16595013833723934,30.940581057312848,50304.36527965216,12780.139778721306
NGC,584,232.321552041021,34.634345620624046,0.21480515521083912,40.35538350365351,89256.41481820811,20646.71858517977
NGC,585,170.58779317220933,1.851182966282647,0.11124210552754285,13.337862283369567,7078.749656964454,1604.4939991677418
NGC,586,258.2339843289144,9.029244030373059,0.1873474363307365,14.412665619288756,8427.823478616536,1904.0586134287555
NGC,587,213.83665472149804,2.377058630821674,0.1947189002972371,17.581460391553303,9548.720779074325,1198.3619100929538
NGC,588,202.53802729300617,-3.769427649543941,0.23589881138791252,11.715805473528391,5267.06718071497,1328.4041770437327
NGC,589,266.6003854818538,21.377189682790252,0.21652765996459636,23.177255217632815,19842.917320320765,3195.9973574255605
NGC,590,160.6972589111487,-7.056197215093481,0.1075239119818142,19.35241551512711,16578.895258103268,4007.9379841778045
NGC,591,237.0630046547231,9.21215293646734,0.18011101751927544,14.826706599624526,7687.8303461683845,1807.4966700132088
NGC,592,97.08357172203633,65.21544881902275,0.15281979555985062,11.550791225624506,4522.214437755433,1409.789249433894
NGC,593,174.9332211030414,-6.020565988962794,0.15161489376285275,13.330768402836185,5904.840426652918,442.38601727152786
NGC,594,195.81637061995886,-7.90529928311184,0.1888198578841263,14.32962115484984,8176.0019818146475,2587.574234734399
NGC,595,203.78730425179626,-3.3417170956807265,0.2307097871857889,14.070761194689622,6803.326845713384,1737.271143126223
NGC,596,132.2186894069766,-5.1188412440148605,0.17017468384434034,17.231195353897938,10144.51539719711,554.9615236349758
NGC,597,242.99817927275504,10.165115374088009,0.16313316606105133,30.721381507418947,41012.557259791116,8902.525236081812
NGC,598,206.3334848876905,50.29725253730076,0.22006191904220085,27.338718050362235,36646.925637211076,12181.801805788611
NGC,599,227.18743571498126,-2.7791595282455885,0.14179426605200962,15.573873995149869,8395.897339831816,1853.3270990294438
NGC,600,146.84632696476552,-6.084006825913782,0.14126512463030494,14.662289916798178,7466.2265619734035,1307.0998939795159
NGC,601,252.53239323774403,9.836287178001658,0.23364918990640887,13.399897300581326,6608.274565182027,2274.386008806915
NGC,602,186.67708939638666,-1.6690473724670887,0.16724687291124124,13.722714777424889,6114.005776765515,1147.0023108705905
NGC,603,217.73648193185812,0.9517482976535936,0.1966757281593811,17.112332574351406,8930.312553364229,297.5439549595071
NGC,604,195.70820581316943,-6.038646251405023,0.19382639953822473,22.878652493237517,20754.40827802203,2945.6702821450876
NGC,605,121.74930637403973,9.80829818481673,0.1897449587581093,19.910958152076077,19472.41373627082,7145.096644386849
NGC,606,195.66343006162722,4.263243124782191,0.17601189545793955,14.50199847038383,7075.950576703221,917.3605140094003
NGC,607,228.35001424781774,-2.6864267364369403,0.23452122910725862,12.547709675426713,7009.760804609815,2428.5073914574095
NGC,608,128.7252730196338,-3.9719698641496226,0.17981022607584957,15.722977506994393,9055.285732143928,1836.588983690169
NGC,609,186.9632340570707,-2.629884867076196,0.17673696708659384,11.319701960147084,4668.585998333854,1108.6948089844043
NGC,610,204.22640089206323,2.9667702392836754,0.22672991525622907,11.212749270566555,3858.5476784917,0.0
NGC,611,163.3815205398321,-3.8853578075950703,0.13190522249387912,14.197014850283791,5642.458674869463,20.193169937302528
NGC,612,235.43929607872246,32.12443639948503,0.1266241320179593,13.017453905625667,6285.024257266851,1748.5164223915897
NGC,613,219.45310553972482,-3.1080380698785195,0.21084574729606476,22.012290020427997,18362.38806069829,3308.388573539681
NGC,614,258.9015636475738,11.670373862013317,0.18517915647929312,15.12416834707294,6947.058562149894,430.590609124633
NGC,615,210.5432319481392,4.606701511128745,0.1809765269916737,13.78514552062317,7080.914292610394,1432.5557447521805
NGC,616,219.8581887183122,38.755267463890625,0.08040844320946537,13.834129969043971,6242.870870477563,1361.4151195334284
NGC,617,229.62119330602894,32.569092868798606,0.203036640236785,10.584643854335486,3468.3329861018615,659.4839335752805
NGC,618,192.8197212945744,-6.0188336712716,0.15607472178686985,28.914902453859458,42676.400128754096,9002.824725258466
NGC,619,112.19743037676669,31.189187547766963,0.216097474810811,12.464694424224575,5586.945056180913,1191.1193470935543
NGC,620,253.33611608027167,4.082496631361426,0.2282735047693152,21.888218789537703,18433.446847857245,2476.9645920240764
NGC,621,226.14927628662218,1.6698486877671896,0.1510050908955032,15.295504590149477,6913.793710275532,754.2979055283488
NGC,622,251.52507940596922,8.173278001861775,0.15467734600522745,14.707019741612305,6255.524387228821,335.48904254730894
NGC,623,173.44544355661836,2.3936301598955505,0.215164879308829,13.453694384268521,5634.645771751777,1132.5308391765066
NGC,624,267.1988701041595,32.61323029310912,0.13440128754244102,12.520396949738805,5325.982415066465,1013.7524032850835
NGC,625,124.12763129689924,7.129020198730849,0.1595523066231347,13.311619262054812,6697.243343927607,1799.5073235273821
NGC,626,220.56344414369366,40.529337307573456,0.14606708290512915,35.11458715830993,63904.2012739544,11180.152470036428
NGC,627,218.8314011783658,-2.028938970139784,0.20151670237095268,13.216388733076567,4598.837220531287,0.0
NGC,628,118.29554855550558,25.27220178746404,0.22173572315727594,15.26323782849227,11801.701347773605,3460.0029991020197
NGC,629,132.54705882957728,3.3841172092356295,0.19379493824467703,18.43882938974295,11919.293955467725,1860.6536340491216
NGC,630,168.94873418108997,-1.5552193920048354,0.214508148861377,18.079663755092255,9966.212883848779,0.0
NGC,631,199.77616772789955,-3.231922749498362,0.22200027607492887,18.59375352432657,11608.70434567954,987.703110185569
NGC,632,193.22987409611284,-0.7246342558635122,0.2327375494573984,15.604237600412429,10569.166657217622,3032.4193865251273
NGC,633,140.94734280521465,-0.3678353562956143,0.21482362468351485,13.695192635852008,5124.898320500659,21.529407477246224
NGC,634,161.85973774791734,-0.06211371875322783,0.21992473954286296,16.33110263100192,7736.3469069518815,22.335748159881188
NGC,635,243.6080921516004,4.368186943981398,0.15374588208756548,18.53154343628905,9448.274797546694,0.0
NGC,636,200.7426129567165,-3.567009383594466,0.23128347008826014,16.9539651370197,9665.744929588516,1117.1628580168658
NGC,637,97.44772715755691,64.53517000825092,0.1863966158051698,10.841800777926501,3580.419764224994,971.561951386628
NGC,638,162.26583637824626,-5.940180001347701,0.22472897317800164,15.98119251991757,7162.740871496316,0.0
NGC,639,202.54907315419655,1.8251558820952756,0.22388774921568325,18.96847385398693,10345.196602860393,0.0
NGC,640,200.92624196034785,0.19207319825422733,0.12347298034948033,46.157782797548364,135289.5857593216,30212.102052426773
NGC,641,242.3513059868476,6.61323557865664,0.0828915356245832,28.168710963764212,39330.05256651678,10604.062990148504
NGC,642,122.1954993009071,8.55984054678979,0.167206187254429,13.833843375229899,8518.775677822281,2351.3659751429345
NGC,643,157.4831083189104,-6.5522058789601205,0.10487432856770265,10.340698463118045,3495.5872670371027,703.7846201460162
NGC,644,160.7482911681056,-4.678676011824829,0.22567371721625087,18.717609669712818,11095.832492671303,1.065714562661571
NGC,645,237.55410573378433,32.45392635067461,0.18335463113161987,27.593609501423643,40698.1258904955,12594.081375566238
NGC,646,234.7115264574973,3.7137821023792226,0.21760679770139266,14.009029136974332,6510.056848581824,0.0
NGC,647,185.02177216390672,1.1491180354302477,0.16785346606307555,10.31579818071812,3818.7534037531605,1232.7152065502403
NGC,648,108.8531099496237,37.297598516718544,0.21961522511282985,20.23566317801399,17352.122158522794,3530.4244991024393
NGC,649,115.43357479151699,24.7036621660692,0.11130081536837637,11.409970794670361,5457.519730090887,1988.8117364142627
NGC,650,202.213577928969,-4.386224975177442,0.18624074575560265,14.089892705319604,7997.081752429972,1761.560488743695
NGC,651,184.00887981102233,-1.48612750504031,0.18886480853678522,16.48206819554124,11317.808535324775,2491.227849987848
NGC,652,217.68301579512658,41.84390147178671,0.20687792181876988,15.315231869705448,8504.40391517849,1241.6686464003565
NGC,653,243.9650363186522,6.369072809490033,0.09490129127049446,28.22232700329693,37279.661276741426,8145.4147526025645
NGC,654,253.57926460024126,13.578908351764225,0.17812297846157482,10.533158256884994,3519.4941444222895,852.9542112708854
NGC,655,268.3900041517899,24.248110828500955,0.2048640767740186,11.567719531356202,4685.56700068818,1087.3560407982063
NGC,656,217.56571865291872,39.01978158734579,0.2067400307370922,21.381579606410572,14246.187879796233,103.09220260192248
NGC,657,217.73910722046205,36.18209136936132,0.14283626070808655,34.62312708189161,60488.146706963686,14327.765862995833
NGC,658,235.8713396508406,33.91631634202119,0.15201321423356545,16.925832272336915,12302.956387408502,3347.8343297380347
NGC,659,260.59359364838275,13.691879563253295,0.17770849346214754,15.990234625516727,8048.017428066698,947.1205202410762
NGC,660,270.4543857398102,38.63711561501707,0.2186383564207869,10.736828169011904,3701.180991202631,874.3668260365658
NGC,661,205.837314987383,7.387504796832589,0.22477539486898562,12.70215521648857,4857.757489598936,874.8740413362025
NGC,662,130.0322380732771,4.291058081575595,0.1622169650361338,17.02483752739199,10638.688543121703,2202.2966350017223
NGC,663,233.842935596085,34.81869887226906,0.19021908936930054,16.713309963062503,10329.06764518385,1185.3844283412564
NGC,664,210.99881138450453,48.5935624652066,0.178110723878079,10.132406255733962,3887.3118689169237,1233.4894063336387
NGC,665,238.71428758119424,8.047679206243755,0.2141490529065888,40.20676896873192,74327.45876915976,6130.062474601676
NGC,666,177.8496544651348,-2.6518402363715943,0.23555123684981705,11.004193914769774,3948.483665254938,833.7809003250246
NGC,667,195.29599124243464,-1.087018051200143,0.1296983311868284,14.003088403991141,5621.008011364764,245.32507856565638
NGC,668,192.30643669160938,-1.1773053536409457,0.22389723014262475,13.290419799185093,5890.414060920227,1465.5004714484705
NGC,669,160.9464001333739,-6.651315684616831,0.2173897655673735,10.95437359049589,2918.7136531206634,0.0
NGC,670,212.43853918629262,2.0638944850238854,0.13495000868504606,15.701575977519704,7667.851694136229,826.5219964137266
NGC,671,234.6695172142866,31.93416134924014,0.15708537696402888,13.74080564646177,7026.46738615546,1914.2028534767323
NGC,672,175.53698597565912,-7.520781924122948,0.17067302417517788,16.644725726856493,11676.83656171975,3318.76275221215
NGC,673,270.1839569298937,38.60187296509695,0.19237151194402308,10.559740230150219,4467.051847851427,1371.434241995384
NGC,674,112.31073077724209,30.57650168837995,0.1812951790948993,13.614335451730172,8691.421515051416,2557.8229295040305
NGC,675,242.6005425683399,3.3207574494773486,0.113663209100363,13.374059202075408,5735.68735633317,464.9084170878474
NGC,676,123.48872855556198,5.704492966884813,0.14287671866739254,10.421922270395347,3644.7564723084465,964.8131658869686
NGC,677,140.96944333014113,-2.8716195492492513,0.1287092079070816,11.05508432393705,2995.2918787443095,0.0
NGC,678,216.6544175000008,34.931260449325535,0.20250946960381905,32.29853654531929,46437.596088034756,8421.499075305665
NGC,679,179.69823694938214,0.2909165155263078,0.15187314503882984,10.562591537663904,3841.5704767938123,1031.6089501703368
NGC,680,172.6603960224607,2.6985065296814352,0.2210028691140125,10.831567375209737,4217.979965814267,945.652712075486
NGC,681,238.32994268280072,33.003464547803596,0.1605197313580251,18.093311364178632,15766.64491358701,5349.555927768506
NGC,682,157.8095765314555,2.151974442525358,0.19446178328186875,21.5790330620851,17581.417673071453,4131.023654799421
NGC,683,246.20616014324742,5.468747482015958,0.1727229268804774,13.362754319676068,5878.304848051801,0.0
NGC,684,226.4588044645945,0.4840138882865477,0.2166370406169005,13.754679306774698,4921.702865399462,0.0
NGC,685,287.6038692348106,61.371721016173716,0.21161294044492127,17.707865929884804,13113.853084431144,4653.312977835808
NGC,686,228.85168328180296,2.9008737873631962,0.14974937483945122,11.204240295572022,4175.542907586589,334.1572929541753
NGC,687,254.49993804631032,8.268133699784341,0.2309779650410524,13.58225735728215,6905.376635010282,737.3973917263299
NGC,688,226.82090178817327,2.496318963347161,0.14024983708095856,15.715370940402144,7998.830950704665,1478.2697090417853
NGC,689,123.63614123753064,8.19502598037163,0.16814379815817465,14.247286227391019,7093.9449260672845,1521.257539634015
NGC,690,210.69351419964886,2.603346886694187,0.16604104163941028,15.723265031193225,7526.158530591257,752.8135936814948
NGC,691,217.60438964597483,36.43194541262102,0.1588831386028611,13.446000219430747,5251.299971581648,0.0
NGC,692,222.92074867993168,0.0403619654677349,0.14907418696394986,11.543913888064447,3612.2364534086846,21.968646431874717
NGC,693,164.76303963502357,-6.476469961642155,0.23506249186328632,12.827492445399878,6221.2459097691435,1407.981506579731
NGC,694,181.8092111610251,-1.003685436529494,0.2071956966481824,14.383715426425873,6844.334591235778,994.549649098294
NGC,695,221.16373851575582,0.7478214201457805,0.11609030299860007,12.017113681930844,4651.573221211127,364.7732439121266
NGC,696,133.2666782415509,2.9216599502277703,0.11532804494978302,13.747873567954434,7256.932505713788,1491.2812893096814
NGC,697,162.96474051186763,-3.4735740389695553,0.19362610008051126,11.19859571791416,3404.662491099648,0.0
NGC,698,138.99594240832795,-7.546985738062594,0.23327701099633882,14.132243928331487,7301.213308477698,2295.934651507042
NGC,699,200.4810755333174,0.0012311221464467031,0.14442641892444985,13.05600116101213,4670.927588818787,0.0
NGC,700,205.7269570064016,51.095803503299294,0.20072181038267403,14.129749346365836,7278.306578126592,2122.423277896351
NGC,701,166.917181562173,-4.317686837648713,0.20811697251890138,19.20533406426786,13094.55112856127,2014.6167422957406
NGC,702,196.2735761672408,2.101324509915125,0.2140788214570731,11.69019395581999,4104.820993738254,0.0
NGC,703,193.11291964717643,-5.563561081469298,0.17160376640787253,17.253681637242412,9531.90628456807,347.9002866782731
NGC,704,242.5760364700533,9.924564402883796,0.19300974266915757,14.52628761040679,5614.730657270399,0.0
NGC,705,256.81406386323533,6.429381693163672,0.21717075990214332,11.113090808117253,3955.3000252925945,1013.0311176186118
NGC,706,238.39239384109845,8.580021243218741,0.23269649795814754,13.677574480625589,5848.114439547104,872.9460662035458
NGC,707,256.6155899829437,13.805255543188737,0.1261828140334381,10.975685040712875,4244.985910219106,763.6124804585608
NGC,708,228.20935151841147,-1.5561526723084598,0.15274503905430992,15.236146343776143,6729.1999699465305,813.5515202556056
NGC,709,262.0586172328575,22.268796952770483,0.19185677546786575,14.503820716735508,8174.20266900109,1785.7050208010085
NGC,710,267.31040960680355,25.92351300252088,0.22910766880406847,14.590542446854363,6748.75078124041,386.0634350114819
NGC,711,216.08246989687788,-2.4645661686343328,0.19696253332632235,20.40943221606103,14590.014914084843,2128.830705886618
NGC,712,118.01958362139496,24.788793903900455,0.2327829297214808,13.319603473965408,6573.402854116299,2050.5237386040435
NGC,713,251.296307994259,0.7775956090562959,0.2343465414799828,11.848492769041961,4287.53495239843,1357.1277203645022
NGC,714,194.97458020376732,-2.7262418497676304,0.07628758758528265,13.005966215087378,5369.393063000587,886.563304711608
NGC,715,174.0767316895535,-2.2908930941512984,0.2221401988965443,13.488572282209933,5173.265080885717,0.0
NGC,716,189.51599642929997,-3.4578419259462048,0.15697662158754316,17.32875094544536,12152.931603213423,3332.031978783298
NGC,717,257.27373724390407,11.325659054754095,0.1536052742031871,21.867266760293774,16842.54962388732,2699.498406976625
NGC,718,196.92113058721043,-3.5129049820598293,0.0924699840674963,18.59028505423155,13665.873043234977,2315.469182782656
NGC,719,120.60731829894256,11.611548468655482,0.21195756289429357,13.191270784252636,7296.678579311546,2483.0448764785274
NGC,720,234.52086246324814,2.950732219650115,0.17217414347381077,11.603379533848907,3152.506062636561,0.0
NGC,721,143.02307555706662,0.09390449076731146,0.22449653196852498,20.097379297343696,14704.474050773819,1239.4858491280595
NGC,722,195.06583616950635,-0.36976040971712787,0.09114306508696958,14.607956498070171,8465.160569282092,1291.2517181578792
NGC,723,193.16700868455567,-3.1455678042522717,0.13429926147943036,21.627702039551256,17071.779625550458,1909.6245681836583
NGC,724,219.8565067175424,37.14039354055122,0.06758422143113679,22.167713547719497,31313.39757486809,11820.000249950348
NGC,725,183.44245508642308,-1.3026383135379493,0.17492334577911803,14.103067554817438,6999.794204549149,1406.8187942595114
NGC,726,209.91575889204213,5.345332970347419,0.18997502041511466,14.7056869937621,6505.915547564836,1062.1518312166845
NGC,727,246.8743508600242,0.6392852741826552,0.1705338390219924,12.762978818562773,6813.323041107767,1391.5425195895655
NGC,728,239.085145028868,3.008881113932839,0.11258323300343978,12.831270206476788,5087.180817503284,481.1234530076916
NGC,729,199.92424095178944,-3.0498066368990657,0.17572707014674863,12.745025386959538,4627.473787662406,340.38981812995974
NGC,730,233.09150199140947,2.7482024534322784,0.23358059068375908,18.622398223351038,12054.84322972895,2202.3361194806057
NGC,731,231.23791135340056,0.3040600239367299,0.14524051788696757,21.689085912613596,19492.297694945108,3501.551239024383
NGC,732,145.66565047645466,-6.217027487680139,0.22981047425587556,26.784369962246064,30336.43470551813,7377.226734342405
NGC,733,158.60935614223163,-6.960672899498337,0.21355229985809634,22.544265919107985,19917.622216202333,3123.7741469404855
NGC,734,261.4982521697776,15.0767949238199,0.16647829955060214,30.454969930478192,42426.065898267916,6855.0969618090285
NGC,735,264.015324784031,24.085470497029632,0.14959917877495083,11.669839734250324,3513.028590764961,598.9278261519272
NGC,736,271.3141587863184,35.277903195172286,0.11147034243766323,24.645525489642722,32663.949708772514,10385.921938417156
NGC,737,218.12107031484166,34.497230789424854,0.08057492470883627,10.913707322187769,3563.830165107574,953.2686987206217
NGC,738,159.8946223724028,-1.545727394838239,0.22302274354011437,17.156739126802083,9798.805022975941,0.0
NGC,739,269.44913517126423,24.540009502196877,0.21303663259494016,12.922356485520888,5883.650983217585,1810.543552145616
NGC,740,109.13504393714238,38.74274722833155,0.23164696417363478,17.729835719502997,16344.9268072193,6568.179435873444
NGC,741,139.8420617562395,-4.395052338770572,0.07271407758184821,14.357550654551824,6920.478761054165,1459.7691413683838
NGC,742,265.41969103084716,15.017362764515598,0.17295456480446691,11.680909178763148,5639.336839457736,1522.7274318696996
NGC,743,216.26403570812332,2.3679273607173497,0.23498502540091684,12.296645782952197,5002.465886403308,1187.1752927666896
NGC,744,249.98808045120677,1.4939896219123587,0.2289989835556995,21.984099326184744,18916.5439787447,2756.932440797651
NGC,745,248.81459220923222,3.5289339066694536,0.16130443783495865,12.438059857811167,5372.922804983283,0.0
NGC,746,127.19370236246085,5.91605665866646,0.23549210940870977,13.327460321802393,6980.229540911356,2111.4265055421097
NGC,747,241.07817608141528,11.36298538635768,0.22920289151778156,30.37522467660917,51415.72516350117,12566.667816431232
NGC,748,268.54253825612824,30.888756132974574,0.12799504730717623,24.77014514423136,27561.661933917905,6789.830203598467
NGC,749,246.64848763514078,9.42214010294579,0.2304243622956143,20.713250159451515,15509.829038299027,2833.7287541376363
NGC,750,240.75062409194254,1.4599186574677843,0.2222508834124848,12.84533732825716,5460.365516729654,848.7427574968782
NGC,751,142.44341194549784,-5.246358711037978,0.08551811162272643,20.52776430270561,19965.720345765203,5575.997848666623
NGC,752,241.1103427691462,31.482958119813553,0.21258549968566468,18.279212513607867,15251.484030513755,4788.616334729813
NGC,753,226.1716615513562,32.46969489698278,0.2113126019277976,12.923081098118747,5825.896505912556,1578.5615265969382
NGC,754,238.32509805205495,0.2066310239350266,0.22486756968773453,13.268138582711234,4855.830347979668,807.663811077912
NGC,755,177.35765459222645,-5.582881636221366,0.23290154799965423,10.35447751721977,3376.451994522401,683.9025303198409
NGC,756,176.02324906161525,-5.515173539919962,0.2339633873700173,16.221522954215416,9399.523661750658,1784.766167205041
NGC,757,288.6996186703056,65.73845487039266,0.23045715920949408,16.881481923427184,13772.354547656723,4333.534040404221
NGC,758,268.04984964723343,24.222575180874138,0.22142949940840853,14.799794776046578,7411.996949588445,1026.3290435955328
NGC,759,176.89546392361743,-6.1055310416761115,0.22708520271250324,16.76446197380366,9566.032786819356,1319.7340875802759
NGC,760,223.03209041003603,33.38776772667409,0.20664006126875759,17.820057770091317,12873.568182218894,2876.353680954692
NGC,761,138.34454928468966,2.439976850976299,0.19532500547884493,14.451485567841797,7121.765544796159,1154.9209902481161
NGC,762,190.89561825803528,-4.1587472301214,0.07256204077354723,13.204753696702303,7969.880607137222,2573.7014636941726
NGC,763,192.77893071693254,-4.975515355545819,0.08037344688464586,14.480590380387824,10359.941160632778,3463.4047383774137
NGC,764,188.73304820217368,-3.6932593420351525,0.16746381782764144,13.443641306766981,5875.97700080366,1242.8644058510015
NGC,765,195.39353487500165,-8.00646016810169,0.1683610115472198,10.514148493977665,3944.5178598353946,1051.058196061555
NGC,766,195.25972447477068,4.343582848658304,0.2199785764051937,24.725437514292583,27405.23456709415,6160.025118457298
NGC,767,125.30276197295368,2.6651204752709243,0.14457028587137052,12.383875162502195,5159.867471197883,1279.6730735849076
NGC,768,221.00536369665514,43.07671087536299,0.2109422749901044,32.521684343004154,53566.593944732595,10111.126135445136
NGC,769,208.88989806910382,3.6562045054846526,0.1970928665467433,14.911415915242944,6336.705452416198,0.0
NGC,770,246.90434566671308,2.787461280641881,0.2325056827447947,20.85059135866729,17902.299061325113,3767.9212084191395
NGC,771,248.17191891291753,9.686150445082133,0.1891382790709289,15.026592572419519,7810.867238377235,1653.0546907899395
NGC,772,240.90411937015966,3.748620913081432,0.1015124769670319,12.40144026447075,4483.869870333262,435.4807568739526
NGC,773,251.95270393709936,9.821689903779173,0.0659308965205918,34.710281460898415,91735.50315513383,31302.604075948166
NGC,774,264.8884015581927,23.18505112345354,0.22176238917224278,11.124280741036856,3337.078666352522,3.6482295402728906
NGC,775,239.5474204525525,5.215261904456387,0.20847319205140868,14.193307583450716,5445.453728576537,0.0
NGC,776,176.3465772092551,0.12405874203898713,0.12983021578434376,17.74716856283052,11787.413610031414,1977.5647430516772
NGC,777,196.61783333611967,-3.7213972805652444,0.2053130037962482,13.524288473123873,5307.410378286627,1.9922993171683563
NGC,778,220.9341315662651,2.3951435165962986,0.1784576710042629,11.762467276469888,4293.957497580827,770.0645843821601
NGC,779,215.40263909881276,3.2959242544533844,0.1041745408972269,12.309728634687952,5700.064831661987,1769.058968279572
NGC,780,144.8340037371238,-1.3534571898231647,0.2130993261494747,20.50184151865349,14095.277178856928,678.3674665714859
NGC,781,110.31049102271109,35.8124891826376,0.18516817005793942,20.81736509856238,20008.576837189077,6778.456524300595
NGC,782,269.7066787288702,33.48342683874653,0.09669751179611913,13.091396297337871,6013.366412891173,1310.1437054321261
NGC,783,264.70350018434794,21.817077123986113,0.156717680476061,17.20868886988722,10984.440728730557,1330.9510347393214
NGC,784,115.29420265542268,27.173811440343655,0.10615402016883123,12.05140575383691,5577.775053099713,1955.22368715927
NGC,785,287.42813491220454,62.44098844086833,0.22867507485273952,25.099063102684347,32730.664876049923,12300.956416959767
NGC,786,244.71043617348963,10.247631455633458,0.21751227845180782,23.615607681797705,23329.18575543811,3647.6715144245463
NGC,787,252.66667108368227,2.364362724159736,0.23321083162170297,14.156123391319943,8368.205521754757,2483.2680963600365
NGC,788,131.6612875935161,4.270990369360197,0.2079283641382979,17.45645751030201,11056.87648243212,2588.268368476988
NGC,789,169.6722884808241,0.9275805845252826,0.21110005395534728,11.313353051491555,3152.139086738855,8.647249067616496
NGC,790,230.79642517174622,33.63928768213775,0.19998072303332412,16.077613742191016,7970.229940605032,578.7849180223283
NGC,791,206.80967724345618,3.6154052604881457,0.1976455564914293,10.884927037594975,3015.6542119923315,0.0
NGC,792,207.98279538558427,-1.1592723780794973,0.13466333667488897,15.425326269354203,8755.829082344222,1184.878378128944
NGC,793,224.92558699435574,-1.7357603817997622,0.1153766650233069,19.72874069694667,15141.778076691862,2862.8182790206856
NGC,794,230.82981474277915,2.6527170687386117,0.1349304092381465,21.37305897163233,15277.930856220231,928.4973681948993
NGC,795,236.23664079462878,6.5598313234288215,0.12725706154256042,15.409732211949178,8168.830300547431,996.722309141076
NGC,796,244.64690268039942,7.5520304251355075,0.22109169703496354,22.960996127859822,17196.014972190966,0.0
NGC,797,212.97104064855387,-3.2481523235468215,0.2090129684544431,21.32693866334494,18678.38098218314,4332.9298135405
NGC,798,116.08522325954496,24.187738282348885,0.12377138335242815,12.519737164010545,6685.51092660447,2430.9746982987053
NGC,799,246.19011053519722,0.650725102071881,0.2301220137767726,16.4846262622324,9149.787224797275,1499.307783897364
NGC,800,147.86439338972588,-6.163949222001372,0.14906733644235484,17.84223789159515,11567.847633963956,2306.9996562081956
NGC,801,240.66443045443668,11.046986698865386,0.19016296759138437,23.690729807688534,21488.469512754564,3296.494789565118
NGC,802,193.48975835465515,-2.782814045698758,0.23070285333276613,11.008275904603698,3795.078869319225,191.73185138229232
NGC,803,126.6698121271284,0.7534316842806763,0.16256295980432192,12.793391730425087,6870.764799833037,1288.9177884950507
NGC,804,214.9059532840286,45.97325378323343,0.22619426484812866,28.258779741730947,51387.94930932795,17158.605859478954
NGC,805,210.56513985953382,-1.0085484295184892,0.13849090077270296,19.333671436001797,14273.6255468951,1459.2061691600159
NGC,806,219.63303566154477,42.37314589780429,0.1566014160668965,12.706269996104044,4466.121459094574,165.91112142939969
NGC,807,204.82260660081914,0.8723817654780603,0.22529935899947448,15.138572066850214,6567.831117885136,0.0
NGC,808,239.11446594193285,2.706834170226382,0.21905030603337283,17.061955059928877,8383.420323482367,0.0
NGC,809,169.74104260732622,-2.129311496432428,0.23116356408347302,13.510874575136084,5887.386386356991,212.30617483765036
NGC,810,223.4690928246107,-1.9509871524821947,0.22270952727709342,11.705008257684769,3533.2203346433494,81.2416243213118
NGC,811,151.3588793541662,-6.991651169710332,0.21730823979169225,18.32041063263164,12939.099627503543,2163.9420850297934
NGC,812,129.4477283451263,-5.414616265739333,0.2348203304171572,13.153187203291747,7398.579735214783,2380.451326602063
NGC,813,121.39275958635056,10.023355039723779,0.16417238615227273,16.317385588865662,16609.470061632997,6521.940129897777
NGC,814,274.4694797716889,36.84005977490414,0.222282302777268,10.767849523214966,4210.18398789835,818.6652493955619
NGC,815,258.3634306252755,14.240155471076445,0.1596570198966703,15.971636630321902,9559.506208481886,1636.920511860126
NGC,816,265.8920232928314,29.525804212886165,0.1366283499539402,13.011980829287468,4994.710207471343,701.487987431173
NGC,817,217.9019003080852,2.1951714474932333,0.21220244292469606,12.2876828382571,5088.079478441498,557.686288174218
NGC,818,184.19117243840824,0.6838464561057104,0.20705516378923824,15.585300400175742,8547.766051197095,2003.84421557191
NGC,819,181.0838334627111,-1.2803726091132401,0.21865338010293478,16.432482795275888,10060.973234343342,1866.0951300048482
NGC,820,218.0487667878089,2.9271318155188424,0.22185179988638443,11.950964073413832,4894.966652644054,1021.54199628484
NGC,821,196.28696183135114,-0.08961462653804886,0.2300841085209063,20.669458806013722,14646.637925480058,899.5672703269707
NGC,822,128.72382155758345,1.8807153995637993,0.1566372288225732,13.221297616629114,4464.9667801361575,0.0
NGC,823,218.80699952057378,0.3414198129407418,0.20508309285087373,19.18406222185118,11128.162437980505,81.55358604968694
NGC,824,192.34649536092715,-1.8611885955341965,0.16617406425182388,14.462262011581839,8123.313726775997,1712.3809647769922
NGC,825,220.618043127302,-2.8458284810946703,0.2334219170813051,16.864989344764727,10737.016145878712,2784.8940331213807
NGC,826,195.8950698692683,-2.267682942594644,0.1890883164203475,16.416420225232446,8538.067309299966,0.0
NGC,827,115.41646433874583,24.456875559535728,0.15057441862895574,14.432872545573797,8578.728183737137,2157.435030148868
NGC,828,236.52034619992662,32.53833162456656,0.22389474199679968,16.762488780892603,10159.856835401593,1342.8507069868012
NGC,829,234.6026798626185,31.392119168933082,0.22952387528571594,12.535209706911138,5090.213871540104,1195.2796154770133
NGC,830,241.44362624693923,5.311212116952775,0.20743528961866486,11.98633840807141,3344.5774095478996,0.0
NGC,831,216.75296117736087,34.08910951824864,0.16437482023494182,21.678385948164653,20758.000168015842,5578.970868892619
NGC,832,226.3503054488485,-3.511231268986834,0.20009106683994865,17.41743362670971,11073.673603152187,1981.5340740980812
NGC,833,235.14403333179916,3.6561303601903745,0.0895487630230094,19.433344321016055,13390.455635093138,2167.5488895096646
NGC,834,171.26668621432265,-4.616032875739347,0.10943607383486216,15.874439987093064,9003.8383773033,1801.835513621818
NGC,835,110.7683508240605,34.719470708015066,0.19503639321999136,12.378640792997235,5369.31550600134,879.4432170433939
NGC,836,239.7085211614338,32.835930464450215,0.18638140335764122,10.740168543709931,3342.691963926394,676.4066830450121
NGC,837,173.5153899466456,-0.2500642803818403,0.13865679699583358,11.830149201180737,4177.472283650073,0.0
NGC,838,215.31793360148072,4.609641482598018,0.2345842402803295,12.123478497586637,4906.560099760594,1449.823345998998
NGC,839,234.60560761941417,7.17585131341849,0.20958364972184063,11.954968241344018,4888.731768900019,857.6223260747707
NGC,840,227.5834538007245,3.5882854603130125,0.23214518205252216,10.870775462264675,4456.924191133067,1061.0182334600304
NGC,841,241.57608999506596,11.934647824829439,0.14746661164260516,14.359633826143687,7201.213270441036,1290.3512976239479
NGC,842,130.59090063423022,3.225121613633456,0.10287686900446738,15.023394833232622,8804.031482985618,2048.895485461206
NGC,843,259.9015223301071,11.519482673814931,0.2179360012815607,13.001033090484427,5703.573549807182,895.1681509833884
NGC,844,216.4345229483823,45.78358518432116,0.16101208204289474,23.28732766623562,30513.161340273455,10797.31260477813
NGC,845,159.67619074643417,-9.068111349714595,0.21209030047821323,11.80610233769067,5896.675548787237,1409.6697432770034
NGC,846,197.0016767654187,-0.7977594324092214,0.10294418991977534,22.731973528073286,19074.197479451337,2946.3078671881713
NGC,847,253.24826890390193,9.954552588955483,0.17869564347982853,11.797057133311213,4884.220992020794,477.1741976741406
NGC,848,155.94421902815114,-1.1646266576587168,0.22151383498303814,11.950508905215797,4929.365469422885,666.9331166486651
NGC,849,123.0688536086533,8.773977528618872,0.14847566009567412,15.179448741088637,11962.875529509367,4449.656847486072
NGC,850,195.2676394290251,-7.1118788081526,0.17432662730409804,18.64881366943701,13131.160297873503,2951.93003040514
NGC,851,170.14884010790104,-0.3026129526100213,0.11858861557364409,18.066744979241125,10547.281257255112,870.2231005749302
NGC,852,195.69739361815223,-6.7290202880835475,0.14421114990444123,13.195883929645241,5828.042653019516,1314.5085907992213
NGC,853,232.17626757065568,36.59980155778469,0.18704058478620894,18.235570615120107,15957.288302527857,5041.563697608077
NGC,854,195.98643483569194,-0.4706202962287678,0.13674147142090737,15.304283823005013,7001.492456414218,491.1374020848549
NGC,855,161.2440375342226,-2.4711051513657774,0.10076054349174904,26.231302080335922,29435.596640382708,4815.994402921511
NGC,856,211.15913768293257,2.882709489493918,0.17544050865424052,12.496731151838087,5202.401467585808,340.9160682445417
NGC,857,193.51040444135216,-6.49823854446429,0.13859327811715974,17.01475847193539,10072.049638827042,1725.768307291907
NGC,858,198.53661986888005,-2.6281287814367564,0.2080992497411864,15.57332726882394,8012.9168883700595,171.34199228260175
NGC,859,193.8986671144198,-1.7247678368726584,0.17765969454534372,15.999522238884238,8289.572798617262,586.6122379852277
NGC,860,128.55570568271898,-3.7031380354697334,0.2334271350241492,10.325818658150013,3049.7025391700954,854.1420366340482
NGC,861,133.31559828972166,-6.3307627685598575,0.16758885296474402,12.189055398353354,4968.006792196763,925.3296335329097
NGC,862,244.32245902020685,1.7854433806712444,0.16032705883489404,12.801942227719191,4633.0950088104055,827.7259886216522
NGC,863,240.17140434081767,3.388945823765971,0.20823155662826748,15.94668803659205,7620.778743955804,0.0
NGC,864,223.1232190101382,43.153105920136035,0.18918693245023097,11.713855257615965,4086.5407479905575,981.082262673369
NGC,865,173.09415711803797,-1.0970060506875685,0.11083137811344912,19.39311725265762,12785.507960451567,910.1022318623413
NGC,866,215.8982714483261,5.804809040576687,0.22492459367596288,17.31794130764916,12169.842137298649,3736.6293458387036
NGC,867,127.66538651566933,-1.1776664829489103,0.17242384252124474,12.934714309846692,5793.693749666671,1065.2777830542807
NGC,868,225.46846948701568,-3.017456139035847,0.2279616920945096,27.429143913015558,35059.518928458136,8227.76625068582
NGC,869,190.3484147198136,-6.080075388547036,0.1270012036272683,15.760788153959142,10170.687593147693,2574.118435255293
NGC,870,246.90919892183427,5.485788481658346,0.22895234259726255,15.1169943972398,7133.802592829741,54.99631794811113
NGC,871,272.7417214203155,39.02311027234493,0.22971256374503451,13.623076842232015,5544.655199361223,325.64597142195316
NGC,872,269.3926216645356,31.82274865717247,0.06813637602616861,12.646823058250078,7546.140128513902,2631.6835562708834
NGC,873,110.61103583496656,33.0334010833797,0.19836744088689912,16.979925442331503,14471.01230799317,4338.955180092205
NGC,874,138.65097104434327,2.8086067476678176,0.21948274882311725,15.82123519082465,8919.34275196371,2110.0730261242716
NGC,875,115.61500698348496,24.11690304822532,0.13197074106751408,10.802449806723526,4807.406472098347,1459.8013010741001
NGC,876,194.6213265283768,4.735570630282552,0.19353488119946494,18.103041489695432,14503.163567923648,4151.471296661636
NGC,877,163.11252610167506,-7.9606706634105615,0.13671455615358113,11.961271124444421,6092.473579561405,1808.0059365786537
NGC,878,171.8033560449122,-5.677713588071704,0.14462665306732211,16.762690002146627,10987.7073775319,2611.2451123944156
NGC,879,225.79665454504038,34.892709126014346,0.11912838751630786,15.2051818365002,9183.196903890532,1974.5159335375395
NGC,880,172.4548241340249,-1.7057851363954866,0.08854069462496944,29.92525593603298,43906.074617585844,12473.177468279133
NGC,881,268.95774947758827,32.01774335051359,0.08572030652307994,26.37965318685779,43553.31103101236,16909.388461223964
NGC,882,171.95191817361666,-3.1134265003506303,0.13066165357339124,37.0389109519524,66831.43299355263,12964.687507282368
NGC,883,238.45290511042828,33.266249238476654,0.2143751444544738,17.85733754574415,13315.13703464557,3446.0764246031254
NGC,884,222.87172778167528,41.004390536677256,0.23091446613077438,17.65949632102403,10593.029814497626,1239.3611338509738
NGC,885,157.79613422825062,-5.559800384294297,0.2018794321741733,14.937508091750047,6418.15531832065,0.0
NGC,886,246.4956570327434,3.5891857941637597,0.16760674665604697,11.424011460495544,4071.812548824757,0.0
NGC,887,224.80236305872666,34.421010441409244,0.13996546699088752,17.898132190516854,11441.24276757382,2414.873065429159
NGC,888,200.7472099290329,-2.033206692191617,0.2352507515357796,11.250818609650219,4378.929044349138,892.4008540509063
NGC,889,210.8619262321903,49.806013496391216,0.22408050774892546,16.25031544146808,10513.397620333062,2504.7234307452795
NGC,890,287.5664211047426,64.71099197671501,0.21830210642342265,13.741471819874477,6608.6540456845805,1294.1506193067944
NGC,891,198.18038697709525,-4.158030124200671,0.21527721872378877,16.55530813839877,11027.370708355304,1712.3830095288886
NGC,892,214.5575709938082,1.6360324106452255,0.2335794291992232,12.630013574505709,4947.582261604625,654.4312589504915
NGC,893,196.66831891770863,-6.7572062286026595,0.16065597996912884,12.033387773528705,6142.481243869008,1700.2693883531333
NGC,894,266.74991050712106,24.04253059075362,0.1338706340399652,13.111302527736068,5797.453800977006,887.3527171933636
NGC,895,174.6022275544554,-6.919641997359462,0.2312578797652998,12.248925585368122,3879.7000934972784,59.97383661999555
NGC,896,195.0486375907871,0.4321403848827237,0.20404707875352443,12.109717591240264,4877.874097502916,501.92904156367365
NGC,897,229.76928448577712,6.2148640886863635,0.22910076484924286,13.692880347687575,6988.369349016317,1339.4104053871984
NGC,898,229.36700603774287,3.305957432055231,0.22845399260375937,22.43667927499206,21133.772165786413,1984.363807334707
NGC,899,179.7605722765152,-1.8202796036741622,0.17116234910029077,15.42774340268549,8638.300081679867,644.2721369440518
NGC,900,227.9404669294017,-4.143579834458379,0.22299200193954022,12.006719876824498,5831.555853943505,677.3934425670659
NGC,901,167.4845897384782,2.450446160133449,0.21836757939804016,12.284124335957808,6204.541477120051,1547.6256773096575
NGC,902,242.5282783641072,12.936176024068335,0.19316784206143262,12.408278299491142,6029.5106744733075,1680.0250360610578
NGC,903,159.2632526560232,-4.375342445382418,0.13563355344500352,15.67800851137478,6990.34151954787,0.0
NGC,904,108.77941572369804,35.149299495012464,0.2312272765793782,13.478352741214932,7579.294811706419,2080.669677130141
NGC,905,196.74987742937293,6.92531326192676,0.20771621213439545,11.593836562201624,5278.810909131615,1438.966065192536
NGC,906,173.90049976745746,-3.6124788536260786,0.2195044573705787,12.143663059096278,3868.5098325630534,0.0
NGC,907,157.50143967455688,3.231458106009827,0.15543340661972518,12.811171377632604,5947.257367828994,1733.2145813298914
NGC,908,159.16464801877297,0.03061484768309494,0.09110170641561519,13.983033360268843,8241.982280067614,1844.0847770191658
NGC,909,117.8298924556783,27.03274096346537,0.23202517599898173,14.538620214270956,8292.449409412437,2403.5417416898617
NGC,910,122.0183039524357,9.245501382836512,0.12330832331744282,13.560824198160018,9978.466171887378,4409.186163339594
NGC,911,143.56721398854086,0.6343298943471511,0.166650763919913,16.836938051341193,11082.398091490139,2254.3703632423294
NGC,912,109.04814367802612,67.53825641123478,0.23275256451759765,10.641000185229968,3504.6232401998914,645.9599385290044
NGC,913,208.28895892677258,50.0078094892464,0.157637529649728,18.139266326175562,14239.315031965705,4699.81569580894
NGC,914,233.8122603849308,5.501110008329276,0.2118856858542194,11.984790435826186,4064.2188952810984,0.0
NGC,915,156.92011752403562,3.758339200237759,0.2171243316471959,13.677458772252923,6080.1037763700715,1551.605743317996
NGC,916,259.4187431869361,19.32015981189433,0.23032758459137503,13.709888618391462,7026.804668432367,1594.434149479866
NGC,917,265.6648725184729,16.307626587128112,0.2324579021967065,10.630610245723656,3953.2653049891883,836.0451971018493
NGC,918,241.54026490653348,2.5232323633455795,0.16197964927070238,17.723992981425468,10898.20004539842,1746.7866508228926
NGC,919,205.32843681589247,-0.3223036953396786,0.23341689494610626,15.244232638021613,8536.137926109295,1218.6132242724354
NGC,920,237.04164452813902,32.67786864411866,0.21053167704806203,11.596459866151596,4377.235685774597,242.9371031289342
NGC,921,232.5240478499683,5.113324644566261,0.13329853924429677,11.986655986229101,4871.821140582788,170.50864683429302
NGC,922,187.01381320708103,-1.3255414253771252,0.1544093451601989,11.232736332870013,5229.38505684051,1329.7873020450586
NGC,923,235.79504141198686,-1.417599678491513,0.22885906501441014,10.08314452636905,4351.405484180276,1252.0467393231625
NGC,924,198.11871939407823,0.7395213695487604,0.22134998312929424,14.901693565864147,6648.132205926705,0.0
NGC,925,110.32121914873939,34.356717475822876,0.22269361543456906,12.204261276135586,4356.399306112092,440.18362337733384
NGC,926,274.49203474673124,42.37413597813608,0.23353053951468133,15.335522190662244,12485.670651664626,3684.83927615183
NGC,927,171.31175403318156,-4.773201729584438,0.2340419871036747,12.264717334891223,4524.558903428328,702.8776073630271
NGC,928,126.8600372580223,6.173165164043927,0.21757818225830958,14.070490695508514,6488.541339189066,1187.2599733862287
NGC,929,157.30472434693505,-7.00476885344644,0.12921926362129613,10.447971656741359,3077.030385553888,560.2603407037691
NGC,930,265.2054549414986,26.5844473343749,0.1432318919872978,14.860156232883313,8060.031172443266,1514.917514100477
NGC,931,266.3700999441617,24.35957146150452,0.1458371047883483,12.655914616031385,4146.201254081586,75.77131258098056
NGC,932,166.9847840081618,1.0501239831080675,0.11562610567194906,12.35981562636158,5966.8506111154475,1171.075823281425
NGC,933,233.75466663449637,2.487715898927369,0.1026277239654153,29.251416470363353,40096.20589030672,8174.265769306035
NGC,934,229.2980893592399,34.5053019933096,0.20567536510685783,12.786365196848312,4467.744777759073,53.52721018806702
NGC,935,217.68908270561897,3.143570511127697,0.2324635874476428,13.483461574783123,6036.816671269886,1488.2583154151027
NGC,936,240.5371565166347,12.120411424627283,0.1781663893068925,14.655446287082537,8576.517150915126,2305.725964475663
NGC,937,206.38806171088694,-1.8839368977322237,0.16646137763641494,12.66419394524051,5399.39417607238,905.1570620113869
NGC,938,230.3883565659944,6.910260654021694,0.23482864344747423,11.779453335184508,4621.683857050603,1211.1452086420481
NGC,939,176.12788210796558,-8.054603088042903,0.22495034536996808,12.517686134462528,4990.554515812509,1258.8321979046127
NGC,940,208.56767957725924,49.72691807651216,0.1309606268875166,15.331713120118993,11772.620035678545,4649.044848838756
NGC,941,129.37055087869058,3.877386777699052,0.18487146022571985,10.357858019106285,3263.9593048372085,405.7331137470008
NGC,942,234.23959960174057,35.688798040525974,0.2276930211693264,11.982259059087315,4560.289663356181,727.2655664738309
NGC,943,199.17754613926135,-0.5081685012320443,0.22980556133377666,23.32551542740503,18754.659372008457,2833.160004816193
NGC,944,195.71619393072817,0.369262987911606,0.18214738727177895,18.933670977939336,13167.688555766235,1435.795486690299
NGC,945,149.18915088165878,-6.792945192959279,0.23251869697270458,19.2384831999655,14472.881407649204,4020.9055247241604
NGC,946,224.46505138552055,40.261885340598305,0.2298225586057474,10.340767898554446,3742.6476475542336,624.342404603909
NGC,947,175.26930543328157,-0.9693634275718422,0.1388214006855359,10.393340158713281,2896.7979542923326,9.712538389052463
NGC,948,213.52468848194343,3.1715593889744524,0.23278919716850432,14.736995697586362,8007.825600961824,2039.5668833063735
NGC,949,113.20915174000343,29.761601997356895,0.1895474585042689,16.162575525192878,10741.92789096957,2876.6938069132157
NGC,950,135.89975775401754,-3.7708870226880515,0.23479912509201634,11.112136987337387,3214.8570172428153,631.9377585482956
NGC,951,238.41077160649746,10.385997231639514,0.19523047254366768,13.559418089786856,6419.179978870633,1187.2775409740498
NGC,952,129.0903423198796,0.3442354285695218,0.2084470251684779,13.570181730147832,5547.234544784006,0.0
NGC,953,172.94582808499086,1.840930139154264,0.13086024145188818,13.718698112291996,7479.490543603214,1827.4335774510034
NGC,954,199.32144240794992,3.4410283143962586,0.13938870870663272,14.229603863548235,6401.001341216372,385.1486386383158
NGC,955,215.96314932506928,-1.8785312837116463,0.12347523823608719,12.389098043007142,4836.405107015302,843.914320796125
NGC,956,151.25045468572594,-7.426906112838607,0.18945374293480957,10.442735994357339,3483.6321464573516,1034.991750270249
NGC,957,139.2707675799931,-6.86813595536387,0.19335369935477426,15.567484845118889,8796.26704495725,1677.732186630891
NGC,958,241.54154049959234,13.0223330227601,0.21763001971700074,12.195454626128804,5200.2920457303135,991.8187824881583
NGC,959,210.76784469892004,-2.9290180031762327,0.16972532468804452,10.180557091703474,2823.906545079981,691.0109791291408
NGC,960,231.24206324767746,5.34759881676348,0.11009741713433015,15.42940993215986,9663.763358200384,2585.0111648081356
NGC,961,214.23967338046484,45.97632047084307,0.18217755335708688,16.811667976775603,13737.215878407307,5297.702537424952
NGC,962,138.35055251354154,-0.3063286047135438,0.1582499257167465,13.64424615785929,5277.627235307935,0.0
NGC,963,162.44711470762817,-2.2362696024680906,0.06701677613009634,12.73295305753906,5451.461326841464,709.1966578353489
NGC,964,168.4404627747668,-1.5728962895749963,0.057323803657610146,21.95448049781631,25421.94333161734,8117.7247390558405
NGC,965,224.39546522980223,39.29562884916919,0.19530482894913193,10.525846541509418,3340.758813168647,532.8832289675889
NGC,966,288.33392453996197,65.2382474250303,0.18695132582870377,13.396421301824752,6066.119232582344,1320.257636024315
NGC,967,207.46395522294702,50.10805169326447,0.17338882728124957,19.37615747728033,16806.69840663531,5447.111164243118
NGC,968,205.04600113462757,50.531739024747786,0.18583366830126066,12.736293733903677,6309.134606078539,1559.9246815119752
NGC,969,157.74106818215597,1.6947684625939796,0.11202941078300321,15.862629877126285,10777.364277185476,3612.190635377992
NGC,970,191.1424295090659,-2.474435734884564,0.18691610626439809,10.807777080934706,3230.078565389194,550.9778804345735
NGC,971,215.05404155652727,35.80564937530882,0.15655386073794864,13.133375373081847,4967.321300317306,726.5889704948673
NGC,972,209.01716309316282,49.1370862416009,0.19881454432077983,29.086661830862987,56473.97789916837,19473.850607935914
NGC,973,244.44167566044635,6.433656747590184,0.2319973311705102,13.676346063075647,6353.7866021333875,832.3363228651726
NGC,974,196.70071658531782,-3.9222986140646507,0.2290346361564967,16.489438246405086,8185.191125526494,229.5204189340092
NGC,975,241.60141340346,30.846907706262503,0.19343901102646874,15.57183926932734,10750.500339897733,4019.0388930956083
NGC,976,138.20889107169972,-7.22104117236982,0.1299457804598484,10.587710174966965,3944.3218249052443,1188.7603203887522
NGC,977,235.58727084374186,33.2707505899284,0.14240109586069427,26.794522966681754,46703.5907566871,17074.369063272035
NGC,978,225.57847474325752,36.71185056110405,0.13249437145266463,11.996875583292908,4968.015323558018,950.298873541735
NGC,979,265.4840893006068,16.6683695359958,0.18727803886886188,14.179250128374756,7625.931695465145,1208.9408669360334
NGC,980,116.77625011350221,24.933753432785743,0.13850081875355957,13.827889258680953,8207.337298516626,2650.766948961875
NGC,981,210.68635430522036,-2.6034744347295433,0.20876535666655688,11.44677049498338,3918.2137532295965,427.30203152428726
NGC,982,223.18568719527826,41.849911359658904,0.18099595922533623,17.611786686999512,11602.230726185147,2423.919322765891
NGC,983,109.32400337168755,38.395625564113054,0.11719425354839628,13.054985770425425,7805.313872013091,3443.31929800748
NGC,984,131.7534908171284,4.896771100143004,0.19950926691969506,10.039266937510508,3414.790046089004,765.509162127657
NGC,985,157.2015245095242,2.5594591016843298,0.18109406053006583,12.633905270648409,4900.011707142748,746.291059680048
NGC,986,183.9637904474537,-0.2430390231669338,0.1652403596607467,22.150152076820532,21362.430734844103,5592.402065393807
NGC,987,221.6652769155758,44.26762333007652,0.23436422636329343,13.53672192474583,6812.491340995351,1599.7147591273456
NGC,988,149.06854494358893,-5.918231529730131,0.07861482430608951,10.675834527806579,5023.451894390231,1888.321332028886
NGC,989,192.12701205719003,-4.210628177618323,0.17982279755763925,18.178553235370313,9979.554575285565,199.16199587192676
NGC,990,253.75376807641936,12.90021826305874,0.12758192175120642,10.860032769820595,4169.73249616756,1130.1044899758492
NGC,991,156.24154110964437,1.1825877082991694,0.1752628985336177,10.939020291606683,4253.7207373545325,1241.3295355387281
NGC,992,243.84753808344902,6.206397555500067,0.20579025972569034,17.41727804434545,9047.532026101127,0.0
NGC,993,148.2530564039924,-6.95062789886877,0.22412823462458756,14.043011613798752,6875.3021807206505,1147.2730281556355
NGC,994,133.6095606678105,-1.5280881163973297,0.050236680085689135,16.777406832722022,15104.090499303406,5655.588194646636
NGC,995,187.8244560155823,-2.6318429466280784,0.10615556295827532,10.130251499846231,3696.3304450895134,988.8897058971296
NGC,996,242.76426867056267,12.905435859272593,0.23470069873210708,10.49288028836591,3638.6602409153757,878.6729239747661
NGC,997,237.6155407028027,32.4732473170396,0.1989384338321897,13.906251685608268,6855.166479808372,1144.5730443097007
NGC,998,162.380824293894,-7.230856106293627,0.12767723410079612,13.03383181958991,5877.866904821648,934.2227434538738
NGC,999,142.75772717683267,-3.0515047624764247,0.1358285562916996,10.978053982055567,3110.011657515595,0.0
NGC,1000,246.27186793366565,4.4542293563795585,0.15940867532794784,14.605344883734888,5761.562407169144,0.0
NGC,1001,189.7394290115487,-5.92340212898364,0.17275070890863933,16.248880150548285,9662.118453942801,2192.804484907547
NGC,1002,237.20553997826534,6.843478756963276,0.23472154187706548,12.371564427298487,4656.314811891007,973.8449355263132
NGC,1003,265.61863092360096,27.150381132396106,0.11505920445985413,12.906254329994082,5502.444889978409,961.3709333483646
NGC,1004,120.84789962933117,11.879600769037879,0.18071617537619283,11.949707513253236,6055.020251026195,2553.3413102851814
NGC,1005,137.74745569552616,-1.5522422570922747,0.06244683967753542,24.584626880083054,28429.757543059502,10059.317126609954
NGC,1006,197.88557744315514,6.191004574904861,0.17502852479567582,13.980641226924803,8235.553688833917,2246.464257876921
NGC,1007,230.97387587883895,35.86578103061807,0.2343928311636431,11.270708350702304,4257.163697648907,1009.8144055794698
NGC,1008,197.02190426687946,-7.628820385300035,0.22606740239789827,14.321394136785996,8386.791573380218,2069.074313389964
NGC,1009,224.39652096956354,-0.9529997616262149,0.22297471811005665,12.697401995494896,4358.740977194933,0.0
NGC,1010,124.76671055431541,4.8962549036936025,0.10490130929315215,11.949221128616905,4948.8754323183075,1266.6599433854763
NGC,1011,197.846069874327,6.53816399763155,0.16700040729119964,11.42300452044262,4802.800311740388,1200.8295169471667
NGC,1012,208.89223881890493,1.8799413149969417,0.19529595387907647,10.453105710493151,3107.9859575524065,0.0
NGC,1013,172.66549369353933,2.4133702637404877,0.19057749811853425,10.205164531629828,3049.240598132422,366.0781182673578
NGC,1014,227.51601411866255,-4.827129880697046,0.1544549526366717,12.960021157996803,7039.888878371127,2476.820572110675
NGC,1015,167.92978969147333,1.5604046773267832,0.23452801834084722,14.168144632500313,6976.506647140902,1721.1773228467955
NGC,1016,267.2410841490367,21.701489329148412,0.2327588968479643,11.527934980988089,4989.803684952847,1327.6238390625003
NGC,1017,231.1469685754074,7.99671283922191,0.23254217911960784,12.115124675474783,5879.309601161074,2000.3999063299018
NGC,1018,231.2755934438564,7.142671460919053,0.1830297556927014,15.792022295373815,10805.401634256097,2828.379280506707
NGC,1019,220.8731022697844,1.4283825716858867,0.144068785818031,15.168465387606155,7412.007610517346,955.7196030585712
NGC,1020,292.5872830075291,66.24973135946962,0.2254915469617032,19.30972872372106,14494.62587513212,4850.48472559397
NGC,1021,175.36269195100755,-7.014644617956038,0.14709894271672008,13.97368909743512,6813.926144840246,1749.3199663787707
NGC,1022,195.60093173193135,-4.438284644060301,0.23454656472069285,15.035146693509006,9454.073248842325,2360.4379020035617
NGC,1023,234.019063431657,34.25328422921989,0.11894746427823889,15.805584517837286,10527.778557520036,3142.621867047998
NGC,1024,207.7848707220648,-3.1175539411651805,0.22470749793280886,11.615961840058327,5740.921416996316,1806.1541513756217
NGC,1025,127.11085785169134,-0.04699639638626183,0.1798609920497277,11.890855131142528,5320.959432186503,1134.5315338108376
NGC,1026,223.47934912984906,42.563291371482286,0.20005098643969887,14.567087695763066,8244.775241716268,2179.825379029159
NGC,1027,155.64393267700373,-6.7733168377321675,0.15888460407260016,10.957078935774861,4080.05589346794,799.0427581275547
NGC,1028,139.67715419456036,1.4878829648469727,0.16029805386526746,17.490409779275556,12771.301813780738,2517.6041746846154
NGC,1029,228.47194399653324,4.8438317029924525,0.23439193383355758,12.130897759326576,5434.978863381326,1505.1995153873565
NGC,1030,204.3581427480853,1.0247396983633297,0.23537691652511888,12.045962193465886,5157.090152364631,1008.6907519705582
NGC,1031,195.62076904006256,-5.3965572542660905,0.20344011041025872,15.04179466334676,7370.445889039251,170.19026009169139
NGC,1032,266.2572058860198,26.977639270389798,0.2351512594749529,10.370376095270135,3341.0022394271637,642.9057280583602
NGC,1033,235.01620536488963,33.39879883576756,0.23269795192517798,15.964135216078974,8936.901794828684,1417.5241955554995
NGC,1034,288.70534731420634,63.397955526249596,0.18288844298866422,14.046303283059279,7578.48517919303,1873.3506794441455
NGC,1035,148.9620741006838,-6.151503102127361,0.0929547819581199,11.281633653856453,5138.195068200391,1497.9533547415206
NGC,1036,135.4780764588358,-0.7980791228899421,0.23405074713185464,10.607367265821267,3221.2737384474503,457.0956113361507
NGC,1037,216.60498522757916,33.4884079059672,0.18659215629275244,23.877393660468336,25939.995204167422,7071.437610830657
NGC,1038,197.74451739080257,6.264449062494526,0.1600291307005568,10.698181542914567,4111.673925026179,1194.9441608390555
NGC,1039,115.18022712382893,22.754902803501142,0.20013484666235473,12.605969120101284,5099.27515643303,1553.3453788402187
NGC,1040,241.55682213488657,31.19467778184735,0.2033855568855082,16.570947162291127,12340.77922031433,4627.279116816011
NGC,1041,227.89072000436113,32.5819446925764,0.2088839610495143,13.679324353121686,6643.710381496659,1134.2828892568234
NGC,1042,116.91161490819049,25.66542743767941,0.1452549788425322,16.005194958709083,10160.445766800098,3017.4907638350796
NGC,1043,110.73754277036805,32.44860075375618,0.2138065671975893,17.224211464852115,12156.694861945563,3348.1689911708154
NGC,1044,247.15250329820725,0.5466413201966389,0.16139489180050073,13.08427076599583,5608.0050087424215,1343.2991869117516
NGC,1045,274.74662932152825,42.49579529331865,0.16194548063269207,10.593116584414691,3907.431945942688,1359.7684812116836
NGC,1046,221.58579520500768,43.54959764350805,0.200405443569962,11.278042723759313,3586.683111340455,150.59099502509832
NGC,1047,116.38295711259013,24.50781492336319,0.09966213667312135,10.505451177730727,4991.632295305256,1908.4765664113647
NGC,1048,214.49783361531428,-1.4310269063123493,0.14334227157718826,16.45124549004001,9349.207694193286,885.5321683971245
NGC,1049,248.61308752675512,8.731869849551437,0.12225887893558621,11.964560550772642,4754.093252921551,796.7001584173357
NGC,1050,227.98733254713747,33.521517126568966,0.12640650612564616,17.700111558271352,14100.939242928065,3661.049417727145
NGC,1051,288.2508480623362,61.2152872932045,0.1884846816149838,15.767127624619238,10437.374827007874,3666.145197071429
NGC,1052,111.16670688477045,36.36475374406709,0.19385236625408458,11.331594343069765,4759.6002840004,1044.324400093444
NGC,1053,136.76657007626468,-6.012152137474757,0.15387563309790384,13.049467389117162,5164.383581667303,680.7919255672151
NGC,1054,141.79297610087536,-7.1964664854340485,0.19375273963178372,11.858735214500312,4000.6315366515955,865.2545900799701
NGC,1055,228.23599210355968,-5.208330134270367,0.21868888358240648,12.06880483636451,5379.0237873207225,1419.6795323832175
NGC,1056,215.7874557590427,6.438391207278285,0.21210962349364396,11.236750170931984,5099.660770050735,1723.745092808158
NGC,1057,215.4423718961477,7.19963013966335,0.20632468067484586,11.531501277031227,6329.703077700762,2881.785582104813
NGC,1058,200.06428199276732,0.5158821246979551,0.04044107737593776,12.14988733706699,7143.548114177429,2987.1898302117247
NGC,1059,114.51042585527888,26.891662513422276,0.1516817450753023,13.463221158346883,5843.186932840598,892.2495968275243
NGC,1060,222.839578330098,2.4697861383521147,0.1434609267909313,11.223917802155144,4521.709825166263,1313.7167035726623
NGC,1061,112.19873510727972,30.996717376422062,0.15509424717036072,22.555353910920083,29587.92721594654,10392.45683143541
NGC,1062,165.0631109066789,0.8603912039766635,0.09222649736794829,15.577775097030445,9640.996320638254,2408.894356046302
NGC,1063,203.08584249184176,1.7665343414624444,0.23410242991424848,11.40076989719542,4383.728001239207,821.2752395020236
NGC,1064,110.19664219897095,39.30838215403493,0.213097587005327,12.280303045143315,6652.769756349105,1945.923454199098
NGC,1065,220.7209519668533,43.572806613697985,0.2343123556311059,11.500294378985869,5154.117023804168,551.3155340237009
NGC,1066,239.18912519196232,11.381612497118626,0.19975867334702,10.155286605174807,3231.2920488122286,476.6695774393627
NGC,1067,236.8506103792716,7.476279805155348,0.22929895401836461,13.446223900390683,5330.539798533483,20.02993303458164
NGC,1068,209.29115518684588,5.671305043688189,0.1399107737535965,14.712701473149304,6782.959523092306,980.73697657272
NGC,1069,114.81456820174513,27.47364522192846,0.12785341490111293,20.28360612000881,23169.10803079952,8057.991434103852
NGC,1070,208.47119004845365,5.861310691093734,0.13129048572288202,16.518662392216136,10038.900209023843,1521.9852095609967
NGC,1071,263.4702209296138,26.74486230373918,0.19505754288485816,10.533124746197883,4607.468615340232,1470.0020260026934
NGC,1072,230.03748703052153,-0.4285262298018508,0.12577611620264753,12.261904680373013,4554.319944148356,584.0421416310644
NGC,1073,220.80285085658574,-1.7218082936490169,0.07988090746162314,11.168847806932797,4330.635011030901,818.2206250825268
NGC,1074,270.6614259172709,37.862716826361314,0.1579583251110297,13.122991418695431,6417.481750315871,1544.569721381139
NGC,1075,203.3127144731909,3.6811947113329584,0.23421734792794283,12.874867280345612,5381.512812303387,813.6382641243865
NGC,1076,165.68530662942095,3.837397878057381,0.2160939039898277,10.248121194812983,3191.4459990672594,942.1661689548521
NGC,1077,287.72303779021865,62.019523990072784,0.16148033779306414,15.903179942960808,11278.673356754434,3820.6031938724104
NGC,1078,250.1438782549346,3.1672809739292402,0.0815152789083238,14.637753841034783,7648.2857745330375,2108.159709184478
NGC,1079,200.56054345628257,2.8380798927082354,0.2219173144364328,13.336661989157319,4791.758090908318,0.0
NGC,1080,217.0254340243222,-2.250973408398812,0.13534775809309915,17.76648229077074,10657.839397826549,2000.8886192925795
NGC,1081,234.61059089691497,30.423953837005016,0.181736466173318,10.056138476419367,3722.0612620649076,1199.7337409785519
NGC,1082,267.3525156917339,28.663801717279814,0.10406438600075739,21.22825042958165,20820.107101374848,5836.848772046444
NGC,1083,265.8318231978446,28.626682144197723,0.17531136263425323,20.60077682341579,15444.311612989259,2604.2986897332166
NGC,1084,225.63128722821654,36.813462263070384,0.1593984487044893,14.446256901333378,7818.971503969214,1609.8704509631762
NGC,1085,245.11255164222467,7.184196301833109,0.20336852944887002,10.026500778155055,2922.047463621359,0.0
NGC,1086,245.35537740625279,10.29319473926505,0.1780313163399405,12.081402171213531,4512.22738215173,491.0348687092154
NGC,1087,216.83992569640094,-1.6204541109654373,0.12837020716184178,12.172292056650036,4323.268621631593,310.9558315905034
NGC,1088,160.71531447029096,-3.171090784167098,0.045840875384697784,16.053011413094175,11251.125327953452,4147.138773684427
NGC,1089,232.8500060367017,38.35677447128029,0.2199654714480058,11.599836308646479,6192.053973209213,2367.596572353102
NGC,1090,233.94538508218625,6.660855971006328,0.23386127813825897,10.43770738391957,3643.3980653968683,796.0751233501381
NGC,1091,245.24441913849796,8.437009370214973,0.23427305505651608,13.221911961738497,6508.975910581104,1364.5861482258106
NGC,1092,127.13477936374464,6.19928658832081,0.2015289401360187,11.873187356079814,5051.929296752131,1031.820431404599
NGC,1093,240.62724513999788,31.407277905313506,0.2223052439256109,11.010968539978053,3984.746871162051,897.0985717336072
NGC,1094,220.5276818420686,45.89303700674488,0.23387150809668764,12.380283525168885,6829.047146537965,2272.7799165862425
NGC,1095,230.16150343241927,34.01174870906542,0.10405976659036266,23.781640091383746,32162.956183749244,11147.210106176202
NGC,1096,110.64473831834712,35.568872306899415,0.2334049304571786,16.70910058581977,12088.30453803014,3792.442469015133
NGC,1097,173.0488272068554,-5.866961994725683,0.23439781136264792,14.32551383844212,7960.754270437405,1607.6752551674556
NGC,1098,102.99059905811202,68.36883191591231,0.13891574882920257,15.137569630977133,9890.72172997447,3084.9577077923623
NGC,1099,131.37091670261543,-6.477991569001838,0.18143830198608255,13.696429246322957,7703.509414313777,1836.7957314336804
NGC,1100,266.2156969457468,32.251679428205634,0.17278130763042163,12.388458703107377,5931.429967123167,1130.5441136668026
NGC,1101,177.10786803357217,-3.2092288632503885,0.1399416098843869,16.689880080620703,8410.404491020992,573.1383463299043
NGC,1102,135.08857400304677,0.5968790393527373,0.20243977432711444,12.137263428905888,4610.496612957687,0.0
NGC,1103,244.75117041157228,10.614271015793731,0.23221049175213362,11.53616138324955,4388.5724515782695,649.0105232913041
NGC,1104,144.38922590515307,-4.15879007243208,0.14866589813514222,14.714578842699114,6334.4897595156435,39.62718508155011
NGC,1105,236.96680896944204,31.724589771090205,0.2336413442563106,11.760486011422701,5278.907144540238,1842.8370734266423
NGC,1106,174.578929662791,-5.998894714891005,0.09473198166395526,10.16276795757733,3647.0592413498707,842.1263928100195
NGC,1107,172.15173045590797,-7.469103685442178,0.23132665179537207,16.110979618253666,9403.275436041531,1924.01736444018
NGC,1108,242.02202612339482,30.218597712446897,0.22357114254829286,11.133658043356524,4368.7991356512775,1298.4479708470099
NGC,1109,101.19690048937609,67.20498470879896,0.13219790555772498,15.02886189812332,9875.73722863375,3090.4338784403826
NGC,1110,190.12978560692164,-6.982458996334933,0.18277747214218962,16.788867694038803,11741.551832855192,3120.5595552235154
NGC,1111,271.89942948038555,33.2848144695146,0.2326232248614108,10.511532857167486,4251.092912705273,1065.0029463778349
NGC,1112,174.90704912733565,1.8707668827022996,0.2354594187986168,12.115870971791546,6271.451348831453,1856.577940052104
NGC,1113,208.69969231169537,50.208744415726464,0.14088844650660753,10.720031559595462,4490.883519585779,1390.5105572903892
NGC,1114,109.4646710968491,38.29948494542247,0.20066385521600655,21.007974560798505,22043.63317401111,8003.617837052096
NGC,1115,178.30748942729295,-1.1014310350242968,0.09885338562737887,18.301001718335204,14823.003764936415,4496.750785435503
NGC,1116,227.63409584536706,-3.3401916362356245,0.0944988010240082,10.146492561597789,4829.247025469323,1575.3804999271783
NGC,1117,267.6168990482946,24.59625670459159,0.11722541989240745,11.770622456073687,4431.482765209965,794.3425336786448
NGC,1118,178.63021384271997,0.04385267363742878,0.1738256616030037,16.55051883696612,8832.878197769645,1301.0290688689586
NGC,1119,153.3232865178101,-5.575210325977366,0.12571624465520953,10.97397116520996,3939.383943115126,810.0176443340314
NGC,1120,184.7892820819313,-0.8691878853247106,0.09166812466358383,11.721114561439501,5996.296068798737,2698.9389964062966
NGC,1121,176.99517181652854,-7.573896171159379,0.1825995507650878,10.068940484445681,3557.967343509866,1108.7122686489988
NGC,1122,202.47624558928325,-5.194236804172934,0.23142784921233775,12.069822723878046,5187.5092834565585,1774.0852044685175
NGC,1123,288.0320128500125,61.21278829312066,0.1989474193816553,13.910255792362504,7121.428315557216,2185.086239407941
NGC,1124,289.4343095650063,64.13550163148479,0.16693328806445437,10.464433078129776,3613.4407594958534,550.0830716400781
NGC,1125,200.62976377218965,-4.500892215872144,0.23623045898910797,10.56306524556908,5490.545618882228,1748.6089173391722
NGC,1126,262.3586075715706,21.006427148112593,0.08899844573467602,11.647689860210015,4679.615340238187,989.2390081028894
NGC,1127,176.3530034362298,-4.741587508085619,0.0986544888050233,11.922213901659546,5034.181756265818,1124.1975809138705
NGC,1128,222.01549243697755,44.1695257992579,0.22822019452966202,11.249434461408216,4361.656006231147,490.9344605527629
NGC,1129,208.11509026470634,-2.884676172249298,0.20547378146026724,12.7010756758991,6002.566085267778,1323.1165164692447
NGC,1130,108.77144932362883,39.52661960141132,0.21953527484326715,10.908660147635583,3947.439802071473,1272.5515060163664
NGC,1131,155.98162611218666,-4.1875613989965474,0.21001309616893368,13.176667758922063,4932.565155459695,0.0
NGC,1132,102.25455505734998,67.47009103140613,0.12281204012005575,17.83536066094808,17720.656183687955,6833.705291658095
NGC,1133,273.8295602917639,37.86451109759841,0.23424656623680296,13.990420011789302,7245.898190555046,2011.8329418518072
NGC,1134,173.25852821046976,-1.8880996155338623,0.06979839354895913,20.662932006812202,22152.931845647785,6234.246250546197
NGC,1135,261.95167594786216,17.480075912623604,0.054243964066324216,12.666867836841762,7006.724343806404,2723.871320054977
NGC,1136,239.7388235562551,33.13404591419919,0.1961314979659281,15.261855002531872,9905.783200155416,2485.645178214813
NGC,1137,146.87637372571072,-2.0570163985479875,0.20611667556888333,12.770710227728037,5190.62630874913,868.1900998671529
NGC,1138,288.1362296901717,62.588148291007016,0.15161559304676278,14.45247142382653,10544.344680533148,4362.6830189528255
NGC,1139,166.11207639138226,3.118102776122075,0.15276503000889,10.631554680701328,4614.1121420931095,1371.9379150492773
NGC,1140,272.9029813079452,35.31493959157701,0.23473034535063475,10.891773324716732,3565.3430867224743,871.6953577455479
NGC,1141,240.11441900654881,6.652909205227332,0.03541780535219729,10.244417753024637,5016.3413014759935,1960.5549733303517
NGC,1142,266.94771797205453,26.161856610124897,0.05914704157334227,14.30907299316417,10755.992261891408,3885.7873861683543
NGC,1143,243.28039875943782,8.579954751859695,0.23416248446217097,16.264501804502853,10771.894120717114,2077.8793577854813
NGC,1144,203.13506988983008,4.350249300420309,0.17827431682625086,13.195522665930243,6461.4580488657175,1421.7903873350672
NGC,1145,170.75213419377403,-6.803999195120055,0.23536993163696787,11.217269881163823,4806.0327590083025,1708.8931972006158
NGC,1146,259.67078341158054,9.50872511060854,0.20172686113035304,13.883906204523356,6523.131504127137,1692.420482881325
NGC,1147,241.64889915597016,31.933079618226625,0.22657685181340217,13.482925809600344,7298.650288989869,1646.2353734465687
NGC,1148,193.26149430008445,-2.3896038632718337,0.18348534080276308,10.31744361443072,2979.3079135072862,38.09905009498042
NGC,1149,198.0339990145508,6.114565499280986,0.14245118180160662,10.3069842268198,3544.305708482957,929.6843726946001
NGC,1150,213.38030377763317,-2.2691169972018046,0.1323318447697362,12.526099724287459,5346.737219474509,802.3772247242572
NGC,1151,227.14481232547024,-5.4109358226497974,0.21502614953666613,14.213561403612006,7754.970669907656,1999.0266542470006
NGC,1152,185.56179816266072,0.4809665755458391,0.15457527062932463,10.86131575170477,4184.376934190505,836.7079613437987
NGC,1153,274.58750700019124,40.77612483479544,0.13563652945636806,11.949387857012207,5132.877008929118,1292.1546591090894
NGC,1154,239.4281292765349,32.86837616705995,0.2207299289407894,12.499348890702445,4824.986219742151,1009.8683443665586
NGC,1155,287.94880853592144,62.469345087030064,0.17429048403522673,13.900614854283955,7214.214337395926,1672.9127887803872
NGC,1156,171.7984855850076,-3.3604449604294993,0.10168590322256198,16.306140943835068,8673.537481429592,927.8664771385232
NGC,1157,198.0394888305801,5.355827804645986,0.10998332567275262,10.023428777501225,3751.6378095075997,1009.9641583424919
NGC,1158,121.78574276461444,8.514427108064082,0.23419585752948419,10.478299997963468,4051.5398364141356,1296.1604749849898
NGC,1159,227.77373628946296,-4.8239630679034295,0.12698706134039922,10.437563169915068,5153.372154424854,2031.0144197852317
NGC,1160,289.42251819876606,64.8386262662227,0.130413021100381,11.904201270814447,5917.986911928328,2386.928923027849
NGC,1161,214.10714123539987,38.27507733325202,0.15868271543953685,11.026694886901216,3768.105531255788,485.2513964822776
NGC,1162,134.11092354492067,0.7818667305644772,0.19710932710392573,10.663379461047281,3761.450758816526,0.0
NGC,1163,110.42182610793715,35.63014004638762,0.2114224370849692,24.644941069887253,28954.959993763856,8098.685060441549
NGC,1164,238.205201725,1.1056907396428464,0.2109914093959291,10.244997725247284,2718.186771844983,12.821563510397159
NGC,1165,198.57663698468264,6.473585289089465,0.23397750911003176,11.227572668794933,5068.723229732166,1351.848147036254
NGC,1166,199.54817294729494,-3.398874213567104,0.18283102642473595,11.228784025573999,3504.620713051172,223.03737359202503
NGC,1167,237.80419890912972,32.901509808296105,0.12103679776528008,11.524422817270814,5648.608135558535,1671.1928039936236
NGC,1168,212.8521402534146,46.479512618321415,0.1463007149019958,11.999175922902808,6131.111976857118,2400.077114586899
NGC,1169,216.6608105944155,5.449666234835361,0.23362162019525906,10.783423420618572,4150.724595484387,1143.2612185216492
NGC,1170,233.75721457140273,31.872341477533407,0.20347780425356596,11.283680022138478,4457.460870713621,851.5985861611666
NGC,1171,239.5034583698137,3.6354257241680905,0.199237906915919,10.262550684967517,2705.6975023794757,0.0
NGC,1172,196.443653845446,4.984146061358478,0.10382024693747902,14.192409324000417,8921.10831438517,3302.752044456178
NGC,1173,204.11505857936984,49.592837389441115,0.1802941550473163,10.486376586686987,4200.068118797888,1332.4492827429683
NGC,1174,196.96617275941216,-5.822666257150178,0.23423316467136018,10.98646195481542,4284.3406754256,1027.25899714922
NGC,1175,212.63631916227175,40.2154993688425,0.16098627121810122,11.912813781882482,6344.183381061332,1994.8311615854525
NGC,1176,217.6063408323793,46.02524636663118,0.17929076873937083,12.555488938858089,5173.577998978505,1222.7489572939378
NGC,1177,241.58315632248392,30.569909896746427,0.23253415607707162,11.56544676699886,5041.968734674896,1491.79811270504
NGC,1178,115.87684845835639,26.201413652951796,0.09015542755853163,12.756848505523992,6949.009848374748,2752.4226271497637
NGC,1179,111.73945517787972,31.460375757837433,0.11398665691629536,10.882349605384704,5574.016775678995,2466.012312061242
NGC,1180,238.57088682486574,32.33187114616226,0.2289796665991399,10.120716084794436,3851.6328611695435,581.4429096096462
NGC,1181,213.37260607423238,39.88295051887951,0.13851116149996825,12.714021239300624,7271.445991939476,2323.6792616082826
NGC,1182,288.49539639130285,65.81255996793614,0.16554456802046555,10.719208086162137,3832.1548227682933,1050.776611472144
NGC,1183,273.56045912497405,41.362768780255756,0.2346393992867146,10.099366991060492,3641.311250995645,1023.8176174027494
NGC,1184,174.7192711540321,-5.263575556321273,0.10559853680360466,10.322313153803908,3459.343911354031,101.12569300623075
NGC,1185,141.30480422223962,-7.734908618614976,0.23316596636837508,13.670706083122656,6346.670847805378,1590.2431812344369
NGC,1186,232.8504751376561,3.5448659018680035,0.07977693880058244,12.172292446997993,4513.148661182489,282.7389695842452
NGC,1187,216.64601839635878,45.84975450308023,0.12884666460456304,12.533387707854251,6753.872844023559,2207.2872502967844
NGC,1188,230.9709901080881,2.44223382507012,0.034287096582584234,10.633693287557504,4536.031590999334,1735.7731694699567
NGC,1189,207.93715430202062,5.0616486811937325,0.07225025434274127,11.65683388555165,4358.120474654597,1216.7455628716305
NGC,1190,212.9273325437992,2.092106545327031,0.07959666913388923,10.349221999634086,3013.089645478286,413.74399123319705
NGC,1191,203.09977028850474,3.8696671623109635,0.13804998075314193,13.553872663824077,7418.743692000258,1261.3021310340569
NGC,1192,220.7395106220835,40.683884354161876,0.21647188998796774,10.208104463145359,2773.876855816344,0.0
NGC,1193,241.6452665656611,31.818569392769454,0.1687290628343658,10.319312481792787,4403.288493614703,1650.727844119532
NGC,1194,271.9658594327683,36.594797172071296,0.062265125927517456,10.003920335323391,4715.337000393107,2003.4269476533711
NGC,1195,96.87781295051155,61.43361488819598,0.18086011011316763,10.239965074329922,5128.691765197153,2299.574383844564
NGC,1196,258.9282667181663,20.630512909414406,0.17434592148257433,10.811441329032522,4517.694061768904,1322.5938549869074
NGC,1197,265.84040620657186,29.48544491965665,0.12514831484508587,10.081772196017514,3100.971809292445,663.4798137411817
NGC,1198,231.40382823958512,7.202180903126691,0.1765187282344074,11.315527188013704,4490.446344358367,923.6296147216921
NGC,1199,184.7148186196506,-0.4721215003474688,0.11239339050330885,14.956762362803257,8841.164389225623,2990.1409913594425
NGC,1200,291.8484125223526,67.35489036161373,0.1999425508219566,12.190799059739136,5654.745745492185,1861.576354425982
NGC,1201,185.0032706169116,-0.14616910221536736,0.1026714299901971,11.79632105690097,5624.979230652166,2308.1026973233097
NGC,1202,203.75189869115314,-0.2798178179822784,0.08090066881764307,13.773392506213598,5857.917701537382,698.028014202996
NGC,1203,235.1174727231852,30.355778239464755,0.17529074422821,10.09041532895613,3599.429257662125,1106.9771543730853
NGC,1204,229.58894485286788,3.689397209811202,0.09084662240239942,10.284714949894195,3358.865719415078,465.7188156960245
NGC,1205,126.7960337064922,3.162707199780453,0.07980587499407434,14.608546991635437,9328.888040604059,2698.5151544346927
NGC,1206,156.88499180864906,-5.198470452945123,0.061451086690130545,11.449623296409376,5910.75415092816,1614.799471453699
NGC,1207,264.99550472241117,26.651314351923517,0.1313662656473002,13.878606534547778,7105.00805165324,1258.2598347954154
NGC,1208,215.325513574487,7.512238499873104,0.231462187357472,10.501462408514728,4614.233482763244,1503.0302493037798
NGC,1209,206.89439837380792,6.434571320490366,0.13938847316576436,15.376416035215888,8685.93965372461,1708.0033709872112
NGC,1210,144.20038965867914,0.7618347565356074,0.14778400565709288,11.545673686063186,4409.832061593295,981.3417280822807
NGC,1211,174.875373748728,-7.4506939406592085,0.10313324549741003,10.486969337910871,3689.2071674651334,1235.8487995342546
NGC,1212,241.1810741606956,7.9674762471180935,0.2309496658231505,12.488822212400395,5087.679606727172,392.8278956587066
NGC,1213,110.01274296749546,36.05213395380485,0.1359367516189577,13.803371283973819,7529.770462780633,2382.3991764555844
NGC,1214,273.26938450968544,39.66953007884094,0.10479596672337427,10.238010367336889,4676.9413758534,1803.0079062320622
NGC,1215,173.29169053608433,-5.08525268547155,0.2265777864337258,16.170513857609205,7074.348465591028,0.0
NGC,1216,232.8636271939069,36.96195468219793,0.23107562469127335,16.75097073680325,12396.206938514759,3815.216785979246
NGC,1217,114.95557283843073,27.302981714966705,0.09877318640534404,13.98822045088618,8328.914998655746,2950.241075257452
NGC,1218,234.833019816346,31.940695682658358,0.11401465352957954,11.638590299193114,5047.0413487725355,1566.5611422985037
NGC,1219,291.0096443420918,65.55911830697777,0.17505619644862885,15.73912735299831,8881.026947823171,2235.673429351329
NGC,1220,233.5474380717758,33.70561635662303,0.06090156777546285,10.929990847192792,5541.159860413664,2216.9090195591534
NGC,1221,120.62922990659608,11.394658192386418,0.19948535552254187,11.98124957663221,4933.986804878494,1372.1632300193783
NGC,1222,264.8912309074471,23.456695219058812,0.13635888701165422,12.123388962089722,4320.866753847833,480.02279782841975
NGC,1223,109.78395155020614,36.9935376935409,0.1264855552173738,16.319880702913704,14273.90656857775,6102.875154676649
NGC,1224,274.54373630083546,42.72700770378591,0.22657457427476635,19.000817139500285,15313.098294950289,4766.939286313216
NGC,1225,220.27997596313068,-0.14810574314821426,0.054262847700847716,10.542238350575742,4451.965216165031,1552.0787712539554
NGC,1226,223.22126670395517,43.23446266923585,0.2253675787434399,12.074010100909023,4953.742551260925,934.0150056261535
NGC,1227,207.3290735655918,50.219597596658076,0.1130591969008726,13.099207257686965,8498.21160369599,3712.162700587229
NGC,1228,236.26241258765378,33.03406524672656,0.07777476105217633,10.234515005793817,5224.832930195311,2017.9759186338629
NGC,1229,240.11615373795706,32.8016304728802,0.22748891978194044,11.256479243589784,3808.1219541477267,424.6824364004191
NGC,1230,216.6852477947806,33.66421522458122,0.1255254879568905,13.71778714031622,7020.5034107891715,2047.328434663532
NGC,1231,208.04951602161515,6.764404048966859,0.1224262258811078,15.499640952601823,9558.507525928022,2202.5353583970905
NGC,1232,197.28081472134534,0.6411452463061708,0.18003670208367428,10.99140724559161,3097.673102429428,0.0
NGC,1233,109.13091999131959,35.09600199269449,0.19580824482839726,10.320651161125427,3656.267909768815,1128.133344339241
NGC,1234,194.77714349499348,3.6020545625585654,0.232111455694113,11.608256684359054,4118.486129410009,617.0619076538684
NGC,1235,189.63492321299452,-4.43974614056417,0.18281226148651816,11.858474750216002,4560.624836450089,126.38814665659086
NGC,1236,240.54446328934054,12.790221415583098,0.20639045710365564,12.696641987150338,6545.952134092416,1593.2722975596491
NGC,1237,205.70716544014044,50.28610060034704,0.16462537060381507,13.356790299608148,6406.106043951665,2004.8301188091245
NGC,1238,156.51638423836144,3.7160648187023497,0.18675964448776855,12.631529688505436,6791.399905624705,2201.7293877004995
NGC,1239,205.1483956894895,-2.343735290362148,0.2355116496500384,10.711259341450939,3498.4747242301323,1061.7446506345236
NGC,1240,101.67745527499943,65.62614227542365,0.20894271388864863,11.97894178308624,4752.37190218887,984.7769142259233
NGC,1241,156.71739942999602,4.063992280599654,0.20097441515718026,10.262555617984399,3558.076161033012,973.7848770332195
NGC,1242,223.8061804327806,33.5440361075569,0.1579269249278121,10.38552531110915,4600.778453781684,788.8766761664119
NGC,1243,123.28594318153148,7.507150498257585,0.09101692578236667,12.660136165758264,9773.494568887912,4037.0742620858173
NGC,1244,156.64728167268387,3.844483647203998,0.1482707929495168,10.551704786769992,4120.764756355751,1345.7194684498618
NGC,1245,100.91595910507884,67.11190116738709,0.10468997804697906,16.051884396378497,13819.672757998467,5544.580614694136
NGC,1246,107.45649653608749,68.44587590498939,0.11349878837260048,10.558141150175716,4774.302288388555,1735.9800097957054
NGC,1247,123.32073814040798,7.753463289048538,0.10459525483126646,12.489794252504554,7186.795294720688,2564.326157180177
NGC,1248,247.7670292868066,9.95003111030673,0.14211337132122243,10.068953730774108,3238.294369837418,606.7754382816283
NGC,1249,240.3955430707795,32.29500061079609,0.10397509542756264,11.192926239251477,6119.522493811032,2780.8584496790904
NGC,1250,102.22109525282589,67.35046559318893,0.0816195504075986,11.875196097013674,7121.533070134283,3206.7313840327697
NGC,1251,274.6172787917753,39.99093690402454,0.2364388459479387,10.310438242685642,4276.990016539494,1447.6972070036625
NGC,1252,211.5573608139298,40.893650310614696,0.20777634151841234,10.260588397369053,3808.25126565621,1249.3873767950674
NGC,1253,171.52121339419298,-2.409025003313763,0.03871856902708792,10.237527234518838,3774.1065967270215,1455.3303971706052
NGC,1254,136.04419930095509,3.6272417879581487,0.19605537603532378,10.144463285070294,3766.150203585254,769.3848385614771
NGC,1255,115.61428317112102,26.390593390076045,0.17856458209072326,39.82798245376428,97073.2608989214,35199.090616748224
NGC,1256,100.64502742024033,67.05425520543417,0.17740908962487006,42.91416392807694,145500.08243250303,57299.74786247337
NGC,1257,219.8014522901711,38.96150142978994,0.10956603027446861,41.821861900216255,113789.30762557371,38632.37121420821
SGC,0,322.74670497470964,-0.28265857168214764,0.1927536207711943,31.85646668700518,43439.10291050784,8305.553698025604
SGC,1,62.37110435401716,-2.775205936785424,0.23319270899085917,16.02643362500181,8622.115869619221,2022.3041049370127
SGC,2,311.66975646057244,1.4010800414245272,0.15821770644341066,28.759821856428236,33524.636755188796,6592.493192499182
SGC,3,61.96285397529084,-4.634759839620403,0.1997300122742937,27.676475491604826,30057.405646271378,4980.271575888731
SGC,4,323.50218965293095,3.9090413570512133,0.21179105688222652,16.767564918292923,10830.233109957793,1903.9383108119096
SGC,5,312.4485331108136,0.4649156743580166,0.23118019198415435,16.80429574593227,11296.765864989073,1295.1404851793025
SGC,6,67.76899675456724,-5.198479597476292,0.23098452893871024,21.807391055999286,19831.721939500338,4656.82855387479
SGC,7,322.30391337988624,1.127990563093328,0.19456847829042065,36.893207284856814,63639.705495654256,12813.1722536584
SGC,8,61.17427853287166,-2.704986055825206,0.22043570242918056,17.58646790756081,10874.630804998571,2154.9095416935684
SGC,9,313.1984247868307,3.5275247252816087,0.18197045773918202,33.99064159797712,45397.597303335475,6805.175530988218
SGC,10,309.8831210448237,-4.409016239715368,0.18921051210332043,16.665937205858746,13691.61570998194,4910.769412689767
SGC,11,312.18659155347984,-0.8341674660341468,0.20716168848098782,26.888482562612964,23539.522292479767,2043.517149714717
SGC,12,58.9459265811941,-4.9257819525038204,0.19926320115381427,18.464967543218656,13057.567016842422,2679.195382045486
SGC,13,60.537238482857404,-3.248524622247439,0.23141454282829316,22.767946613763147,22711.56407005593,6188.426419423851
SGC,14,324.28271044738403,1.1318247018586918,0.2077741254951652,18.756813916316343,11883.079390992318,1554.8794744291956
SGC,15,323.24923919818116,-1.3627883431108863,0.2116831307780513,17.430264359159995,11547.870793371594,2328.6344772506204
SGC,16,314.18399412861663,3.6837834110960244,0.21132256629627574,19.235792147857506,12953.259714771852,633.966440627503
SGC,17,54.935009229073806,-0.7393110628268496,0.22439395105748236,13.470288264416844,6638.782217211601,2115.5537963099455
SGC,18,59.39039442822301,-5.479466277450094,0.2202391120682369,15.17311139227145,9314.928143210322,1700.6494800890446
SGC,19,313.7910103257749,6.556140654387108,0.23071592022446047,22.99787857990625,21833.11836272733,5568.357524932373
SGC,20,60.966854814440794,-4.542412778777906,0.20358346352592843,35.25740019601805,58003.02022579232,11182.22865885791
SGC,21,66.76532770992685,-3.1834573120134553,0.14650846681167604,15.882543946963928,7226.188248863066,195.6571552794933
SGC,22,67.86241058368336,-3.967264009778915,0.21658439957609812,21.976793633772363,17927.087641240585,1481.6477253634537
SGC,23,319.94341450381256,1.7416720609227416,0.1757970272944086,31.18505301323227,39429.61132488109,6363.712272349711
SGC,24,310.0609375520762,1.957854695653628,0.20962518798779115,21.34135024964629,17520.820674820876,3994.5164111983945
SGC,25,310.2170312370141,0.46180457450403584,0.23067759226036497,22.85688160365072,22360.160003606285,5846.605033641823
SGC,26,312.07205752861324,2.0524474942771755,0.2223473160327691,21.46751701987183,15340.419618065996,61.28093798501807
SGC,27,55.25196516762685,-1.1095577498156903,0.22755073092263464,17.049589750235786,12823.886313168974,4784.238095622419
SGC,28,69.76634438577393,-1.2582888460275585,0.22555912018601268,19.050588973584976,12336.339443950117,1303.467102138478
SGC,29,68.30964682593877,-4.532073777493952,0.19789559689851352,24.953047289035347,24265.266011020514,3310.976619999776
SGC,30,67.85572438102194,-1.2239891497712416,0.2108412002732469,23.686574104732017,18469.774461471647,2371.5666568038077
SGC,31,62.98083601183273,-5.120155194973263,0.23451547017582877,13.273817236197981,5707.661289194328,1316.9107967580546
SGC,32,68.15986999089672,0.02298064209000931,0.23078988909189413,18.066631120089692,13907.743242776003,4354.517495105211
SGC,33,318.3990653549215,-2.8164447909966897,0.20283058918090344,19.17632620593512,14526.910334586175,3521.9144222757463
SGC,34,56.42299723751178,-2.747836494529499,0.2213064632903637,16.557415936847498,11582.502799167474,3444.641168508919
SGC,35,316.77151294249325,-1.5649454187026008,0.19044537065943146,18.397446265695713,10547.11811710123,488.5688815651482
SGC,36,65.94300704564264,-3.7922828716235633,0.12282465998305465,13.834416598512208,6751.931889416114,717.965965681435
SGC,37,311.745271750132,0.010081169702329333,0.14195083629983396,20.991451214837998,18533.540130814556,3203.5181458015513
SGC,38,71.00746984518477,-1.628942226699597,0.228333649967029,25.56466857227328,31100.014719478466,9505.683075289347
SGC,39,313.63701438546354,6.355321228387272,0.2181598662944778,38.30207427378833,88368.71358183528,22293.66096569022
SGC,40,68.6041079473841,-5.9247224523073925,0.23546525701302407,12.49265631929829,7060.099116822889,2037.1993140665143
SGC,41,64.21102130131669,-2.5162290287471896,0.171090793073612,15.02956101814943,6910.174758004932,182.4161906734756
SGC,42,61.219940823080364,-5.760206514597883,0.13991850517521734,18.293318694473122,13776.017613135276,3849.7600044866936
SGC,43,52.60180665748281,-0.5295129591449133,0.23178680020361633,15.68673772060216,11073.06420143075,4573.490870938353
SGC,44,318.41366593868963,-0.8057058117594585,0.21084797151138227,11.795826697690998,4178.368376466993,0.0
SGC,45,56.22764138869396,-2.06356966725298,0.17470625835558548,12.860369679782059,6806.037942662027,2731.410188934247
SGC,46,314.49343878596653,2.928507627154697,0.09919726562254016,14.597773352352574,8874.787320853353,2430.638067324853
SGC,47,56.805680130814665,-2.9610754339881447,0.19880069947800702,14.777407210447405,7931.546782502379,2233.232405312341
SGC,48,65.69601501429005,-0.7124349761193575,0.20950741450485644,17.762876388830446,12258.0046719862,2047.2617684536829
SGC,49,319.273537892655,-1.973827217681856,0.21382723372120477,30.78662767619287,44465.55780329894,8196.371858788174
SGC,50,316.4639546094122,-2.1875971733547988,0.20493399705642454,16.326553494934696,9193.74824683737,1003.2808142638656
SGC,51,314.6793639937938,6.8418102403587895,0.199460337941033,17.845952249460844,12864.073277379988,2815.504214952676
SGC,52,309.7761840148113,0.11651317747805903,0.1966955465090934,13.657758307467727,5818.18366273239,786.9924847217608
SGC,53,324.39102687716303,-0.04482831782042851,0.21870212636087952,27.13727083990561,33976.25907862712,7723.104241902538
SGC,54,309.5012912737127,-0.9765101979257529,0.2126230046048893,15.1447009382226,8817.69053212956,2221.568032949421
SGC,55,313.6115394010742,5.1541836375084,0.10942421103107312,14.90499806979738,8997.296458714904,2817.073133593811
SGC,56,68.92502758707616,-3.471225968532469,0.11536414009304351,14.98976329573748,9503.83902210807,3019.006229063506
SGC,57,60.48816411592194,-5.7527187947648395,0.22951335300018527,27.398278528837466,35758.17286129547,10620.518118213015
SGC,58,53.22573306769721,-0.7925844975326986,0.19601547804264544,10.370490223694075,3714.4430408065796,1353.2948167103073
SGC,59,314.10440858476653,6.737126791935669,0.17430278109258304,18.302466146650392,15043.179717221996,4119.815330639534
SGC,60,65.62560368647647,-2.590205964168673,0.07964870969731914,11.56063334714719,4863.866861922935,1603.9756075302685
SGC,61,67.41006177986831,-2.1281563929093648,0.1457006046330795,34.92422856290614,65625.44908157262,17461.103418145514
SGC,62,312.34720303476433,4.951459302206657,0.22375149828402072,14.23048769490507,6180.275097742779,359.46206967487893
SGC,63,63.0622535947054,-4.039001600403521,0.08020021401715971,15.913263647755748,12945.957637928484,5052.801162134351
SGC,64,68.60391913616576,-4.174490532110503,0.16059305914348168,13.041386699343182,4415.757578834456,524.7738405431245
SGC,65,70.68676164461793,-1.7956664485395066,0.21507247133070714,20.60766705849076,14845.421165249689,2657.7291863619143
SGC,66,50.991923795442005,-0.0110203690093646,0.22103247656191413,14.622930309606735,11199.186752823185,3989.6860797506333
SGC,67,311.43857344877614,0.24242831748698324,0.19547916015822608,21.78100359544162,17689.28095745756,1160.6933696985243
SGC,68,319.8289236602794,0.049480155059541724,0.2044774238513252,20.21113668520107,13729.864263456126,172.21083844915069
SGC,69,315.6510559998732,2.9567215822455393,0.1090264483351125,11.082535321801362,4087.737905487351,918.8365863224201
SGC,70,70.7484023009985,-2.478137648214569,0.15729885081189962,13.2020714180356,5941.795416190505,1209.6911568952942
SGC,71,316.92380619257904,-2.6809940445955966,0.22999442730871994,17.350963597477957,12417.82321804557,2387.632698024342
SGC,72,313.6201546053777,6.355626378176146,0.12447745077246694,12.204642747658097,4915.273319324294,1400.3473653598485
SGC,73,61.86720738040525,-5.913371188751697,0.17751921642806653,21.61103572119449,21082.936539218797,5414.906739088674
SGC,74,313.2582367508795,6.382141955064076,0.11618353885906504,13.652255437110169,6643.726570272343,2340.4674636977516
SGC,75,320.5158285864943,0.9942556860789055,0.21302082422108368,13.90922134638795,6297.7382593300845,0.0
SGC,76,309.6005550679008,-1.4029034434284051,0.22308042695692432,11.71907159657669,4116.410772837362,899.9283795507575
SGC,77,322.75789971966014,-0.6861412724974701,0.15128658857889465,18.013029543217524,11050.100160596572,1918.7727746740009
SGC,78,317.07479304109717,1.16696103464611,0.2117519409091666,18.26464581433866,10440.675772809009,1.447141512152933
SGC,79,71.40775477682332,-1.5933919336090865,0.15916281695921672,10.438354541150227,3777.998197551128,920.7695793874316
SGC,80,325.08421097462536,-0.28461417653844073,0.1828995794735889,13.004044730044654,6381.903062073202,1473.3983462533665
SGC,81,310.9398626521526,3.3308755983842953,0.19373554060094117,11.628547343700752,4706.298064083218,681.3432110957226
SGC,82,311.1757930201779,2.473655560631389,0.13762149679358734,13.413425982297044,6728.069744871466,1628.7947524727379
SGC,83,311.95570404630223,5.207001214048298,0.16680466474627575,10.929165491660223,3864.6191728860886,851.6560220470008
SGC,84,324.45245318437634,3.454190338337149,0.1954339639512073,16.853314611030818,12112.846451050103,3174.9319486904906
SGC,85,57.88614130504843,-3.4392238892441047,0.2198515760832268,14.1639485449479,7361.576526364621,1319.4093872895498
SGC,86,314.6747114458423,5.1453559272416545,0.20237010105964165,13.473333499992014,5199.392353052457,462.8181817332632
SGC,87,309.6943440034346,1.3637706246392203,0.18985259381647127,13.418290755943767,6986.091163188515,1729.5760239759384
SGC,88,310.63844542830515,-2.7637365019148916,0.1964737268585695,13.37391289010215,6519.189895556017,1345.16406068012
SGC,89,320.7150776767005,5.218779531243587,0.1873643683001145,16.236669687730128,10895.14928325681,3052.3193145125833
SGC,90,63.459890061507686,-2.074140345729756,0.20927173720137532,13.577442832656928,6021.218129771397,763.2360084640094
SGC,91,56.82095675366909,-2.355034367165971,0.18859379847670166,14.03582508734569,8407.465304584179,3082.1978226515353
SGC,92,321.8188751646457,4.913331198957632,0.1526330548447737,16.093148957978535,11497.967208660344,3400.474881567527
SGC,93,315.57103178610544,10.439859980073843,0.18720231016442546,10.09084380300344,4324.955635048968,1877.0269400886168
SGC,94,314.29810758083084,0.9289559270759906,0.07226144516588345,15.426150204942982,11009.795817795733,4048.592266079665
SGC,95,315.9309366202022,1.2915303931759923,0.06188020717690389,14.494909349923018,9162.036229415751,3452.8953628878103
SGC,96,311.5528168960453,-1.9332379421566523,0.2284259653205574,15.31668599386235,7576.824652365755,1092.6658347345444
SGC,97,70.962568037582,-1.230117304249119,0.1821775552746009,19.99106812147499,16547.07275450192,4965.649686310299
SGC,98,310.3764000263438,-3.735769824772663,0.22372542146815394,19.77373830678925,20138.938926422325,6926.186390592128
SGC,99,310.06830798925074,-4.874872359806434,0.15984771856667604,10.923779068395207,5475.934607104477,1998.2265316018409
SGC,100,314.5744473892952,8.047592590565607,0.20081925957795835,22.77411950653303,29184.295561345483,9561.451379558224
SGC,101,63.08679808112374,-4.0261676110725855,0.09979887252028515,13.682900911496748,6159.776464279947,1766.9055941103425
SGC,102,64.14766622494832,-0.24746355297812836,0.23332731138822788,10.282577508905923,3123.0904650706875,1059.8751078096366
SGC,103,310.14927418743684,-0.2140449453491839,0.1749896012948439,14.24090162204819,6407.107554528229,1208.7760449097875
SGC,104,310.8638687531631,-0.35952824891984797,0.2204592115094023,13.477773366302795,5210.4272373884705,134.79011453727026
SGC,105,320.9393448880937,5.586179379829331,0.16146011997807896,11.909557080276215,4925.9846477106175,1372.9515542487156
SGC,106,65.64361549026958,-2.94237068642719,0.09276285047800382,12.77341668402099,5051.9067228862405,1294.7036835053984
SGC,107,324.64298961281736,1.7433020864661983,0.1561027046790358,11.697290245233786,4226.985598170154,929.9730877915256
SGC,108,61.5084819644259,-6.768133104374353,0.19167409585132997,14.446277725001638,6561.110903810279,1555.4271724229027
SGC,109,320.3917124369875,0.19674469497918873,0.2227571291275011,11.507760761065391,3907.180469712941,0.0
SGC,110,69.57640848572247,-2.3429838596806256,0.12159304132720322,21.313389922807392,24055.142419226202,8317.034237903103
SGC,111,322.6197289252568,2.731757376790293,0.15544184500821573,12.855905313288503,4794.186480418543,193.69195096681594
SGC,112,322.09290761063636,1.63841975449875,0.14404736134186968,26.225552018749944,30055.331307024917,5731.745304455117
SGC,113,50.19263551251546,0.4941877198970068,0.15603624045553716,12.84622842287418,9635.539387280814,4281.670924127668
SGC,114,323.5330324217227,2.6867472201408775,0.17741991406404028,14.58655765389241,7792.76784630786,483.93530868121746
SGC,115,69.73865138464575,-0.02389798198061476,0.20245500284459178,12.446367657249038,6117.516694800796,1301.1008235955592
SGC,116,323.2561920926173,3.0666640530025626,0.16422172266780674,18.806012741141227,11673.411781505278,2302.8903289912005
SGC,117,50.615798634848346,0.12462495614908886,0.20303008488238836,18.14299647692981,19068.614375141056,7161.379789559698
SGC,118,64.97355046782646,-0.9243102358353465,0.1492848725331313,11.384006975005223,4740.6059369308905,1231.074454433625
SGC,119,323.2527161880381,-0.5939435914438687,0.16320641048054732,20.2079906278513,14113.484838271743,3025.857367753435
SGC,120,310.2003861752672,3.0110168268723445,0.22515298826747718,16.266599509352588,11284.813669507594,2305.0095373680406
SGC,121,310.50164647596637,-2.2505148847558223,0.15617456016012174,12.477884729319785,6650.41362117056,1550.3483607284204
SGC,122,309.88362036177193,-3.875496360384243,0.12810490273022862,11.577074353113808,5086.481090591853,1888.0091464194904
SGC,123,50.23710612640055,0.3282387598398593,0.22683598577340416,19.6936384469439,24348.966277596384,10259.571517848606
SGC,124,63.26625170269653,-2.800610668646737,0.14927836470144287,15.387038771490358,7892.1565178112805,1178.41851247074
SGC,125,322.68193351702877,-1.9402256064102539,0.22682623674792712,14.29785905727907,6707.793045953657,1455.5989812681646
SGC,126,314.5892731790469,0.5195934587461603,0.08909406178951648,22.897639424972873,26472.328725589014,8111.736504942647
SGC,127,333.87436517061883,27.428136080655555,0.22642555735991096,15.001651569113765,8299.414215848048,2755.022997527106
SGC,128,52.71558424246752,-0.2862478474732713,0.18526296072508908,15.877988766602938,13361.909396988143,5483.754358213832
SGC,129,322.6897790912259,1.4543696531768309,0.09606926659334494,19.533934871148446,16450.704909251286,5258.087003844402
SGC,130,317.49577879687195,0.8457998180250461,0.22381262398515833,22.686185080987176,15495.520995712504,114.06133288778484
SGC,131,54.85122767436437,-1.387322181304033,0.2066057085590756,25.754543432957693,43575.556637277,15957.716552435775
SGC,132,336.31400463860916,27.297273387874483,0.2023301773401744,10.684049459018086,3905.593913226636,1298.2468000138485
SGC,133,314.04008144561004,7.934281774645097,0.1600520161955611,17.757251756307223,14548.206874342704,5113.951780303312
SGC,134,310.9244313736964,-0.9852358531563008,0.13253420986457226,13.333506321351486,6420.157100780839,1177.0398904338276
SGC,135,325.1571624815418,1.364499486038459,0.19058859082574997,15.551204451688712,7979.219093184817,1821.8045617577689
SGC,136,318.58397877829736,0.8294943726631082,0.23480134722562257,10.852644177948804,3377.8178121327787,616.7209795631799
SGC,137,63.627762304255974,-1.137792259467411,0.22857836475951265,10.185929377484294,3202.1360698948974,571.5758571754159
SGC,138,61.08321277678263,-7.2770688042529015,0.2198472545175747,12.382931265156937,5857.008153318072,1577.5497951692626
SGC,139,66.6448866387425,-4.94079632848004,0.09821910016712873,12.412506549586626,5540.362491070692,1486.6459641138993
SGC,140,64.35278637213679,-3.942481843235363,0.08424452323253935,21.06513540211853,25924.142920722268,10433.088897054593
SGC,141,313.7585532634877,8.036386153895013,0.1440608364472814,15.205089316993668,12038.408712160799,4687.879976619169
SGC,142,310.216298441496,2.6496684313256686,0.19913780474504644,10.927017651127763,4794.363914214488,867.691980067171
SGC,143,309.83770284402806,-3.9580091801442303,0.17052105280518934,17.029496439570767,14275.871884776445,5337.605639499988
SGC,144,333.4391562310551,27.865521787444067,0.1989264144107473,12.08408176111544,5035.779502068815,1416.3836700962754
SGC,145,320.28632200811455,1.1606064394577769,0.07506396076005527,18.006702740177417,18720.762392962923,7153.813128709119
SGC,146,318.8691888969826,-2.951192452229584,0.14969107486222238,10.658763091829535,3481.8943775878543,986.9441999724755
SGC,147,70.16481642055096,-3.847937578843327,0.21382265220025107,10.38701679779354,3612.6735931193275,731.8578308746661
SGC,148,71.19481138322,-0.31940416230390767,0.20915184254693217,11.010266906199954,3797.4874011542165,1040.4881264760647
SGC,149,66.7790126167259,-1.0181822299145191,0.188377103063116,12.785075583148105,4920.207425125807,722.8506175264293
SGC,150,324.2545264587544,-0.4879194186374173,0.1745759107759864,18.912350087703015,13484.54203831717,3176.7118898472254
SGC,151,312.6022828534488,2.9980221379472454,0.20069900304824706,12.940396573041717,5340.2526486248025,0.0
SGC,152,67.76643984599187,-5.823321476868411,0.1509137541341208,15.37451905264442,8581.224343228507,2692.773500328519
SGC,153,322.17245016121734,3.0617383484744507,0.11568428784906754,16.04307295327502,9993.290318328598,2316.34620463304
SGC,154,319.3044287790373,-1.682573901312421,0.08551449120877508,11.087468972018405,4336.8833924270575,1304.5802901252787
SGC,155,54.32725359025039,-0.6974016078059775,0.17170642319673027,11.03336766942955,4552.70269365645,1583.4191409854652
SGC,156,52.96550844235394,-0.6678140781497311,0.16381011310927812,12.363575377386606,7111.359129611807,2663.0670189440693
SGC,157,66.7086034388285,-5.4439724569807355,0.20511486011816454,13.58928490484232,5224.322812419767,441.3319984293778
SGC,158,335.16465290589343,27.993070820743704,0.16848382482052107,16.34642087097982,13344.996082886082,4914.207135460021
SGC,159,67.57035904813017,-6.539853014478129,0.22253821813291444,11.625145413353689,4638.086772403652,1101.3685949799992
SGC,160,314.7639779389403,9.58481765328846,0.17988111734913756,12.265069705420958,6210.201547148338,2424.5632855357726
SGC,161,315.21658684789315,-1.7364565844220357,0.13663546153703104,14.240952456567086,7020.651675584962,1255.389952760436
SGC,162,318.9289952296099,2.3590672134611395,0.13290887617721076,11.507406604538826,4616.664907038097,638.2559479486031
SGC,163,335.26737050603265,28.789622573945994,0.1911052839552381,12.671789453062972,6924.4675065711635,1819.5899607827064
SGC,164,65.90755104995928,-2.3364838692229135,0.1964762529823116,16.387040916003595,7281.06507793449,8.799572288046386
SGC,165,64.9820345972909,-3.6799125566889574,0.1882439496274902,16.75867965703501,8552.175031382936,301.9125453303634
SGC,166,63.598344839909764,-5.594051588467229,0.2030150657019204,13.644824798301343,6643.689627490716,1113.7875683659558
SGC,167,315.55521795307925,-1.0875731822334163,0.21316077351638232,13.768529155434301,4724.379359241154,0.0
SGC,168,324.14382344047664,-0.7959630605596458,0.232452314467995,13.83800006298801,6735.113974145303,694.0838436020525
SGC,169,309.6996176095475,-4.105963300426054,0.15048411991463337,13.142668395018882,8622.448285768089,3362.7868701507296
SGC,170,69.34914687967765,-1.0210545345028097,0.10885915774979965,12.080804823384895,5288.075916797811,1450.6369684320396
SGC,171,57.14689376975983,-3.0550032224366492,0.16777839644981318,14.09901092024481,8305.488381750545,2487.796218508467
SGC,172,315.7971082433959,-1.832687435111825,0.2212156524011286,16.64385116538248,7526.088737794202,393.5874247567087
SGC,173,315.69921654612625,2.928422764407157,0.23068699611045174,13.360787640323771,6793.731265260211,1252.954038475527
SGC,174,66.0084623628733,-5.805072066400704,0.19554108393909447,14.751354983308904,8575.470302278838,1917.9723870106088
SGC,175,65.95755453652349,-2.6041949452772863,0.07294269009000075,13.660203093085464,7538.650079120704,2936.1909406720547
SGC,176,335.45079469745565,28.745558075413253,0.23336119690252233,12.983145970322774,5719.049141270916,1293.7425485702386
SGC,177,320.6920756471156,-1.3161454169646767,0.13909908067753227,15.83555580091176,8297.652879894216,1334.690232540565
SGC,178,314.19361087365223,-0.17929248793329766,0.2191964479085063,11.966369799213897,4179.828339537656,0.0
SGC,179,67.79695351388332,-6.6697069674690805,0.20569351891043397,11.687919976548493,3844.5110260320616,756.8393584821345
SGC,180,321.6060476879882,-1.1567923243765732,0.22969448510308083,12.188461161917127,4912.627977678708,77.1677341739068
SGC,181,324.2476246547608,2.0615760471172275,0.1265543819756677,16.070824058048206,9739.82168504148,2397.1210818439913
SGC,182,68.73702325221348,-6.865123026012365,0.18864662094326531,12.094940493470622,6299.3641581625,2044.393288718668
SGC,183,66.58811523742072,-6.250451338588151,0.21122378382079568,10.717841863295734,3795.5254065073655,887.4972843949242
SGC,184,335.81184405945464,27.3048981746416,0.1918014754820146,12.81478923708691,6478.520740797586,2234.0571152113594
SGC,185,325.12712833669394,-1.334145270369928,0.23356851739563322,11.788575610059151,6265.3439278839205,2021.37308994013
SGC,186,65.54137709778979,-4.598482347085969,0.20132504775618804,13.20958401634689,5534.799654433926,252.84947453086562
SGC,187,51.33908276402633,-0.2813617038588269,0.17799342805644197,11.850271505287605,6319.065747556403,2609.1615910549826
SGC,188,325.83056647536966,0.8219909149543702,0.23170505713587808,14.859142872797591,8433.965055880526,2233.5749560615727
SGC,189,59.430277539040745,-4.315640297686028,0.16486686251956637,12.016779271530556,4894.721491366261,510.49273129945044
SGC,190,68.61103121057054,-6.624269962484447,0.21200959530188435,11.87202811560764,4387.399400329776,1309.4736089717019
SGC,191,335.9734636911759,26.882678132384502,0.2349138044039712,10.998937129037166,4399.884460026583,1229.028049467862
SGC,192,322.03952467107763,1.2870334129545842,0.23458940259721087,13.613434014580626,7880.431892419063,1684.7850466472735
SGC,193,57.16965971577133,-2.906080763375426,0.16159040824479093,11.3440467902623,4558.201078617703,1460.1187438430559
SGC,194,55.14347480336522,-1.0936687546833372,0.16162279283323272,12.00281227748823,5449.766909138468,1671.406584808192
SGC,195,309.19389826753303,-5.162776977480375,0.20021877414656095,11.137475868655754,4394.304146894822,1369.2490806306798
SGC,196,334.593477939522,27.64958068774071,0.15948885697221762,14.446820034116435,10179.427367725673,4163.414584771697
SGC,197,324.55565932672766,-0.6088061357891434,0.12588920312637175,12.577132594878636,6626.193573310616,1376.1015777989614
SGC,198,320.84237008253086,4.790912417403014,0.23271800817413324,13.643404601366399,6717.4953516628575,1219.5550326258024
SGC,199,72.39853004594664,-3.150530294429969,0.2195843634246912,10.267074168217063,3786.2448205654064,1310.0563948195143
SGC,200,322.58488957279656,-1.4177889036388034,0.23518071095053358,14.202202261552257,8744.934128967516,2172.0026107982694
SGC,201,311.9478537367348,5.76926441610625,0.17407897116522442,11.938355118393659,4293.79806236749,870.0718622102061
SGC,202,59.158071078600834,-3.9829248477709536,0.13036265894188134,13.300539005038727,6974.178367331507,1926.9324753744747
SGC,203,324.7523056484763,2.3094466686824355,0.18469555798363044,10.977606988187434,3428.3188372386912,370.5707416299285
SGC,204,335.0698610725499,28.00695397615389,0.18142686252132695,18.08887581289393,14418.164737803574,5353.446526202464
SGC,205,320.8414229618138,0.13771862922769687,0.2356081638288383,10.422376426547915,4147.284360121148,983.1299100313023
SGC,206,312.4689018017186,5.254476169671247,0.2350447268613482,10.883058576304633,5048.939460754698,1295.467741600492
SGC,207,333.9761191242883,27.601994518472566,0.2348288701852092,12.67048334419581,5917.145114481346,1718.3525581078338
SGC,208,322.42451021515734,5.725363908556196,0.2329129486916753,12.723715664777835,6883.726706769578,1998.224182009518
SGC,209,57.368946265264405,-3.2594386918463147,0.11867446152256333,10.45986132896597,4499.865985186678,1529.862944200168
SGC,210,48.90094249729147,1.1395464397930497,0.18919692842230781,13.062293420272246,9119.891058778072,3857.6150883219298
SGC,211,324.5231002587956,1.6355972152190974,0.13619167844515853,12.284993351769756,5563.236037725711,1227.884496916107
SGC,212,321.28369126656895,1.0559601411146693,0.05701125065247849,12.634731462514338,7661.491669998153,3039.378692943842
SGC,213,313.1235560531955,2.1848830008266686,0.05295095354344873,12.897973511722466,7594.821520702026,3156.74709590846
SGC,214,65.88579179460525,-3.8393135240928595,0.0654374099500344,10.951271552880575,6261.754139640497,2795.905449409415
SGC,215,334.45949380454465,27.83042453913158,0.1414070440979461,14.59073826885802,9890.010544379946,4341.032028429275
SGC,216,54.83722829124338,-1.2165635011064082,0.13155944813175005,14.129238440972996,11224.852915447727,4866.684695276118
SGC,217,65.92513018640174,-3.2317213835263394,0.05707324819810002,10.396978274966925,4924.895166087489,2392.4447955312185
SGC,218,334.94951365938056,28.019096668124632,0.2104753120187489,26.658854111980073,38574.129618561805,15474.354086479345
SGC,219,335.3644401074803,27.942818287812997,0.09705328802795761,10.019056462462382,5644.104313323623,2607.404366752994
