cap,void_id,ra,dec,z,reff,tot_area,edge_area
NGC,0,219.3073271641314,37.02047067343388,0.10940875376026513,31.52583506189145,43214.59758046619,13811.008457826225
NGC,1,153.04610406863,-5.087831195422521,0.10708985635091371,26.809526712800157,39984.74145210107,13042.512450171991
NGC,2,270.68293018515465,34.66150300987669,0.22189296536938455,37.377265043136035,58212.05084138057,12027.246870345833
NGC,3,134.53183945965148,-0.2550270281159901,0.1447084521842525,36.95120204732741,48607.640680152675,4088.9948999192343
NGC,4,248.93998241722278,3.9964444854301386,0.19102268870133854,43.50177267549969,66877.52199890671,7159.070163207676
NGC,5,225.12221549631812,-1.0433811011056286,0.17583820308746514,27.08176925236069,28666.212883931534,2955.5204101674894
NGC,6,139.67428872264202,-4.785486636936386,0.22462598901366093,34.73585006930472,43666.1905781757,5479.642235501656
NGC,7,114.88470214587423,27.21822909407758,0.17501963699822473,28.844339147624876,36717.061170916575,12437.171508340769
NGC,8,242.99817927275504,10.165115374088009,0.16313316606105133,30.721381507418947,41012.557259791116,8902.525236081812
NGC,9,163.45231144896235,0.21773490303004395,0.2319099091236863,23.69101040709686,23299.614072608474,4581.4922715606135
NGC,10,252.21645004191268,6.163623333965926,0.16610745111075942,31.704868277822065,37693.05731906653,4378.490483373529
NGC,11,259.92592456627153,12.107445777083122,0.22598346528540716,29.639225137256574,38595.14501564655,9119.549483079189
NGC,12,223.69926930239555,36.54283967530574,0.21232087242699732,34.73599177787138,48581.988888764485,4171.571235987133
NGC,13,203.68890221231277,0.9524695179599335,0.1877173120845116,32.41948089614607,35300.26669160113,749.768135097113
NGC,14,220.14781636446455,35.64477491211256,0.22795127254840078,35.13923240282831,51264.18809134873,10726.279524225498
NGC,15,256.17567910440255,12.7154779055464,0.21739358465981345,34.3808522706071,47047.94869303813,9389.00648082929
NGC,16,232.7431239410936,-0.09938167181468702,0.1944976108862945,25.67661468543881,24241.932685310545,4276.657478105775
NGC,17,221.07125641874728,-0.17104155305750104,0.09226171235993309,27.156037498581277,32566.48354916322,8405.13057118764
NGC,18,216.4345229483823,45.78358518432116,0.16101208204289474,23.28732766623562,30513.161340273455,10797.31260477813
NGC,19,230.66606978578852,2.1319554072138733,0.18083662538569945,35.983285059401524,46993.457067453,3874.647962652822
NGC,20,230.50167385902375,33.51170832393456,0.18813601966882698,25.99530912390779,27020.97486973834,5353.780418813809
NGC,21,132.34158240471075,1.1184746532447916,0.18366254858264455,34.57779588059009,52084.67424057175,5811.107733706995
NGC,22,272.29131919650484,34.739773454806276,0.17446212520365673,24.491933409857786,23940.293437628297,4486.219470862101
NGC,23,166.2848881241251,-0.013812640812852424,0.20951118586744308,25.090251538215284,18717.70173151548,19.58650231599634
NGC,24,231.55678480077182,-0.02409307616146782,0.21268920731793586,28.94400781802512,35550.126071596125,5555.677974441055
NGC,25,199.14006106824726,2.460606501949461,0.171223668360204,28.909277656077734,25182.420943623674,1368.7220416860366
NGC,26,220.84389667983046,-0.9236980268230254,0.16118921238067088,38.47845869356207,72620.48138043418,14729.483913173366
NGC,27,131.65626116117778,-2.5626751396278795,0.11134609334365686,23.909880268253037,21930.060760297583,4695.506308451112
NGC,28,202.19389694539493,-0.016691806900916407,0.12462202295100328,36.104811940833265,51550.03302855018,9509.653295329257
NGC,29,191.2457521478309,-4.371167318309209,0.19587885750482492,31.11170999436413,34413.87322724941,4119.888025231562
NGC,30,103.31875236354347,67.62432441095869,0.19337416745821526,27.079994059164463,37624.60873586594,12390.991544262313
NGC,31,116.1853126229163,25.77930416933239,0.19170286058415043,29.3163112906523,41568.32807809034,14649.28628117054
NGC,32,192.20785404201814,-5.489836523517588,0.22609018502204967,40.2267574573734,80023.56536811643,23151.776665427682
NGC,33,157.04306916298435,-5.256169565529662,0.22466391965212698,35.48245827068399,45174.373678578886,7345.241899132884
NGC,34,268.9653807057117,32.68780769028847,0.14536040439309433,26.833153729880095,31222.65965525906,8679.387977843577
NGC,35,121.78220800078533,9.690989503329552,0.21783538885630538,24.080093478899357,29380.21095998089,9423.03396930956
NGC,36,258.74743679311985,10.261008087469824,0.17635374367217024,19.14638768995852,12720.509601547863,2928.0591861682665
NGC,37,241.52829600555714,5.638111030518373,0.1779566074193216,38.09283015641773,51750.41011491207,3277.028137915315
NGC,38,110.02005236153376,36.10450655772956,0.1670245280203508,25.67286732130995,38630.71777449226,15477.959800113365
NGC,39,267.1765885826161,34.33840050777016,0.2304621228433957,19.79878073849879,17772.056828498364,6247.313052609081
NGC,40,234.78319994434355,3.7001491750538547,0.19416697482399922,33.51439986856528,36978.86540268731,713.5728305416241
NGC,41,159.00762195863373,-0.5495423571650004,0.16986871330329179,31.479410359066257,38817.29281467794,7052.917752826473
NGC,42,133.08733951644882,-6.195330901065641,0.20566960279735944,23.482533675440436,22786.890064022446,4936.438793381744
NGC,43,248.47497784442055,7.917154631403749,0.20627139058746155,33.36492729113925,39916.4027976195,3997.379685345922
NGC,44,99.90110483033865,66.96964127566457,0.1754560085318313,26.340538179990126,36158.06785039067,13791.943111907533
NGC,45,156.94610758200372,1.7945433334070722,0.2260683975221757,25.55652158902843,30385.579818406506,9378.193926891603
NGC,46,135.79605837304624,-5.420686977160961,0.2091325715843135,22.624597866997604,16897.507689536902,1561.897304341294
NGC,47,128.9036451949385,-0.9840967665016735,0.22425761374331113,33.511568884413,42886.312527476606,7841.71739966331
NGC,48,236.31504977425308,1.358966581464328,0.13563910332800405,27.223851567060088,30678.524739178672,5950.714704490088
NGC,49,254.53339511424693,9.629985138562693,0.10169319508330088,34.49482650092851,69288.4353089357,22577.45870364207
NGC,50,219.01037787586327,42.30605244173444,0.22573539131378453,27.635773363661006,28375.62365498008,4124.289404926841
NGC,51,172.90396234701814,-3.7091977884398113,0.12838525510984233,32.484657135886046,43888.563995246244,8586.968112137012
NGC,52,114.64408793420269,27.427151406053166,0.20989492717979977,32.59397820798541,47329.23700386733,12586.040502562451
NGC,53,201.70007178644758,-3.2360161732843715,0.20649735389753054,27.14907212095191,25116.898565988857,3463.4951672685083
NGC,54,151.73669664217434,-5.732891515984679,0.18119931271778408,24.137834832950293,24036.991950939526,5793.846788329798
NGC,55,178.43829660729864,-1.3567348072562244,0.2102667383166594,34.520038055599606,52486.6255955977,9054.639670595203
NGC,56,225.17403034640716,0.16696799577244872,0.1925273297387743,26.583336744641024,24290.02528416425,2831.385763094759
NGC,57,164.59121073568613,-0.40405681902212465,0.14296593438773963,32.374737789123536,42478.633437715805,4615.250001061535
NGC,58,255.68697221215234,9.78214911504141,0.1672162869066207,31.38934183477897,39793.54726914789,7422.1041764203455
NGC,59,133.2595068947129,-3.6677553593341172,0.12237045288731936,22.988398042004754,19484.310329179167,2108.510653147992
NGC,60,203.35433065339882,3.0115513852252342,0.1513299978164543,28.918294683954894,32047.233847306084,4398.553230077008
NGC,61,184.94892223005854,-0.43582317225775874,0.22634116481148012,34.0812275147486,55384.46162551911,19787.054417611336
NGC,62,173.4463503011527,-1.2176715086770848,0.1610562274929158,39.68056048727195,68540.58139243982,12137.24275476025
NGC,63,231.47433751887158,34.36960261021605,0.2192742374862623,35.82784568993989,56730.45876408173,11675.244387226016
NGC,64,130.4077878042813,2.4046612710389708,0.12967792320954263,26.539386471471722,29154.199313086494,4604.433325666039
NGC,65,145.66565047645466,-6.217027487680139,0.22981047425587556,26.784369962246064,30336.43470551813,7377.226734342405
NGC,66,251.4178987005358,6.1948855255995,0.2167532398923958,35.55610234735592,43523.164241852726,929.481540826685
NGC,67,239.9047592099572,7.97203189411348,0.11453887524581542,31.18884594911687,41880.427672470214,9307.554498804304
NGC,68,127.37058987762656,1.2044738769561332,0.13175368635608536,26.138632453306816,33791.43238365856,8876.54364201693
NGC,69,160.9379304842291,-3.044942049625775,0.08372444273903602,27.28620864380895,36539.06875243117,11077.61777742313
NGC,70,152.75858415691098,-5.367227423420801,0.1973103245796768,31.871023703382406,41358.81880758118,9709.508897521146
NGC,71,249.77793484096492,8.650226575488167,0.17787312433334254,26.659008854069178,29174.689038801986,4725.537916727921
NGC,72,239.6387866512403,7.02180896573982,0.15120842668885767,29.38233372218172,29204.043783410878,1904.8776221885678
NGC,73,253.50992657221553,10.003621244767903,0.21178742462061861,25.524896422790782,24593.159041274816,3255.294268118255
NGC,74,132.3884322665395,-4.658460287940273,0.1398566827763795,27.745164780479346,33294.13855340401,6775.182765717711
NGC,75,166.35710716573251,1.4452231216646048,0.17458536661246118,29.507649290154404,37541.19106156531,8626.416800372439
NGC,76,234.63183936974633,33.57021695256846,0.1414292582720114,25.516234497182598,38135.26197908438,13262.145325607245
NGC,77,240.53483639376395,6.522382891381242,0.19632332130744223,25.807971883796075,20764.930585277296,0.0
NGC,78,199.58251251517763,3.6374547908882953,0.1928577598919954,27.30714853929771,32839.94000927916,3924.027139586714
NGC,79,194.06606195297158,-1.2141964859847274,0.1507929083251172,24.7484489114773,25080.390646022122,4162.788026842561
NGC,80,217.39545369801007,39.965640862799034,0.2346630553737862,18.27618682994414,13580.066900630867,4438.9948047464495
NGC,81,145.6999465609469,-3.435768605496271,0.18738381336743196,33.70037965240865,47102.63904942335,7454.194388388728
NGC,82,140.68842005557292,-4.608723466449559,0.1888782291267191,26.651489333225307,24484.433132160277,431.41826464648494
NGC,83,221.16465148259527,0.7976135177290898,0.22823928898641915,34.06053625408602,47213.77708503195,11488.12293778273
NGC,84,181.37332579970823,-0.8579228925045961,0.1375665929345001,20.700042851317203,18751.98838888111,5626.574107398909
NGC,85,129.3817618890696,4.432708902701126,0.22469028064771623,28.662591980792776,37775.326166260085,7798.8444865147385
NGC,86,241.74711835271796,5.451105061483389,0.22073264193087386,26.264122086526665,20578.641657695436,0.0
NGC,87,151.08845936619406,-5.326496337379484,0.1675893625419268,26.20909611757225,31613.48491223243,8156.696222692992
NGC,88,243.6214483384316,4.53096348215665,0.12650544331379662,26.8688852500587,24646.046449574635,2838.3424865088014
NGC,89,161.3780397482005,-6.558261917739946,0.15974046529523842,27.371743243708593,28706.57270763641,5439.318729259507
NGC,90,263.5820778712574,20.359743892040456,0.07032415675251724,19.515179491900806,19620.18237014873,7092.46996833415
NGC,91,224.86544777268077,34.23280491348652,0.16960897567657598,25.55703693581535,26357.899171444256,5761.980490304644
NGC,92,234.80331489591458,4.828058095746167,0.1621681626715763,34.02697240091076,49931.11353985122,4882.249963379129
NGC,93,101.07261025289782,67.22095692330853,0.15171225463209506,26.72653997479586,38887.61631348255,15524.636777072788
NGC,94,138.22982607158164,-1.0025964088978518,0.12001597711322066,26.903060420843556,27499.083721091563,4163.799776748421
NGC,95,262.31984091888523,17.499738956891182,0.09744177799555469,25.103669370958713,27470.711886513436,8740.290534781543
NGC,96,144.16739301579815,-4.145667833589844,0.1182689643362416,27.53964951783468,31968.12072707123,7200.7901481911085
NGC,97,153.6839472761908,-4.866657359266203,0.1536096306674282,27.196058783833468,31331.52095680392,7106.531738942773
NGC,98,161.3437174037771,-5.959184544608134,0.1899472229865105,25.527863670860963,23958.947983862297,1566.9790021945744
NGC,99,197.37322527450854,-2.2351717197168957,0.1498589865303434,23.16134505792856,17621.41542301089,1020.0008560338889
NGC,100,250.6786134397836,6.855472404562892,0.05653733461175483,20.34200968799214,19163.165934944143,6733.740902754955
NGC,101,239.74748751186004,4.77531167917519,0.23103566219058122,29.960690156218824,36532.247501885744,6901.797054633432
NGC,102,234.35262934940664,4.96730120299727,0.14348456976534812,25.191115839673206,24219.312456445572,3072.3526097229983
NGC,103,97.04253477464285,66.17441532713916,0.19853687057990574,24.133498078532245,26461.713014741836,8187.795213206219
NGC,104,139.0417562855821,0.7203594332574984,0.13081326772777205,21.54312733289654,17947.892994650803,3510.406875997794
NGC,105,273.14535829830675,38.89101467978455,0.18500943150753793,28.042653072358256,39346.23382363381,12014.728693279281
NGC,106,216.87468362586284,-2.682051156043773,0.1668266736455367,16.733792212597677,8782.880841831042,2068.943912752955
NGC,107,139.7287745530684,0.3309255799462377,0.23124253058060135,28.525891323479758,35019.13800536071,8248.197605557254
NGC,108,269.1605537107428,27.33189671350943,0.2308829753060091,20.391959926491488,16537.647149874778,4233.405888600202
NGC,109,205.67681491285347,-1.2139234904930318,0.201415097470542,31.183801406027452,36872.06398586536,5025.132033317956
NGC,110,272.5852441836845,35.33095489425051,0.15055940484975816,17.710935712816823,10958.033600180004,2397.77387342313
NGC,111,198.8162451229791,-0.9770379016521332,0.1575200942015655,22.86459865663946,19502.53643686424,541.1130980247976
NGC,112,140.7492864492562,-5.460658709163116,0.1412126796633596,27.417876943584734,31483.367825664427,5526.127704208776
NGC,113,255.3530634424098,8.352772805765154,0.19843033855983117,24.94416315634098,19598.783045392945,1344.308238056783
NGC,114,220.84625691458183,40.22527591703649,0.12361565320493866,27.25994660819081,30517.214411254026,7210.158432300212
NGC,115,207.42541600195798,49.79774064078836,0.1891740635929364,20.69328820027376,19151.034585099478,5834.687382528142
NGC,116,238.54875056664497,7.818372653028927,0.13938883388216955,19.437742353680967,14435.707914934188,1773.3013649565853
NGC,117,110.31049102271109,35.8124891826376,0.18516817005793942,20.81736509856238,20008.576837189077,6778.456524300595
NGC,118,127.60952975619203,2.9273510363974906,0.11119887103098504,20.45546984874482,15163.91698908877,3433.9762359021065
NGC,119,242.0738734209937,9.399042371761963,0.13531634990654878,29.417811610486027,37270.64045553795,8210.190397649134
NGC,120,132.05361232624387,-2.101260864744463,0.19630820212655548,25.646798424159474,23644.419856512326,0.0
NGC,121,268.1266764498806,30.726526164284795,0.08412654560588946,24.187523126902626,32364.779693323937,12155.265237603924
NGC,122,163.64792468799843,1.8981004776618908,0.20949645652812074,25.964878105183733,31364.157467947687,6836.116631791831
NGC,123,148.67468891184026,-5.733732345315524,0.20770969880397347,28.736790578465246,33795.746655849456,6005.232566910529
NGC,124,189.48060580102793,-4.0652720270785485,0.21398337260636535,33.26493318987395,57357.674632605645,13316.232795891328
NGC,125,209.42494274367678,6.447155958715343,0.22935623896060384,25.485868739246083,36114.79746519517,12834.926086181906
NGC,126,159.7055802881147,-1.2811295999462804,0.2010002420783275,29.23795958607354,30472.143780488837,333.8946456513349
NGC,127,130.64712364889914,1.996059506904065,0.17244419714553777,28.546466385370458,30745.732388369273,2735.0574321467293
NGC,128,129.68300584492604,-3.380228142082022,0.19726363117045795,28.55930431523036,37889.086927701625,6490.605682468
NGC,129,242.96666035927996,2.7935603815555954,0.14510634020201926,22.556584281392205,17455.379303849353,2657.3060118047965
NGC,130,115.61662850644879,25.837860668770663,0.22573883066392847,28.437290225180963,33022.10374922592,6358.259230285535
NGC,131,195.45404216123745,-0.373075177521283,0.21605124047423085,29.860688814753985,30718.316617314795,3850.7208926627313
NGC,132,225.11354398003374,35.229012615038165,0.18640759067550114,26.567638661667033,27661.995859545365,5112.622645538862
NGC,133,212.2887149035438,-2.273339117343892,0.22822680272023968,30.510108445639183,42962.203660479594,11653.92057132494
NGC,134,249.41493542534084,3.7242702949107893,0.1059721278727781,24.33085999437142,26131.0965308827,5722.335018944616
NGC,135,252.7624912913924,7.40525327687309,0.07388431467975581,19.550962535350994,15669.74085850886,4683.755735399631
NGC,136,255.11096389252415,12.051134908114454,0.14179731087376216,23.90713045238708,24033.052303117736,6072.430886143905
NGC,137,207.63536526719102,50.14681279188736,0.20043756559460602,18.834441489221067,16649.310553361465,5438.502119035362
NGC,138,270.67364414646784,34.407905737251525,0.2002897138085845,27.79808681229691,27534.88409639023,3367.7737645083657
NGC,139,273.5254586767557,39.693111694119125,0.2071778600334323,29.83420391978789,44694.669504937505,12944.232422834475
NGC,140,124.85432693743606,5.580331852180234,0.20940389194198136,25.381036869105365,26165.358037630995,5997.4130169219925
NGC,141,165.32447965044952,-4.053421075913514,0.14547885381176154,21.309934379992566,16367.479420566413,1947.914412555518
NGC,142,230.1048972959118,5.11080908912027,0.1676902254713613,22.4921528852211,17751.104801165977,3869.8229080107258
NGC,143,215.01407169618437,38.57043372660825,0.17824420442696856,27.624856210834743,35665.58868567945,9444.104252444014
NGC,144,264.6666021591837,22.775168858570968,0.20194583418124024,28.260133835166023,26781.75262992591,4247.588636061958
NGC,145,143.7859523383427,-6.2130481818791505,0.1825499473158027,21.63527742104213,19987.992972127446,3199.344712431164
NGC,146,237.09489285710515,0.537589067781038,0.18731814884911555,25.31464805291714,25634.186664852143,5711.867343590047
NGC,147,103.70375362138614,67.85015704270064,0.2259036132383418,22.557389761706386,19994.13800463083,4321.423233704133
NGC,148,238.29222061048534,3.562296692325472,0.1700329443043882,25.05867353089687,17364.89962030808,636.5542438886145
NGC,149,130.62373364230547,2.0976522373350934,0.22921963017665992,22.93168541560946,19380.073794040385,2208.8230966457636
NGC,150,214.69115997595864,-0.28507564606250896,0.21932093322032362,30.343261728950424,33081.14885621179,956.7698587933282
NGC,151,260.1239821997917,14.042009908122218,0.21277008549218332,23.93871881887889,19639.466696277726,2307.144326296005
NGC,152,267.2543878594391,27.185044643647206,0.19161297226918333,34.07482426744335,45032.92439840525,7508.24454946633
NGC,153,173.43251762501617,-1.6627453326010393,0.08705228686693772,28.077402573833858,37904.23457171671,11424.273854297517
NGC,154,201.0156016815686,0.9673029605843648,0.20817472624197592,30.883754039270837,31032.83693908284,43.34823288280139
NGC,155,262.20785887113846,15.638381850148088,0.12066906244954773,22.992083812820976,21365.266175935438,5494.466447830506
NGC,156,243.13412049380577,2.794003267459726,0.2137167885558142,27.21599482654648,28201.998928841953,3255.259922698579
NGC,157,197.4723111626776,3.944862162509309,0.18630467019082136,25.622643848343266,24055.389546509112,1965.5775828013748
NGC,158,269.7020190737607,33.39749320673914,0.1604187125485539,25.521595145277985,26598.21760357238,5150.5472738917315
NGC,159,142.45471295195068,-0.9712364534577974,0.1973721241700015,30.557342436449233,36254.34340031724,3911.460944426272
NGC,160,172.54920107903237,-6.338258659171191,0.1607101834843064,23.08435020056759,21792.1385372422,5101.90585116476
NGC,161,212.5435862468664,1.710873382257562,0.20516230142022018,35.16674987800271,51008.26190674118,3807.0376373941417
NGC,162,123.87111442426934,7.438667764308879,0.2162809522134245,24.043064250637755,26799.02749037519,6378.282913170588
NGC,163,157.98683527148597,0.20842989670929254,0.20988687560904473,28.82978759607979,34599.64727209917,5506.923278169082
NGC,164,220.19372550528465,44.59117732253291,0.21441511709738317,24.90568166758087,25614.672083136433,5490.828928315113
NGC,165,226.09228332404348,-3.2819952442128995,0.22726724892414035,25.3594770683593,27307.241705497072,6442.565380773748
NGC,166,196.66606947629924,-3.5037359745367973,0.17184902494559773,30.081690986429248,33882.02578850278,3290.1293594584495
NGC,167,215.7290439985647,3.4726188734486483,0.22231125608753632,23.635400922667962,22345.872704195306,3064.3376405422296
NGC,168,211.32518018279853,47.68577041809414,0.20975685165528007,20.059188558846508,21530.133419778056,7205.67384495685
NGC,169,248.71074161572093,5.620866430024881,0.1345258823184384,27.879944108702347,26804.830643681806,676.7595541696144
NGC,170,274.54373630083546,42.72700770378591,0.22657457427476635,19.000817139500285,15313.098294950289,4766.939286313216
NGC,171,215.24716784152326,36.4221251217885,0.22654956376666063,24.83877863298112,26435.497270204603,5946.2229072375485
NGC,172,264.841074903137,24.979490673960246,0.22808589377202024,27.13013061842555,27708.191133890658,5721.528429809322
NGC,173,146.1315348281725,-4.546182844050501,0.17105956148544005,22.12590074625831,17299.10547675347,2049.610643922081
NGC,174,160.18205967587605,-7.10290699190829,0.17350633010475042,22.891270846796996,19585.19513663163,3277.960186727631
NGC,175,219.8993389576488,42.334842812221986,0.18989868155248318,33.01457140544523,51644.33334322116,10037.529847932914
NGC,176,265.0894989233259,27.210125243193552,0.21038008679247205,27.87345405901579,35464.45925155994,7262.89562902083
NGC,177,203.46258762762764,1.3421212226347412,0.095782337664118,31.563100921466496,44353.16971736982,11080.684618983512
NGC,178,178.34170190035488,0.22510217704433194,0.1910218101331832,17.213234488141868,11124.146034098034,2375.321512380005
NGC,179,255.05170649651495,13.63204664945164,0.19607739957199752,22.230351672263595,23930.90320221865,6372.288761914056
NGC,180,100.0794130290762,65.92798194571327,0.2287417668785157,20.383570998657966,17514.956288088255,4544.675831609945
NGC,181,139.12218716830907,-6.746793714613257,0.20984802631039187,22.19916681357404,16777.40320558572,3274.236380195474
NGC,182,195.4087988218634,4.75931956780682,0.1644992428113233,18.935427469150635,15727.531209491193,4271.9954439772055
NGC,183,162.9231471036717,-0.7858996878969148,0.21003612276156639,19.86307102081199,12596.6280598393,0.0
NGC,184,206.3649560214888,50.046276765992154,0.21684289173495255,24.92580507906035,27198.980683602353,9620.841636534946
NGC,185,221.49445138115243,-2.415710273668305,0.19646285137343988,26.074832719922018,25167.82056834006,3525.5299679782165
NGC,186,155.65234847606035,-5.728629994007169,0.17064720409329645,18.359766640001503,11802.64241283769,2076.119097869068
NGC,187,263.81741615145717,18.78166838847919,0.14656286537608337,33.25445516699732,48385.09321623855,12051.013410367052
NGC,188,273.32104922787494,36.84045958049327,0.19858010864650041,18.0582364386561,10465.00869018025,2030.0821809914446
NGC,189,215.92043566002508,39.22568541126426,0.22609337303056917,26.099670685396337,30524.156849005034,6425.3288013389265
NGC,190,261.40870380947706,20.498912839926877,0.2194907856069088,28.232203041505954,36465.341126478466,7729.4287147964615
NGC,191,289.2228680553886,64.89574503812693,0.20529956071551272,28.583508974142262,40713.50127767604,13349.150088388962
NGC,192,210.66039023232995,0.8163631439802848,0.06769910341447152,29.972403053037006,54440.72634046192,19251.936256204666
NGC,193,156.71247646498892,-2.509907583138606,0.18590135502781746,28.010827347279676,27753.464900354942,3724.2402693887484
NGC,194,260.9979265366512,13.767422287048067,0.23325540035778183,17.812041549173482,11645.108771622312,2974.854541313493
NGC,195,266.6792055811552,29.429873887628215,0.1592491664413116,28.458823748514735,39326.55231376015,9659.291648257864
NGC,196,231.74329884657146,-0.0798012513883589,0.2299356336358602,26.302370064540355,30000.123915410586,6890.105043900953
NGC,197,249.58665997030528,2.3519744538081304,0.1712373790896822,25.428519254504486,22804.57872687531,3258.359654797167
NGC,198,226.07309925115092,34.11741112873068,0.22825525382012646,33.28032944292146,54968.66945787276,17166.560009484063
NGC,199,135.6568577497332,-5.803521843785678,0.2332522250586493,18.52325558993697,11995.093012379293,3011.4828856152344
NGC,200,126.48732756206068,2.044017071334152,0.18621857601716785,21.03984205212899,15874.377464954125,2328.144674286892
NGC,201,216.21530218636684,36.86291497211549,0.14430174130720855,29.375674300820194,37411.28443579609,9949.956089300384
NGC,202,164.83879333886952,-2.5420467757890934,0.2305473393750899,30.37797857733389,42933.430549184835,7081.5464038569025
NGC,203,260.2146360666417,13.770733188169077,0.16475140446570563,24.20146843875294,25524.85615522831,5043.427113093665
NGC,204,199.315540650813,3.558088769591049,0.2313507726049733,27.88685001509131,30250.496038492784,6260.824374312902
NGC,205,267.9251316440641,30.739240536467083,0.229945172030847,24.01174160966714,21514.495318467507,2995.3196054231084
NGC,206,195.37681955924285,1.288437117426049,0.16313287425900536,19.15985603138636,12667.17891730995,1901.52341593268
NGC,207,133.31671264298905,-2.2523277192615905,0.23136963109972486,21.943842345550735,17062.61054412342,2405.6402727351665
NGC,208,117.69713530160652,26.6117458576247,0.21143416713080862,17.69568141118909,11480.821088498104,2830.9581613624628
NGC,209,144.9666827382291,-6.756657466398303,0.21254329198623045,21.90954629680214,20377.47403787222,4198.014517739509
NGC,210,159.71035118700976,-8.12089835296965,0.2263071849769935,19.53559658419899,15353.271843842022,3387.2972328727915
NGC,211,228.58438300338958,33.737045792243215,0.17631544740883703,19.0651089762553,13305.941564000246,3043.0006139107372
NGC,212,237.20395609810333,7.035297805048416,0.1925245739538944,24.981050484398256,21875.056201487936,2209.7707265655686
NGC,213,165.71067383696285,-4.7695054559202985,0.19144518303252236,26.037541250052556,25757.227340753798,4004.461286617435
NGC,214,221.08182094873914,40.87458389366103,0.09612374799230577,19.68234327912483,17354.605110148,5127.279721404988
NGC,215,292.5872830075291,66.24973135946962,0.2254915469617032,19.30972872372106,14494.62587513212,4850.48472559397
NGC,216,206.8970582986643,6.379539716709713,0.19157724458378877,27.928895250376538,33278.358632907184,7691.286059617015
NGC,217,198.09702618868474,4.259909254719705,0.21364070458826637,26.096531387432158,25308.275094921082,2040.3790904453142
NGC,218,95.97326714669754,65.73856334250736,0.22196443485200085,19.752974444107753,15122.699805740383,3641.8125729995304
NGC,219,179.18009700110835,-1.9208055622702356,0.23016659569968154,26.865859684909267,35999.984405336814,10017.419428076728
NGC,220,228.32050032857984,-1.2217503460058545,0.21939064731824173,21.632736789926366,15214.054402861862,1434.1756697071646
NGC,221,254.461204550872,11.108715877972047,0.1870768571708978,24.435003829432624,19146.9353593332,2011.3355658767432
NGC,222,216.82519013309792,34.51141667317763,0.2038864740422432,30.258382354523626,39293.75872583814,7460.321657597591
NGC,223,211.3746085459284,-1.0379462974419733,0.12358436005239612,22.06495419473106,17646.796117926533,3148.62018502566
NGC,224,224.69698749746232,-1.2193521405828558,0.20992129814691107,27.144402484573938,24447.081086519553,1033.9224513181084
NGC,225,130.4380801246404,-1.9783447607153761,0.09423850377062362,22.57988568306491,22963.429437640054,5225.9962125129005
NGC,226,238.32234835931305,9.339721098438845,0.20921549517864474,27.891242782634045,30745.518482587253,5384.69399701702
NGC,227,270.42967859247904,30.03371501788967,0.18624773733431949,21.589221244436107,16309.940716976553,2897.2345380014567
NGC,228,221.16509333343936,37.12859831769834,0.06647958552103987,17.296173473091343,15796.889154104274,5824.547379188569
NGC,229,231.77831148783676,6.06040328964656,0.2021377297983595,28.625230474169886,35115.11434152357,8344.093984003994
NGC,230,265.62666685604665,28.909840423257897,0.22662996441099625,25.043061852654564,29611.260556548663,6716.529565455067
NGC,231,238.99162927352063,0.9257540039401507,0.23173290573662192,19.5388280893882,15261.585677432427,4362.636079805576
NGC,232,215.62544802298336,33.14320356369012,0.2264365097706853,22.71793868076675,25511.20520006075,8361.879578852664
NGC,233,230.50992256050688,5.379885761259262,0.21772906623532418,28.027892193750287,34870.52029504912,6381.164943113876
NGC,234,206.63039232186128,5.64027846561846,0.17194672161306673,28.70049349275364,35379.16714528499,7488.4876521544065
NGC,235,97.02567662107428,63.329539380464375,0.2213217223648767,21.938810015815367,28130.539134155715,11351.56586025688
NGC,236,142.30601449316205,0.3704547784764989,0.18770788871580787,15.105580701680067,6928.531034580995,1349.8369374679892
NGC,237,236.14685816772106,1.439463975353301,0.21870664422525124,26.14686450574547,22044.13840437881,243.37992389379042
NGC,238,164.65153686394478,-5.54569324559641,0.11983044108315503,17.821094398768558,12767.179254397774,3116.7823803492847
NGC,239,239.43295014602944,7.9033891344985125,0.21837485450494207,26.38019797322598,23859.943040494276,598.3353230134322
NGC,240,114.54329452656846,27.46968653142091,0.1328209653489001,16.921491883246112,13438.239884117604,4533.658617484148
NGC,241,255.11275628233756,5.755930123991329,0.20557927361673028,23.191373607460832,18994.01927347114,3919.6574296748763
NGC,242,257.77440798212274,13.752136605341134,0.18289603913239502,20.599423541317577,15305.252502796386,2132.046163280566
NGC,243,197.66842162898834,0.03640796258776083,0.19941586118304547,21.73010088720958,15054.911650764996,0.0
NGC,244,180.36735864424452,-0.5251267109931038,0.18335828331155732,19.970021171101816,15691.357402198231,3392.576955838929
NGC,245,271.8788861989391,35.23469163806599,0.1166980779812823,18.393191705086974,13276.62033158067,3949.0297069950807
NGC,246,287.13128639035926,62.2426546767073,0.22884244749693183,24.00960466565662,29253.875095933094,11079.779438622572
NGC,247,271.7429321973519,36.65469418332464,0.13264128658119603,24.656444373025764,28948.891187048146,9609.786373988869
NGC,248,268.56730946015966,27.168833873953297,0.21504641831060473,26.22417955083111,24359.18628796191,2844.3433455723853
NGC,249,170.06603360480335,-0.9536846917474218,0.20121115338453263,28.086415051288327,25906.77390224736,410.7482495222773
NGC,250,252.40319947889432,2.4808026021896583,0.21308743292502821,25.269731760637892,28511.58206201972,6473.000753627898
NGC,251,209.1742803871758,4.420496317975655,0.22072107739876826,23.42383340490596,17997.72231768327,1404.228180510606
NGC,252,251.4511487419217,6.224960771434875,0.2316370662188304,23.352338900244494,20661.045739285844,3866.69930212456
NGC,253,175.5499420800294,1.496673368233579,0.21011439792927533,21.24671167777061,17835.570030331462,3998.082677651418
NGC,254,271.0321158484404,30.64172408473804,0.23253403692879626,18.47188566459278,13457.10601246996,4257.015077910849
NGC,255,215.71528045800417,5.573918138570439,0.18546669956838446,16.000695181665115,12899.718671245913,4184.771286915399
NGC,256,198.14611397223007,-1.5121922870673175,0.05903425806040766,24.858494924232684,40361.885387715054,15798.955435765609
NGC,257,221.4041088038549,36.37740951805473,0.18622674897871375,24.08971009319214,19431.83555321773,872.9952801440388
NGC,258,263.93767209547303,21.06760855177611,0.21449553791489925,22.206388332777873,15483.881002163163,452.91572610223363
NGC,259,259.45534966596074,13.56774224107677,0.07668073426302045,15.912213052409555,10526.404097484205,3537.161362832198
NGC,260,232.11442493549714,5.078347645410054,0.22657012964682266,21.954265328866846,15568.393735828775,288.75251260426
NGC,261,96.76368616772834,65.93841676007415,0.16449084285205592,16.400743816356258,10182.561581772445,2857.8041524003693
NGC,262,227.20842528626807,-2.6668418540331014,0.16666948164604775,24.171901128780632,23336.92135276321,6399.358629054771
NGC,263,211.8741863173774,-2.024750516949586,0.17953660465134638,22.327274925651565,17133.34819674034,2791.7539880844765
NGC,264,137.5829338308465,-0.3675856865168781,0.1890090498406789,31.670157186322907,36112.640589746145,1412.9791330017806
NGC,265,174.49573151104462,1.0965588905292625,0.1432753758173269,17.148387221596142,10281.368182657921,2169.967769820536
NGC,266,158.01667782071982,1.4056683912343853,0.13870490336278168,21.410372445215913,21264.936428364454,6438.428998707985
NGC,267,134.8886034170571,1.8336733332038009,0.22923974852926773,30.273643578904807,39919.16140101855,8939.302295930163
NGC,268,131.35172341006515,1.2876345076802627,0.23498653377176362,14.557612850515236,8051.231459163498,1741.4003167932399
NGC,269,174.8289855211545,-0.1148274870711338,0.19772881912528312,24.881203409711038,21193.789989906967,1817.5606942780303
NGC,270,199.90180450117163,-2.98784681800402,0.19194242136623843,26.25458066068836,26127.066283430075,3252.0615456537844
NGC,271,161.16399261407707,-6.81809700036653,0.20293662143206231,24.264164492871746,20486.04042860746,1592.1902411001713
NGC,272,232.17626757065568,36.59980155778469,0.18704058478620894,18.235570615120107,15957.288302527857,5041.563697608077
NGC,273,137.4161357177158,-1.7121159566395872,0.22790525500130074,22.861601805330206,19197.751575219307,1619.840475148011
NGC,274,207.43834987614903,5.836952450017399,0.21257872031144412,23.638740720903943,19076.374777624864,2045.3159049290607
NGC,275,186.35903221685848,-0.8000011733431237,0.18269615499193942,23.68554019800515,24624.574803280466,7267.85813081559
NGC,276,253.75761886088927,12.82210650653575,0.2327197423810262,18.02410628769712,12635.484481641197,4382.758573273128
NGC,277,222.52297762149155,40.20936311641301,0.14609858773427487,22.699229617425814,19912.256587344313,3796.249700879231
NGC,278,134.98650805617723,-3.537996178785946,0.1959932223035181,25.338932699507378,22084.006253376865,619.4492185434165
NGC,279,262.1580052008443,14.406892099727097,0.18906381218514257,25.929905939108345,26858.012349056786,5010.868298416891
NGC,280,269.0826035984501,32.45283611839645,0.1761734915023011,25.59970310740261,22769.09585550016,1375.0914902127047
NGC,281,203.18779843317554,3.7226058522952505,0.22041747271598705,24.928037824796846,27989.53180216081,3807.488752827234
NGC,282,137.53350461522706,-4.181851296330218,0.1659935535919565,26.56232731450456,25354.783019917075,2622.196580129951
NGC,283,244.88061028616175,1.7883061825550821,0.1765709399829448,22.115588278780788,17925.828323978814,3347.971405882836
NGC,284,166.16738037510606,-0.7241921701451345,0.19229604787117544,20.591875076752178,12826.368549195746,12.427138321282518
NGC,285,226.88530369168825,-0.3000038056777086,0.2023786509464667,17.848628425626416,9726.153841341138,0.0
NGC,286,175.84748009504057,-6.140111941529152,0.19459054880934715,20.938152532320487,15925.922820174375,2202.58030854716
NGC,287,229.6643936222565,2.933038130304157,0.20447616011506642,25.88420457089293,22710.503484273573,1854.252063711839
NGC,288,135.06603493069468,-5.165560492955495,0.17926429129432475,25.109802924496563,21698.351460570364,2565.493614985414
NGC,289,262.4346687692098,20.71766499320325,0.23213197639564806,25.029833513362373,29684.418162213628,7717.883510137404
NGC,290,192.38180047808993,-4.555123416138626,0.11136132087476859,22.50629402607241,23985.336692926874,6811.898103909805
NGC,291,208.50866818964562,-1.3817682583064594,0.22056065222844276,26.698579953667,24030.288612692246,2376.5751100983734
NGC,292,145.61545455575987,-5.569344909367852,0.10180545675472734,13.89957273374977,7237.798896081904,1940.6081250331831
NGC,293,177.57028914259527,0.1551252422390866,0.19973444449897013,15.455384053099666,7968.287757184071,874.6021956084377
NGC,294,140.30669739956693,0.901966344309664,0.2191061505976412,17.608429564534475,10667.61429727985,1463.6668293258222
NGC,295,208.644037953898,0.21266971838554438,0.20868927465594506,21.073253447597104,14542.723374630452,99.79260881408297
NGC,296,231.25467604044388,2.6048618858934245,0.0680871449354005,20.72316059296871,22171.78547868808,7118.5479641648535
NGC,297,122.0183039524357,9.245501382836512,0.12330832331744282,13.560824198160018,9978.466171887378,4409.186163339594
NGC,298,143.96542549748446,0.46241755047976,0.20837224628994563,22.445824799435595,21478.97796990697,5444.9026380915175
NGC,299,208.13722609252193,2.890019797934816,0.23093505286066074,21.974495606817516,19017.660731019543,2739.485349174858
NGC,300,206.66388844584006,2.6063712642986148,0.205911869040289,21.720581176063224,14228.83394361932,31.031773268767676
NGC,301,164.6377679597362,-7.456220014481506,0.21240267203047236,23.905441185475393,24004.801927301556,5884.439619966624
NGC,302,260.32675565105893,15.36199922172934,0.14453662640025036,18.495170629308557,12244.264711399072,2113.7301127818328
NGC,303,142.27972237882335,-5.345345994545716,0.17104245309837793,22.743373267042703,17318.51345646566,1978.478986285983
NGC,304,148.27126803678507,-6.89189020519855,0.17560704794558052,15.102772952749152,7765.632680381827,1404.2336064736328
NGC,305,124.66515149172845,6.171161475049636,0.17693497316942436,25.0888341695048,29282.74439319707,7696.582520384772
NGC,306,172.5814725994183,-0.8359559071952146,0.1869669705516863,26.949833876127556,27629.883606140273,235.4460768930953
NGC,307,195.67157795485375,-3.401921276921009,0.21997702947192202,23.18605806826486,16864.746986916423,163.0209980783455
NGC,308,211.02541520783302,1.4558403062456886,0.23052530325010226,19.304864318246118,11239.203534625458,1120.6553030675188
NGC,309,131.28491151317363,-6.054287524509176,0.22482157012781143,19.39201047917113,15952.655071684683,3595.262731135439
NGC,310,188.4544886693398,-2.444767420684707,0.19709186794277608,15.55159830020724,10091.567399274965,2255.677891322631
NGC,311,115.73839223501612,26.147705563379738,0.16123879000500227,24.092065320522792,25793.58890280612,8112.632827236916
NGC,312,220.3325655779449,2.111726027693033,0.20274375193073227,17.959329639912657,12107.472889463412,2090.1173084605584
NGC,313,177.14440863681807,-0.33145406350801093,0.11556109843050294,20.827278213187697,18373.042967147845,4125.302103481817
NGC,314,130.83742813822707,3.032360630401313,0.14318537449041,14.928655429048867,6329.321426533111,847.7154918192564
NGC,315,142.8230350873891,-3.381999761161549,0.21782364602630613,27.260256448992752,25618.602647057833,0.0
NGC,316,224.854087897246,38.701000894834536,0.22233818852948822,21.7766586950105,21567.04656148599,4516.840847058151
NGC,317,196.56220282965114,0.6096448658383932,0.11575366027894857,20.79129656199448,16050.559534255517,2440.0020957256834
NGC,318,253.85316237436012,5.748684102026748,0.18462822672842194,21.609453907789693,15103.663639175058,2230.1950753284423
NGC,319,171.37257409114864,-7.1493554343170045,0.20285460768975377,14.368951023015011,8380.439489673021,2413.8710119134093
NGC,320,148.5212805576256,-6.460437327464723,0.19072440054468068,15.356601132417063,6956.1388357997785,853.1793832367116
NGC,321,193.72963747274267,-2.205650657265094,0.2047917927043052,23.416686958989725,19066.969222710202,1705.1172040410715
NGC,322,263.15262538955835,21.520887117494386,0.1801334781993823,20.493079170758353,13084.129957763718,1365.0158178280103
NGC,323,213.63882920757342,39.46501109481245,0.19574650559436987,22.102178662261103,22812.124475141976,6704.854700075807
NGC,324,165.33679885706294,2.813445603396647,0.22991134723378814,21.051007549878147,21316.519244987914,6587.898770747687
NGC,325,166.92887619127941,0.8373801954035671,0.22395183072128805,21.933405082084974,15838.331822378095,244.74102825045912
NGC,326,164.97874299563708,-2.5181236816872454,0.20110278942353826,22.14302399800192,17324.74248547198,8.561541625771783
NGC,327,207.5727002700506,0.26792229653049776,0.23158340824749282,23.08005180945684,19365.7266714092,2849.2242243637843
NGC,328,136.56999434451726,-0.5358807765175765,0.10691095671136204,19.890124188519312,13864.895908142713,1977.9430269746833
NGC,329,235.99573787260897,32.76796685539902,0.185073217763796,24.218265268361066,22260.345980677223,4836.011853775504
NGC,330,173.0879917035669,-6.19224439945066,0.21761888546814134,27.206194186454823,26727.668410647642,2887.8160907009615
NGC,331,121.39275958635056,10.023355039723779,0.16417238615227273,16.317385588865662,16609.470061632997,6521.940129897777
NGC,332,193.52246062652472,-5.719155552749513,0.15787955576833287,25.57459387833299,27570.711176102504,4188.387897743724
NGC,333,265.1676684705229,29.471848903303048,0.18555491117983103,19.204044646858446,15050.032668125536,3324.872540612859
NGC,334,249.04677028829508,1.728237619468295,0.1336668657287855,18.327751998461,12128.501652159033,3093.1055816074254
NGC,335,203.1279590228812,3.7336853642816084,0.20826769025403305,21.75149459376807,17283.732931730003,2244.7647424443467
NGC,336,243.89435556505936,1.3902991648638803,0.22190277253712745,16.16755569407972,8422.57110181858,1802.6109921840762
NGC,337,266.6003854818538,21.377189682790252,0.21652765996459636,23.177255217632815,19842.917320320765,3195.9973574255605
NGC,338,139.5961274155766,-4.728018434315804,0.10446773671590291,16.094589959221054,8309.200810753173,1236.127419929939
NGC,339,168.74359982624796,-2.4035029940112387,0.17601464508196454,30.575339422043083,31859.046161932714,2797.8560428906
NGC,340,261.94447350007863,18.318547726727456,0.22925570226720887,16.19894545360048,7580.779888516201,190.23127430437455
NGC,341,165.14238803260113,-4.8253575150984975,0.21853891066153655,22.021912226460085,18049.19025259193,1341.700082085437
NGC,342,257.27373724390407,11.325659054754095,0.1536052742031871,21.867266760293774,16842.54962388732,2699.498406976625
NGC,343,135.26157338695128,-0.9286399837642669,0.08110197233958007,25.860835827288682,30351.611461451394,6920.905633644953
NGC,344,173.17980234747904,-1.5743883315236924,0.23213227654568822,23.109470011037388,19025.53039347,3258.0828215011793
NGC,345,252.5741612849199,7.440570756064059,0.1415291833732836,27.06091100899113,30715.49268756365,5658.153091809413
NGC,346,209.33090854233373,-1.5144428958650689,0.18712814458574584,20.886406984420717,15256.728309480355,1745.4491607799564
NGC,347,197.43027205090576,4.0032379167975725,0.1478521313410976,22.191587229921762,19308.818421397187,3585.576879492012
NGC,348,256.2987094111249,7.031595927084155,0.1840179386975982,16.850372626526397,10457.342115548896,2449.777752401297
NGC,349,240.32611724969712,9.432239197958785,0.09791652384360565,19.154612993341274,13975.628325257143,3492.10208667716
NGC,350,197.20749443234624,6.280355288899312,0.19604237666700042,17.841119316115076,15191.502544545254,4001.640475220326
NGC,351,217.93736335746934,38.02287156697393,0.0906582687858244,20.976237247492307,23095.408012301847,7152.430707217067
NGC,352,174.5816598512772,1.7850865051636222,0.2266221787014027,19.738439874152498,15095.11898134257,2926.2695147392546
NGC,353,202.39350358346078,-3.1445761247770743,0.17063006004230358,24.20281783648774,23895.270232277762,5104.998584579391
NGC,354,102.25455505734998,67.47009103140613,0.12281204012005575,17.83536066094808,17720.656183687955,6833.705291658095
NGC,355,247.0585442173347,3.7565039783162386,0.21360487400260647,26.59603184728484,24395.94837169884,0.0
NGC,356,128.51155470190335,-0.9651955649298811,0.15294058562311444,21.23712333381487,16055.598493610263,3007.375496346249
NGC,357,271.4419591867943,38.45500159233006,0.17229844943466044,18.205374295773833,15310.868114852545,4008.5132261273
NGC,358,237.36240399051002,0.3433441843325661,0.20430921920562442,23.019118124016952,19828.608819259884,4269.882479670245
NGC,359,258.048963314298,12.266231303450638,0.20122332995606398,24.675884352362022,21545.288102329163,1253.4432993168684
NGC,360,201.4809079840347,0.8534251506351624,0.16305426353427724,17.241615678278464,8964.233797891586,0.0
NGC,361,257.8907661084305,9.163935564182692,0.23389552975407588,11.736197630407398,4346.248666451206,1205.1440966609616
NGC,362,145.32715066091274,-2.552739777937934,0.15712547895521053,28.528004760356577,34059.9956845092,6564.5698281629675
NGC,363,173.04108745049405,-1.724802424877925,0.2112238226200061,24.52352673015005,18205.01526168541,0.0
NGC,364,110.6275961063118,35.53401661919711,0.21531420874166107,19.995762079813368,18176.97140216617,4883.016439539055
NGC,365,222.5890149175319,2.0156756617010525,0.20250095960251158,18.296372713161333,11983.885741215652,2043.1749649243588
NGC,366,162.62914155745472,-0.3088665940281931,0.12042879453957468,21.63275081120138,17455.069386014206,2598.6213347275043
NGC,367,167.8167470046376,-3.2385052768953235,0.23271667861818227,19.15256601263933,14885.30874304,3448.4556992393573
NGC,368,212.3464599717279,40.2692941003655,0.21552636110777518,16.94661187105873,12608.768441443113,4161.498266683899
NGC,369,207.56185157185442,6.530022602836444,0.15628035330331985,23.905540340285533,24524.77687220495,7011.181251355372
NGC,370,110.17630911733451,35.74407256991884,0.20697438716197902,19.105378623621117,13595.109580656159,3215.6686209024942
NGC,371,171.6126592014256,-5.287440652850013,0.19470950468978615,19.634899610147805,14265.865109309652,1991.6467437886229
NGC,372,227.18899874680477,3.062169747310383,0.21494553127084234,16.6846997131449,9977.442869542656,1498.2217291879244
NGC,373,223.18568719527826,41.849911359658904,0.18099595922533623,17.611786686999512,11602.230726185147,2423.919322765891
NGC,374,236.06637148652226,1.8177382967987215,0.10292552174089666,22.101903511831672,21378.35454691226,4236.4780523385625
NGC,375,136.16456528195795,-5.750694463395815,0.22294809468988552,21.579858421790835,17396.590695676186,2230.790473065696
NGC,376,138.27770200366547,-1.62289660260771,0.06299301108165485,23.949539439341667,25656.420912343445,9189.060887832004
NGC,377,207.88520630950657,4.564913647619639,0.08664425168725202,18.628475920683957,13523.82840903057,3426.010887996088
NGC,378,173.3597281021812,-5.6535237450031675,0.17964638867915594,25.0937757887312,22833.749848518473,2402.247751939793
NGC,379,125.90603388532975,5.373722545046674,0.14434647231655584,20.092435247152903,16173.756406771978,3477.0497431336466
NGC,380,268.54253825612824,30.888756132974574,0.12799504730717623,24.77014514423136,27561.661933917905,6789.830203598467
NGC,381,112.89006841601841,26.312209611846836,0.21874401318640277,11.364681023005986,4462.761585756068,1609.5295638337109
NGC,382,247.59041335242273,2.020609884934274,0.14952592827688582,24.210294180729257,19951.040433175443,3676.2054915390922
NGC,383,265.97931093292016,18.92843649124179,0.17422466406017728,19.748970854383938,16418.029574803608,3519.3056047682985
NGC,384,240.93113981540927,6.352581433061784,0.08240142923754544,25.915311943051215,31527.060993717998,8745.905980930573
NGC,385,190.12978560692164,-6.982458996334933,0.18277747214218962,16.788867694038803,11741.551832855192,3120.5595552235154
NGC,386,202.88937520194546,2.9190493507061817,0.11018737067992475,15.764091313507357,7230.441925374267,1113.8744463050148
NGC,387,186.59431313330722,-0.24864506461502808,0.14067311724140932,15.875069637005788,11769.055950886568,3435.3161610174893
NGC,388,251.81526690251212,3.355745242337087,0.150225716337603,21.141135382759767,15972.014273651826,2945.016931547565
NGC,389,261.7650648391066,16.312454871176055,0.13341725608577001,23.855812518063658,25337.73753021746,6080.528599516627
NGC,390,211.14205281409252,0.8853623006600262,0.22011123027601143,14.613950227878663,5158.8372803847415,0.0
NGC,391,159.60071182085687,0.9193104719743872,0.22548747874732414,20.91152964738766,15516.592042278759,2304.5582868032243
NGC,392,176.01411260134813,-2.607805066727608,0.23033428039467643,25.497776014905305,25875.159408546475,4147.811912459331
NGC,393,138.6549349860025,0.5913826586005558,0.17677147904564164,20.984197913251993,14208.001102735538,1023.634833395188
NGC,394,159.29051760296167,-8.008647670885322,0.19623797504560042,17.242224814811944,11102.569575500534,2047.8535611991235
NGC,395,170.5459894981126,0.6994877981506156,0.2203887270533028,24.93224415162046,22478.15081829235,1806.245364323062
NGC,396,274.31222288013987,42.69497204698762,0.20398902082696233,16.33391912100584,13239.95716416107,5022.946067533995
NGC,397,218.38615266362936,1.2900435402756028,0.1683795720814783,24.907231791223612,23960.109924751592,3269.9689154380158
NGC,398,171.4311945002806,1.5799674086686313,0.14847332651178877,16.744335058072988,10067.0507017686,1825.0620743341206
NGC,399,112.19873510727972,30.996717376422062,0.15509424717036072,22.555353910920083,29587.92721594654,10392.45683143541
NGC,400,242.9541385971567,1.979143296197693,0.1969334888790744,22.091269972344225,18474.694691145833,3376.0395827529887
NGC,401,121.74930637403973,9.80829818481673,0.1897449587581093,19.910958152076077,19472.41373627082,7145.096644386849
NGC,402,232.77935348567857,36.9021894860949,0.20507978669137533,19.928295221552283,17053.517198733804,4745.201749173926
NGC,403,217.93620909520112,45.699656640494375,0.2281277570395007,18.15817148268314,12029.145183319903,2662.1937610414843
NGC,404,215.22328315930812,1.1570359925662574,0.18185077435137664,20.723355183517818,13249.948561395642,455.4750905128709
NGC,405,247.43356536225508,1.9160419649210063,0.14064460340670304,12.463843702186244,4350.411673739323,517.8409241527136
NGC,406,202.77917205024656,-1.4413639690840456,0.2296599252184029,23.676523586664747,20448.602160371633,2266.5248081533537
NGC,407,264.1251802998441,21.639054346205185,0.10723020060850572,24.335214688831517,28694.170669348947,7807.86058582164
NGC,408,112.48387974054754,30.336801342603508,0.23180276842917164,19.605548974664607,18197.201881972123,6361.7762339381325
NGC,409,244.29254130833834,5.803335165172449,0.10545897673256657,18.47039720074423,9873.333523756752,44.597891788101286
NGC,410,125.06408192598603,5.222833119535231,0.19350902752461815,22.96160695345415,18909.539487076803,3113.797325225617
NGC,411,133.88019908080716,0.7205057433191656,0.09425012462295003,19.087188387723813,14602.046881242786,2449.2452880961023
NGC,412,131.75688272652775,-2.1257902511255686,0.16561348054709985,26.616985622768336,28034.232791813658,1831.9872456325684
NGC,413,259.4903639214398,19.257877910757397,0.20421002346627937,19.344467069034966,16944.432603731373,4453.42693831035
NGC,414,223.1662318819301,1.778940939169047,0.17906327716501844,25.482788140830344,28469.21695713064,5761.260762449652
NGC,415,215.29739316224652,38.55318499971128,0.21587350763710292,18.812641859894956,12082.774083383014,780.0882073422629
NGC,416,230.24949048279453,34.39745491919711,0.15978227002976111,22.756535687502073,20520.634373962297,4460.9771760695285
NGC,417,115.364852922531,23.726126912584323,0.23370808938544824,17.31158532334563,14530.15266449587,5459.506325976873
NGC,418,165.21488708542657,-4.5932078170603,0.16052591252057294,21.897465535802173,18603.59040547236,3609.946867183346
NGC,419,158.07254375797388,-4.501842596934311,0.17060368116386765,21.966109062519738,15623.596300991887,15.11374289940332
NGC,420,227.38166046284482,2.274332222044559,0.19986823425038214,16.77627066307308,10007.204884102468,1422.9256212134815
NGC,421,101.57577893055225,68.73864820784524,0.23247048642394005,20.146775245324992,21079.43388213728,7462.515784808059
NGC,422,231.13130823254792,33.91933935176007,0.10650223694590866,22.039589917823648,25153.499772729963,9215.070114188455
NGC,423,222.57877136781104,39.546393366815224,0.1750605103464289,20.72975418158381,15437.089305253656,2020.4429904987771
NGC,424,221.84781527255373,0.5318483386434266,0.19586478167694316,17.03254542869238,10366.520704826346,207.30015505387144
NGC,425,205.26385191282054,-0.609960448962735,0.13958887277396112,21.422376948547228,16415.826081036957,1728.1201527080514
NGC,426,268.5029998982812,26.24169545396128,0.1448225248943767,18.3267048562743,14235.23823857165,3283.660362354185
NGC,427,172.08004787965098,-6.320928152384009,0.2099390572489479,20.875519209146937,18797.02020779659,2873.0194908650333
NGC,428,216.08246989687788,-2.4645661686343328,0.19696253332632235,20.40943221606103,14590.014914084843,2128.830705886618
NGC,429,169.33947365346785,-3.8785540395042615,0.20023057245111325,17.194607482829987,9792.435659362953,1169.2287343099272
NGC,430,288.6996186703056,65.73845487039266,0.23045715920949408,16.881481923427184,13772.354547656723,4333.534040404221
NGC,431,164.64036270430051,0.9840975233521995,0.15971419326156436,21.03565571668553,16509.183706494587,2091.151148051019
NGC,432,98.08229034877662,67.90868510609317,0.21354174738674117,24.130135611872397,22918.467552593665,5698.797881868083
NGC,433,242.6370427226109,1.8846871178276072,0.23255411202187323,16.634322144093808,9392.32172861353,2391.5332432245254
NGC,434,197.18686009295047,4.328425389628934,0.1264528560008653,21.544388694951568,18291.134624166192,5467.586139317741
NGC,435,142.20624311711435,-6.437909426955282,0.20455965172468996,23.217406793192847,20646.33130611813,3320.5500528400794
NGC,436,254.29760333527958,6.430813817564229,0.13224667137617468,17.347188301512386,11189.636661444152,2657.07896273954
NGC,437,263.43810428707127,16.124343379500086,0.20224760567619454,27.099825849334497,24450.067054924868,1286.1892983452467
NGC,438,138.42809772720955,-5.430258349506788,0.11995530880771564,17.32575617479416,10073.727963349336,1459.5184109048214
NGC,439,164.67632345617127,-6.892171942616099,0.17739526303075645,22.79385223104241,22586.99792253219,6479.740843400683
NGC,440,129.58222711239992,-4.956396599436836,0.20786877045708668,18.367127282035405,11281.085894697506,2087.3287272986913
NGC,441,215.63517632146608,33.65953124666627,0.187072091363551,20.815648425072297,17023.37579783193,4659.727379178907
NGC,442,139.31988588308403,-3.625920156875974,0.046060711038548974,13.701750427017464,8938.94889688073,3539.018775252642
NGC,443,138.69279720205125,2.5752338404917507,0.20471158983199794,18.443422305669525,13356.093555952262,3088.066978353648
NGC,444,237.60344195713628,1.4007245645216515,0.1542625859140108,19.431823131886528,11728.074454330397,1359.8804179512072
NGC,445,218.1169787461361,-1.0933124358834927,0.1868997468098486,23.01502104211158,15483.772009792807,734.0144758096774
NGC,446,255.76068908467454,5.541213896909169,0.22852906034107123,18.850558822840746,13032.35046205849,3555.1290671498004
NGC,447,175.11010764933462,0.14276830266879678,0.1517588245440009,16.948013375443736,9622.125248814991,1331.3638322695003
NGC,448,290.1183794737518,65.59322677999586,0.15893872781449345,15.580391425209386,10634.221271950768,3235.8041473079943
NGC,449,262.0898687914505,17.37850741069617,0.2218519740437987,17.89642097244566,9955.484211137255,0.0
NGC,450,145.5580882684827,-1.1915246669912605,0.2294750225686699,29.849139511745484,42028.61984444892,12719.824086961835
NGC,451,159.5331214968448,-6.245505557070865,0.14567683328319053,26.658631493937552,28663.21138559931,4329.279003714317
NGC,452,109.4646710968491,38.29948494542247,0.20066385521600655,21.007974560798505,22043.63317401111,8003.617837052096
NGC,453,215.4058709578245,3.9436126881342166,0.17165996884300744,24.190772486936194,26928.024974552725,7645.893994691217
NGC,454,231.23791135340056,0.3040600239367299,0.14524051788696757,21.689085912613596,19492.297694945108,3501.551239024383
NGC,455,222.13581705545735,41.03433406183444,0.16409254079131708,24.05164272892568,24714.620903338484,4133.672460033697
NGC,456,197.0016767654187,-0.7977594324092214,0.10294418991977534,22.731973528073286,19074.197479451337,2946.3078671881713
NGC,457,207.56345346795612,1.4041481198038517,0.21729615577368283,16.410918337308566,6629.765018098087,0.0
NGC,458,181.9433930254132,-0.5431355731111226,0.19768999114016533,19.429927379128173,12685.675570275589,2622.498556821921
NGC,459,220.31619983755846,37.94979042604957,0.15436190449554582,24.11374985039572,18486.419010345435,129.72364932315085
NGC,460,131.8007683007844,-5.4062965604210245,0.21712588857750403,19.60510458220181,14234.733311935086,1441.2032593084793
NGC,461,95.63420041397592,66.61902289768133,0.23233867375778364,14.573639734214662,9103.854640713904,2661.445899904191
NGC,462,139.4052573480219,-6.336609828666053,0.16072753824187327,18.876848630065503,12241.671372220693,2089.6710254417717
NGC,463,151.3588793541662,-6.991651169710332,0.21730823979169225,18.32041063263164,12939.099627503543,2163.9420850297934
NGC,464,195.7426920789651,2.8913667591749834,0.20469564324250053,20.1012321843059,13578.74471701454,1601.5784976688835
NGC,465,252.66667108368227,2.364362724159736,0.23321083162170297,14.156123391319943,8368.205521754757,2483.2680963600365
NGC,466,112.63444246177542,30.42614393666722,0.20229079714764872,20.498491495370747,18973.176707377905,5771.14501236557
NGC,467,232.80766981390815,2.5208684661533347,0.2225491564966572,18.6663735620931,10497.71967045113,0.0
NGC,468,157.10524091601346,-1.6239194708822937,0.2300488168840715,18.788152848256214,13595.898866267262,2109.5574814701145
NGC,469,207.46395522294702,50.10805169326447,0.17338882728124957,19.37615747728033,16806.69840663531,5447.111164243118
NGC,470,274.38220800338945,41.82971492361037,0.1707586387745218,16.67374376793574,12836.45856423397,4724.283824849801
NGC,471,130.25969194917622,-4.484452465371677,0.18721703210410132,17.61548790125429,9296.101433924647,376.36105813090626
NGC,472,235.06562867095195,-0.4329227532469785,0.22157055222907263,19.48141000795938,13492.050876692936,2620.929045483686
NGC,473,164.23889519750603,-1.888270881345355,0.17234289975983344,22.322295262490567,19759.339425541122,515.1151861995211
NGC,474,215.68595652204763,-0.6258233214179887,0.23268177200085768,21.945717985603125,17374.12305903739,3787.7069620899238
NGC,475,187.43041385718703,-2.206666542566953,0.22399130140536253,15.635587831464715,8642.440948228954,2043.8632663120593
NGC,476,129.24059646310397,-4.7602852241572915,0.22445914804145786,20.952041081435407,15835.24188990097,3277.6710218410462
NGC,477,218.71792202405382,1.409424637711259,0.18150522185401927,14.631537931231918,6256.50611307652,388.6680870709064
NGC,478,214.67847137678834,-1.5432481897156316,0.17852372701754277,20.302810808354764,15392.25701414463,1831.9919864093115
NGC,479,231.99301355525554,2.9951757067101608,0.10252617458501724,24.233932667605252,23552.238630323314,3937.787716967472
NGC,480,248.6183214577872,8.330303526764814,0.23058732225317807,25.721719699207963,29514.00559306278,6923.39270277064
NGC,481,265.4351536945496,20.674514955715352,0.12556545486915444,17.51600829830259,10102.226012840876,1905.4947695190572
NGC,482,266.65965552647344,25.327994703951923,0.15829319507162698,23.130383221887666,19779.159746072895,2872.629195951308
NGC,483,211.52564488374807,-1.5637729192925935,0.15588807828167628,24.28562511355621,24330.25333700873,4397.429620239627
NGC,484,160.97257490659752,-6.55835159877587,0.23470278239234815,19.027224502780985,14617.826870172546,3842.322726762868
NGC,485,162.54274868584608,-2.704870125189373,0.22359804035666034,17.867955454537906,9007.858417194468,0.0
NGC,486,195.1654703041441,-4.845962246054708,0.12229795918531261,21.308829481093593,17439.569846010487,3509.2536728077866
NGC,487,133.74873706484377,-6.355793950725058,0.1487414628051872,15.685143627248996,8902.00382164836,2070.4077251378953
NGC,488,132.42310895483064,3.629965856050529,0.21811315343665746,18.34322738510304,11612.625567504527,1674.4546557560352
NGC,489,231.29080562043492,7.233464304216595,0.1546281063378568,10.06296202696458,3609.837268312184,1223.3555074746687
NGC,490,124.50035061454214,7.531211402076039,0.2312358842678929,22.932331685372716,22452.34555167292,6298.901691148455
NGC,491,235.4977080481016,5.273678589468074,0.2292786628900259,28.85712029122712,33216.79687657974,5163.623996132801
NGC,492,183.8836033891782,-0.5983391448034733,0.15143429123799299,17.901337073435343,13431.033352455397,3841.337454730435
NGC,493,141.21744083831504,-1.3833266272762947,0.1735098672153054,20.105660223737317,12433.123820658699,100.0169152360576
NGC,494,138.3386880819504,-2.341502614389634,0.20729676349197995,25.103534171745345,21818.261507607305,0.0
NGC,495,288.35816407990023,63.37231811235842,0.11242013717057615,15.169936663482328,13909.387314311853,6593.79929917058
NGC,496,175.1210905466136,-7.809895935542645,0.20535218459845125,17.933075747152575,14532.502528284493,3773.63697159525
NGC,497,115.64259937730394,26.004248349140155,0.07673989489433579,13.485273990933766,10677.844672978228,4856.735450403813
NGC,498,218.52741982473697,35.21092077875338,0.1710035452542087,24.995754760901626,21720.06001213859,1430.520059637218
NGC,499,216.69758223438356,4.522200567124362,0.20308841037361408,16.69428750388584,10667.263035992548,2454.7539275530867
NGC,500,158.99826326784586,-0.8421716599333666,0.23073154724181252,16.9891342956295,9434.460504787266,769.105982639718
NGC,501,206.21349416076606,3.2788341617042955,0.22098710355126405,18.479447431219572,9407.872319883365,0.49299227558431225
NGC,502,242.41094566413497,4.4561611983777984,0.07169225708276628,20.218060912718922,17081.03677610738,4009.807312865269
NGC,503,179.36402878494926,-2.5233735186853568,0.19406140636277686,16.642269409824728,9051.743856339503,1483.4344800965732
NGC,504,151.41970905677223,-4.700583468739992,0.22763172969170656,21.507160146530033,19452.158439704686,4382.385986016688
NGC,505,125.0462554080568,2.4827266460161277,0.2069460344376345,20.412197737908787,17264.84832377037,3746.604886098721
NGC,506,129.01866245769662,4.4433478323388425,0.1952954859039619,19.95788871950433,13416.756423310324,2260.3437295241697
NGC,507,124.07114971127683,4.077605481405208,0.1839721360599051,13.784743759191027,6941.489530214182,1597.6617439059034
NGC,508,223.64755841134038,0.755100053856542,0.12556069114925064,23.55157654884587,21526.107783606483,3865.0950323746742
NGC,509,254.29543728300482,9.515107603891494,0.04686466956468334,11.41366111531133,6417.676327429752,2664.8223926505475
NGC,510,195.36198883816934,-6.7831803625579985,0.19619466635786745,19.25330008941625,12817.455215884562,2370.0730179061957
NGC,511,237.11698865650337,6.288187161044051,0.17758427941572116,17.28850623331413,8795.27080232885,65.28674088064116
NGC,512,219.45310553972482,-3.1080380698785195,0.21084574729606476,22.012290020427997,18362.38806069829,3308.388573539681
NGC,513,219.77669450528532,43.711467520049744,0.13766739935812997,22.085799386895985,21987.67148917875,5887.672585574107
NGC,514,161.43309670750943,-2.1681265707489703,0.18510014633123043,22.22065898339614,15670.760535333295,0.0
NGC,515,220.40907718658391,1.036877396006486,0.2147757448479271,23.157223392186527,19460.36499157864,1713.3157331204286
NGC,516,224.92558699435574,-1.7357603817997622,0.1153766650233069,19.72874069694667,15141.778076691862,2862.8182790206856
NGC,517,246.00721682103529,1.4665949003585037,0.11514673183345427,14.245440803224078,7951.079408224319,1752.5094933556256
NGC,518,215.64657359805412,2.492651352222855,0.14511534306904228,26.24049335867224,28813.912841321606,5286.156148912105
NGC,519,274.0009980666975,38.63439087035717,0.17290600863761776,12.944373593183911,5815.870124480494,1004.6503664623
NGC,520,236.15656739853938,0.007513398553667434,0.16057064131394502,17.124707256898507,11261.41461598322,2645.804519505739
NGC,521,237.999427167752,2.2709044169977717,0.12059086371262333,21.642881597221475,15927.044241860583,2454.3981981622733
NGC,522,246.19011053519722,0.650725102071881,0.2301220137767726,16.4846262622324,9149.787224797275,1499.307783897364
NGC,523,127.92458733317089,3.721504807911175,0.09281996782110115,15.557608577343638,8305.247114673104,1802.1925700722977
NGC,524,146.82974714992315,-4.258725420433921,0.2182865120952459,24.350958778249247,18636.084770857036,746.8801260527173
NGC,525,208.59969125515227,7.0294046680392475,0.19874173415266966,16.69592094819083,11499.4347475813,1919.4912565315556
NGC,526,273.01691394178033,40.36100044836537,0.11829494864760874,10.899620112130545,4689.185547745519,1793.3925408497305
NGC,527,237.07511565757144,5.237565419087362,0.21306663972608889,25.296496308533953,19780.85931336475,34.668918598812915
NGC,528,123.0688536086533,8.773977528618872,0.14847566009567412,15.179448741088637,11962.875529509367,4449.656847486072
NGC,529,266.34854284473835,18.762869044771747,0.2218863304784716,20.22499942724305,16433.843172108984,3568.4938574765315
NGC,530,127.06209463558464,4.903456833294286,0.184027625644067,16.02978748806704,8646.297446125807,1371.4598281668013
NGC,531,134.38947376070146,3.146946589129633,0.22134984736756305,19.302322927387884,13110.219721166402,2219.7908082981926
NGC,532,256.69132932215416,9.746894230495387,0.23033509570598418,15.719158133677976,8274.768244217063,779.2475626242539
NGC,533,249.72263968940007,3.6673875139928533,0.11923996826052218,20.284768928512594,13649.013149507093,2201.8133273129465
NGC,534,265.39924280980944,18.585922481313425,0.23279802693667498,22.003394263202168,19620.53245003163,5002.846315650924
NGC,535,241.10538159857313,10.312341315187245,0.22079855779083865,20.60996918482959,12996.837513810407,112.36423597241051
NGC,536,220.08096141789855,-2.117304060501323,0.1273089372503229,15.57886243891853,8475.084745641447,1538.9603229308534
NGC,537,140.20303595689114,-2.283954855818431,0.09542948054248414,24.434899359621703,25699.459792050042,5690.852406133972
NGC,538,207.76801215676983,-0.9896309181832268,0.1753526418705217,24.637306885312768,25490.759743598705,3477.3802133991326
NGC,539,243.51582807242892,6.46193128654812,0.0580884486203241,16.76952447107482,11713.843280359757,2580.8464011114143
NGC,540,136.0439009362637,-3.349840230818633,0.20578118796188063,17.98163166351269,9859.754209789138,0.0
NGC,541,162.1043730509751,1.5018687703112548,0.22690828250557213,17.201229824535982,10610.011797759742,2041.2051460550495
NGC,542,161.0954264141337,-3.4951997159918733,0.10062576306768728,23.776159467955356,22449.74015941819,3403.128720066585
NGC,543,126.89005531651102,2.4103490695920686,0.2316956741355342,21.73559696041749,16645.717546705382,2942.994001845037
NGC,544,233.78250670469208,34.41616333625352,0.1660873293560888,19.924029477174845,16411.6965854663,3335.1491964975503
NGC,545,270.8408604841866,38.0045299746866,0.2319795691205437,16.874894966460882,13189.66491265894,4172.829102592838
NGC,546,211.6664139703145,1.206211310200781,0.1532166158026088,20.26456117405928,12721.556742159542,640.9429688693123
NGC,547,289.42251819876606,64.8386262662227,0.130413021100381,11.904201270814447,5917.986911928328,2386.928923027849
NGC,548,213.50463081941595,-1.0125255705014446,0.16596802042363606,24.88029184403454,22397.525425505857,3046.422992570862
NGC,549,207.89573470673093,6.1524174322550484,0.10979995042156906,17.385627890934437,12806.67146604717,4082.8922593692523
NGC,550,115.6227756358374,28.639757028574955,0.22546446699252395,16.436148135697746,10990.624610806903,2447.5560733498423
NGC,551,241.21476781503742,10.949858047112839,0.23056813964317155,25.816980442025404,29707.932964484622,5360.385860348996
NGC,552,212.84031233423167,46.36374015027287,0.2311002989197103,21.12999845947423,23716.04333270271,9637.528330412364
NGC,553,161.14924531211608,-2.2422714823019634,0.15568074884314237,19.81312819664323,11616.724236100561,0.0
NGC,554,139.5349538490195,-4.604261672833149,0.17634847598893016,16.619987270933517,8754.33601807826,418.6158413706187
NGC,555,218.8570387201855,38.14702045697273,0.17510973892341505,17.811541474308225,9451.039676052513,0.016723900417735364
NGC,556,207.58126341919717,5.956730474021458,0.23055914563463847,14.866977208232314,6229.680878167859,436.90161303175927
NGC,557,156.12711535156237,-3.5122148685893824,0.11872995100129903,20.23136244310357,17873.50479167242,3016.3283262211635
NGC,558,170.07263463052877,-4.137536744607513,0.22357309587263546,25.8591978426412,23528.138705670037,2733.7304212440695
NGC,559,153.40863432006574,-5.848157705734056,0.2313069995389402,21.610971380667092,19798.558681415663,4887.751582449859
NGC,560,247.42095053587428,8.01732621963266,0.15128001075321898,22.396747706288252,17274.700797428384,1809.007613976838
NGC,561,266.2127179391722,18.48753372164948,0.20256520921951987,20.404894166805278,16952.157496460954,4104.526449292049
NGC,562,151.06298942071135,-5.557554561839879,0.13754492291248774,23.934496984307177,24407.464507362867,6643.2078601340345
NGC,563,216.24983435562055,-1.2995480358694362,0.11162219717745746,25.00566143948092,24448.09855765403,5261.9596019229975
NGC,564,215.10012543832545,3.8374566147447746,0.20610212319442386,17.408893513699102,12059.594196671816,2297.6837865160624
NGC,565,252.1293977890637,9.234926081719522,0.19429207188851302,17.477331730561296,9843.774100560922,944.6312845700357
NGC,566,184.1241828629769,-1.2742881215909176,0.20775685489511542,18.31282528924175,11880.86155610956,2057.00630912499
NGC,567,264.45327718376416,15.486762415678802,0.2181998575401584,22.790915911529865,21346.44695654908,4150.71300967216
NGC,568,165.2764342962113,2.4419791860786737,0.19666627532056655,15.656766126958358,8878.437822912563,1869.8851052315329
NGC,569,162.44857265688657,-4.417801416080629,0.21380845842505103,21.620574011226086,15244.05267702692,0.0
NGC,570,261.506963575398,17.301201832171856,0.21250254395061666,17.848554451315227,9985.78705447455,38.94195645408006
NGC,571,260.59359364838275,13.691879563253295,0.17770849346214754,15.990234625516727,8048.017428066698,947.1205202410762
NGC,572,231.24206324767746,5.34759881676348,0.11009741713433015,15.42940993215986,9663.763358200384,2585.0111648081356
NGC,573,221.58908648673963,0.47132069816694566,0.10827470481496987,16.786465592857873,11003.705747565189,1950.2883595228861
NGC,574,173.07842792638795,1.6333427410386245,0.18004330438679972,21.69542310155769,18744.76331796254,4292.424424293959
NGC,575,132.28068868781148,-2.029919242774883,0.21199133909398285,22.91214907168383,17282.686028516353,0.0
NGC,576,210.65880822127968,-0.4021518419850487,0.20092230218938556,19.27461401929813,12203.390240989009,112.1068672735877
NGC,577,151.15738861260232,-7.246408711085785,0.22869100483284854,15.963055224028649,9658.617593549965,2684.8696202644314
NGC,578,225.41794466274817,0.8778591537086591,0.22781948649823267,21.917179742430164,18310.300133260476,2247.482022295793
NGC,579,197.3906378976221,-8.341469598322687,0.2071596105307435,11.46603492106806,6046.34184071288,2409.2618353587886
NGC,580,110.64473831834712,35.568872306899415,0.2334049304571786,16.70910058581977,12088.30453803014,3792.442469015133
NGC,581,176.51654540515244,-1.6499329442841857,0.217341829094123,14.02284377032193,5863.252431130283,0.0
NGC,582,147.61830159205462,-5.874248866583753,0.12727700174854661,14.411210422811473,7657.981909546667,1356.6760641349717
NGC,583,206.55925769817827,8.119465802454153,0.23196035442963775,19.871690615363097,18268.20441675071,6597.769536452083
NGC,584,142.44341194549784,-5.246358711037978,0.08551811162272643,20.52776430270561,19965.720345765203,5575.997848666623
NGC,585,165.5842475964049,-6.290451776674302,0.2293643237403316,15.214039383261301,7018.6916248228,1184.106475321416
NGC,586,143.37662764111616,-4.182633586408084,0.23302706397183354,19.92833032334986,17650.234756438138,3413.1231800845235
NGC,587,155.4563643372592,-4.651807508129964,0.1324975076013546,16.64416149987893,8751.478670346185,1187.2702416462307
NGC,588,142.1998016617001,-6.1807411937603405,0.15520112333318237,17.59716053895088,10883.962462031433,2012.3062075080413
NGC,589,132.8647384883652,-5.780444049699512,0.23188582951730885,20.937718437216645,18094.26501442777,4153.9004210554995
NGC,590,205.53278662833256,4.774141788232917,0.2315150755882704,21.241476479262325,15744.738212218163,2713.974261561757
NGC,591,221.99979637835662,34.046194368516495,0.19671558491527502,18.050228236224616,11736.90983569101,1530.4885677585519
NGC,592,267.01975902630767,33.99290630530772,0.18747130243794555,19.811524711612492,18361.53739758394,4902.751311145679
NGC,593,219.57497046958898,-2.4593283564248987,0.22274105678407202,19.46839105041315,10758.65852503364,394.3138191606067
NGC,594,184.19117243840824,0.6838464561057104,0.20705516378923824,15.585300400175742,8547.766051197095,2003.84421557191
NGC,595,254.72065443529993,9.65858084637789,0.12013187843031498,21.034080839441074,18694.164054504625,3694.374100931637
NGC,596,224.22334236451005,2.274702225988193,0.21315849646483911,20.626054236547596,17402.93623532957,3060.161527214951
NGC,597,220.70561095312624,44.9226645353732,0.2041861503167712,15.106074726887286,8777.124928631769,1827.8435757655109
NGC,598,130.40556550132428,-2.2132062460488724,0.17555644656569533,19.851248490611646,11924.209801884845,149.58531736456908
NGC,599,238.06865141675277,1.0129238425933926,0.16676305216088477,10.36590475822384,3610.479519077151,821.8824511466569
NGC,600,220.28301008301688,35.713368091468766,0.13447204689382822,21.979990119796128,15842.905530831787,1627.9845069708958
NGC,601,207.3290735655918,50.219597596658076,0.1130591969008726,13.099207257686965,8498.21160369599,3712.162700587229
NGC,602,254.7930560439022,4.622076638844613,0.19310213171950558,10.664433432892467,3248.3861196010716,494.9389967651735
NGC,603,128.7252730196338,-3.9719698641496226,0.17981022607584957,15.722977506994393,9055.285732143928,1836.588983690169
NGC,604,181.85726728318724,-0.985351049113285,0.23329955485252657,15.377096910584946,10348.61979682424,3061.3745435084943
NGC,605,96.8159557266656,60.49952465628829,0.215154907784256,10.413850272706954,5243.703693611527,2505.570021180802
NGC,606,134.12458398585198,-1.534777049998005,0.2188025737524313,21.3853698957763,14650.17506984995,0.0
NGC,607,205.7269570064016,51.095803503299294,0.20072181038267403,14.129749346365836,7278.306578126592,2122.423277896351
NGC,608,223.79668576434443,-0.9250964200095764,0.13649070873161082,18.357526697039802,11700.842125447442,1188.1707780961606
NGC,609,271.69472606464785,35.9854473509149,0.09148456277309264,16.142804455120274,12804.891825961491,4754.123223620038
NGC,610,227.51375711265035,-2.359862995310754,0.18290785017995123,13.781384088511166,5292.952689994208,832.3674355586984
NGC,611,230.14418099870062,5.37748494915487,0.14646296862416555,16.500534935096702,10763.66293880956,2583.914824425992
NGC,612,215.78237427010177,2.6710768790482895,0.12448923902886294,20.194923803070182,16411.794132636143,4161.20309249168
NGC,613,187.33828814190957,-2.1161535607961226,0.12199316459216633,17.10422939605534,14103.892053494856,4711.2119990035835
NGC,614,159.87168412055377,-5.122008430643599,0.12104704068754929,23.655684726423832,18838.9276793551,1378.6569176568944
NGC,615,271.2677144242066,30.08200229352368,0.22234061880441033,14.90735795053227,7377.564337094076,1686.216910259746
NGC,616,246.90434566671308,2.787461280641881,0.2325056827447947,20.85059135866729,17902.299061325113,3767.9212084191395
NGC,617,159.44885021225042,-5.254712583643197,0.1982344278213038,15.630179856573056,7028.937227622955,0.0
NGC,618,226.3503054488485,-3.511231268986834,0.20009106683994865,17.41743362670971,11073.673603152187,1981.5340740980812
NGC,619,233.96511776793565,6.636526941470803,0.19527573663029296,12.120421186880279,4432.297313088176,698.0911343303071
NGC,620,115.02635289511777,23.166032732823457,0.21202610963559784,15.621241364816163,12022.271333769495,4572.040485799972
NGC,621,216.75296117736087,34.08910951824864,0.16437482023494182,21.678385948164653,20758.000168015842,5578.970868892619
NGC,622,144.41037462814884,-0.5188042988876508,0.13554309985306073,21.47989684868349,18446.828592639926,4406.149908067122
NGC,623,266.9205903359265,30.700984779957942,0.2146519053730257,21.42297705519383,17136.541450779532,1737.6740010489193
NGC,624,162.7509740063216,-8.204440055476349,0.22709896796240728,20.602688406323832,16909.756820720493,4048.5572738313385
NGC,625,225.7246660347967,33.045613719779226,0.1970171792990346,16.75254075796706,10126.121501067544,1675.9631943755662
NGC,626,176.89546392361743,-6.1055310416761115,0.22708520271250324,16.76446197380366,9566.032786819356,1319.7340875802759
NGC,627,127.54574200846527,0.10258883150063289,0.20121397102486996,18.812262959250553,13429.026328645168,1723.4541130473663
NGC,628,234.6695172142866,31.93416134924014,0.15708537696402888,13.74080564646177,7026.46738615546,1914.2028534767323
NGC,629,233.4045105004179,6.48504243557391,0.21999056944512355,15.620647736616752,9105.612471963552,1408.1643210944549
NGC,630,176.35912654672057,-3.2856260362476375,0.1818818673329834,24.43548960595733,18574.186913790512,183.87513060495556
NGC,631,272.5082880999879,38.19285064044424,0.14740470179435822,17.223930792712938,10313.215655799391,2298.6697960982133
NGC,632,172.21689778660362,-7.559161346492018,0.19065140655690624,15.592292079998467,9816.136221459585,2787.3587064408316
NGC,633,195.41906027535083,-7.16764111405409,0.21041807054207928,22.613143415034685,22459.271132826496,5412.533599417664
NGC,634,243.96092521192165,8.333672437167529,0.1899469462827653,24.71608305791988,22499.073176974107,98.49254328214154
NGC,635,216.34390950424876,4.8557708854492425,0.19350877983267525,14.510698080753452,8413.89302677788,2153.6601279369384
NGC,636,207.72003120110392,50.129195816835285,0.1222383392529473,11.140555585944623,5058.945051021754,1849.0448744326163
NGC,637,222.85096533945907,40.86374624709959,0.21879597089907085,14.813008077697491,5426.35246679493,170.35736138621135
NGC,638,185.00644711760214,0.04918188974777975,0.12886298701411758,14.510398597933694,8775.550678672023,2828.5705913326988
NGC,639,176.267513881434,-4.7390700921018905,0.11030416823517011,17.315834782545398,11518.7600919723,2533.3726328264484
NGC,640,186.74710731691795,0.5393841101307694,0.20987595724312752,14.86502180927694,8903.422335650654,2689.448617050561
NGC,641,208.56767957725924,49.72691807651216,0.1309606268875166,15.331713120118993,11772.620035678545,4649.044848838756
NGC,642,234.7868567696748,0.27685186719484206,0.17049129193633525,15.852192333802764,8680.874404828955,1507.0158063863355
NGC,643,212.01438465395202,-2.535647465971367,0.19487899674896073,24.17850195777499,22738.195952911294,3695.083020105836
NGC,644,108.31342666293466,68.00852631597287,0.21335665166317477,22.22592138877229,27349.350408951675,9923.598323918635
NGC,645,140.27087270273285,-0.4569939122036927,0.1473968072957062,24.8582652493837,21849.082785134127,2275.976197374564
NGC,646,259.6213140617657,15.747245589597801,0.19596990748883486,15.725632093911447,8315.540270324824,1289.6632709585845
NGC,647,261.79206853280874,19.648402060385518,0.19981970981996827,22.042718659744246,15886.356544303131,865.5113690738349
NGC,648,219.8851854413117,33.919525366875156,0.15281840281620301,17.690940087738543,12841.946838868553,2749.825266724554
NGC,649,262.7846339511531,21.796230988738543,0.1236244205615275,19.387540163156928,16299.695853847485,3632.4547430723323
NGC,650,216.72361882382356,-1.8916820225755722,0.22403726693256273,15.277653492902658,6869.481625929029,33.910118828419094
NGC,651,195.16343750682827,0.5272612341470525,0.19289385483656038,19.619903713730814,14482.699118435905,1840.7598827267395
NGC,652,241.54026490653348,2.5232323633455795,0.16197964927070238,17.723992981425468,10898.20004539842,1746.7866508228926
NGC,653,216.92793250356053,2.7108195338133654,0.1885949057893715,17.35794155503325,10747.445979350934,1179.0558750228686
NGC,654,217.56571865291872,39.01978158734579,0.2067400307370922,21.381579606410572,14246.187879796233,103.09220260192248
NGC,655,231.2129300649425,0.1886781059426776,0.15940384061020274,19.294543675671328,11890.846938359186,1962.7407350403016
NGC,656,131.6425151002265,1.1422358367003307,0.21454585561429776,24.107186101066038,17266.2872591455,0.0
NGC,657,145.41845018942755,-2.507829111649396,0.09933180394078801,15.863094117365861,10989.698206476034,2687.525967876932
NGC,658,262.63383258615613,21.57345370196745,0.1671821865420918,22.227779715835005,20047.695057588946,3061.9058343503993
NGC,659,157.80069560145688,-4.119078462308784,0.07047618323940101,21.678023068141904,26389.933325749545,8449.39884353545
NGC,660,219.4911374483166,44.43577529269752,0.11083153516531645,16.756645436670965,13607.208065076293,5331.493895459714
NGC,661,288.2508480623362,61.2152872932045,0.1884846816149838,15.767127624619238,10437.374827007874,3666.145197071429
NGC,662,166.917181562173,-4.317686837648713,0.20811697251890138,19.20533406426786,13094.55112856127,2014.6167422957406
NGC,663,131.6612875935161,4.270990369360197,0.2079283641382979,17.45645751030201,11056.87648243212,2588.268368476988
NGC,664,172.13207828717677,-0.5807250967924316,0.22234393103995673,15.130600336277286,6573.692728788347,0.0
NGC,665,210.0841824118231,2.5521908394556343,0.12456797342318648,15.948453628693294,10387.50328411475,1328.8422967326621
NGC,666,217.50346058308463,1.2289614098098758,0.22699303199920695,18.531336255568476,9718.477857348198,119.54562322898369
NGC,667,246.40911411964368,1.36282184083275,0.21419186774200522,22.52268847877215,17955.94548801842,1942.4235450314256
NGC,668,195.82513932803818,-7.537458540530684,0.2336134504001783,15.791133264430863,10470.602714995948,2690.6102364439444
NGC,669,241.55682213488657,31.19467778184735,0.2033855568855082,16.570947162291127,12340.77922031433,4627.279116816011
NGC,670,260.43284608457844,16.309959101582194,0.20268915715292102,16.413260587433257,8012.579296159041,237.6624709850425
NGC,671,255.59725013290642,11.797319261792,0.23286242924353096,17.45647958062125,10394.65711390768,2030.9749199335506
NGC,672,249.65880405402956,2.092836027610724,0.22968548179027504,18.141111943724916,9323.733519767784,319.7766197629881
NGC,673,235.01620536488963,33.39879883576756,0.23269795192517798,15.964135216078974,8936.901794828684,1417.5241955554995
NGC,674,199.17754613926135,-0.5081685012320443,0.22980556133377666,23.32551542740503,18754.659372008457,2833.160004816193
NGC,675,263.7051385107069,14.401051340468484,0.2296845916574475,17.22568569696955,10911.411085339172,1956.340647969973
NGC,676,223.03209041003603,33.38776772667409,0.20664006126875759,17.820057770091317,12873.568182218894,2876.353680954692
NGC,677,190.3484147198136,-6.080075388547036,0.1270012036272683,15.760788153959142,10170.687593147693,2574.118435255293
NGC,678,235.54002821036372,34.15690429312311,0.20442973937376333,22.777257032009985,22315.90539621584,4226.272448779825
NGC,679,258.745463968354,11.511781285386444,0.13550096144698032,20.335085133252672,17074.082492613325,4107.043419944353
NGC,680,208.22800984957829,3.1952570969901606,0.18028647342888723,20.900910112284787,15041.105982015526,66.909051051005
NGC,681,125.05119033744637,5.942747243708375,0.12131196493538572,17.38149978203057,12039.291752374409,3414.033521631679
NGC,682,208.75064342196973,0.5666396661171565,0.11097030116315762,19.858367113188052,14076.908940369087,1668.9593522691118
NGC,683,234.3179295410067,32.169154590777104,0.17275430526483057,16.93269716596199,8938.075465038644,1891.1324281518232
NGC,684,272.81056306548567,33.86898170978387,0.19568250437500678,14.19177408618875,8272.24124705983,1747.3360750276377
NGC,685,196.92113058721043,-3.5129049820598293,0.0924699840674963,18.59028505423155,13665.873043234977,2315.469182782656
NGC,686,230.75929700359984,34.41604917046286,0.131774483222602,18.187217805434056,14598.593714013943,3466.758322582927
NGC,687,272.3548091413428,32.143504582983994,0.22467167236161947,11.247297451032495,3526.50413849648,757.3273372764335
NGC,688,164.40141691617217,1.506603197575014,0.19163211759153626,21.25464018396551,16927.718378606845,1764.6477456528175
NGC,689,161.79408148036444,-8.216418287976522,0.2140814457994553,16.268034624067763,7553.127592620138,1255.4395913483536
NGC,690,157.8095765314555,2.151974442525358,0.19446178328186875,21.5790330620851,17581.417673071453,4131.023654799421
NGC,691,134.5589803738582,-1.9389698559348103,0.05202088322954947,15.085099294393299,9712.846910972545,3166.4622544613694
NGC,692,179.87816361718313,-1.6298603307264428,0.12408984323088451,19.498773154403573,17024.076720923,4655.237569234541
NGC,693,247.83545723272704,7.945517276697492,0.16276503241979795,21.7164814933986,15507.281864888693,1650.573988657961
NGC,694,245.67376359200355,4.907291033924194,0.09376002367289908,24.906995233136527,25313.830818484246,4653.312665925404
NGC,695,124.42892703358365,2.3024918819254174,0.21915009034421376,15.409396741308807,8237.766139339961,1906.7172554930055
NGC,696,215.40263909881276,3.2959242544533844,0.1041745408972269,12.309728634687952,5700.064831661987,1769.058968279572
NGC,697,163.81248664437504,-2.9469088990093533,0.20683504199713393,13.527940272944981,5005.487931497923,0.0
NGC,698,221.11200822043645,39.51778656216393,0.22617328680611068,11.88216102646802,4050.088378943012,0.0
NGC,699,254.97925651072353,7.6586684236192815,0.1257205162619104,12.93942708771588,5893.253755447876,1443.1597976533503
NGC,700,265.99886245185553,31.963889951364163,0.22637535478930512,15.497573433066668,8408.540548537088,1552.553844345488
NGC,701,223.15405352614192,-2.032074914025449,0.23088113469838809,16.296272193583885,8804.29518498183,1785.2008699120718
NGC,702,138.99594240832795,-7.546985738062594,0.23327701099633882,14.132243928331487,7301.213308477698,2295.934651507042
NGC,703,266.7069392638118,32.374738408906104,0.2050126721884189,21.806242410633757,18421.480431244938,2987.572673662253
NGC,704,274.66913521979995,38.94394313981328,0.2217005732761108,16.117897450720402,8938.465334118395,1890.0557985014225
NGC,705,178.9649111494759,-3.6628448691890743,0.18557435460863947,12.49362621954824,6130.196425206259,1608.0409422290622
NGC,706,161.16712610378067,0.8138667979684105,0.18609835852440326,18.25923262488381,11437.986102870971,1523.1509813236073
NGC,707,115.22560310970837,27.478641224346426,0.12100206242226393,15.182841878385181,10204.950230532402,3524.3328166197043
NGC,708,207.2438035469059,-0.4043366554373628,0.156200649511125,20.052908795174513,12549.255288401859,1083.164493360588
NGC,709,179.23477680126763,-2.2790663261796027,0.15756463937412452,23.253341811505432,22308.004634539026,5095.965257175126
NGC,710,268.49268092693455,25.989555745723866,0.2048635022515086,14.44192575923364,6509.628642885508,720.9613270680279
NGC,711,237.02459830687388,4.309735803164487,0.05715060556619899,19.995493090746134,21554.35872076531,7459.156342245118
NGC,712,228.27869327011982,-3.1655791973017364,0.1972184420525151,18.81945910200105,15134.147406959528,4343.409344678578
NGC,713,215.81041036280837,36.94081137364594,0.196326024821342,18.161134152666715,10306.092277069003,961.1774177080738
NGC,714,218.67847286202513,43.06444910173,0.17014532204644708,25.005284022316577,25431.95836257023,4685.63119990496
NGC,715,268.153823748646,24.069691208487505,0.2309521990944975,18.81449260965253,11906.248047779744,3019.4578903318234
NGC,716,207.87774305562138,49.80782961528517,0.23224085393039196,17.284068214616244,12782.847696096855,2978.6726013319335
NGC,717,109.78395155020614,36.9935376935409,0.1264855552173738,16.319880702913704,14273.90656857775,6102.875154676649
NGC,718,216.66046403537877,-2.1888789600356384,0.21041701581447342,20.19116358839715,13774.339883022789,745.6888777462439
NGC,719,246.64848763514078,9.42214010294579,0.2304243622956143,20.713250159451515,15509.829038299027,2833.7287541376363
NGC,720,258.2339843289144,9.029244030373059,0.1873474363307365,14.412665619288756,8427.823478616536,1904.0586134287555
NGC,721,177.556233483823,-5.339230136385274,0.19135726380940488,15.29266270805291,8151.82017237624,1710.9904916828075
NGC,722,260.3004969500379,20.73326250271488,0.15208820731871442,14.973664504002597,9567.185030179273,2950.9497522576453
NGC,723,158.66435459293285,-4.280474656975781,0.20748269836274802,15.620364746837588,7741.201120096152,0.0
NGC,724,159.2764362718778,-7.459336798440367,0.1839134610346092,17.743462126735313,11655.575494954363,2149.8803938280857
NGC,725,227.4525362341901,3.0655097654545256,0.1843008383515223,16.204768838754717,10877.595091970712,2040.7006151679286
NGC,726,134.40871171081548,1.6114339412100325,0.16055087203247875,22.672085879380475,20473.13171785255,2559.9651222283373
NGC,727,235.8713396508406,33.91631634202119,0.15201321423356545,16.925832272336915,12302.956387408502,3347.8343297380347
NGC,728,264.5851484923078,19.249939668183437,0.18993114871950773,22.420594106441623,17824.51404037835,1627.86584881236
NGC,729,118.29554855550558,25.27220178746404,0.22173572315727594,15.26323782849227,11801.701347773605,3460.0029991020197
NGC,730,113.35168188745914,27.301832499907967,0.23359723735724536,14.022957082464734,8031.801977096485,1897.32899556422
NGC,731,109.13504393714238,38.74274722833155,0.23164696417363478,17.729835719502997,16344.9268072193,6568.179435873444
NGC,732,202.0174835806531,-1.08323096192631,0.21915666768478248,20.336927554842397,12917.433773408116,0.0
NGC,733,195.25972447477068,4.343582848658304,0.2199785764051937,24.725437514292583,27405.23456709415,6160.025118457298
NGC,734,155.8008937132282,-1.6851867070323756,0.20122721962823822,16.03709323069405,10633.39373417269,2153.1014049404102
NGC,735,172.54753421773785,-3.053599186867402,0.1935415611565716,14.171638933051266,5800.032813570657,0.0
NGC,736,234.97570004540074,31.041666715081387,0.21426700832077972,21.01986659341061,18685.003648616905,6257.131485910077
NGC,737,127.06503406447185,2.1054596587549153,0.20353468667072194,18.893069348817072,11210.026195738146,172.55388085982085
NGC,738,251.296307994259,0.7775956090562959,0.2343465414799828,11.848492769041961,4287.53495239843,1357.1277203645022
NGC,739,214.23967338046484,45.97632047084307,0.18217755335708688,16.811667976775603,13737.215878407307,5297.702537424952
NGC,740,145.55970077524094,1.2002490177185718,0.19807617988835685,11.019296998017541,5222.513687587045,1955.838472807999
NGC,741,128.52214328738367,4.320016977218418,0.15295197944388605,15.739356804275854,8403.395869756223,1429.686990094062
NGC,742,130.09568435110464,-1.7216410138917264,0.10355363953112859,13.867802148866065,5452.1772837458775,896.238596672537
NGC,743,273.8931614704583,39.57406959660964,0.15960163367268768,17.636456468947692,12561.34202120049,3359.927388529408
NGC,744,271.05765254286564,30.497597551999736,0.19898699930420075,15.468629276619343,8887.7853743821,1556.3399058640525
NGC,745,203.61858789477196,-2.0266826246619773,0.1553238848266669,22.593060014959814,17883.976786896805,3111.1841268198577
NGC,746,138.2431953885103,-5.743565596894015,0.18337071110501074,12.97774477623414,5027.126248570839,83.06322853535731
NGC,747,175.30656341928267,-1.7571154039938828,0.21670786646766202,15.65957225880039,7013.731321713082,0.0
NGC,748,198.18038697709525,-4.158030124200671,0.21527721872378877,16.55530813839877,11027.370708355304,1712.3830095288886
NGC,749,239.42230019729237,8.427461493679772,0.16269695219895813,16.38931638578735,7372.564437556803,16.628365518056118
NGC,750,244.764738277446,10.62090927902265,0.12667629867586883,14.863623478896146,8904.930837100024,2310.223115287726
NGC,751,170.68938098903314,2.3734323661015426,0.22974576160055982,18.24313355195249,12407.780869795273,2666.2655696271745
NGC,752,156.60635409508959,-6.819023429917696,0.19665809738329107,20.85897623163519,16922.782830427306,2883.955552389646
NGC,753,219.96287406236945,-3.0143385661213524,0.146014629402473,16.821138446160067,10481.27894301357,2072.1892702519826
NGC,754,227.96080553736786,-5.425799103026938,0.23245260707427173,15.05049479674547,9459.911330803205,3500.606674302447
NGC,755,259.85427725280965,16.917662681450185,0.22358917483727445,19.185168624946716,12975.825270447538,2216.156824950597
NGC,756,138.65097104434327,2.8086067476678176,0.21948274882311725,15.82123519082465,8919.34275196371,2110.0730261242716
NGC,757,219.14128840912022,34.7206124300964,0.21356628486501106,18.31175630464147,9891.317429358722,508.7300890420774
NGC,758,252.53239323774403,9.836287178001658,0.23364918990640887,13.399897300581326,6608.274565182027,2274.386008806915
NGC,759,123.63614123753064,8.19502598037163,0.16814379815817465,14.247286227391019,7093.9449260672845,1521.257539634015
NGC,760,172.9536010543821,1.878024567864341,0.2331012651077551,14.720369836992237,6816.146998761172,976.5725495038223
NGC,761,128.22830118563678,-1.8939875076555068,0.2093145062379355,16.152166787731,8596.505429660447,1118.7141364754182
NGC,762,213.52468848194343,3.1715593889744524,0.23278919716850432,14.736995697586362,8007.825600961824,2039.5668833063735
NGC,763,175.53698597565912,-7.520781924122948,0.17067302417517788,16.644725726856493,11676.83656171975,3318.76275221215
NGC,764,141.81014842825982,-3.376288389774919,0.16124488894687014,19.48355585912301,12364.42997308264,0.0
NGC,765,149.18915088165878,-6.792945192959279,0.23251869697270458,19.2384831999655,14472.881407649204,4020.9055247241604
NGC,766,265.9558989285383,23.304490881013162,0.17335784124423634,23.92242312827113,21515.647562584665,2565.958163290053
NGC,767,205.67254921311022,1.7578333321278343,0.15890898936948927,13.547594546294844,5229.1353900972845,0.0
NGC,768,110.35332985246365,37.7052099667101,0.22512890250950884,17.501488235050825,11337.825129896464,2418.3655902566265
NGC,769,192.7877393100501,-7.13899156229776,0.18491554942586194,17.52330807371617,10384.1725646272,2033.7155217986267
NGC,770,132.9701874390366,-3.245518596656642,0.15947813967122976,16.501825646013305,7518.040972992507,31.748628069639118
NGC,771,238.45290511042828,33.266249238476654,0.2143751444544738,17.85733754574415,13315.13703464557,3446.0764246031254
NGC,772,220.3617302305962,-0.13430387015089765,0.12302594410613141,14.517687770559455,6670.126427333291,122.31142231078051
NGC,773,169.1283706324817,0.10272340985430976,0.13674438650518617,20.507435333697078,14876.63473097857,1974.9532222414587
NGC,774,185.72051659082044,-0.13691063427699834,0.19613271204389696,23.539200193799896,24391.3648912017,6159.70195685897
NGC,775,219.8581887183122,38.755267463890625,0.08040844320946537,13.834129969043971,6242.870870477563,1361.4151195334284
NGC,776,158.60935614223163,-6.960672899498337,0.21355229985809634,22.544265919107985,19917.622216202333,3123.7741469404855
NGC,777,226.82090178817327,2.496318963347161,0.14024983708095856,15.715370940402144,7998.830950704665,1478.2697090417853
NGC,778,255.69198899676945,8.216087865725628,0.21779224043479337,17.815050474280966,9530.345399549846,70.6807565010531
NGC,779,157.74106818215597,1.6947684625939796,0.11202941078300321,15.862629877126285,10777.364277185476,3612.190635377992
NGC,780,195.98643483569194,-0.4706202962287678,0.13674147142090737,15.304283823005013,7001.492456414218,491.1374020848549
NGC,781,197.30829433486537,6.561844339993484,0.22193744515935934,20.864962768453786,19409.9750931383,5444.986271024489
NGC,782,212.87254359718838,1.8246922213172676,0.10711937447826389,20.448293751983098,19179.669480761095,3493.886128793554
NGC,783,230.82981474277915,2.6527170687386117,0.1349304092381465,21.37305897163233,15277.930856220231,928.4973681948993
NGC,784,227.9802292970121,1.0933303180292622,0.20970902748875925,14.146433318434495,5603.145796422798,0.0
NGC,785,288.1362296901717,62.588148291007016,0.15161559304676278,14.45247142382653,10544.344680533148,4362.6830189528255
NGC,786,229.16985238438536,0.9985963520804214,0.1674308280194769,16.01876670800635,8389.029747391769,890.9173074520755
NGC,787,217.4718304654616,43.84912878109572,0.22127595897434776,10.984415635804025,4011.02712418631,947.0647677516315
NGC,788,130.5479571346859,-5.721944329423712,0.16343526447051857,17.098056637524635,13035.795169989178,2984.9202182643526
NGC,789,262.10385367584155,15.622486115621925,0.23430600942534752,16.325394401998945,11044.68010683181,2031.9668152078104
NGC,790,227.18743571498126,-2.7791595282455885,0.14179426605200962,15.573873995149869,8395.897339831816,1853.3270990294438
NGC,791,265.61863092360096,27.150381132396106,0.11505920445985413,12.906254329994082,5502.444889978409,961.3709333483646
NGC,792,256.4080457869781,7.852589492345101,0.2249797095291145,15.909483095845188,8542.054140049195,1104.209533072903
NGC,793,220.618043127302,-2.8458284810946703,0.2334219170813051,16.864989344764727,10737.016145878712,2784.8940331213807
NGC,794,162.26583637824626,-5.940180001347701,0.22472897317800164,15.98119251991757,7162.740871496316,0.0
NGC,795,200.7426129567165,-3.567009383594466,0.23128347008826014,16.9539651370197,9665.744929588516,1117.1628580168658
NGC,796,257.6951358280903,9.47482668236165,0.14060699590785816,10.733507810770456,3010.712762979816,574.8959692031489
NGC,797,221.47761513254676,0.8860770311754956,0.18817815438974653,14.747428319401786,5866.80529889184,0.0
NGC,798,130.0322380732771,4.291058081575595,0.1622169650361338,17.02483752739199,10638.688543121703,2202.2966350017223
NGC,799,264.8238903245935,19.10656130838579,0.16547683254068563,18.668182250370744,12332.715435283439,1407.9816975024987
NGC,800,236.01850318675008,0.10166619640773861,0.23284285015164954,14.389836045668504,6020.003950633193,1142.5164021164142
NGC,801,265.4491444114725,18.59471333591713,0.11653840499552676,13.502192120055671,6655.080673579972,1555.102266762837
NGC,802,123.81786527843002,4.7609354804645,0.23170907492199663,20.206668125603837,17808.611137386117,5072.718910407072
NGC,803,213.6116130037729,45.719902247268394,0.22048890725080353,15.135383697220325,9790.358966703503,2625.1242803042587
NGC,804,160.38235371801514,0.9795690823587409,0.15347521886141754,17.714742048082126,10792.592363864977,1309.8874786317233
NGC,805,189.51599642929997,-3.4578419259462048,0.15697662158754316,17.32875094544536,12152.931603213423,3332.031978783298
NGC,806,210.05776239104645,1.6945153616579638,0.18466840524137354,22.075819393579277,15370.543478062724,383.0804417854279
NGC,807,219.18754904403346,42.743008557742066,0.14930762144594995,16.193178699125106,7859.771540594884,1165.1198408783646
NGC,808,220.9341315662651,2.3951435165962986,0.1784576710042629,11.762467276469888,4293.957497580827,770.0645843821601
NGC,809,274.448183802142,40.93811161255263,0.22234574335821308,16.269797085313826,9234.95919499427,1573.1464950589032
NGC,810,124.61058537814986,2.8172576135380623,0.23004385190564777,16.68466492251186,11354.934942620308,2613.9206949478207
NGC,811,144.8340037371238,-1.3534571898231647,0.2130993261494747,20.50184151865349,14095.277178856928,678.3674665714859
NGC,812,110.40926257735056,33.48679963128531,0.22917796891159595,12.822047856158358,5387.12088973264,1270.643915723677
NGC,813,223.37851794910293,35.865589307745445,0.047621947624043676,11.444210392672002,6783.486241115103,3308.588654194179
NGC,814,209.641959948155,5.3144732872020475,0.16705893579697811,17.44445559076095,13293.283746009556,3249.439813798576
NGC,815,241.60141340346,30.846907706262503,0.19343901102646874,15.57183926932734,10750.500339897733,4019.0388930956083
NGC,816,173.78230706521862,-3.113265412994653,0.07041888449075967,17.793722706527348,15262.539234761036,3948.809748844549
NGC,817,256.4114631849382,8.27731121818051,0.14793052634251583,12.54917318517044,4551.0650664346595,832.0555952393945
NGC,818,262.7799912703672,16.35802330274683,0.16839023888834695,24.142711454060358,20444.185602734717,1811.6698487153633
NGC,819,221.87525742715374,-1.8550610363237472,0.14076001918406011,18.008973277120614,12811.149240182818,2147.539471503816
NGC,820,175.10412731730042,-6.572842455350657,0.13884018475169294,16.019900060940195,9539.492061628689,2402.766172903897
NGC,821,170.44793798718482,-0.3023124210355713,0.23332745361945534,19.644519674765498,16494.001276547355,3446.7100742803837
NGC,822,217.73648193185812,0.9517482976535936,0.1966757281593811,17.112332574351406,8930.312553364229,297.5439549595071
NGC,823,244.50905930193744,4.093411834956335,0.23202991906141401,19.105775842623387,11766.646670740836,1811.3644638401508
NGC,824,205.7942816490913,1.6094654198939298,0.1752951198314076,16.29445262326705,7036.226766976387,9.111656954201457
NGC,825,137.47361972221282,-6.406463455754596,0.19763290916421158,14.651002489190958,7207.998456937772,1249.1652796140957
NGC,826,258.30629270162194,9.075709467827771,0.21234474447405874,18.977161408651835,14707.563797798668,3418.5538245225216
NGC,827,192.26960110168454,-6.91466459431226,0.14657602641454956,15.70815887722597,9507.002885933987,2011.6652280682415
NGC,828,246.63717621542332,0.6915496358963403,0.1893942323577935,14.123250388950726,6651.481954269659,1462.6572939447897
NGC,829,124.10604907117518,2.690997628933261,0.19346089391478236,11.431924277861858,4767.486049517847,1180.4073584137363
NGC,830,203.78730425179626,-3.3417170956807265,0.2307097871857889,14.070761194689622,6803.326845713384,1737.271143126223
NGC,831,221.20442581069722,41.40712442573455,0.20897449639320148,23.269284221860346,17826.518150357373,1020.6832764189
NGC,832,253.33611608027167,4.082496631361426,0.2282735047693152,21.888218789537703,18433.446847857245,2476.9645920240764
NGC,833,214.93164980429052,34.38878453461058,0.21280191783193655,16.86331581183409,11190.429377692668,2588.663766736443
NGC,834,238.32509805205495,0.2066310239350266,0.22486756968773453,13.268138582711234,4855.830347979668,807.663811077912
NGC,835,238.32994268280072,33.003464547803596,0.1605197313580251,18.093311364178632,15766.64491358701,5349.555927768506
NGC,836,195.94347995328533,5.621652196171885,0.23272673800966637,18.553197822832082,14798.949721219866,4199.139967128718
NGC,837,190.88822666850493,-7.657782619371074,0.1969016037085908,15.29113304208185,10631.685140953718,3197.057975085864
NGC,838,207.15556188100084,49.8206233928866,0.1460344932367064,17.64384768819362,15568.667048898078,5653.037575732234
NGC,839,247.21406768947008,7.472252781509308,0.08502762350255898,17.038428039266222,9699.51312333195,1858.1570092179322
NGC,840,258.1743238090185,10.162694913300431,0.19273978933458605,17.981109879003586,9940.720595627954,816.3018954053434
NGC,841,215.31793360148072,4.609641482598018,0.2345842402803295,12.123478497586637,4906.560099760594,1449.823345998998
NGC,842,143.83912623646017,-2.427910991859987,0.078397494645064,14.795355642112389,8282.24421989836,2099.8005479964468
NGC,843,287.6038692348106,61.371721016173716,0.21161294044492127,17.707865929884804,13113.853084431144,4653.312977835808
NGC,844,228.2881513779848,3.062527832075492,0.15696431763056862,15.21995140597331,7590.813343309616,1169.7989894039367
NGC,845,233.92420801104424,35.482675489729736,0.12915315192938268,12.054555152325383,5024.685610951351,1539.9580302067016
NGC,846,242.6005425683399,3.3207574494773486,0.113663209100363,13.374059202075408,5735.68735633317,464.9084170878474
NGC,847,124.06487982685498,5.775841051000134,0.13340744477585537,12.389203753671122,4640.863703602073,1105.811102883768
NGC,848,164.81001767414915,-2.0206138117426575,0.2179174078287765,17.461015529752654,9995.929242918999,0.0
NGC,849,240.3955430707795,32.29500061079609,0.10397509542756264,11.192926239251477,6119.522493811032,2780.8584496790904
NGC,850,114.12382360856131,28.1507122907873,0.14414601115053507,15.68197512649487,9146.335067242922,2894.43038877055
NGC,851,228.05629819424868,0.5044529608040225,0.08213922083889373,19.58627569097198,14711.055723160562,3497.2434675824725
NGC,852,173.95536412143488,-4.215170330840988,0.20476395031462113,17.640476372351955,9375.424187231958,0.0
NGC,853,176.45810256974983,-5.142590756350526,0.2167073762128762,21.821675299984303,13904.524111711798,764.8204300297649
NGC,854,170.0535945379975,1.8894297998788543,0.19536196982648202,21.384109838915524,19864.12563108398,3283.935720487785
NGC,855,130.11531219152658,-0.688781383718149,0.072307344054126,15.360887463154238,9716.618378328445,2442.873894313157
NGC,856,240.85494111712546,31.717408578780965,0.180125496077444,18.95035280391633,19543.901401588028,7758.069521790734
NGC,857,266.94771797205453,26.161856610124897,0.05914704157334227,14.30907299316417,10755.992261891408,3885.7873861683543
NGC,858,224.5648406704348,39.86794741246793,0.21068219320243708,14.263018555920626,7870.952470527545,1771.770354945613
NGC,859,222.10565849496882,-3.2497218335126776,0.2128163919939747,15.812235313862018,9209.350860634859,1595.5479313391813
NGC,860,163.11252610167506,-7.9606706634105615,0.13671455615358113,11.961271124444421,6092.473579561405,1808.0059365786537
NGC,861,274.7233446943471,41.0621802597248,0.14746840142822149,14.300530222108254,9670.905017220863,3232.6582445681156
NGC,862,211.3580476262904,3.21427083768385,0.23421540674772126,11.484967962461903,3872.9960814441347,891.3271894847958
NGC,863,109.46013863955348,67.87291860089904,0.18114813393104634,12.83196713931255,7696.025333966032,2988.3065685886036
NGC,864,124.16812226470925,5.143157485626162,0.11429578107150529,11.370743515609641,4967.215502484974,1191.7869226323965
NGC,865,176.12788210796558,-8.054603088042903,0.22495034536996808,12.517686134462528,4990.554515812509,1258.8321979046127
NGC,866,222.84459635742033,1.6076722317138283,0.10128972287199885,14.56883493403656,10045.666045051425,1829.4921077903118
NGC,867,219.84748105340165,-3.5136812167478553,0.18617097728970514,15.729814818290308,7784.197810073799,1666.3742858752769
NGC,868,166.62491324531285,-1.4564655518388467,0.13087463851318015,15.601676884297698,6242.103092437679,0.0
NGC,869,242.1155254825702,8.901869869195222,0.1478558884578302,12.487768692308057,3668.0548194621156,0.0
NGC,870,116.08522325954496,24.187738282348885,0.12377138335242815,12.519737164010545,6685.51092660447,2430.9746982987053
NGC,871,222.9430577216325,35.873012179226755,0.16657333001080457,14.55743630446737,6084.07594704304,27.644251148363562
NGC,872,220.96802151508598,41.20478365067651,0.23492112615047397,12.348990572575186,4498.086151494815,768.5850018586594
NGC,873,127.19370236246085,5.91605665866646,0.23549210940870977,13.327460321802393,6980.229540911356,2111.4265055421097
NGC,874,218.6324164096271,37.25258070015808,0.0738729596401345,15.399182817561165,11287.265643766186,3358.599142044305
NGC,875,268.3483393909651,35.511805288034715,0.2061667204451604,12.609819598880675,4720.564172532966,934.2240861924423
NGC,876,248.53671766892953,0.6493563767425823,0.21988008212386054,17.420277860616487,10427.44920766666,1523.21970771656
NGC,877,225.55645286536833,-1.1448327905538886,0.1478699903253684,16.183093613474053,8523.288666282298,218.7085146256945
NGC,878,240.5371565166347,12.120411424627283,0.1781663893068925,14.655446287082537,8576.517150915126,2305.725964475663
NGC,879,157.57296446637588,-7.339610069328783,0.13969764321282485,13.666642292410932,6047.306494297664,1505.7344602026787
NGC,880,161.67368832045568,0.49630651345143156,0.1013451341178514,16.641231717934303,9807.05076079797,1412.8656828549258
NGC,881,227.3596837221158,-0.9002875063345513,0.10663926042761,19.477912623165533,15067.189641844423,2418.236352325538
NGC,882,177.10542460760198,-5.262360686655707,0.20772812025093085,17.75364001962804,12451.109812227382,1758.679442642095
NGC,883,202.213577928969,-4.386224975177442,0.18624074575560265,14.089892705319604,7997.081752429972,1761.560488743695
NGC,884,269.3926216645356,31.82274865717247,0.06813637602616861,12.646823058250078,7546.140128513902,2631.6835562708834
NGC,885,263.42383792269413,30.873969774455446,0.23243798252628614,10.807280150770737,4429.362333399558,1560.2806553977493
NGC,886,139.8420617562395,-4.395052338770572,0.07271407758184821,14.357550654551824,6920.478761054165,1459.7691413683838
NGC,887,240.75062409194254,1.4599186574677843,0.2222508834124848,12.84533732825716,5460.365516729654,848.7427574968782
NGC,888,271.28985657949437,30.178768427398417,0.21175676335619545,14.104628510988205,5629.058725589229,1068.5983868271471
NGC,889,265.4037791189693,22.71280122760894,0.189794374625641,18.059540432159373,12149.487148176298,1340.6595187944522
NGC,890,135.6437057593213,-2.7401065979064563,0.22293044952689017,16.036173884776325,7339.303921429714,0.0
NGC,891,228.20935151841147,-1.5561526723084598,0.15274503905430992,15.236146343776143,6729.1999699465305,813.5515202556056
NGC,892,246.8743508600242,0.6392852741826552,0.1705338390219924,12.762978818562773,6813.323041107767,1391.5425195895655
NGC,893,198.27496395165994,3.929620274625696,0.15979414621413354,14.647419366399928,5356.5871153911185,138.58593948484318
NGC,894,254.25709757048406,9.802564626056675,0.22907424310051924,17.716142807823587,9946.244176619048,647.6666553894859
NGC,895,125.32937422673676,3.2759072836822742,0.16948849888211057,15.51973525665075,7140.484053095481,1004.0365222293794
NGC,896,138.34454928468966,2.439976850976299,0.19532500547884493,14.451485567841797,7121.765544796159,1154.9209902481161
NGC,897,243.6080921516004,4.368186943981398,0.15374588208756548,18.53154343628905,9448.274797546694,0.0
NGC,898,259.8637067836461,18.595299825681877,0.16034653717530817,17.84473079338422,13671.80532933538,3276.6778965434837
NGC,899,219.13322069250617,37.192927578887534,0.19395954436647855,16.786811309133938,8273.892634690526,0.0
NGC,900,225.7883803687225,2.747010559845492,0.23290525698281142,14.985883217507693,7813.878653123088,2123.2940912285453
NGC,901,164.39931060962394,-6.5789045119656775,0.1457827313356424,11.287387486742297,4538.56586025813,1074.6932071527879
NGC,902,209.19254618860185,2.496121853395439,0.15665682182445448,19.288285948577556,12162.927463376504,406.8971333515785
NGC,903,190.53484918460302,-6.469112597756975,0.10556357583143516,10.963400668029015,3552.1974202903707,1125.872374264092
NGC,904,183.9637904474537,-0.2430390231669338,0.1652403596607467,22.150152076820532,21362.430734844103,5592.402065393807
NGC,905,164.63366344397977,0.5103859651496258,0.22051153826474673,13.548874279177683,4711.939674731217,0.0
NGC,906,195.8950698692683,-2.267682942594644,0.1890883164203475,16.416420225232446,8538.067309299966,0.0
NGC,907,228.60159202809388,-1.036958819854683,0.13481064570504997,12.081517120826932,3975.8576655246015,564.559582841998
NGC,908,212.97104064855387,-3.2481523235468215,0.2090129684544431,21.32693866334494,18678.38098218314,4332.9298135405
NGC,909,194.6213265283768,4.735570630282552,0.19353488119946494,18.103041489695432,14503.163567923648,4151.471296661636
NGC,910,249.9878084823473,3.971185322217146,0.23231695276292488,19.31008020460288,14738.436584626794,2564.2821415801945
NGC,911,268.3900041517899,24.248110828500955,0.2048640767740186,11.567719531356202,4685.56700068818,1087.3560407982063
NGC,912,165.3771735307746,-5.075234399255862,0.132230559389342,15.571454576604463,8250.798596827764,1276.2813893605107
NGC,913,177.73382515187987,-1.0761210025435592,0.14651683827467657,18.244593165137953,11992.142829135937,1506.8102278958888
NGC,914,171.54224035496063,-2.065168786672106,0.0542523789910008,18.411791908927757,15362.45926306159,5230.206969800228
NGC,915,160.7482911681056,-4.678676011824829,0.22567371721625087,18.717609669712818,11095.832492671303,1.065714562661571
NGC,916,108.70235013868688,38.80776382343321,0.17955691242262256,14.440570664036528,7843.185098533513,2193.303305788015
NGC,917,158.05807542681472,0.06024122264334821,0.1265618845259666,18.67629811747917,13982.68183113578,2729.341287299397
NGC,918,227.14481232547024,-5.4109358226497974,0.21502614953666613,14.213561403612006,7754.970669907656,1999.0266542470006
NGC,919,165.710270223506,-1.6217085617498448,0.11161405149611929,22.34708583908239,19762.046281993367,1062.3930236695255
NGC,920,171.93726693621966,2.0897596371677003,0.2065718342617642,18.23407287077499,12106.207460344729,1970.9619686602587
NGC,921,266.42075070739304,31.489424638996603,0.19404506743762448,16.16178828779522,9079.454283139006,1098.9281905472674
NGC,922,236.23096328399248,8.695363520010373,0.2180106719635501,13.186264874882495,5920.958296924641,1270.8690152592235
NGC,923,227.07243015706527,34.23210912081037,0.1500748935136577,21.858884987858826,21955.980772422183,5033.300125052024
NGC,924,194.981194064379,-6.02908754305321,0.13100024022582504,16.330908821102327,10824.350887054481,2177.510977621047
NGC,925,260.58009020599764,20.229580328966993,0.1855183947817183,18.407910945624547,12115.112193023606,1968.9262667298626
NGC,926,164.95092481750757,-8.01486786506659,0.2315517882090624,15.91578322218048,9547.27509793418,2640.451316634937
NGC,927,155.10004448535054,-3.360940410414539,0.2319259568567458,16.06095503778592,10433.475648056125,2716.1402862145155
NGC,928,217.68301579512658,41.84390147178671,0.20687792181876988,15.315231869705448,8504.40391517849,1241.6686464003565
NGC,929,214.2479496378498,46.028487268854484,0.11827037923314727,10.49700777287253,4342.205498999838,1879.4722028379942
NGC,930,258.19043779476675,14.579292291358575,0.23270915562791208,16.16662198493706,9638.775154600755,2664.4122187328467
NGC,931,210.96460737594626,48.06359162436401,0.22521599622107988,15.871477137831572,9309.214031369744,2195.7491170569974
NGC,932,250.41280773135594,0.7210153886330678,0.22816987738501937,16.6966850196586,11747.333120034518,2437.155821034663
NGC,933,233.27971499922995,35.62441944970474,0.17409983160365633,17.18061778938235,11466.154526342081,3092.880978002403
NGC,934,178.30748942729295,-1.1014310350242968,0.09885338562737887,18.301001718335204,14823.003764936415,4496.750785435503
NGC,935,202.47624558928325,-5.194236804172934,0.23142784921233775,12.069822723878046,5187.5092834565585,1774.0852044685175
NGC,936,139.10498001517016,3.372174906088163,0.2321299857492869,14.536756113796939,8726.56627776085,3164.571974768976
NGC,937,225.8993748900394,34.32572821102078,0.09478938762019734,14.000864969113167,7697.606020738608,1932.1399919877476
NGC,938,214.67494944221107,46.144800111548314,0.20257915555585504,18.68713905397352,15986.523009302484,5462.033611273003
NGC,939,195.35411546556307,-3.060716532274234,0.19435312219918888,15.272229555347938,7426.810898058231,0.0
NGC,940,136.2806285032866,2.163813596523935,0.1699149704984261,18.248867498498466,10460.943623586558,1306.54076562132
NGC,941,244.25403767116558,5.773076479518302,0.18549968781200388,12.164180876501012,4174.32305705964,0.0
NGC,942,230.79642517174622,33.63928768213775,0.19998072303332412,16.077613742191016,7970.229940605032,578.7849180223283
NGC,943,247.70416869241933,0.0018524244684566772,0.19917209454365492,11.970613107723034,5482.493880006915,1605.0124559760366
NGC,944,170.42171125112642,-4.902933090179294,0.18393811111626474,17.156061956855236,13087.445454870183,2550.3520034772487
NGC,945,199.77616772789955,-3.231922749498362,0.22200027607492887,18.59375352432657,11608.70434567954,987.703110185569
NGC,946,192.30643669160938,-1.1773053536409457,0.22389723014262475,13.290419799185093,5890.414060920227,1465.5004714484705
NGC,947,112.31073077724209,30.57650168837995,0.1812951790948993,13.614335451730172,8691.421515051416,2557.8229295040305
NGC,948,241.57608999506596,11.934647824829439,0.14746661164260516,14.359633826143687,7201.213270441036,1290.3512976239479
NGC,949,118.01958362139496,24.788793903900455,0.2327829297214808,13.319603473965408,6573.402854116299,2050.5237386040435
NGC,950,226.1716615513562,32.46969489698278,0.2113126019277976,12.923081098118747,5825.896505912556,1578.5615265969382
NGC,951,163.73569142518636,-2.0469558037810898,0.1827430710060507,11.958120798390365,3851.5658583661907,0.0
NGC,952,220.5276818420686,45.89303700674488,0.23387150809668764,12.380283525168885,6829.047146537965,2272.7799165862425
NGC,953,195.76060790191184,4.157278054702116,0.1366876300798263,16.0095177316878,9603.473282913674,2399.768340805028
NGC,954,268.586691424979,24.387430270763854,0.19672148823809824,10.991289905079505,3568.4005715470403,757.4857593905538
NGC,955,216.3408288766362,2.5372408076381676,0.21534448779588672,12.21593390044193,3909.1048877109984,5.013228014014121
NGC,956,164.22333264849107,-5.449711102265272,0.20115981040631925,13.81914326455246,4832.737964198567,0.0
NGC,957,117.8298924556783,27.03274096346537,0.23202517599898173,14.538620214270956,8292.449409412437,2403.5417416898617
NGC,958,232.8636271939069,36.96195468219793,0.23107562469127335,16.75097073680325,12396.206938514759,3815.216785979246
NGC,959,210.56513985953382,-1.0085484295184892,0.13849090077270296,19.333671436001797,14273.6255468951,1459.2061691600159
NGC,960,235.14403333179916,3.6561303601903745,0.0895487630230094,19.433344321016055,13390.455635093138,2167.5488895096646
NGC,961,172.6603960224607,2.6985065296814352,0.2210028691140125,10.831567375209737,4217.979965814267,945.652712075486
NGC,962,144.5902663478376,0.9493707778084078,0.17853644688640213,12.055031697103589,4967.368731887668,1616.2463891551547
NGC,963,174.44225093953048,-7.477167872922544,0.19404344617740782,14.51437543564136,7415.8715157439465,1180.1331259686817
NGC,964,228.35001424781774,-2.6864267364369403,0.23452122910725862,12.547709675426713,7009.760804609815,2428.5073914574095
NGC,965,138.91744766356817,2.581700106092173,0.17078996259563323,14.711392533092976,9021.14280834023,2312.1783802653913
NGC,966,240.8057489552782,12.941440649261896,0.2285062527713088,15.085013562738855,8901.993018743025,2443.2986501451633
NGC,967,258.3634306252755,14.240155471076445,0.1596570198966703,15.971636630321902,9559.506208481886,1636.920511860126
NGC,968,98.21415971139679,65.88461811110471,0.11492985211472966,12.290834525765868,5858.246060507032,1958.958669567993
NGC,969,259.565797759411,17.195140146091163,0.23443308983375882,15.06981843946232,9203.838601215215,2749.892907742433
NGC,970,178.35005924277866,-4.134192228524959,0.1741736275572007,18.018887668432008,13389.627266705771,2761.157476873593
NGC,971,170.14884010790104,-0.3026129526100213,0.11858861557364409,18.066744979241125,10547.281257255112,870.2231005749302
NGC,972,217.5420255334319,-3.5107314247799475,0.22090766128568162,13.776833326237309,7294.927908620651,1690.058961856133
NGC,973,160.6972589111487,-7.056197215093481,0.1075239119818142,19.35241551512711,16578.895258103268,4007.9379841778045
NGC,974,190.0842710753798,-6.506912752907756,0.15824883107518728,15.28589958474019,9771.203450224302,2802.7715994464993
NGC,975,238.7125476827171,33.41297928088496,0.23357932547337298,14.518804196949572,9233.170923103595,3046.2487898520058
NGC,976,228.749710222055,1.5534255613331807,0.14414089081107062,13.22277367009391,5279.338494117111,0.0
NGC,977,141.79297610087536,-7.1964664854340485,0.19375273963178372,11.858735214500312,4000.6315366515955,865.2545900799701
NGC,978,215.17432030471477,38.54344669388026,0.12649680932163201,16.36632857922837,10960.008255297418,3090.376315659285
NGC,979,243.2202552615427,12.539030912188235,0.2226768268582948,16.27872472740763,10621.403699667126,2652.823521224439
NGC,980,267.3525156917339,28.663801717279814,0.10406438600075739,21.22825042958165,20820.107101374848,5836.848772046444
NGC,981,110.73754277036805,32.44860075375618,0.2138065671975893,17.224211464852115,12156.694861945563,3348.1689911708154
NGC,982,246.55583395571847,0.6359795114670774,0.202774088496442,10.702145229875091,3520.386007008155,535.1167632450124
NGC,983,243.20893904142866,4.671914412215277,0.19824085949774825,18.41620896642978,10461.560503001641,0.0
NGC,984,147.86439338972588,-6.163949222001372,0.14906733644235484,17.84223789159515,11567.847633963956,2306.9996562081956
NGC,985,207.98279538558427,-1.1592723780794973,0.13466333667488897,15.425326269354203,8755.829082344222,1184.878378128944
NGC,986,164.53221932607963,-0.9459283930047723,0.06201783689954562,16.312294360344314,11247.475754580406,2887.517769255612
NGC,987,197.4038211439361,1.608804365285519,0.07909124928169312,18.216320852081328,14080.436613312773,3305.010402764418
NGC,988,209.5057005416096,6.714244909234868,0.20501040779248786,15.252516510930445,8282.179429565143,1796.7498058626163
NGC,989,236.48785880999645,34.481790818247504,0.225295675831469,13.589592668157662,6596.0903286978155,1398.807896357615
NGC,990,233.1555226737282,33.807949907335036,0.0925391031414253,16.36857238039829,14401.507047635085,5353.225985105148
NGC,991,213.83665472149804,2.377058630821674,0.1947189002972371,17.581460391553303,9548.720779074325,1198.3619100929538
NGC,992,156.65255783241182,-3.7940950615391205,0.13999729453624787,14.844240206335437,6915.141668716489,369.36927155807297
NGC,993,226.67539444928607,0.4600135754401309,0.13161407973849115,17.375958395712075,11236.817938103837,766.3299987062296
NGC,994,265.36738257091883,22.20438854398059,0.23244265293052294,13.499042692631864,6885.7652437968545,954.3009071003316
NGC,995,205.70716544014044,50.28610060034704,0.16462537060381507,13.356790299608148,6406.106043951665,2004.8301188091245
NGC,996,174.73513418181295,1.708410862469629,0.19042937801446447,11.969895091953006,4807.868032556827,799.0256178120226
NGC,997,189.24139918038802,-3.4646074423090827,0.1436501555674839,18.783694122677563,14700.472019136103,3881.2123647648637
NGC,998,170.58779317220933,1.851182966282647,0.11124210552754285,13.337862283369567,7078.749656964454,1604.4939991677418
NGC,999,217.4425658305022,37.84658553053556,0.060067805247704935,10.928669119530076,4904.065802696242,1811.7075985614722
NGC,1000,241.19645352492245,31.32014851780774,0.14928947087848335,13.792813464846814,8985.20207009535,3812.223737664789
NGC,1001,236.52034619992662,32.53833162456656,0.22389474199679968,16.762488780892603,10159.856835401593,1342.8507069868012
NGC,1002,222.87172778167528,41.004390536677256,0.23091446613077438,17.65949632102403,10593.029814497626,1239.3611338509738
NGC,1003,176.1818017117728,0.602445475838056,0.22719377774026359,17.606427428962284,9588.213747413349,814.6337682648739
NGC,1004,253.6560157412266,11.771580647198714,0.15563719183114916,12.015329304672536,5293.062587242881,1134.2290881398399
NGC,1005,225.4916377835147,2.9393082537829063,0.22421885245405612,12.848027893262818,5108.001852361688,792.3287474886897
NGC,1006,135.90801406937422,-0.6138583729059289,0.21325927818728854,15.039323010879171,6483.48684361824,0.0
NGC,1007,166.0643903763689,2.0909005083699785,0.14754125586278996,14.70605392953975,8347.313660506845,1556.3836637688667
NGC,1008,114.95557283843073,27.302981714966705,0.09877318640534404,13.98822045088618,8328.914998655746,2950.241075257452
NGC,1009,206.23837232188717,51.03990743092474,0.2302046940624434,17.038909009139836,10891.106450933748,2560.9601692536644
NGC,1010,261.95167594786216,17.480075912623604,0.054243964066324216,12.666867836841762,7006.724343806404,2723.871320054977
NGC,1011,204.8496172892158,4.776231875801506,0.12662931162214605,13.438843901552978,8153.362027725359,1785.9065479000833
NGC,1012,207.06646469974774,8.096838200137945,0.20775724456750994,18.19389277714561,15051.429390311607,4016.7963546880083
NGC,1013,149.06854494358893,-5.918231529730131,0.07861482430608951,10.675834527806579,5023.451894390231,1888.321332028886
NGC,1014,245.17730395291463,10.590209123642651,0.19199845893532658,17.010150776086615,12180.851616349719,2271.8207969487794
NGC,1015,138.1014144383349,-3.567274900661439,0.1875115132212938,10.094016135497927,2787.5285469053542,0.0
NGC,1016,193.16700868455567,-3.1455678042522717,0.13429926147943036,21.627702039551256,17071.779625550458,1909.6245681836583
NGC,1017,218.51026578773374,33.128116176704175,0.1857695588531913,16.623775676878516,10780.981505468193,2411.7102316517503
NGC,1018,128.24943426158347,3.052314177175147,0.2099604155812358,14.509209544640926,5484.71139825294,0.0
NGC,1019,136.48865652298238,1.3980964796345885,0.21022035512726253,22.72907989693681,16671.524467792526,1.2827307386709128
NGC,1020,218.12107031484166,34.497230789424854,0.08057492470883627,10.913707322187769,3563.830165107574,953.2686987206217
NGC,1021,268.3394828666076,29.070315012550772,0.11823836499360213,19.77956986264621,15681.224979925059,3322.3963227451786
NGC,1022,289.64048468619825,63.822003250277405,0.22762245549688936,12.537756342028498,5121.47076195612,1221.1769783371944
NGC,1023,121.53262228905278,9.164659698559062,0.17808702047498293,10.382704795672392,3649.180222688417,1115.1242024721446
NGC,1024,265.8318231978446,28.626682144197723,0.17531136263425323,20.60077682341579,15444.311612989259,2604.2986897332166
NGC,1025,270.4987270712709,34.33043089793183,0.10604961121512463,19.532712617616895,16268.134035022762,4643.499690572346
NGC,1026,270.3926796650534,37.45274756093104,0.1987860475435305,14.690867540876374,8002.308136115061,1928.6517646846767
NGC,1027,130.475715891056,-0.5721029568027185,0.05627332221011048,10.391340461700512,3642.710302484373,870.2562387779503
NGC,1028,242.2161413948834,9.770090864689465,0.20985997423199737,20.37069401044635,12666.063435117494,0.0
NGC,1029,196.23185118106412,-4.908326583290482,0.1904171007972964,16.913561629090538,9675.671716738998,575.597264238892
NGC,1030,217.0254340243222,-2.250973408398812,0.13534775809309915,17.76648229077074,10657.839397826549,2000.8886192925795
NGC,1031,143.02307555706662,0.09390449076731146,0.22449653196852498,20.097379297343696,14704.474050773819,1239.4858491280595
NGC,1032,243.84753808344902,6.206397555500067,0.20579025972569034,17.41727804434545,9047.532026101127,0.0
NGC,1033,218.06751702247524,40.35453066643075,0.1331084821493755,13.681367952483736,5649.374703307184,201.38669338157507
NGC,1034,213.01082589443635,0.9303102380957895,0.08964889852932666,21.497011074390638,21203.495491799797,5471.455941012153
NGC,1035,208.5093358934978,-2.802623254898581,0.235042656778771,13.030339476926745,7709.190737515975,2690.14248198588
NGC,1036,156.0711572587615,-2.1799796550842734,0.2132491580944948,17.04705968255742,10635.462132134178,1671.8997305001003
NGC,1037,196.28696183135114,-0.08961462653804886,0.2300841085209063,20.669458806013722,14646.637925480058,899.5672703269707
NGC,1038,160.56765800704653,0.31590440314942464,0.1607180122941913,11.18783099182634,3385.14585171541,281.6793233083964
NGC,1039,168.11186020740018,-0.7248563305461051,0.164007012392839,12.480073613750168,4294.881783842932,0.0
NGC,1040,237.58086698499642,9.963857867124887,0.16216817697818847,12.371076355609926,5786.698998771241,1330.0410566433782
NGC,1041,125.04878002715745,4.023790434204214,0.15628002845223704,20.59680248838256,16392.304919946873,3884.1920332592817
NGC,1042,232.38290808473482,36.475771286046175,0.14026664580219667,12.37307167468775,6142.299794131427,1805.3719655195925
NGC,1043,206.40190576661834,2.5874255884651456,0.13168269973596772,14.821553787333404,5605.19282248568,14.221046539399461
NGC,1044,166.9847840081618,1.0501239831080675,0.11562610567194906,12.35981562636158,5966.8506111154475,1171.075823281425
NGC,1045,262.0586172328575,22.268796952770483,0.19185677546786575,14.503820716735508,8174.20266900109,1785.7050208010085
NGC,1046,250.55688073663265,1.3485607732396296,0.15898036338643945,13.310529174844723,6049.505601803854,1061.2267939535645
NGC,1047,209.91575889204213,5.345332970347419,0.18997502041511466,14.7056869937621,6505.915547564836,1062.1518312166845
NGC,1048,127.66156290172617,5.035452489603252,0.1597331188352958,11.247854115381534,3543.530570594131,485.7456534360289
NGC,1049,195.04579516928388,1.5297039819591685,0.23106514322239463,16.176259903382757,8828.82666930866,1810.6840095361044
NGC,1050,109.13091999131959,35.09600199269449,0.19580824482839726,10.320651161125427,3656.267909768815,1128.133344339241
NGC,1051,190.72149688149935,-4.556705780618823,0.09297382386778,18.986526819592992,16361.08632851472,5094.942074371443
NGC,1052,208.88989806910382,3.6562045054846526,0.1970928665467433,14.911415915242944,6336.705452416198,0.0
NGC,1053,159.81090094290315,1.3151481635857591,0.23472680796577225,12.566123027262035,5625.69633983318,1617.799834834644
NGC,1054,228.90044444114685,3.1067805607162997,0.22578704995259805,19.516035811046514,13923.156590019542,661.7284089387931
NGC,1055,156.88629850771923,3.7342992046467063,0.17029773953109517,15.835094657182953,11862.252228547553,4640.6097826486075
NGC,1056,151.6466397636027,-4.486316378503212,0.21064351987506705,13.30920833973201,5719.517569978368,697.193927076197
NGC,1057,221.92550560477972,-3.3352187045187867,0.2235448176539857,19.57940275104641,16539.76434885175,3508.7611587512815
NGC,1058,240.66443045443668,11.046986698865386,0.19016296759138437,23.690729807688534,21488.469512754564,3296.494789565118
NGC,1059,247.94743889569105,0.6502832835830318,0.18162302986083262,10.54944278744751,4088.125663122205,1110.711458127755
NGC,1060,175.36269195100755,-7.014644617956038,0.14709894271672008,13.97368909743512,6813.926144840246,1749.3199663787707
NGC,1061,229.65376570938724,1.392142227967788,0.23112732630196064,15.504866142112796,9214.7124149167,823.7044132512128
NGC,1062,256.33445389094834,13.307871343265367,0.17366341978445596,16.006349425127915,9732.677405933948,1457.8762438080596
NGC,1063,193.11291964717643,-5.563561081469298,0.17160376640787253,17.253681637242412,9531.90628456807,347.9002866782731
NGC,1064,227.2398239509489,-4.558928101463425,0.1850804950710632,16.897188720072958,12781.935416077029,4535.1074266518435
NGC,1065,131.49150143177275,-3.573084807247998,0.2326505454396323,14.033573748933318,6516.445812694556,978.7127419171336
NGC,1066,130.00349206690498,2.650187504343226,0.20270369692259246,18.814387796645896,10968.66744003966,0.12639963268143195
NGC,1067,173.44544355661836,2.3936301598955505,0.215164879308829,13.453694384268521,5634.645771751777,1132.5308391765066
NGC,1068,231.2652187831466,34.13429738994676,0.07171630799718978,14.840107584195,10290.62889772217,3879.695250853046
NGC,1069,161.85973774791734,-0.06211371875322783,0.21992473954286296,16.33110263100192,7736.3469069518815,22.335748159881188
NGC,1070,205.38348103319657,-1.7185301115471234,0.22551990608440833,19.33196282920518,11963.760160769794,1223.0037702500701
NGC,1071,102.99059905811202,68.36883191591231,0.13891574882920257,15.137569630977133,9890.72172997447,3084.9577077923623
NGC,1072,223.70320097326436,39.625923100991834,0.20164900172036643,17.100193954627073,10937.009513390345,1273.4022061531834
NGC,1073,132.54705882957728,3.3841172092356295,0.19379493824467703,18.43882938974295,11919.293955467725,1860.6536340491216
NGC,1074,109.50232597451948,38.82847840788249,0.18840788376336765,13.10412899971803,7377.962971964567,2491.241003886842
NGC,1075,185.02177216390672,1.1491180354302477,0.16785346606307555,10.31579818071812,3818.7534037531605,1232.7152065502403
NGC,1076,237.7489818409215,10.30830086108816,0.2324037538202098,14.536754523204143,8581.207615155165,2110.159784712634
NGC,1077,273.56045912497405,41.362768780255756,0.2346393992867146,10.099366991060492,3641.311250995645,1023.8176174027494
NGC,1078,129.4477283451263,-5.414616265739333,0.2348203304171572,13.153187203291747,7398.579735214783,2380.451326602063
NGC,1079,127.41895551797674,2.6201557557515804,0.16774296125488572,16.636838109734015,9953.512353475626,364.9306738172742
NGC,1080,110.61103583496656,33.0334010833797,0.19836744088689912,16.979925442331503,14471.01230799317,4338.955180092205
NGC,1081,208.28895892677258,50.0078094892464,0.157637529649728,18.139266326175562,14239.315031965705,4699.81569580894
NGC,1082,175.0924132356878,-3.400315439643698,0.19875740762224775,10.519028962202833,2839.2952388062818,0.0
NGC,1083,229.62119330602894,32.569092868798606,0.203036640236785,10.584643854335486,3468.3329861018615,659.4839335752805
NGC,1084,210.69351419964886,2.603346886694187,0.16604104163941028,15.723265031193225,7526.158530591257,752.8135936814948
NGC,1085,168.94873418108997,-1.5552193920048354,0.214508148861377,18.079663755092255,9966.212883848779,0.0
NGC,1086,234.52086246324814,2.950732219650115,0.17217414347381077,11.603379533848907,3152.506062636561,0.0
NGC,1087,172.31295929787692,0.32761713151363986,0.06879852365121834,14.718284546132598,9579.744512021585,2285.436501701648
NGC,1088,196.443653845446,4.984146061358478,0.10382024693747902,14.192409324000417,8921.10831438517,3302.752044456178
NGC,1089,288.74995729211093,61.03377269293555,0.22101578936489627,12.653680502197945,4443.29225559272,1372.9314258540792
NGC,1090,263.27325244144055,16.429286539362238,0.23049349869799443,14.350561909624515,5804.366266462465,77.42162291879896
NGC,1091,122.1954993009071,8.55984054678979,0.167206187254429,13.833843375229899,8518.775677822281,2351.3659751429345
NGC,1092,267.1988701041595,32.61323029310912,0.13440128754244102,12.520396949738805,5325.982415066465,1013.7524032850835
NGC,1093,200.58163112077222,-3.157882641427232,0.14344525270469144,18.624938887975972,13649.212205552034,2572.088214039898
NGC,1094,195.66343006162722,4.263243124782191,0.17601189545793955,14.50199847038383,7075.950576703221,917.3605140094003
NGC,1095,230.2089709063484,3.8498764410764252,0.1208334618477544,23.604057699442453,21600.882078687708,4563.779441517278
NGC,1096,198.53661986888005,-2.6281287814367564,0.2080992497411864,15.57332726882394,8012.9168883700595,171.34199228260175
NGC,1097,268.6711782309025,31.028898535621607,0.2061511858901411,15.167447005149697,7090.934662189615,0.0
NGC,1098,207.5641538582104,1.5412382690302797,0.14748748920889238,10.398028662113438,2754.3125043774185,0.0
NGC,1099,121.97716255501666,10.417319651520467,0.2315656803804446,14.159996443370158,7581.200099285205,2306.000086636062
NGC,1100,163.30215976876352,-6.485503364853197,0.2319789670711373,13.391521335326736,5023.654569912361,304.5277712617909
NGC,1101,248.36340287483625,9.423007674539477,0.21921259611116278,15.934441049457785,8255.943282395709,1183.0168979107598
NGC,1102,234.019063431657,34.25328422921989,0.11894746427823889,15.805584517837286,10527.778557520036,3142.621867047998
NGC,1103,111.95280823119906,35.646570566894404,0.2247804249101374,12.768116745684736,5476.184788261816,1497.8825581964186
NGC,1104,256.70175665825786,11.467546432939086,0.12457441177440264,16.16068218817526,8557.097902345498,485.2358269081729
NGC,1105,195.06583616950635,-0.36976040971712787,0.09114306508696958,14.607956498070171,8465.160569282092,1291.2517181578792
NGC,1106,260.2926063993922,20.01491684773621,0.14351682252800724,10.111489409834638,3030.843437555349,683.1918779169577
NGC,1107,212.4321578272258,0.46179481635667696,0.19703793987803792,11.015878806838227,2936.925145899641,0.0
NGC,1108,206.38806171088694,-1.8839368977322237,0.16646137763641494,12.66419394524051,5399.39417607238,905.1570620113869
NGC,1109,153.16206903614454,-4.047571748482751,0.21099925519061516,16.247627505981697,10209.539913295603,1704.24884022481
NGC,1110,163.3815205398321,-3.8853578075950703,0.13190522249387912,14.197014850283791,5642.458674869463,20.193169937302528
NGC,1111,139.1547396863146,2.9350367528516967,0.1838761663852909,12.049499796414441,4729.177974054858,1331.5218981636474
NGC,1112,185.0032706169116,-0.14616910221536736,0.1026714299901971,11.79632105690097,5624.979230652166,2308.1026973233097
NGC,1113,241.1103427691462,31.482958119813553,0.21258549968566468,18.279212513607867,15251.484030513755,4788.616334729813
NGC,1114,159.2632526560232,-4.375342445382418,0.13563355344500352,15.67800851137478,6990.34151954787,0.0
NGC,1115,217.60438964597483,36.43194541262102,0.1588831386028611,13.446000219430747,5251.299971581648,0.0
NGC,1116,242.95714725854836,11.759988105117975,0.20545401019995735,18.03648459323572,12013.583973088238,1628.5270799795899
NGC,1117,215.21678794220261,3.5745256434156403,0.2121821689697081,10.879035732116847,3321.1146157693192,96.19305505892869
NGC,1118,255.34629055139754,7.307332963456323,0.23327697822452012,13.562032709053957,5791.350520842145,1114.539592026457
NGC,1119,224.4710630602617,35.01721113227777,0.08455361714710742,16.278623964565835,10622.63062079318,3160.0768756878374
NGC,1120,197.56377131435582,-4.243578565790326,0.10908682957575068,17.260982227666595,12267.28582692229,2625.1415818287724
NGC,1121,227.98733254713747,33.521517126568966,0.12640650612564616,17.700111558271352,14100.939242928065,3661.049417727145
NGC,1122,177.35765459222645,-5.582881636221366,0.23290154799965423,10.35447751721977,3376.451994522401,683.9025303198409
NGC,1123,264.5444523878788,18.03233591726903,0.18121452580152603,16.987065237871427,8974.588735138344,276.0377697693665
NGC,1124,216.52712065754753,45.48115949906694,0.2164614828048661,15.435988218295353,10323.314412713258,2233.7594877208476
NGC,1125,204.82260660081914,0.8723817654780603,0.22529935899947448,15.138572066850214,6567.831117885136,0.0
NGC,1126,109.32400337168755,38.395625564113054,0.11719425354839628,13.054985770425425,7805.313872013091,3443.31929800748
NGC,1127,164.52988472320084,1.0109827448623023,0.10693538114464585,12.826136573762604,5105.425185709813,993.012379012163
NGC,1128,143.56721398854086,0.6343298943471511,0.166650763919913,16.836938051341193,11082.398091490139,2254.3703632423294
NGC,1129,222.839578330098,2.4697861383521147,0.1434609267909313,11.223917802155144,4521.709825166263,1313.7167035726623
NGC,1130,249.88123759891937,0.8845451516513462,0.20497588307779008,13.14092361601663,5550.667057073698,851.7871952815025
NGC,1131,233.842935596085,34.81869887226906,0.19021908936930054,16.713309963062503,10329.06764518385,1185.3844283412564
NGC,1132,253.69355358780433,5.666012040181932,0.11882600471657323,12.002151408417575,4099.310890906235,437.83037773403305
NGC,1133,239.7388235562551,33.13404591419919,0.1961314979659281,15.261855002531872,9905.783200155416,2485.645178214813
NGC,1134,273.8295602917639,37.86451109759841,0.23424656623680296,13.990420011789302,7245.898190555046,2011.8329418518072
NGC,1135,195.69739361815223,-6.7290202880835475,0.14421114990444123,13.195883929645241,5828.042653019516,1314.5085907992213
NGC,1136,120.60731829894256,11.611548468655482,0.21195756289429357,13.191270784252636,7296.678579311546,2483.0448764785274
NGC,1137,162.21760415325133,-5.073137496196585,0.1772879150413346,15.030090258167958,6696.08436363186,0.0
NGC,1138,123.80615117659089,8.588063960232148,0.19314974864268805,13.79218942508196,7872.603362277371,2531.3523475228794
NGC,1139,130.73105839087552,-0.2794712659518926,0.04558745112933891,10.88519467793002,6077.136202095172,2489.1259401852662
NGC,1140,287.5664211047426,64.71099197671501,0.21830210642342265,13.741471819874477,6608.6540456845805,1294.1506193067944
NGC,1141,173.1594284442664,-3.512085271566001,0.16976882789530584,13.80200501769501,5244.188197778289,0.0
NGC,1142,202.54907315419655,1.8251558820952756,0.22388774921568325,18.96847385398693,10345.196602860393,0.0
NGC,1143,162.96474051186763,-3.4735740389695553,0.19362610008051126,11.19859571791416,3404.662491099648,0.0
NGC,1144,244.64690268039942,7.5520304251355075,0.22109169703496354,22.960996127859822,17196.014972190966,0.0
NGC,1145,133.03885469309284,1.8469386070816338,0.2028921403336228,18.11302602795791,8877.953350962936,117.8190918271659
NGC,1146,140.08190891649585,-4.055548233433645,0.2056243289822266,12.39021441362409,4380.841012446109,0.0
NGC,1147,226.14927628662218,1.6698486877671896,0.1510050908955032,15.295504590149477,6913.793710275532,754.2979055283488
NGC,1148,116.62268673803726,26.5415312801663,0.11369354876569682,13.474931519243203,7406.474044060719,2327.0558566418053
NGC,1149,225.57847474325752,36.71185056110405,0.13249437145266463,11.996875583292908,4968.015323558018,950.298873541735
NGC,1150,126.00176001801411,2.910102636939601,0.22069407220770443,18.139431914501632,10173.395574621949,103.52607920372957
NGC,1151,186.9632340570707,-2.629884867076196,0.17673696708659384,11.319701960147084,4668.585998333854,1108.6948089844043
NGC,1152,256.6155899829437,13.805255543188737,0.1261828140334381,10.975685040712875,4244.985910219106,763.6124804585608
NGC,1153,221.6652769155758,44.26762333007652,0.23436422636329343,13.53672192474583,6812.491340995351,1599.7147591273456
NGC,1154,273.8543135375447,37.5294481587596,0.22851392199965348,11.520433253927962,3354.21937872189,146.10246989015693
NGC,1155,267.31040960680355,25.92351300252088,0.22910766880406847,14.590542446854363,6748.75078124041,386.0634350114819
NGC,1156,218.80699952057378,0.3414198129407418,0.20508309285087373,19.18406222185118,11128.162437980505,81.55358604968694
NGC,1157,238.39239384109845,8.580021243218741,0.23269649795814754,13.677574480625589,5848.114439547104,872.9460662035458
NGC,1158,234.42175524419798,33.18807121582325,0.2101729964783602,11.148625424262415,2840.463036343654,0.0
NGC,1159,224.1340891515546,35.88912994143595,0.19752244753513487,14.912047444485475,6466.997624324955,2.1255663790319
NGC,1160,135.89975775401754,-3.7708870226880515,0.23479912509201634,11.112136987337387,3214.8570172428153,631.9377585482956
NGC,1161,216.2689636845329,40.21866310283715,0.19981536020012938,15.936094256966461,8232.22077274123,1113.4396884878752
NGC,1162,126.8600372580223,6.173165164043927,0.21757818225830958,14.070490695508514,6488.541339189066,1187.2599733862287
NGC,1163,181.0838334627111,-1.2803726091132401,0.21865338010293478,16.432482795275888,10060.973234343342,1866.0951300048482
NGC,1164,195.81637061995886,-7.90529928311184,0.1888198578841263,14.32962115484984,8176.0019818146475,2587.574234734399
NGC,1165,109.89455231113388,37.81405281773496,0.15128827494201197,14.228952873484353,8010.5825800100065,2676.391943490398
NGC,1166,156.92011752403562,3.758339200237759,0.2171243316471959,13.677458772252923,6080.1037763700715,1551.605743317996
NGC,1167,210.8619262321903,49.806013496391216,0.22408050774892546,16.25031544146808,10513.397620333062,2504.7234307452795
NGC,1168,186.67708939638666,-1.6690473724670887,0.16724687291124124,13.722714777424889,6114.005776765515,1147.0023108705905
NGC,1169,173.09415711803797,-1.0970060506875685,0.11083137811344912,19.39311725265762,12785.507960451567,910.1022318623413
NGC,1170,168.23175527959089,-1.8858115475720851,0.09594867905919882,16.707975245539302,8528.396854780742,1048.9036139816171
NGC,1171,193.22987409611284,-0.7246342558635122,0.2327375494573984,15.604237600412429,10569.166657217622,3032.4193865251273
NGC,1172,258.9015636475738,11.670373862013317,0.18517915647929312,15.12416834707294,6947.058562149894,430.590609124633
NGC,1173,233.09150199140947,2.7482024534322784,0.23358059068375908,18.622398223351038,12054.84322972895,2202.3361194806057
NGC,1174,264.70350018434794,21.817077123986113,0.156717680476061,17.20868886988722,10984.440728730557,1330.9510347393214
NGC,1175,244.71043617348963,10.247631455633458,0.21751227845180782,23.615607681797705,23329.18575543811,3647.6715144245463
NGC,1176,100.91595910507884,67.11190116738709,0.10468997804697906,16.051884396378497,13819.672757998467,5544.580614694136
NGC,1177,159.8946223724028,-1.545727394838239,0.22302274354011437,17.156739126802083,9798.805022975941,0.0
NGC,1178,183.44245508642308,-1.3026383135379493,0.17492334577911803,14.103067554817438,6999.794204549149,1406.8187942595114
NGC,1179,141.94326437246715,0.19125555261119206,0.17897049789883215,11.619315013280323,3322.594284502309,371.22512805318905
NGC,1180,245.96914669226143,0.5513785247967017,0.22398272730047428,16.502457320194072,10566.101714158243,2129.2223647190744
NGC,1181,274.58750700019124,40.77612483479544,0.13563652945636806,11.949387857012207,5132.877008929118,1292.1546591090894
NGC,1182,178.63021384271997,0.04385267363742878,0.1738256616030037,16.55051883696612,8832.878197769645,1301.0290688689586
NGC,1183,163.58499599643915,-4.694718387669907,0.23198081960261405,10.24165246047324,2715.5133595293223,0.0
NGC,1184,115.31709799439538,22.821336231686146,0.22470906952982897,11.041831031165017,4091.4687120431317,1338.7060996134246
NGC,1185,157.20468252117166,-0.50838480427366,0.1519732878644189,15.83373570334305,8824.80961592593,1122.6079169927482
NGC,1186,194.64957402690771,-2.281297503862594,0.23439210244372186,12.494382443530366,5262.972191714499,1029.2800267469627
NGC,1187,205.837314987383,7.387504796832589,0.22477539486898562,12.70215521648857,4857.757489598936,874.8740413362025
NGC,1188,195.71619393072817,0.369262987911606,0.18214738727177895,18.933670977939336,13167.688555766235,1435.795486690299
NGC,1189,268.73268897838875,27.25293842719521,0.17151612801795005,17.342384973240556,10250.469925790812,1810.6522819480342
NGC,1190,184.00887981102233,-1.48612750504031,0.18886480853678522,16.48206819554124,11317.808535324775,2491.227849987848
NGC,1191,270.8105384417473,29.346521707452137,0.20403202542617999,11.959647889919156,4069.0826481303748,843.3342172691753
NGC,1192,221.16373851575582,0.7478214201457805,0.11609030299860007,12.017113681930844,4651.573221211127,364.7732439121266
NGC,1193,217.68908270561897,3.143570511127697,0.2324635874476428,13.483461574783123,6036.816671269886,1488.2583154151027
NGC,1194,220.27997596313068,-0.14810574314821426,0.054262847700847716,10.542238350575742,4451.965216165031,1552.0787712539554
NGC,1195,132.2186894069766,-5.1188412440148605,0.17017468384434034,17.231195353897938,10144.51539719711,554.9615236349758
NGC,1196,230.23720623351844,3.6766376857851717,0.2336508945653082,15.688701539497403,8180.111826461482,1322.6353983959139
NGC,1197,120.84789962933117,11.879600769037879,0.18071617537619283,11.949707513253236,6055.020251026195,2553.3413102851814
NGC,1198,165.4535098049194,-0.2863346297353975,0.12550894513810226,10.937178025416646,3193.0628050339083,0.0
NGC,1199,290.33576701781794,65.65887648454509,0.13790862469585258,13.074265276779666,7832.7449008989415,3440.7514255761066
NGC,1200,220.7209519668533,43.572806613697985,0.2343123556311059,11.500294378985869,5154.117023804168,551.3155340237009
NGC,1201,216.45088309471456,37.331966347663005,0.18862105773349655,14.491958141832924,6522.448504868456,10.917785118319353
NGC,1202,210.99881138450453,48.5935624652066,0.178110723878079,10.132406255733962,3887.3118689169237,1233.4894063336387
NGC,1203,141.30480422223962,-7.734908618614976,0.23316596636837508,13.670706083122656,6346.670847805378,1590.2431812344369
NGC,1204,267.2410841490367,21.701489329148412,0.2327588968479643,11.527934980988089,4989.803684952847,1327.6238390625003
NGC,1205,160.71531447029096,-3.171090784167098,0.045840875384697784,16.053011413094175,11251.125327953452,4147.138773684427
NGC,1206,138.48642536393777,0.39367584957893237,0.2147096172210392,14.147674587280928,5663.960571727965,0.0
NGC,1207,270.3180835010309,36.66612524640586,0.16772549930425756,13.139297712859257,5724.240318403737,736.4799707357897
NGC,1208,215.4423718961477,7.19963013966335,0.20632468067484586,11.531501277031227,6329.703077700762,2881.785582104813
NGC,1209,239.5474204525525,5.215261904456387,0.20847319205140868,14.193307583450716,5445.453728576537,0.0
NGC,1210,140.94734280521465,-0.3678353562956143,0.21482362468351485,13.695192635852008,5124.898320500659,21.529407477246224
NGC,1211,157.9157147290379,-0.6031551071440642,0.1447563726670586,14.310383305779732,7579.751189318607,1116.3990981695342
NGC,1212,176.34546260005663,-7.870249845367967,0.2331972691157059,14.329259840243918,7762.371835792344,2529.4992353134617
NGC,1213,231.1469685754074,7.99671283922191,0.23254217911960784,12.115124675474783,5879.309601161074,2000.3999063299018
NGC,1214,288.70534731420634,63.397955526249596,0.18288844298866422,14.046303283059279,7578.48517919303,1873.3506794441455
NGC,1215,294.5478839240204,65.71117291709265,0.20615331675586093,11.511336684318861,5569.520236042972,1932.4696768813433
NGC,1216,235.43929607872246,32.12443639948503,0.1266241320179593,13.017453905625667,6285.024257266851,1748.5164223915897
NGC,1217,228.85168328180296,2.9008737873631962,0.14974937483945122,11.204240295572022,4175.542907586589,334.1572929541753
NGC,1218,244.32245902020685,1.7854433806712444,0.16032705883489404,12.801942227719191,4633.0950088104055,827.7259886216522
NGC,1219,157.4831083189104,-6.5522058789601205,0.10487432856770265,10.340698463118045,3495.5872670371027,703.7846201460162
NGC,1220,97.44772715755691,64.53517000825092,0.1863966158051698,10.841800777926501,3580.419764224994,971.561951386628
NGC,1221,133.2666782415509,2.9216599502277703,0.11532804494978302,13.747873567954434,7256.932505713788,1491.2812893096814
NGC,1222,97.08357172203633,65.21544881902275,0.15281979555985062,11.550791225624506,4522.214437755433,1409.789249433894
NGC,1223,246.27186793366565,4.4542293563795585,0.15940867532794784,14.605344883734888,5761.562407169144,0.0
NGC,1224,248.17191891291753,9.686150445082133,0.1891382790709289,15.026592572419519,7810.867238377235,1653.0546907899395
NGC,1225,109.78119541765349,36.470053822719606,0.09140508974919427,10.4137422160881,4994.904071612253,2326.3507713042795
NGC,1226,218.03935740583864,44.9802363274791,0.201720015639921,13.843623984696595,6200.39107588251,600.7164670548924
NGC,1227,112.19743037676669,31.189187547766963,0.216097474810811,12.464694424224575,5586.945056180913,1191.1193470935543
NGC,1228,198.19528084843526,-2.6954969164838376,0.2321257098205517,15.04822503126725,6683.414059598466,802.6518372433916
NGC,1229,108.77941572369804,35.149299495012464,0.2312272765793782,13.478352741214932,7579.294811706419,2080.669677130141
NGC,1230,146.84632696476552,-6.084006825913782,0.14126512463030494,14.662289916798178,7466.2265619734035,1307.0998939795159
NGC,1231,274.74662932152825,42.49579529331865,0.16194548063269207,10.593116584414691,3907.431945942688,1359.7684812116836
NGC,1232,108.8531099496237,37.297598516718544,0.21961522511282985,20.23566317801399,17352.122158522794,3530.4244991024393
NGC,1233,127.99020889103406,5.143375196129859,0.20834219383410232,16.14136753473792,8599.896866853225,1005.4976191299181
NGC,1234,126.75911102327355,4.2306402529682146,0.07216039229458975,11.489244781253708,5422.861341769191,1453.021676939045
NGC,1235,239.085145028868,3.008881113932839,0.11258323300343978,12.831270206476788,5087.180817503284,481.1234530076916
NGC,1236,208.04951602161515,6.764404048966859,0.1224262258811078,15.499640952601823,9558.507525928022,2202.5353583970905
NGC,1237,179.69823694938214,0.2909165155263078,0.15187314503882984,10.562591537663904,3841.5704767938123,1031.6089501703368
NGC,1238,184.7892820819313,-0.8691878853247106,0.09166812466358383,11.721114561439501,5996.296068798737,2698.9389964062966
NGC,1239,268.04984964723343,24.222575180874138,0.22142949940840853,14.799794776046578,7411.996949588445,1026.3290435955328
NGC,1240,241.59463263449732,32.08643579943958,0.23384267480969967,13.243405439104501,7189.945885982729,2236.259152437774
NGC,1241,215.8982714483261,5.804809040576687,0.22492459367596288,17.31794130764916,12169.842137298649,3736.6293458387036
NGC,1242,115.18022712382893,22.754902803501142,0.20013484666235473,12.605969120101284,5099.27515643303,1553.3453788402187
NGC,1243,199.92424095178944,-3.0498066368990657,0.17572707014674863,12.745025386959538,4627.473787662406,340.38981812995974
NGC,1244,174.9332211030414,-6.020565988962794,0.15161489376285275,13.330768402836185,5904.840426652918,442.38601727152786
NGC,1245,195.29599124243464,-1.087018051200143,0.1296983311868284,14.003088403991141,5621.008011364764,245.32507856565638
NGC,1246,269.44913517126423,24.540009502196877,0.21303663259494016,12.922356485520888,5883.650983217585,1810.543552145616
NGC,1247,227.51601411866255,-4.827129880697046,0.1544549526366717,12.960021157996803,7039.888878371127,2476.820572110675
NGC,1248,193.27881070609635,-0.7012113285332127,0.18563039270588474,13.036948417953495,5847.0539045570185,1347.1889168210826
NGC,1249,237.0630046547231,9.21215293646734,0.18011101751927544,14.826706599624526,7687.8303461683845,1807.4966700132088
NGC,1250,176.02324906161525,-5.515173539919962,0.2339633873700173,16.221522954215416,9399.523661750658,1784.766167205041
NGC,1251,272.7417214203155,39.02311027234493,0.22971256374503451,13.623076842232015,5544.655199361223,325.64597142195316
NGC,1252,196.74987742937293,6.92531326192676,0.20771621213439545,11.593836562201624,5278.810909131615,1438.966065192536
NGC,1253,128.55570568271898,-3.7031380354697334,0.2334271350241492,10.325818658150013,3049.7025391700954,854.1420366340482
NGC,1254,164.76303963502357,-6.476469961642155,0.23506249186328632,12.827492445399878,6221.2459097691435,1407.981506579731
NGC,1255,242.5760364700533,9.924564402883796,0.19300974266915757,14.52628761040679,5614.730657270399,0.0
NGC,1256,217.4821890981281,-2.999533192718253,0.22896473465657913,12.505037436315693,4652.085093239994,703.7126310441396
NGC,1257,140.96944333014113,-2.8716195492492513,0.1287092079070816,11.05508432393705,2995.2918787443095,0.0
NGC,1258,259.9837462646952,16.996926270352553,0.18185255497144323,17.85923125237699,11748.673828526329,2051.131783618372
NGC,1259,190.89561825803528,-4.1587472301214,0.07256204077354723,13.204753696702303,7969.880607137222,2573.7014636941726
NGC,1260,230.97387587883895,35.86578103061807,0.2343928311636431,11.270708350702304,4257.163697648907,1009.8144055794698
NGC,1261,259.4187431869361,19.32015981189433,0.23032758459137503,13.709888618391462,7026.804668432367,1594.434149479866
NGC,1262,215.51016336458684,36.81050278381247,0.08239813599309398,10.25355844887568,4194.387448100044,1150.1165123914018
NGC,1263,195.2676394290251,-7.1118788081526,0.17432662730409804,18.64881366943701,13131.160297873503,2951.93003040514
NGC,1264,271.89942948038555,33.2848144695146,0.2326232248614108,10.511532857167486,4251.092912705273,1065.0029463778349
NGC,1265,159.16464801877297,0.03061484768309494,0.09110170641561519,13.983033360268843,8241.982280067614,1844.0847770191658
NGC,1266,237.6155407028027,32.4732473170396,0.1989384338321897,13.906251685608268,6855.166479808372,1144.5730443097007
NGC,1267,248.14750799074898,0.25983194201358384,0.23321875884432602,12.117261596238308,5099.365602120535,1264.1432495690522
NGC,1268,156.64728167268387,3.844483647203998,0.1482707929495168,10.551704786769992,4120.764756355751,1345.7194684498618
NGC,1269,251.52507940596922,8.173278001861775,0.15467734600522745,14.707019741612305,6255.524387228821,335.48904254730894
NGC,1270,254.49993804631032,8.268133699784341,0.2309779650410524,13.58225735728215,6905.376635010282,737.3973917263299
NGC,1271,184.7148186196506,-0.4721215003474688,0.11239339050330885,14.956762362803257,8841.164389225623,2990.1409913594425
NGC,1272,192.77893071693254,-4.975515355545819,0.08037344688464586,14.480590380387824,10359.941160632778,3463.4047383774137
NGC,1273,227.7635218407137,1.3177002646131755,0.2304213453110723,18.949506803014955,13648.403010673845,1580.1206836089596
NGC,1274,116.77625011350221,24.933753432785743,0.13850081875355957,13.827889258680953,8207.337298516626,2650.766948961875
NGC,1275,216.26403570812332,2.3679273607173497,0.23498502540091684,12.296645782952197,5002.465886403308,1187.1752927666896
NGC,1276,232.8500060367017,38.35677447128029,0.2199654714480058,11.599836308646479,6192.053973209213,2367.596572353102
NGC,1277,202.53802729300617,-3.769427649543941,0.23589881138791252,11.715805473528391,5267.06718071497,1328.4041770437327
NGC,1278,216.28535711077026,1.8352043513321756,0.19572320416321912,11.456021987215053,3140.426273150417,0.0
NGC,1279,265.41969103084716,15.017362764515598,0.17295456480446691,11.680909178763148,5639.336839457736,1522.7274318696996
NGC,1280,159.63465068503584,-4.311358800062013,0.05684084758875465,13.812064731370226,8753.613906563785,2369.924021784168
NGC,1281,179.7605722765152,-1.8202796036741622,0.17116234910029077,15.42774340268549,8638.300081679867,644.2721369440518
NGC,1282,245.24441913849796,8.437009370214973,0.23427305505651608,13.221911961738497,6508.975910581104,1364.5861482258106
NGC,1283,253.57926460024126,13.578908351764225,0.17812297846157482,10.533158256884994,3519.4941444222895,852.9542112708854
NGC,1284,246.7111198163568,10.273249293237448,0.20658691199493978,13.78353535267534,8548.369329342753,1795.2897239587248
NGC,1285,227.89072000436113,32.5819446925764,0.2088839610495143,13.679324353121686,6643.710381496659,1134.2828892568234
NGC,1286,236.23664079462878,6.5598313234288215,0.12725706154256042,15.409732211949178,8168.830300547431,996.722309141076
NGC,1287,203.80387074214593,4.111121085914583,0.19679546530317205,13.324615898895681,5002.605529226039,879.2524653728741
NGC,1288,125.30276197295368,2.6651204752709243,0.14457028587137052,12.383875162502195,5159.867471197883,1279.6730735849076
NGC,1289,192.34649536092715,-1.8611885955341965,0.16617406425182388,14.462262011581839,8123.313726775997,1712.3809647769922
NGC,1290,124.12763129689924,7.129020198730849,0.1595523066231347,13.311619262054812,6697.243343927607,1799.5073235273821
NGC,1291,212.43853918629262,2.0638944850238854,0.13495000868504606,15.701575977519704,7667.851694136229,826.5219964137266
NGC,1292,199.32144240794992,3.4410283143962586,0.13938870870663272,14.229603863548235,6401.001341216372,385.1486386383158
NGC,1293,160.9464001333739,-6.651315684616831,0.2173897655673735,10.95437359049589,2918.7136531206634,0.0
NGC,1294,218.8314011783658,-2.028938970139784,0.20151670237095268,13.216388733076567,4598.837220531287,0.0
NGC,1295,204.22640089206323,2.9667702392836754,0.22672991525622907,11.212749270566555,3858.5476784917,0.0
NGC,1296,133.31559828972166,-6.3307627685598575,0.16758885296474402,12.189055398353354,4968.006792196763,925.3296335329097
NGC,1297,197.02190426687946,-7.628820385300035,0.22606740239789827,14.321394136785996,8386.791573380218,2069.074313389964
NGC,1298,246.20616014324742,5.468747482015958,0.1727229268804774,13.362754319676068,5878.304848051801,0.0
NGC,1299,139.67715419456036,1.4878829648469727,0.16029805386526746,17.490409779275556,12771.301813780738,2517.6041746846154
NGC,1300,259.9015223301071,11.519482673814931,0.2179360012815607,13.001033090484427,5703.573549807182,895.1681509833884
NGC,1301,258.9282667181663,20.630512909414406,0.17434592148257433,10.811441329032522,4517.694061768904,1322.5938549869074
NGC,1302,223.1232190101382,43.153105920136035,0.18918693245023097,11.713855257615965,4086.5407479905575,981.082262673369
NGC,1303,174.578929662791,-5.998894714891005,0.09473198166395526,10.16276795757733,3647.0592413498707,842.1263928100195
NGC,1304,127.66538651566933,-1.1776664829489103,0.17242384252124474,12.934714309846692,5793.693749666671,1065.2777830542807
NGC,1305,162.380824293894,-7.230856106293627,0.12767723410079612,13.03383181958991,5877.866904821648,934.2227434538738
NGC,1306,133.8725300617058,-6.557919975977379,0.16027073576649378,12.759186119829806,4956.776615023508,1031.48811733788
NGC,1307,142.66922636738985,-7.138997780002076,0.22362428669486198,16.537895759569032,9548.487414013629,2065.059052533329
NGC,1308,213.50185317170752,37.78704845223467,0.2066245452265978,13.795074211601426,6595.559364663188,1063.1797232298084
NGC,1309,157.79613422825062,-5.559800384294297,0.2018794321741733,14.937508091750047,6418.15531832065,0.0
NGC,1310,168.41216902302335,-2.5398816903680133,0.07549955050764172,14.946678152851717,7373.093441152084,613.809951412247
NGC,1311,177.8496544651348,-2.6518402363715943,0.23555123684981705,11.004193914769774,3948.483665254938,833.7809003250246
NGC,1312,116.91161490819049,25.66542743767941,0.1452549788425322,16.005194958709083,10160.445766800098,3017.4907638350796
NGC,1313,159.67619074643417,-9.068111349714595,0.21209030047821323,11.80610233769067,5896.675548787237,1409.6697432770034
NGC,1314,234.6026798626185,31.392119168933082,0.22952387528571594,12.535209706911138,5090.213871540104,1195.2796154770133
NGC,1315,181.8092111610251,-1.003685436529494,0.2071956966481824,14.383715426425873,6844.334591235778,994.549649098294
NGC,1316,210.5432319481392,4.606701511128745,0.1809765269916737,13.78514552062317,7080.914292610394,1432.5557447521805
NGC,1317,139.2707675799931,-6.86813595536387,0.19335369935477426,15.567484845118889,8796.26704495725,1677.732186630891
NGC,1318,270.4543857398102,38.63711561501707,0.2186383564207869,10.736828169011904,3701.180991202631,874.3668260365658
NGC,1319,224.80236305872666,34.421010441409244,0.13996546699088752,17.898132190516854,11441.24276757382,2414.873065429159
NGC,1320,123.48872855556198,5.704492966884813,0.14287671866739254,10.421922270395347,3644.7564723084465,964.8131658869686
NGC,1321,264.015324784031,24.085470497029632,0.14959917877495083,11.669839734250324,3513.028590764961,598.9278261519272
NGC,1322,173.05741982222497,-1.3129597732238845,0.22587892844217422,12.577113571596513,4645.435053442782,0.0
NGC,1323,269.7066787288702,33.48342683874653,0.09669751179611913,13.091396297337871,6013.366412891173,1310.1437054321261
NGC,1324,195.39353487500165,-8.00646016810169,0.1683610115472198,10.514148493977665,3944.5178598353946,1051.058196061555
NGC,1325,200.7472099290329,-2.033206692191617,0.2352507515357796,11.250818609650219,4378.929044349138,892.4008540509063
NGC,1326,212.8521402534146,46.479512618321415,0.1463007149019958,11.999175922902808,6131.111976857118,2400.077114586899
NGC,1327,126.88808462296211,6.069256505860093,0.16745303427770697,12.301073543692441,5367.788562236388,1340.2666149240592
NGC,1328,202.70045461392453,-4.394102913796539,0.22103778465396134,14.852430207332507,9105.679559834218,2483.6088421709596
NGC,1329,138.20889107169972,-7.22104117236982,0.1299457804598484,10.587710174966965,3944.3218249052443,1188.7603203887522
NGC,1330,222.92074867993168,0.0403619654677349,0.14907418696394986,11.543913888064447,3612.2364534086846,21.968646431874717
NGC,1331,265.6648725184729,16.307626587128112,0.2324579021967065,10.630610245723656,3953.2653049891883,836.0451971018493
NGC,1332,193.51040444135216,-6.49823854446429,0.13859327811715974,17.01475847193539,10072.049638827042,1725.768307291907
NGC,1333,200.4810755333174,0.0012311221464467031,0.14442641892444985,13.05600116101213,4670.927588818787,0.0
NGC,1334,235.79504141198686,-1.417599678491513,0.22885906501441014,10.08314452636905,4351.405484180276,1252.0467393231625
NGC,1335,192.12701205719003,-4.210628177618323,0.17982279755763925,18.178553235370313,9979.554575285565,199.16199587192676
NGC,1336,234.7115264574973,3.7137821023792226,0.21760679770139266,14.009029136974332,6510.056848581824,0.0
NGC,1337,205.7322168335231,-1.8944961234207867,0.1459913420587937,11.906734730205528,5319.27030394203,906.2716213384679
NGC,1338,113.20915174000343,29.761601997356895,0.1895474585042689,16.162575525192878,10741.92789096957,2876.6938069132157
NGC,1339,138.35055251354154,-0.3063286047135438,0.1582499257167465,13.64424615785929,5277.627235307935,0.0
NGC,1340,151.25045468572594,-7.426906112838607,0.18945374293480957,10.442735994357339,3483.6321464573516,1034.991750270249
NGC,1341,288.33392453996197,65.2382474250303,0.18695132582870377,13.396421301824752,6066.119232582344,1320.257636024315
NGC,1342,115.43357479151699,24.7036621660692,0.11130081536837637,11.409970794670361,5457.519730090887,1988.8117364142627
NGC,1343,201.2122954145152,-0.9368296246757193,0.17760799463922997,17.295239270211123,8947.32735980461,0.0
NGC,1344,240.17140434081767,3.388945823765971,0.20823155662826748,15.94668803659205,7620.778743955804,0.0
NGC,1345,219.97139163070673,40.199851057810434,0.19746588391830194,15.485243257303734,6476.748864831777,0.0
NGC,1346,177.06194000240333,-7.414079798545598,0.21648965103741893,12.417949007436807,5430.792468206105,1477.1603925188158
NGC,1347,225.79665454504038,34.892709126014346,0.11912838751630786,15.2051818365002,9183.196903890532,1974.5159335375395
NGC,1348,270.1839569298937,38.60187296509695,0.19237151194402308,10.559740230150219,4467.051847851427,1371.434241995384
NGC,1349,171.26668621432265,-4.616032875739347,0.10943607383486216,15.874439987093064,9003.8383773033,1801.835513621818
NGC,1350,228.47194399653324,4.8438317029924525,0.23439193383355758,12.130897759326576,5434.978863381326,1505.1995153873565
NGC,1351,242.5282783641072,12.936176024068335,0.19316784206143262,12.408278299491142,6029.5106744733075,1680.0250360610578
NGC,1352,236.96680896944204,31.724589771090205,0.2336413442563106,11.760486011422701,5278.907144540238,1842.8370734266423
NGC,1353,115.61500698348496,24.11690304822532,0.13197074106751408,10.802449806723526,4807.406472098347,1459.8013010741001
NGC,1354,240.90411937015966,3.748620913081432,0.1015124769670319,12.40144026447075,4483.869870333262,435.4807568739526
NGC,1355,208.47119004845365,5.861310691093734,0.13129048572288202,16.518662392216136,10038.900209023843,1521.9852095609967
NGC,1356,109.04814367802612,67.53825641123478,0.23275256451759765,10.641000185229968,3504.6232401998914,645.9599385290044
NGC,1357,115.87684845835639,26.201413652951796,0.09015542755853163,12.756848505523992,6949.009848374748,2752.4226271497637
NGC,1358,226.4588044645945,0.4840138882865477,0.2166370406169005,13.754679306774698,4921.702865399462,0.0
NGC,1359,174.0767316895535,-2.2908930941512984,0.2221401988965443,13.488572282209933,5173.265080885717,0.0
NGC,1360,173.90049976745746,-3.6124788536260786,0.2195044573705787,12.143663059096278,3868.5098325630534,0.0
NGC,1361,287.72303779021865,62.019523990072784,0.16148033779306414,15.903179942960808,11278.673356754434,3820.6031938724104
NGC,1362,155.64393267700373,-6.7733168377321675,0.15888460407260016,10.957078935774861,4080.05589346794,799.0427581275547
NGC,1363,123.28594318153148,7.507150498257585,0.09101692578236667,12.660136165758264,9773.494568887912,4037.0742620858173
NGC,1364,188.73304820217368,-3.6932593420351525,0.16746381782764144,13.443641306766981,5875.97700080366,1242.8644058510015
NGC,1365,196.2735761672408,2.101324509915125,0.2140788214570731,11.69019395581999,4104.820993738254,0.0
NGC,1366,115.41646433874583,24.456875559535728,0.15057441862895574,14.432872545573797,8578.728183737137,2157.435030148868
NGC,1367,238.41077160649746,10.385997231639514,0.19523047254366768,13.559418089786856,6419.179978870633,1187.2775409740498
NGC,1368,115.29420265542268,27.173811440343655,0.10615402016883123,12.05140575383691,5577.775053099713,1955.22368715927
NGC,1369,101.19690048937609,67.20498470879896,0.13219790555772498,15.02886189812332,9875.73722863375,3090.4338784403826
NGC,1370,219.63303566154477,42.37314589780429,0.1566014160668965,12.706269996104044,4466.121459094574,165.91112142939969
NGC,1371,196.61783333611967,-3.7213972805652444,0.2053130037962482,13.524288473123873,5307.410378286627,1.9922993171683563
NGC,1372,256.81406386323533,6.429381693163672,0.21717075990214332,11.113090808117253,3955.3000252925945,1013.0311176186118
NGC,1373,169.6722884808241,0.9275805845252826,0.21110005395534728,11.313353051491555,3152.139086738855,8.647249067616496
NGC,1374,172.94582808499086,1.840930139154264,0.13086024145188818,13.718698112291996,7479.490543603214,1827.4335774510034
NGC,1375,130.59090063423022,3.225121613633456,0.10287686900446738,15.023394833232622,8804.031482985618,2048.895485461206
NGC,1376,176.3465772092551,0.12405874203898713,0.12983021578434376,17.74716856283052,11787.413610031414,1977.5647430516772
NGC,1377,176.99517181652854,-7.573896171159379,0.1825995507650878,10.068940484445681,3557.967343509866,1108.7122686489988
NGC,1378,215.7693099768316,6.915994822073221,0.15805246134000683,11.298172188157581,6553.881792666096,2868.3198931949546
NGC,1379,217.9019003080852,2.1951714474932333,0.21220244292469606,12.2876828382571,5088.079478441498,557.686288174218
NGC,1380,271.2387660679848,31.97610263187452,0.20842379640668898,12.662181396802406,4428.991623869416,536.2551463903703
NGC,1381,195.60093173193135,-4.438284644060301,0.23454656472069285,15.035146693509006,9454.073248842325,2360.4379020035617
NGC,1382,223.47934912984906,42.563291371482286,0.20005098643969887,14.567087695763066,8244.775241716268,2179.825379029159
NGC,1383,173.5153899466456,-0.2500642803818403,0.13865679699583358,11.830149201180737,4177.472283650073,0.0
NGC,1384,176.3530034362298,-4.741587508085619,0.0986544888050233,11.922213901659546,5034.181756265818,1124.1975809138705
NGC,1385,239.11446594193285,2.706834170226382,0.21905030603337283,17.061955059928877,8383.420323482367,0.0
NGC,1386,266.74991050712106,24.04253059075362,0.1338706340399652,13.111302527736068,5797.453800977006,887.3527171933636
NGC,1387,265.2054549414986,26.5844473343749,0.1432318919872978,14.860156232883313,8060.031172443266,1514.917514100477
NGC,1388,145.5503835248847,-4.859004861920285,0.13407157989677007,15.066926807743659,7629.666957399329,505.64444452547633
NGC,1389,264.8884015581927,23.18505112345354,0.22176238917224278,11.124280741036856,3337.078666352522,3.6482295402728906
NGC,1390,187.01381320708103,-1.3255414253771252,0.1544093451601989,11.232736332870013,5229.38505684051,1329.7873020450586
NGC,1391,194.97458020376732,-2.7262418497676304,0.07628758758528265,13.005966215087378,5369.393063000587,886.563304711608
NGC,1392,222.86105713934273,41.51528488126456,0.19174900725806202,12.73381517086719,4187.577378814812,481.81451078082716
NGC,1393,176.1273054198184,-5.76676857322035,0.16840922528335006,11.995761180242416,4800.498531095682,314.08973078558967
NGC,1394,230.3883565659944,6.910260654021694,0.23482864344747423,11.779453335184508,4621.683857050603,1211.1452086420481
NGC,1395,265.8920232928314,29.525804212886165,0.1366283499539402,13.011980829287468,4994.710207471343,701.487987431173
NGC,1396,214.5575709938082,1.6360324106452255,0.2335794291992232,12.630013574505709,4947.582261604625,654.4312589504915
NGC,1397,248.81459220923222,3.5289339066694536,0.16130443783495865,12.438059857811167,5372.922804983283,0.0
NGC,1398,244.44167566044635,6.433656747590184,0.2319973311705102,13.676346063075647,6353.7866021333875,832.3363228651726
NGC,1399,171.8033560449122,-5.677713588071704,0.14462665306732211,16.762690002146627,10987.7073775319,2611.2451123944156
NGC,1400,227.5834538007245,3.5882854603130125,0.23214518205252216,10.870775462264675,4456.924191133067,1061.0182334600304
NGC,1401,233.8122603849308,5.501110008329276,0.2118856858542194,11.984790435826186,4064.2188952810984,0.0
NGC,1402,218.0487667878089,2.9271318155188424,0.22185179988638443,11.950964073413832,4894.966652644054,1021.54199628484
NGC,1403,238.72833201059385,-0.04166152964540392,0.2177992542261377,13.834069407327153,6613.216190832591,1735.2073075373917
NGC,1404,110.77778429855906,32.2800117523512,0.18573551739405364,13.85952884872118,7149.34206313563,2209.1744922803414
NGC,1405,165.0631109066789,0.8603912039766635,0.09222649736794829,15.577775097030445,9640.996320638254,2408.894356046302
NGC,1406,272.715779634401,39.39625977076693,0.22399829270060972,11.697077730927722,4700.540034065643,606.3316009835728
NGC,1407,143.2906368803147,1.0132067004320398,0.21717117595664942,13.360827022136828,5917.699633097917,1184.0998841380724
NGC,1408,239.7085211614338,32.835930464450215,0.18638140335764122,10.740168543709931,3342.691963926394,676.4066830450121
NGC,1409,210.76784469892004,-2.9290180031762327,0.16972532468804452,10.180557091703474,2823.906545079981,691.0109791291408
NGC,1410,265.43588462919365,14.942587062296472,0.2354254851868761,10.629832819554375,4017.8270961075004,1263.330154264688
NGC,1411,206.80967724345618,3.6154052604881457,0.1976455564914293,10.884927037594975,3015.6542119923315,0.0
NGC,1412,288.0320128500125,61.21278829312066,0.1989474193816553,13.910255792362504,7121.428315557216,2185.086239407941
NGC,1413,148.63580484642486,-4.497955716476496,0.2319670280286888,15.367446060095455,9068.607473575803,1847.8414131331633
NGC,1414,205.04600113462757,50.531739024747786,0.18583366830126066,12.736293733903677,6309.134606078539,1559.9246815119752
NGC,1415,273.26938450968544,39.66953007884094,0.10479596672337427,10.238010367336889,4676.9413758534,1803.0079062320622
NGC,1416,228.23599210355968,-5.208330134270367,0.21868888358240648,12.06880483636451,5379.0237873207225,1419.6795323832175
NGC,1417,250.1438782549346,3.1672809739292402,0.0815152789083238,14.637753841034783,7648.2857745330375,2108.159709184478
NGC,1418,274.4694797716889,36.84005977490414,0.222282302777268,10.767849523214966,4210.18398789835,818.6652493955619
NGC,1419,193.48975835465515,-2.782814045698758,0.23070285333276613,11.008275904603698,3795.078869319225,191.73185138229232
NGC,1420,234.60560761941417,7.17585131341849,0.20958364972184063,11.954968241344018,4888.731768900019,857.6223260747707
NGC,1421,230.7038604509354,6.008261285643297,0.1334802118284181,12.585410284116847,6062.199166478584,1463.7374939961965
NGC,1422,177.10786803357217,-3.2092288632503885,0.1399416098843869,16.689880080620703,8410.404491020992,573.1383463299043
NGC,1423,148.2530564039924,-6.95062789886877,0.22412823462458756,14.043011613798752,6875.3021807206505,1147.2730281556355
NGC,1424,96.87781295051155,61.43361488819598,0.18086011011316763,10.239965074329922,5128.691765197153,2299.574383844564
NGC,1425,237.20553997826534,6.843478756963276,0.23472154187706548,12.371564427298487,4656.314811891007,973.8449355263132
NGC,1426,198.0339990145508,6.114565499280986,0.14245118180160662,10.3069842268198,3544.305708482957,929.6843726946001
NGC,1427,270.6614259172709,37.862716826361314,0.1579583251110297,13.122991418695431,6417.481750315871,1544.569721381139
NGC,1428,224.39546522980223,39.29562884916919,0.19530482894913193,10.525846541509418,3340.758813168647,532.8832289675889
NGC,1429,196.66831891770863,-6.7572062286026595,0.16065597996912884,12.033387773528705,6142.481243869008,1700.2693883531333
NGC,1430,227.6843780596262,-3.778289501037418,0.20927391313545868,14.515937278002617,6502.457275259352,619.1562518505847
NGC,1431,216.64601839635878,45.84975450308023,0.12884666460456304,12.533387707854251,6753.872844023559,2207.2872502967844
NGC,1432,173.29169053608433,-5.08525268547155,0.2265777864337258,16.170513857609205,7074.348465591028,0.0
NGC,1433,265.4840893006068,16.6683695359958,0.18727803886886188,14.179250128374756,7625.931695465145,1208.9408669360334
NGC,1434,127.13477936374464,6.19928658832081,0.2015289401360187,11.873187356079814,5051.929296752131,1031.820431404599
NGC,1435,144.38922590515307,-4.15879007243208,0.14866589813514222,14.714578842699114,6334.4897595156435,39.62718508155011
NGC,1436,193.8986671144198,-1.7247678368726584,0.17765969454534372,15.999522238884238,8289.572798617262,586.6122379852277
NGC,1437,265.89290270602413,25.68187042290602,0.09027647318352001,10.9504034805983,4022.630355957256,893.6739685136995
NGC,1438,226.39884062853088,-0.8340588138280874,0.23355033542716594,11.773100022619758,4159.270522364763,272.2061209739232
NGC,1439,248.61308752675512,8.731869849551437,0.12225887893558621,11.964560550772642,4754.093252921551,796.7001584173357
NGC,1440,233.94538508218625,6.660855971006328,0.23386127813825897,10.43770738391957,3643.3980653968683,796.0751233501381
NGC,1441,195.0486375907871,0.4321403848827237,0.20404707875352443,12.109717591240264,4877.874097502916,501.92904156367365
NGC,1442,243.28039875943782,8.579954751859695,0.23416248446217097,16.264501804502853,10771.894120717114,2077.8793577854813
NGC,1443,200.06428199276732,0.5158821246979551,0.04044107737593776,12.14988733706699,7143.548114177429,2987.1898302117247
NGC,1444,223.4690928246107,-1.9509871524821947,0.22270952727709342,11.705008257684769,3533.2203346433494,81.2416243213118
NGC,1445,128.72382155758345,1.8807153995637993,0.1566372288225732,13.221297616629114,4464.9667801361575,0.0
NGC,1446,189.7394290115487,-5.92340212898364,0.17275070890863933,16.248880150548285,9662.118453942801,2192.804484907547
NGC,1447,126.6698121271284,0.7534316842806763,0.16256295980432192,12.793391730425087,6870.764799833037,1288.9177884950507
NGC,1448,198.11871939407823,0.7395213695487604,0.22134998312929424,14.901693565864147,6648.132205926705,0.0
NGC,1449,120.62922990659608,11.394658192386418,0.19948535552254187,11.98124957663221,4933.986804878494,1372.1632300193783
NGC,1450,136.10239818338616,3.491359671848337,0.210243938477689,15.785087214325403,10589.929969854005,2576.3151722161383
NGC,1451,232.9713401558855,-0.05049429697002877,0.11812661925827236,14.473244230069062,8579.056689590314,1777.8752859002616
NGC,1452,111.65679153797382,31.16857502500332,0.22379839018233208,13.212491137805735,6087.26036240988,1355.511347146146
NGC,1453,264.99550472241117,26.651314351923517,0.1313662656473002,13.878606534547778,7105.00805165324,1258.2598347954154
NGC,1454,169.74104260732622,-2.129311496432428,0.23116356408347302,13.510874575136084,5887.386386356991,212.30617483765036
NGC,1455,258.8066292389922,13.994896062058597,0.15035112248561364,10.624514827649945,3265.7420702638187,340.9129055468744
NGC,1456,187.8244560155823,-2.6318429466280784,0.10615556295827532,10.130251499846231,3696.3304450895134,988.8897058971296
NGC,1457,123.32073814040798,7.753463289048538,0.10459525483126646,12.489794252504554,7186.795294720688,2564.326157180177
NGC,1458,236.8506103792716,7.476279805155348,0.22929895401836461,13.446223900390683,5330.539798533483,20.02993303458164
NGC,1459,246.4956570327434,3.5891857941637597,0.16760674665604697,11.424011460495544,4071.812548824757,0.0
NGC,1460,206.89439837380792,6.434571320490366,0.13938847316576436,15.376416035215888,8685.93965372461,1708.0033709872112
NGC,1461,135.4780764588358,-0.7980791228899421,0.23405074713185464,10.607367265821267,3221.2737384474503,457.0956113361507
NGC,1462,259.67866573119267,19.496330801454793,0.1662911140956462,10.483129795177645,3282.2651386607204,622.3818077518727
NGC,1463,241.44362624693923,5.311212116952775,0.20743528961866486,11.98633840807141,3344.5774095478996,0.0
NGC,1464,148.9620741006838,-6.151503102127361,0.0929547819581199,11.281633653856453,5138.195068200391,1497.9533547415206
NGC,1465,234.23959960174057,35.688798040525974,0.2276930211693264,11.982259059087315,4560.289663356181,727.2655664738309
NGC,1466,165.68530662942095,3.837397878057381,0.2160939039898277,10.248121194812983,3191.4459990672594,942.1661689548521
NGC,1467,172.15173045590797,-7.469103685442178,0.23132665179537207,16.110979618253666,9403.275436041531,1924.01736444018
NGC,1468,121.39104897965186,9.934752411885086,0.13778963210175668,14.844554058893404,10155.947291160972,4440.339980871918
NGC,1469,135.08857400304677,0.5968790393527373,0.20243977432711444,12.137263428905888,4610.496612957687,0.0
NGC,1470,266.3700999441617,24.35957146150452,0.1458371047883483,12.655914616031385,4146.201254081586,75.77131258098056
NGC,1471,233.5474380717758,33.70561635662303,0.06090156777546285,10.929990847192792,5541.159860413664,2216.9090195591534
NGC,1472,110.7683508240605,34.719470708015066,0.19503639321999136,12.378640792997235,5369.31550600134,879.4432170433939
NGC,1473,129.0903423198796,0.3442354285695218,0.2084470251684779,13.570181730147832,5547.234544784006,0.0
NGC,1474,167.92978969147333,1.5604046773267832,0.23452801834084722,14.168144632500313,6976.506647140902,1721.1773228467955
NGC,1475,195.416344971247,0.014340998055678648,0.1749991850370067,11.007865038333346,2808.570161297887,184.44782481588643
NGC,1476,209.87182556221,3.2394196662113517,0.1431575488523358,18.086369764501494,12521.112286047479,1246.1451405819012
NGC,1477,155.94421902815114,-1.1646266576587168,0.22151383498303814,11.950508905215797,4929.365469422885,666.9331166486651
NGC,1478,162.44711470762817,-2.2362696024680906,0.06701677613009634,12.73295305753906,5451.461326841464,709.1966578353489
NGC,1479,274.49203474673124,42.37413597813608,0.23353053951468133,15.335522190662244,12485.670651664626,3684.83927615183
NGC,1480,216.6852477947806,33.66421522458122,0.1255254879568905,13.71778714031622,7020.5034107891715,2047.328434663532
NGC,1481,199.89049870419186,0.8142975537695297,0.2213773900982516,12.76775046591391,4882.441598824595,0.0
NGC,1482,111.73945517787972,31.460375757837433,0.11398665691629536,10.882349605384704,5574.016775678995,2466.012312061242
NGC,1483,210.68635430522036,-2.6034744347295433,0.20876535666655688,11.44677049498338,3918.2137532295965,427.30203152428726
NGC,1484,156.24154110964437,1.1825877082991694,0.1752628985336177,10.939020291606683,4253.7207373545325,1241.3295355387281
NGC,1485,174.90704912733565,1.8707668827022996,0.2354594187986168,12.115870971791546,6271.451348831453,1856.577940052104
NGC,1486,114.51042585527888,26.891662513422276,0.1516817450753023,13.463221158346883,5843.186932840598,892.2495968275243
NGC,1487,227.9404669294017,-4.143579834458379,0.22299200193954022,12.006719876824498,5831.555853943505,677.3934425670659
NGC,1488,211.15913768293257,2.882709489493918,0.17544050865424052,12.496731151838087,5202.401467585808,340.9160682445417
NGC,1489,170.75213419377403,-6.803999195120055,0.23536993163696787,11.217269881163823,4806.0327590083025,1708.8931972006158
NGC,1490,196.70071658531782,-3.9222986140646507,0.2290346361564967,16.489438246405086,8185.191125526494,229.5204189340092
NGC,1491,253.24826890390193,9.954552588955483,0.17869564347982853,11.797057133311213,4884.220992020794,477.1741976741406
NGC,1492,173.0488272068554,-5.866961994725683,0.23439781136264792,14.32551383844212,7960.754270437405,1607.6752551674556
NGC,1493,171.31175403318156,-4.773201729584438,0.2340419871036747,12.264717334891223,4524.558903428328,702.8776073630271
NGC,1494,215.96314932506928,-1.8785312837116463,0.12347523823608719,12.389098043007142,4836.405107015302,843.914320796125
NGC,1495,174.6022275544554,-6.919641997359462,0.2312578797652998,12.248925585368122,3879.7000934972784,59.97383661999555
NGC,1496,108.77144932362883,39.52661960141132,0.21953527484326715,10.908660147635583,3947.439802071473,1272.5515060163664
NGC,1497,246.90919892183427,5.485788481658346,0.22895234259726255,15.1169943972398,7133.802592829741,54.99631794811113
NGC,1498,261.7617762763066,16.240875322547996,0.15980391685699025,10.553906137946786,3037.632587812164,0.0
NGC,1499,229.76928448577712,6.2148640886863635,0.22910076484924286,13.692880347687575,6988.369349016317,1339.4104053871984
NGC,1500,124.76671055431541,4.8962549036936025,0.10490130929315215,11.949221128616905,4948.8754323183075,1266.6599433854763
NGC,1501,167.4845897384782,2.450446160133449,0.21836757939804016,12.284124335957808,6204.541477120051,1547.6256773096575
NGC,1502,126.7960337064922,3.162707199780453,0.07980587499407434,14.608546991635437,9328.888040604059,2698.5151544346927
NGC,1503,254.84898734673783,8.580452299866302,0.15230414808090045,10.092590558646934,2292.7280662969442,0.0
NGC,1504,217.82872681253056,-3.43654217777223,0.2353411791991475,12.10502234519886,6189.310711592053,1878.9180415305493
NGC,1505,235.1174727231852,30.355778239464755,0.17529074422821,10.09041532895613,3599.429257662125,1106.9771543730853
NGC,1506,247.15250329820725,0.5466413201966389,0.16139489180050073,13.08427076599583,5608.0050087424215,1343.2991869117516
NGC,1507,206.04811882817373,8.4282432905163,0.21591533324529527,12.575001106297083,6183.594446812927,2021.4952580626855
NGC,1508,132.55570206267933,-6.423320678285557,0.1870946039607476,14.402945282734105,7610.774980988464,937.2718180404314
NGC,1509,191.1424295090659,-2.474435734884564,0.18691610626439809,10.807777080934706,3230.078565389194,550.9778804345735
NGC,1510,136.76657007626468,-6.012152137474757,0.15387563309790384,13.049467389117162,5164.383581667303,680.7919255672151
NGC,1511,239.4281292765349,32.86837616705995,0.2207299289407894,12.499348890702445,4824.986219742151,1009.8683443665586
NGC,1512,227.63409584536706,-3.3401916362356245,0.0944988010240082,10.146492561597789,4829.247025469323,1575.3804999271783
NGC,1513,131.7534908171284,4.896771100143004,0.19950926691969506,10.039266937510508,3414.790046089004,765.509162127657
NGC,1514,174.6685558973069,-4.169683598625994,0.14331005278671183,13.212785990928547,4242.589812215666,0.27824326573468156
NGC,1515,212.98579661775298,46.60963927808955,0.1344703089970656,10.213773563695149,4552.310069383676,1971.218945489184
NGC,1516,110.01274296749546,36.05213395380485,0.1359367516189577,13.803371283973819,7529.770462780633,2382.3991764555844
NGC,1517,217.6063408323793,46.02524636663118,0.17929076873937083,12.555488938858089,5173.577998978505,1222.7489572939378
NGC,1518,224.39652096956354,-0.9529997616262149,0.22297471811005665,12.697401995494896,4358.740977194933,0.0
NGC,1519,175.26930543328157,-0.9693634275718422,0.1388214006855359,10.393340158713281,2896.7979542923326,9.712538389052463
NGC,1520,242.76426867056267,12.905435859272593,0.23470069873210708,10.49288028836591,3638.6602409153757,878.6729239747661
NGC,1521,157.30472434693505,-7.00476885344644,0.12921926362129613,10.447971656741359,3077.030385553888,560.2603407037691
NGC,1522,171.52121339419298,-2.409025003313763,0.03871856902708792,10.237527234518838,3774.1065967270215,1455.3303971706052
NGC,1523,102.22109525282589,67.35046559318893,0.0816195504075986,11.875196097013674,7121.533070134283,3206.7313840327697
NGC,1524,101.67745527499943,65.62614227542365,0.20894271388864863,11.97894178308624,4752.37190218887,984.7769142259233
NGC,1525,197.74451739080257,6.264449062494526,0.1600291307005568,10.698181542914567,4111.673925026179,1194.9441608390555
NGC,1526,266.2156969457468,32.251679428205634,0.17278130763042163,12.388458703107377,5931.429967123167,1130.5441136668026
NGC,1527,205.32843681589247,-0.3223036953396786,0.23341689494610626,15.244232638021613,8536.137926109295,1218.6132242724354
NGC,1528,155.2856835358484,-2.2980175007606882,0.22578170594331232,11.191281455267887,4224.824054394653,808.4244888238063
NGC,1529,225.63128722821654,36.813462263070384,0.1593984487044893,14.446256901333378,7818.971503969214,1609.8704509631762
NGC,1530,259.67078341158054,9.50872511060854,0.20172686113035304,13.883906204523356,6523.131504127137,1692.420482881325
NGC,1531,241.64889915597016,31.933079618226625,0.22657685181340217,13.482925809600344,7298.650288989869,1646.2353734465687
NGC,1532,229.2980893592399,34.5053019933096,0.20567536510685783,12.786365196848312,4467.744777759073,53.52721018806702
NGC,1533,228.0774561235607,-0.6809943681089157,0.23385398279366348,11.826625550318285,4714.632959116006,631.1015927499251
NGC,1534,232.5240478499683,5.113324644566261,0.13329853924429677,11.986655986229101,4871.821140582788,170.50864683429302
NGC,1535,291.0096443420918,65.55911830697777,0.17505619644862885,15.73912735299831,8881.026947823171,2235.673429351329
NGC,1536,157.50143967455688,3.231458106009827,0.15543340661972518,12.811171377632604,5947.257367828994,1733.2145813298914
NGC,1537,267.6168990482946,24.59625670459159,0.11722541989240745,11.770622456073687,4431.482765209965,794.3425336786448
NGC,1538,207.7848707220648,-3.1175539411651805,0.22470749793280886,11.615961840058327,5740.921416996316,1806.1541513756217
NGC,1539,231.2755934438564,7.142671460919053,0.1830297556927014,15.792022295373815,10805.401634256097,2828.379280506707
NGC,1540,189.15654460164598,-3.17889292975205,0.17911542331262387,12.16771027096962,3851.8931109435434,463.56240598857994
NGC,1541,236.26241258765378,33.03406524672656,0.07777476105217633,10.234515005793817,5224.832930195311,2017.9759186338629
NGC,1542,268.7222788855507,24.848974155028134,0.17481225958679847,11.154331224659613,3537.492160325003,751.7697055908685
NGC,1543,239.18912519196232,11.381612497118626,0.19975867334702,10.155286605174807,3231.2920488122286,476.6695774393627
NGC,1544,109.76787282449753,38.177638141891514,0.14147635754696639,14.795015202773088,10045.196878364366,3664.039306648392
NGC,1545,197.846069874327,6.53816399763155,0.16700040729119964,11.42300452044262,4802.800311740388,1200.8295169471667
NGC,1546,166.14321978511208,2.3130222884109988,0.1276808428262906,11.57460241606071,5159.94208657759,1412.5526848432382
NGC,1547,253.75376807641936,12.90021826305874,0.12758192175120642,10.860032769820595,4169.73249616756,1130.1044899758492
NGC,1548,196.59329098619372,-2.125707340336907,0.23387766311502578,10.554979225365837,2987.8039594226902,487.68719519585596
NGC,1549,199.4812917480797,0.03691590204004044,0.18500991036003991,14.17267934359594,5797.864186160799,0.0
NGC,1550,214.6619600624588,39.21863200748137,0.1660442057546594,14.459116175684406,6387.003961332245,626.8236566746408
NGC,1551,230.03748703052153,-0.4285262298018508,0.12577611620264753,12.261904680373013,4554.319944148356,584.0421416310644
NGC,1552,242.17478516199054,6.6323388820535145,0.040505442271287655,13.452875268960259,8780.363155515635,3281.039566301632
NGC,1553,199.54817294729494,-3.398874213567104,0.18283102642473595,11.228784025573999,3504.620713051172,223.03737359202503
NGC,1554,153.85372035655516,-3.6334054720400917,0.22004239133556328,16.02559194588833,8520.622389069413,1032.0958016931836
NGC,1555,237.04164452813902,32.67786864411866,0.21053167704806203,11.596459866151596,4377.235685774597,242.9371031289342
NGC,1556,287.94880853592144,62.469345087030064,0.17429048403522673,13.900614854283955,7214.214337395926,1672.9127887803872
NGC,1557,127.11085785169134,-0.04699639638626183,0.1798609920497277,11.890855131142528,5320.959432186503,1134.5315338108376
NGC,1558,224.46505138552055,40.261885340598305,0.2298225586057474,10.340767898554446,3742.6476475542336,624.342404603909
NGC,1559,240.62724513999788,31.407277905313506,0.2223052439256109,11.010968539978053,3984.746871162051,897.0985717336072
NGC,1560,261.6931758640509,18.6473964133046,0.17898885218314223,12.277184346038254,3927.3410075939228,0.0
NGC,1561,208.11509026470634,-2.884676172249298,0.20547378146026724,12.7010756758991,6002.566085267778,1323.1165164692447
NGC,1562,110.32121914873939,34.356717475822876,0.22269361543456906,12.204261276135586,4356.399306112092,440.18362337733384
NGC,1563,214.49783361531428,-1.4310269063123493,0.14334227157718826,16.45124549004001,9349.207694193286,885.5321683971245
NGC,1564,197.88557744315514,6.191004574904861,0.17502852479567582,13.980641226924803,8235.553688833917,2246.464257876921
NGC,1565,204.3581427480853,1.0247396983633297,0.23537691652511888,12.045962193465886,5157.090152364631,1008.6907519705582
NGC,1566,129.37055087869058,3.877386777699052,0.18487146022571985,10.357858019106285,3263.9593048372085,405.7331137470008
NGC,1567,291.85341308976524,66.61382317188415,0.1861634960112258,13.274687111013723,6994.740453806092,2240.455908740858
NGC,1568,215.05404155652727,35.80564937530882,0.15655386073794864,13.133375373081847,4967.321300317306,726.5889704948673
NGC,1569,156.88499180864906,-5.198470452945123,0.061451086690130545,11.449623296409376,5910.75415092816,1614.799471453699
NGC,1570,220.8731022697844,1.4283825716858867,0.144068785818031,15.168465387606155,7412.007610517346,955.7196030585712
NGC,1571,134.11092354492067,0.7818667305644772,0.19710932710392573,10.663379461047281,3761.450758816526,0.0
NGC,1572,225.76899636218252,-0.44098388993626686,0.07409602300856917,12.75220657036759,6284.811836618171,1858.4132909926416
NGC,1573,210.20057539737178,-0.8560205062498027,0.07854427016483755,13.668121856291945,6993.434562232645,1366.0824476412533
NGC,1574,216.83992569640094,-1.6204541109654373,0.12837020716184178,12.172292056650036,4323.268621631593,310.9558315905034
NGC,1575,218.79864758326775,0.1771721507589376,0.14278340803018216,14.394874282564562,5945.0041407732315,0.0
NGC,1576,288.49539639130285,65.81255996793614,0.16554456802046555,10.719208086162137,3832.1548227682933,1050.776611472144
NGC,1577,166.11207639138226,3.118102776122075,0.15276503000889,10.631554680701328,4614.1121420931095,1371.9379150492773
NGC,1578,237.80419890912972,32.901509808296105,0.12103679776528008,11.524422817270814,5648.608135558535,1671.1928039936236
NGC,1579,142.75772717683267,-3.0515047624764247,0.1358285562916996,10.978053982055567,3110.011657515595,0.0
NGC,1580,203.13506988983008,4.350249300420309,0.17827431682625086,13.195522665930243,6461.4580488657175,1421.7903873350672
NGC,1581,216.6608105944155,5.449666234835361,0.23362162019525906,10.783423420618572,4150.724595484387,1143.2612185216492
NGC,1582,215.7874557590427,6.438391207278285,0.21210962349364396,11.236750170931984,5099.660770050735,1723.745092808158
NGC,1583,146.87637372571072,-2.0570163985479875,0.20611667556888333,12.770710227728037,5190.62630874913,868.1900998671529
NGC,1584,214.50869754313945,0.1330575191947343,0.190733729682601,10.408850251903612,3111.8611296594995,0.0
NGC,1585,234.61059089691497,30.423953837005016,0.181736466173318,10.056138476419367,3722.0612620649076,1199.7337409785519
NGC,1586,223.22126670395517,43.23446266923585,0.2253675787434399,12.074010100909023,4953.742551260925,934.0150056261535
NGC,1587,241.54154049959234,13.0223330227601,0.21763001971700074,12.195454626128804,5200.2920457303135,991.8187824881583
NGC,1588,203.3127144731909,3.6811947113329584,0.23421734792794283,12.874867280345612,5381.512812303387,813.6382641243865
NGC,1589,233.75721457140273,31.872341477533407,0.20347780425356596,11.283680022138478,4457.460870713621,851.5985861611666
NGC,1590,263.4702209296138,26.74486230373918,0.19505754288485816,10.533124746197883,4607.468615340232,1470.0020260026934
NGC,1591,198.0394888305801,5.355827804645986,0.10998332567275262,10.023428777501225,3751.6378095075997,1009.9641583424919
NGC,1592,206.53169768171333,7.134626729908711,0.11781432872719029,10.549454742322698,3996.3700298119884,1050.4364994090063
NGC,1593,193.26149430008445,-2.3896038632718337,0.18348534080276308,10.31744361443072,2979.3079135072862,38.09905009498042
NGC,1594,208.89223881890493,1.8799413149969417,0.19529595387907647,10.453105710493151,3107.9859575524065,0.0
NGC,1595,213.37260607423238,39.88295051887951,0.13851116149996825,12.714021239300624,7271.445991939476,2323.6792616082826
NGC,1596,245.35537740625279,10.29319473926505,0.1780313163399405,12.081402171213531,4512.22738215173,491.0348687092154
NGC,1597,212.63631916227175,40.2154993688425,0.16098627121810122,11.912813781882482,6344.183381061332,1994.8311615854525
NGC,1598,171.7984855850076,-3.3604449604294993,0.10168590322256198,16.306140943835068,8673.537481429592,927.8664771385232
NGC,1599,121.78574276461444,8.514427108064082,0.23419585752948419,10.478299997963468,4051.5398364141356,1296.1604749849898
NGC,1600,195.62076904006256,-5.3965572542660905,0.20344011041025872,15.04179466334676,7370.445889039251,170.19026009169139
NGC,1601,116.38295711259013,24.50781492336319,0.09966213667312135,10.505451177730727,4991.632295305256,1908.4765664113647
NGC,1602,157.2015245095242,2.5594591016843298,0.18109406053006583,12.633905270648409,4900.011707142748,746.291059680048
NGC,1603,266.3833820877688,34.93426895760746,0.20910038665504538,10.45616424901198,4232.411271448191,1012.8177243364428
NGC,1604,293.277424437881,65.96660669038448,0.1972243418113466,10.488501162319704,4197.5814540423,965.4452541075152
NGC,1605,172.66549369353933,2.4133702637404877,0.19057749811853425,10.205164531629828,3049.240598132422,366.0781182673578
NGC,1606,230.9709901080881,2.44223382507012,0.034287096582584234,10.633693287557504,4536.031590999334,1735.7731694699567
NGC,1607,232.8504751376561,3.5448659018680035,0.07977693880058244,12.172292446997993,4513.148661182489,282.7389695842452
NGC,1608,208.69969231169537,50.208744415726464,0.14088844650660753,10.720031559595462,4490.883519585779,1390.5105572903892
NGC,1609,245.11255164222467,7.184196301833109,0.20336852944887002,10.026500778155055,2922.047463621359,0.0
NGC,1610,242.28111062663004,12.432147102326104,0.19997779637585644,16.3675146335236,9123.986742743682,1103.110056751505
NGC,1611,198.57663698468264,6.473585289089465,0.23397750911003176,11.227572668794933,5068.723229732166,1351.848147036254
NGC,1612,200.62976377218965,-4.500892215872144,0.23623045898910797,10.56306524556908,5490.545618882228,1748.6089173391722
NGC,1613,222.01549243697755,44.1695257992579,0.22822019452966202,11.249434461408216,4361.656006231147,490.9344605527629
NGC,1614,289.4343095650063,64.13550163148479,0.16693328806445437,10.464433078129776,3613.4407594958534,550.0830716400781
NGC,1615,264.8912309074471,23.456695219058812,0.13635888701165422,12.123388962089722,4320.866753847833,480.02279782841975
NGC,1616,185.56179816266072,0.4809665755458391,0.15457527062932463,10.86131575170477,4184.376934190505,836.7079613437987
NGC,1617,203.08584249184176,1.7665343414624444,0.23410242991424848,11.40076989719542,4383.728001239207,821.2752395020236
NGC,1618,248.2083177357614,3.387034350527053,0.22465075316585675,12.839404535623686,4366.656964900807,0.0
NGC,1619,215.87314627154174,6.219213599849236,0.1441375956627493,11.496209794186159,7161.094146900595,2881.0652688529062
NGC,1620,153.3232865178101,-5.575210325977366,0.12571624465520953,10.97397116520996,3939.383943115126,810.0176443340314
NGC,1621,227.47307990737443,0.4341703411935221,0.050124589528878785,10.173883922606317,4384.893587173082,1613.1278972479129
NGC,1622,111.16670688477045,36.36475374406709,0.19385236625408458,11.331594343069765,4759.6002840004,1044.324400093444
NGC,1623,209.29115518684588,5.671305043688189,0.1399107737535965,14.712701473149304,6782.959523092306,980.73697657272
NGC,1624,266.2572058860198,26.977639270389798,0.2351512594749529,10.370376095270135,3341.0022394271637,642.9057280583602
NGC,1625,240.11441900654881,6.652909205227332,0.03541780535219729,10.244417753024637,5016.3413014759935,1960.5549733303517
NGC,1626,200.56054345628257,2.8380798927082354,0.2219173144364328,13.336661989157319,4791.758090908318,0.0
NGC,1627,262.3586075715706,21.006427148112593,0.08899844573467602,11.647689860210015,4679.615340238187,989.2390081028894
NGC,1628,221.58579520500768,43.54959764350805,0.200405443569962,11.278042723759313,3586.683111340455,150.59099502509832
NGC,1629,203.75189869115314,-0.2798178179822784,0.08090066881764307,13.773392506213598,5857.917701537382,698.028014202996
NGC,1630,227.77373628946296,-4.8239630679034295,0.12698706134039922,10.437563169915068,5153.372154424854,2031.0144197852317
NGC,1631,207.93715430202062,5.0616486811937325,0.07225025434274127,11.65683388555165,4358.120474654597,1216.7455628716305
NGC,1632,115.17966555079104,26.23539854651482,0.08405355167530862,10.809286620073118,4646.396501716247,1645.361031887534
NGC,1633,220.80285085658574,-1.7218082936490169,0.07988090746162314,11.168847806932797,4330.635011030901,818.2206250825268
NGC,1634,204.11505857936984,49.592837389441115,0.1802941550473163,10.486376586686987,4200.068118797888,1332.4492827429683
NGC,1635,235.11721715008312,30.686583206143172,0.20169136845459926,11.52351987444585,5093.020508765385,1506.2610235420489
NGC,1636,155.98162611218666,-4.1875613989965474,0.21001309616893368,13.176667758922063,4932.565155459695,0.0
NGC,1637,221.78632211044498,33.83174841972248,0.1247873291395966,11.280249079329916,4435.749933282133,940.5433390786009
NGC,1638,100.5025364281446,67.15543914237584,0.0945737128289256,11.772173133708268,5299.421970893273,2149.985489027567
NGC,1639,259.2590536671455,20.559050124442273,0.19249922153395407,10.603525343082817,4276.538377488097,968.4123672528273
NGC,1640,110.19664219897095,39.30838215403493,0.213097587005327,12.280303045143315,6652.769756349105,1945.923454199098
NGC,1641,241.6452665656611,31.818569392769454,0.1687290628343658,10.319312481792787,4403.288493614703,1650.727844119532
NGC,1642,226.99111304946004,-0.885801767351701,0.22539581971241449,13.011583243528285,5215.735189141701,0.0
NGC,1643,291.8484125223526,67.35489036161373,0.1999425508219566,12.190799059739136,5654.745745492185,1861.576354425982
NGC,1644,107.45649653608749,68.44587590498939,0.11349878837260048,10.558141150175716,4774.302288388555,1735.9800097957054
NGC,1645,287.67362443167644,61.218391520684605,0.16722293320192752,10.176445078901917,4216.116089645961,1374.1203262775246
NGC,1646,131.37091670261543,-6.477991569001838,0.18143830198608255,13.696429246322957,7703.509414313777,1836.7957314336804
NGC,1647,198.3632733063117,-4.364172695081965,0.23475958944895337,11.88255598510516,5081.500765986007,1487.1482229192845
NGC,1648,111.34891795731478,67.35796009134333,0.23341399710458818,11.169046934357917,5793.862992729461,2217.0161958646663
NGC,1649,215.325513574487,7.512238499873104,0.231462187357472,10.501462408514728,4614.233482763244,1503.0302493037798
NGC,1650,144.20038965867914,0.7618347565356074,0.14778400565709288,11.545673686063186,4409.832061593295,981.3417280822807
NGC,1651,242.02202612339482,30.218597712446897,0.22357114254829286,11.133658043356524,4368.7991356512775,1298.4479708470099
NGC,1652,213.38030377763317,-2.2691169972018046,0.1323318447697362,12.526099724287459,5346.737219474509,802.3772247242572
NGC,1653,231.40382823958512,7.202180903126691,0.1765187282344074,11.315527188013704,4490.446344358367,923.6296147216921
NGC,1654,244.75117041157228,10.614271015793731,0.23221049175213362,11.53616138324955,4388.5724515782695,649.0105232913041
NGC,1655,239.32876828851403,1.6214884707112611,0.20660559189928066,10.137998584800737,2906.346007004761,161.69301678813378
NGC,1656,194.77714349499348,3.6020545625585654,0.232111455694113,11.608256684359054,4118.486129410009,617.0619076538684
NGC,1657,203.09977028850474,3.8696671623109635,0.13804998075314193,13.553872663824077,7418.743692000258,1261.3021310340569
NGC,1658,241.1810741606956,7.9674762471180935,0.2309496658231505,12.488822212400395,5087.679606727172,392.8278956587066
NGC,1659,156.51638423836144,3.7160648187023497,0.18675964448776855,12.631529688505436,6791.399905624705,2201.7293877004995
NGC,1660,189.63492321299452,-4.43974614056417,0.18281226148651816,11.858474750216002,4560.624836450089,126.38814665659086
NGC,1661,247.7670292868066,9.95003111030673,0.14211337132122243,10.068953730774108,3238.294369837418,606.7754382816283
NGC,1662,230.37890288836314,5.4869289931947645,0.2357815936611092,10.498902631037561,4146.205738299228,926.7309169634801
NGC,1663,272.9029813079452,35.31493959157701,0.23473034535063475,10.891773324716732,3565.3430867224743,871.6953577455479
NGC,1664,264.8995563670163,21.8654817687521,0.08303607672275577,11.223332398198037,4217.277767117446,1076.682414496615
NGC,1665,265.84040620657186,29.48544491965665,0.12514831484508587,10.081772196017514,3100.971809292445,663.4798137411817
NGC,1666,196.96617275941216,-5.822666257150178,0.23423316467136018,10.98646195481542,4284.3406754256,1027.25899714922
NGC,1667,239.5034583698137,3.6354257241680905,0.199237906915919,10.262550684967517,2705.6975023794757,0.0
NGC,1668,214.10714123539987,38.27507733325202,0.15868271543953685,11.026694886901216,3768.105531255788,485.2513964822776
NGC,1669,238.205201725,1.1056907396428464,0.2109914093959291,10.244997725247284,2718.186771844983,12.821563510397159
NGC,1670,197.28081472134534,0.6411452463061708,0.18003670208367428,10.99140724559161,3097.673102429428,0.0
NGC,1671,234.833019816346,31.940695682658358,0.11401465352957954,11.638590299193114,5047.0413487725355,1566.5611422985037
NGC,1672,205.1483956894895,-2.343735290362148,0.2355116496500384,10.711259341450939,3498.4747242301323,1061.7446506345236
NGC,1673,174.7192711540321,-5.263575556321273,0.10559853680360466,10.322313153803908,3459.343911354031,101.12569300623075
NGC,1674,184.92489732004773,-0.46636339020890366,0.0778243980610763,10.77889151139421,4752.1611445531225,1917.9476840986558
NGC,1675,240.54446328934054,12.790221415583098,0.20639045710365564,12.696641987150338,6545.952134092416,1593.2722975596491
NGC,1676,241.58315632248392,30.569909896746427,0.23253415607707162,11.56544676699886,5041.968734674896,1491.79811270504
NGC,1677,271.9658594327683,36.594797172071296,0.062265125927517456,10.003920335323391,4715.337000393107,2003.4269476533711
NGC,1678,212.9273325437992,2.092106545327031,0.07959666913388923,10.349221999634086,3013.089645478286,413.74399123319705
NGC,1679,238.57088682486574,32.33187114616226,0.2289796665991399,10.120716084794436,3851.6328611695435,581.4429096096462
NGC,1680,220.7395106220835,40.683884354161876,0.21647188998796774,10.208104463145359,2773.876855816344,0.0
NGC,1681,174.875373748728,-7.4506939406592085,0.10313324549741003,10.486969337910871,3689.2071674651334,1235.8487995342546
NGC,1682,240.11615373795706,32.8016304728802,0.22748891978194044,11.256479243589784,3808.1219541477267,424.6824364004191
NGC,1683,229.58894485286788,3.689397209811202,0.09084662240239942,10.284714949894195,3358.865719415078,465.7188156960245
NGC,1684,274.6172787917753,39.99093690402454,0.2364388459479387,10.310438242685642,4276.990016539494,1447.6972070036625
NGC,1685,223.8061804327806,33.5440361075569,0.1579269249278121,10.38552531110915,4600.778453781684,788.8766761664119
NGC,1686,241.27321508709326,31.720584969334645,0.12316044630301981,10.192620516268843,4683.031936181786,1803.4376727559306
NGC,1687,193.78832980232335,5.581240063960095,0.22839758607010183,11.526731579395141,4415.784589763584,993.5521382465987
NGC,1688,156.71739942999602,4.063992280599654,0.20097441515718026,10.262555617984399,3558.076161033012,973.7848770332195
NGC,1689,231.83777869114562,3.616904768642426,0.042021006462815924,11.488615712792864,5825.604514667784,2079.402473526414
NGC,1690,211.5573608139298,40.893650310614696,0.20777634151841234,10.260588397369053,3808.25126565621,1249.3873767950674
NGC,1691,136.04419930095509,3.6272417879581487,0.19605537603532378,10.144463285070294,3766.150203585254,769.3848385614771
SGC,0,64.02393396807794,-4.302559688040899,0.22126559027064788,31.87155247103413,39187.542470686036,6318.405616715422
SGC,1,320.7488511094116,4.22480979116571,0.2131026594035147,25.94072610447089,33216.66557552879,8020.337446771712
SGC,2,67.48812854572118,-3.6915040286860417,0.17443504374374086,33.495980965772226,45590.456215820945,9939.896823917532
SGC,3,316.7314410140112,1.5522732498891119,0.1946062637845311,31.98828694110353,35850.70398381536,3268.6973994650793
SGC,4,313.1984247868307,3.5275247252816087,0.18197045773914894,33.99064159797712,45397.597303335475,6805.175530988218
SGC,5,316.00970829657257,2.460388441338888,0.15152390830358398,35.762146851466795,59486.18771772619,9924.069184815362
SGC,6,310.3764000263438,-3.735769824772663,0.22372542146815155,19.77373830678925,20138.938926422325,6926.186390592128
SGC,7,320.0050824398592,0.4849194129426652,0.10678438085967987,27.58712842987781,34727.527022614326,9996.76389541105
SGC,8,319.94341450381256,1.7416720609227416,0.17579702729443772,31.18505301323227,39429.61132488109,6363.712272349711
SGC,9,55.079428801408305,-1.203737707580753,0.2080227263189097,21.28754303385564,25518.920489372595,9433.657964274193
SGC,10,319.62142419444444,-1.793381014025085,0.21789519545649938,27.362751375638354,29245.998862263215,4674.457436512428
SGC,11,60.491927905168396,-4.2553535183681985,0.18194139253620734,26.618981205171757,29995.552958818535,7425.522245425471
SGC,12,309.90703383737844,-4.124754638512384,0.20730117207579696,17.44776321896602,11833.376713817583,4179.268611506198
SGC,13,312.6752015662736,5.6390471249812055,0.21390497894967375,26.640029592414106,29529.04604369992,5842.742468959279
SGC,14,321.5228940470183,3.6115679504900537,0.19819141958582784,26.152275327470896,23926.36853325555,4507.618555632796
SGC,15,320.28632200811455,1.1606064394577769,0.07506396076007181,18.006702740177417,18720.762392962923,7153.813128709119
SGC,16,60.33544419444491,-5.915374407382966,0.23097760677498724,24.516009618564066,23340.195697838575,7602.957841365916
SGC,17,314.19733861245015,-0.6238764161266785,0.2310737300050964,22.916562889802258,20235.123139666943,3760.7252007557736
SGC,18,67.60476428649359,-3.4452703916788003,0.08566826733125944,14.929307171903728,8584.0167788952,3183.9720034906513
SGC,19,61.48380068653592,-4.92487365536981,0.0806506629522804,13.544323640109722,8362.772133357268,3448.8255546040828
SGC,20,60.47586201195633,-4.285873339623341,0.2103746154296711,25.371708545790618,24191.040675335575,3522.761700923693
SGC,21,311.66975646057244,1.4010800414245272,0.1582177064434439,28.759821856428236,33524.636755188796,6592.493192499182
SGC,22,59.54405989694114,-3.50332721464181,0.23057452236669357,19.73491858433655,15290.115433510293,4166.122314486839
SGC,23,314.04008144561004,7.934281774645097,0.16005201619556134,17.757251756307223,14548.206874342704,5113.951780303312
SGC,24,51.33908276402633,-0.2813617038588269,0.17799342805640314,11.850271505287605,6319.065747556403,2609.1615910549826
SGC,25,62.37110435401716,-2.775205936785424,0.2331927089908576,16.02643362500181,8622.115869619221,2022.3041049370127
SGC,26,319.40832282391136,0.04649615913471305,0.12569713666874147,28.02641366868247,38703.849800673896,8807.06744540862
SGC,27,322.74670497470964,-0.28265857168214764,0.1927536207712082,31.85646668700518,43439.10291050784,8305.553698025604
SGC,28,61.96285397529084,-4.634759839620403,0.19973001227427414,27.676475491604826,30057.405646271378,4980.271575888731
SGC,29,318.1178029876689,2.2191944767806437,0.2333534349203516,20.35757359927936,19421.10126401327,5191.166727403279
SGC,30,312.18659155347984,-0.8341674660341468,0.20716168848099836,26.888482562612964,23539.522292479767,2043.517149714717
SGC,31,323.50218965293095,3.9090413570512133,0.21179105688223032,16.767564918292923,10830.233109957793,1903.9383108119096
SGC,32,312.2862134125049,-1.4726604830343293,0.18331056187462735,27.2644942945725,31904.334056214222,7090.208087619581
SGC,33,67.17518450821822,-1.126205181437621,0.15903385207828563,23.487992652683,20248.447123726346,4735.783013774772
SGC,34,314.4778361028781,9.151615966542074,0.20216392939227631,18.30000623158243,17617.703906053488,6745.947164605548
SGC,35,67.75467767215306,-3.0041316834528966,0.2282121352649649,25.81732883343101,26530.057812541956,4238.028781235768
SGC,36,316.02734032800544,-1.3101621765723814,0.17009053097171428,29.762179218095024,36311.127342065054,6896.655940211823
SGC,37,60.482359901168344,-4.6724493237651705,0.15271784884677256,24.466148044424674,33207.65730908627,10540.002106506892
SGC,38,335.04518526549566,28.073050183484167,0.20993655317357837,26.08257546239104,35014.89462718919,13811.922464450021
SGC,39,311.745271750132,0.010081169702329333,0.14195083629987026,20.991451214837998,18533.540130814556,3203.5181458015513
SGC,40,313.7585532634877,8.036386153895013,0.14406083644727732,15.205089316993668,12038.408712160799,4687.879976619169
SGC,41,67.76899675456724,-5.198479597476292,0.2309845289387268,21.807391055999286,19831.721939500338,4656.82855387479
SGC,42,324.7856462576603,0.4107914173925211,0.2212898953853983,24.490586342067807,24185.891336333752,5394.469764651917
SGC,43,71.8666480872441,-1.8850148705255607,0.2303682424253092,21.39531847099262,20834.75804452864,8202.21597315087
SGC,44,309.8831210448237,-4.409016239715368,0.18921051210330492,16.665937205858746,13691.61570998194,4910.769412689767
SGC,45,314.5971729144608,3.2290055383066765,0.22322040288212563,28.18332704014724,33766.321922084724,3998.4026315679284
SGC,46,314.04150473205584,1.223978510346646,0.12577933283047454,27.824171321288194,30052.137965474805,7711.016904304319
SGC,47,68.15986999089672,0.02298064209000931,0.23078988909189987,18.066631120089692,13907.743242776003,4354.517495105211
SGC,48,310.2170312370141,0.46180457450403584,0.23067759226036183,22.85688160365072,22360.160003606285,5846.605033641823
SGC,49,323.24923919818116,-1.3627883431108863,0.2116831307780541,17.430264359159995,11547.870793371594,2328.6344772506204
SGC,50,64.31924671343617,-1.5022495851716289,0.18266576485741184,19.66472656990042,13629.210297014424,3232.422985673483
SGC,51,316.77151294249325,-1.5649454187026008,0.19044537065942774,18.397446265695713,10547.11811710123,488.5688815651482
SGC,52,67.06333628137754,-2.254904717218334,0.10281508469620322,14.837796950700998,6500.655096440013,1275.3915697985415
SGC,53,58.9459265811941,-4.9257819525038204,0.1992632011537902,18.464967543218656,13057.567016842422,2679.195382045486
SGC,54,309.54159377675194,-4.752620121023311,0.23231392031856016,15.49229198684275,9748.430868073197,3750.673150244403
SGC,55,50.615798634848346,0.12462495614908886,0.20303008488236235,18.14299647692981,19068.614375141056,7161.379789559698
SGC,56,67.85572438102194,-1.2239891497712416,0.21084120027324374,23.686574104732017,18469.774461471647,2371.5666568038077
SGC,57,309.6996176095475,-4.105963300426054,0.15048411991464467,13.142668395018882,8622.448285768089,3362.7868701507296
SGC,58,61.17427853287166,-2.704986055825206,0.22043570242918192,17.58646790756081,10874.630804998571,2154.9095416935684
SGC,59,70.53341503459238,-1.6371387328639453,0.1956585328841364,24.723350415382647,24784.750311657444,5912.184678030343
SGC,60,310.0609375520762,1.957854695653628,0.2096251879878025,21.34135024964629,17520.820674820876,3994.5164111983945
SGC,61,312.4485331108136,0.4649156743580166,0.23118019198417555,16.80429574593227,11296.765864989073,1295.1404851793025
SGC,62,314.6494085422078,9.22906991493851,0.22847927727774572,20.092187832098762,17322.07361660429,6629.791789832598
SGC,63,314.01671948930027,6.862709478651876,0.20801074959086854,21.46687304281057,19921.391348355362,3618.8027413384643
SGC,64,69.76634438577393,-1.2582888460275585,0.22555912018600727,19.050588973584976,12336.339443950117,1303.467102138478
SGC,65,334.45949380454465,27.83042453913158,0.14140704409793037,14.59073826885802,9890.010544379946,4341.032028429275
SGC,66,314.7639779389403,9.58481765328846,0.1798811173491029,12.265069705420958,6210.201547148338,2424.5632855357726
SGC,67,55.5525754017257,-1.4605941851409965,0.23064411023789438,13.593685824129272,6841.982994899228,2668.6842993124733
SGC,68,70.01817085449467,-1.67677475084179,0.14588218669361175,20.19668269670202,17865.429782241103,5270.440038764237
SGC,69,56.805680130814665,-2.9610754339881447,0.1988006994780262,14.777407210447405,7931.546782502379,2233.232405312341
SGC,70,61.219940823080364,-5.760206514597883,0.13991850517518134,18.293318694473122,13776.017613135276,3849.7600044866936
SGC,71,311.5884679647163,0.02503483476238351,0.11016748475705733,20.303628100998978,17191.80804057842,5913.2622189637505
SGC,72,67.86241058368336,-3.967264009778915,0.2165843995760936,21.976793633772363,17927.087641240585,1481.6477253634537
SGC,73,319.8289236602794,0.049480155059541724,0.20447742385131432,20.21113668520107,13729.864263456126,172.21083844915069
SGC,74,69.89757219155646,-1.7858584598210363,0.1249488225790646,18.482562719459644,15133.853682961248,5298.028008839596
SGC,75,313.8268004451939,6.647227528858976,0.1325306744320796,16.87779505139439,13395.16063801412,4763.396585470776
SGC,76,49.73495870123286,0.5538939377491678,0.230898110666565,16.52325622883294,13545.755722500226,6269.885438097974
SGC,77,319.31262834525984,-1.2825061173113674,0.15758828539044753,20.77744490178672,17243.343477980925,2962.53688311847
SGC,78,324.2545264587544,-0.4879194186374173,0.17457591077599546,18.912350087703015,13484.54203831717,3176.7118898472254
SGC,79,309.5012912737127,-0.9765101979257529,0.21262300460488534,15.1447009382226,8817.69053212956,2221.568032949421
SGC,80,62.743268598587846,-3.929012789216024,0.11852826770347948,25.49959588186724,29354.50592004927,8492.344211577582
SGC,81,52.80445985562086,-0.6113896969761742,0.21461273252740715,14.571525017361614,8578.845068098633,2937.531366138934
SGC,82,61.86720738040525,-5.913371188751697,0.17751921642806306,21.61103572119449,21082.936539218797,5414.906739088674
SGC,83,324.28271044738403,1.1318247018586918,0.20777412549517998,18.756813916316343,11883.079390992318,1554.8794744291956
SGC,84,314.6793639937938,6.8418102403587895,0.19946033794102314,17.845952249460844,12864.073277379988,2815.504214952676
SGC,85,62.75768597155785,-2.303672762170812,0.16530531969115833,17.967528729752097,12993.456457833796,3448.695072751155
SGC,86,314.3334973966596,-2.3866404910437264,0.19809966668497023,14.858766489778953,6739.025406871764,1556.589907798685
SGC,87,315.57103178610544,10.439859980073843,0.18720231016441155,10.09084380300344,4324.955635048968,1877.0269400886168
SGC,88,310.06830798925074,-4.874872359806434,0.1598477185666638,10.923779068395207,5475.934607104477,1998.2265316018409
SGC,89,66.448668911672,-2.963792346774808,0.13569742430792472,25.910117719096636,27220.339050128867,7259.223210327012
SGC,90,314.6658442152976,-0.06334543342419749,0.0928206268488666,18.07279437853836,12821.739500443462,3568.6033912145376
SGC,91,50.19263551251546,0.4941877198970068,0.15603624045549633,12.84622842287418,9635.539387280814,4281.670924127668
SGC,92,311.98666002192783,0.28390229764909475,0.19511944583988583,19.81965433313477,13481.630490893986,373.70088497676346
SGC,93,318.3990653549215,-2.8164447909966897,0.20283058918089114,19.17632620593512,14526.910334586175,3521.9144222757463
SGC,94,312.07205752861324,2.0524474942771755,0.22234731603279329,21.46751701987183,15340.419618065996,61.28093798501807
SGC,95,64.3697042988855,-0.6635567842710317,0.22232249704363388,15.543252673914605,8485.925170794995,2097.2220503763565
SGC,96,62.98083601183273,-5.120155194973263,0.2345154701758328,13.273817236197981,5707.661289194328,1316.9107967580546
SGC,97,320.7150776767005,5.218779531243587,0.1873643683000954,16.236669687730128,10895.14928325681,3052.3193145125833
SGC,98,68.60391913616576,-4.174490532110503,0.16059305914348773,13.041386699343182,4415.757578834456,524.7738405431245
SGC,99,54.935009229073806,-0.7393110628268496,0.2243939510574741,13.470288264416844,6638.782217211601,2115.5537963099455
SGC,100,313.7910103257749,6.556140654387108,0.23071592022446638,22.99787857990625,21833.11836272733,5568.357524932373
SGC,101,56.42299723751178,-2.747836494529499,0.22130646329038917,16.557415936847498,11582.502799167474,3444.641168508919
SGC,102,311.9478537367348,5.76926441610625,0.1740789711652571,11.938355118393659,4293.79806236749,870.0718622102061
SGC,103,316.4639546094122,-2.1875971733547988,0.20493399705639195,16.326553494934696,9193.74824683737,1003.2808142638656
SGC,104,333.4391562310551,27.865521787444067,0.19892641441074294,12.08408176111544,5035.779502068815,1416.3836700962754
SGC,105,314.58435846992904,0.5614068138605365,0.08493965819070584,17.28964863134253,12885.6766570699,3548.0639596919755
SGC,106,324.45245318437634,3.454190338337149,0.19543396395121,16.853314611030818,12112.846451050103,3174.9319486904906
SGC,107,317.49577879687195,0.8457998180250461,0.22381262398516572,22.686185080987176,15495.520995712504,114.06133288778484
SGC,108,65.3478495311509,-1.274071262570791,0.12652699406087511,13.255122914845733,5867.138615586231,1585.163828657678
SGC,109,56.22764138869396,-2.06356966725298,0.1747062583555956,12.860369679782059,6806.037942662027,2731.410188934247
SGC,110,313.2582367508795,6.382141955064076,0.11618353885909254,13.652255437110169,6643.726570272343,2340.4674636977516
SGC,111,68.21073835529525,-3.163894597775398,0.20046065477281297,16.94080710561562,8255.419978207958,147.33606399428618
SGC,112,68.35561084746125,-5.166216157982602,0.1967689056203379,22.018765434131062,17753.429343988322,3163.64055600549
SGC,113,309.6005550679008,-1.4029034434284051,0.22308042695691088,11.71907159657669,4116.410772837362,899.9283795507575
SGC,114,314.18399412861663,3.6837834110960244,0.21132256629628718,19.235792147857506,12953.259714771852,633.966440627503
SGC,115,68.92502758707616,-3.471225968532469,0.11536414009305371,14.98976329573748,9503.83902210807,3019.006229063506
SGC,116,318.1602469965539,2.317301168926956,0.04562656146933958,12.10833520836364,7798.630332287893,3351.4750632979963
SGC,117,65.2773485202804,-1.2904249742088099,0.23285963064485116,16.682042258866087,9627.589701158033,2280.874881612287
SGC,118,323.2527161880381,-0.5939435914438687,0.16320641048058115,20.2079906278513,14113.484838271743,3025.857367753435
SGC,119,66.76532770992685,-3.1834573120134553,0.14650846681168894,15.882543946963928,7226.188248863066,195.6571552794933
SGC,120,70.68676164461793,-1.7956664485395066,0.21507247133073448,20.60766705849076,14845.421165249689,2657.7291863619143
SGC,121,322.6897790912259,1.4543696531768309,0.0960692665933172,19.533934871148446,16450.704909251286,5258.087003844402
SGC,122,59.39039442822301,-5.479466277450094,0.22023911206824487,15.17311139227145,9314.928143210322,1700.6494800890446
SGC,123,65.69601501429005,-0.7124349761193575,0.20950741450484567,17.762876388830446,12258.0046719862,2047.2617684536829
SGC,124,315.3540385456321,0.586533308840291,0.06955084622794548,13.38777123539194,7877.471208654557,3082.9851340834225
SGC,125,322.75789971966014,-0.6861412724974701,0.15128658857891486,18.013029543217524,11050.100160596572,1918.7727746740009
SGC,126,64.21102130131669,-2.5162290287471896,0.17109079307357516,15.02956101814943,6910.174758004932,182.4161906734756
SGC,127,321.57116552643487,1.9905014564189836,0.22409119019013068,27.97618014139882,25044.645640436727,1195.7842085590926
SGC,128,333.6001212004044,27.24527004036951,0.21852197269543108,10.633387081746704,4597.315880510052,1662.4316220293233
SGC,129,309.6943440034346,1.3637706246392203,0.1898525938164724,13.418290755943767,6986.091163188515,1729.5760239759384
SGC,130,333.87436517061883,27.428136080655555,0.22642555735989303,15.001651569113765,8299.414215848048,2755.022997527106
SGC,131,70.9164636203342,-0.8134412641411213,0.1699793664682027,14.999546785314708,8953.337519217914,2812.8584832441684
SGC,132,50.991923795442005,-0.0110203690093646,0.22103247656188194,14.622930309606735,11199.186752823185,3989.6860797506333
SGC,133,317.07479304109717,1.16696103464611,0.21175194090918045,18.26464581433866,10440.675772809009,1.447141512152933
SGC,134,64.70403219988872,-1.2254438409696657,0.2061751960754553,16.352949722545844,9294.33308599167,1318.2871992598666
SGC,135,312.34720303476433,4.951459302206657,0.22375149828401275,14.23048769490507,6180.275097742779,359.46206967487893
SGC,136,65.94300704564264,-3.7922828716235633,0.1228246599830038,13.834416598512208,6751.931889416114,717.965965681435
SGC,137,312.5043789948061,1.509685387451959,0.07745531757797618,10.833237624704896,3322.7759980021306,965.6071319962426
SGC,138,319.1114487167857,-2.6569235344290187,0.1902766777547779,16.16417594908983,8774.238406106222,1734.026093958008
SGC,139,53.22573306769721,-0.7925844975326986,0.19601547804266303,10.370490223694075,3714.4430408065796,1353.2948167103073
SGC,140,319.37135231829694,-2.8286167973756244,0.23199124819814565,18.888336462626455,14979.539908047167,4357.816627033823
SGC,141,64.93549006201293,-4.891321977774709,0.159020250661989,21.63293447643601,21490.533562406672,3836.206409595798
SGC,142,314.10440858476653,6.737126791935669,0.17430278109260922,18.302466146650392,15043.179717221996,4119.815330639534
SGC,143,323.98354069713724,3.2552442961790655,0.23224903439722233,22.755796337897678,23058.67428407092,6912.560522595303
SGC,144,323.2561920926173,3.0666640530025626,0.1642217226678041,18.806012741141227,11673.411781505278,2302.8903289912005
SGC,145,313.6115394010742,5.1541836375084,0.1094242110310665,14.90499806979738,8997.296458714904,2817.073133593811
SGC,146,56.82095675366909,-2.355034367165971,0.18859379847670246,14.03582508734569,8407.465304584179,3082.1978226515353
SGC,147,309.83770284402806,-3.9580091801442303,0.1705210528051912,17.029496439570767,14275.871884776445,5337.605639499988
SGC,148,310.9398626521526,3.3308755983842953,0.19373554060095083,11.628547343700752,4706.298064083218,681.3432110957226
SGC,149,325.1571624815418,1.364499486038459,0.1905885908257542,15.551204451688712,7979.219093184817,1821.8045617577689
SGC,150,52.60180665748281,-0.5295129591449133,0.23178680020362583,15.68673772060216,11073.06420143075,4573.490870938353
SGC,151,52.71558424246752,-0.2862478474732713,0.18526296072506465,15.877988766602938,13361.909396988143,5483.754358213832
SGC,152,65.88579179460525,-3.8393135240928595,0.0654374099500803,10.951271552880575,6261.754139640497,2795.905449409415
SGC,153,310.2003861752672,3.0110168268723445,0.22515298826747004,16.266599509352588,11284.813669507594,2305.0095373680406
SGC,154,68.6041079473841,-5.9247224523073925,0.2354652570130167,12.49265631929829,7060.099116822889,2037.1993140665143
SGC,155,53.793424117703125,-0.8103155801090031,0.1529551628151172,12.995006291121268,8199.369525681757,3375.357794075014
SGC,156,335.0698610725499,28.00695397615389,0.18142686252133805,18.08887581289393,14418.164737803574,5353.446526202464
SGC,157,57.88614130504843,-3.4392238892441047,0.21985157608323416,14.1639485449479,7361.576526364621,1319.4093872895498
SGC,158,311.1757930201779,2.473655560631389,0.13762149679358268,13.413425982297044,6728.069744871466,1628.7947524727379
SGC,159,72.1176952383485,-2.507484330981237,0.20528668396520477,14.41840898326776,7659.598360662004,2472.562793367738
SGC,160,311.95570404630223,5.207001214048298,0.16680466474631278,10.929165491660223,3864.6191728860886,851.6560220470008
SGC,161,322.84693622407644,1.9388547706563164,0.14362316003031816,24.18565811169479,24752.439069968306,5672.309841393419
SGC,162,314.49343878596653,2.928507627154697,0.09919726562252228,14.597773352352574,8874.787320853353,2430.638067324853
SGC,163,318.41366593868963,-0.8057058117594585,0.2108479715113852,11.795826697690998,4178.368376466993,0.0
SGC,164,70.962568037582,-1.230117304249119,0.18217755527457952,19.99106812147499,16547.07275450192,4965.649686310299
SGC,165,64.97355046782646,-0.9243102358353465,0.14928487253312422,11.384006975005223,4740.6059369308905,1231.074454433625
SGC,166,310.50164647596637,-2.2505148847558223,0.15617456016011952,12.477884729319785,6650.41362117056,1550.3483607284204
SGC,167,334.593477939522,27.64958068774071,0.15948885697223375,14.446820034116435,10179.427367725673,4163.414584771697
SGC,168,309.7761840148113,0.11651317747805903,0.19669554650910745,13.657758307467727,5818.18366273239,786.9924847217608
SGC,169,313.6201546053777,6.355626378176146,0.12447745077244897,12.204642747658097,4915.273319324294,1400.3473653598485
SGC,170,65.62560368647647,-2.590205964168673,0.07964870969737986,11.56063334714719,4863.866861922935,1603.9756075302685
SGC,171,65.92513018640174,-3.2317213835263394,0.05707324819812135,10.396978274966925,4924.895166087489,2392.4447955312185
SGC,172,310.9244313736964,-0.9852358531563008,0.13253420986460038,13.333506321351486,6420.157100780839,1177.0398904338276
SGC,173,61.5165359527834,-4.54027108426872,0.09047183832826756,12.578572555024069,5938.752809286005,2196.3157314295886
SGC,174,309.88362036177193,-3.875496360384243,0.1281049027302718,11.577074353113808,5086.481090591853,1888.0091464194904
SGC,175,319.39135359276287,0.5594282568206901,0.14584041156484706,15.72727046542412,7006.322522106171,59.435463061697185
SGC,176,324.4488483782351,2.8789223208054806,0.2168672730468169,12.455264784177215,4698.434319055444,878.3309295441242
SGC,177,68.22007858762306,-0.08054209845858196,0.19538228450244124,15.633430309883131,10108.220995893991,2684.5060034825556
SGC,178,316.92380619257904,-2.6809940445955966,0.2299944273087066,17.350963597477957,12417.82321804557,2387.632698024342
SGC,179,333.9761191242883,27.601994518472566,0.2348288701851912,12.67048334419581,5917.145114481346,1718.3525581078338
SGC,180,315.9309366202022,1.2915303931759923,0.06188020717696369,14.494909349923018,9162.036229415751,3452.8953628878103
SGC,181,335.16465290589343,27.993070820743704,0.16848382482053287,16.34642087097982,13344.996082886082,4914.207135460021
SGC,182,334.54528955749396,27.69718436979386,0.14952819432122053,12.61009133550179,6386.438148401548,2609.7272110728263
SGC,183,310.4946128867657,-2.034909169320657,0.235203428467654,10.241541667105796,2945.4335881288666,803.6209259076082
SGC,184,310.8638687531631,-0.35952824891984797,0.2204592115094215,13.477773366302795,5210.4272373884705,134.79011453727026
SGC,185,52.96550844235394,-0.6678140781497311,0.16381011310925145,12.363575377386606,7111.359129611807,2663.0670189440693
SGC,186,63.08679808112374,-4.0261676110725855,0.09979887252024273,13.682900911496748,6159.776464279947,1766.9055941103425
SGC,187,69.34914687967765,-1.0210545345028097,0.10885915774979928,12.080804823384895,5288.075916797811,1450.6369684320396
SGC,188,70.7484023009985,-2.478137648214569,0.15729885081188535,13.2020714180356,5941.795416190505,1209.6911568952942
SGC,189,315.6510559998732,2.9567215822455393,0.10902644833507769,11.082535321801362,4087.737905487351,918.8365863224201
SGC,190,322.2520429594915,5.49472822184426,0.18031060553347356,13.286133586431188,6848.298855014624,1951.1041851623402
SGC,191,70.55356132152683,-1.8894877130411625,0.0984840600911323,12.953769885835436,8399.205812417824,3396.6924585974393
SGC,192,63.459890061507686,-2.074140345729756,0.2092717372013614,13.577442832656928,6021.218129771397,763.2360084640094
SGC,193,314.6747114458423,5.1453559272416545,0.20237010105962933,13.473333499992014,5199.392353052457,462.8181817332632
SGC,194,67.76643984599187,-5.823321476868411,0.15091375413417124,15.37451905264442,8581.224343228507,2692.773500328519
SGC,195,310.14927418743684,-0.2140449453491839,0.17498960129485347,14.24090162204819,6407.107554528229,1208.7760449097875
SGC,196,71.40775477682332,-1.5933919336090865,0.15916281695918597,10.438354541150227,3777.998197551128,920.7695793874316
SGC,197,319.3044287790373,-1.682573901312421,0.08551449120882669,11.087468972018405,4336.8833924270575,1304.5802901252787
SGC,198,335.81184405945464,27.3048981746416,0.19180147548198706,12.81478923708691,6478.520740797586,2234.0571152113594
SGC,199,67.26229921016116,-5.01784474668581,0.10857153043425712,13.518804741169793,6684.618569714086,1922.1263379563313
SGC,200,315.7971082433959,-1.832687435111825,0.2212156524010987,16.64385116538248,7526.088737794202,393.5874247567087
SGC,201,324.68445753170414,2.3668827257049108,0.1748965112371618,13.407924569666239,6604.894426580686,1376.3046697478899
SGC,202,320.5158285864943,0.9942556860789055,0.2130208242210987,13.90922134638795,6297.7382593300845,0.0
SGC,203,322.68193351702877,-1.9402256064102539,0.22682623674793304,14.29785905727907,6707.793045953657,1455.5989812681646
SGC,204,55.363580661855295,-0.7650670725476534,0.1864204591350645,10.412315493044881,3164.3879602103784,1080.0541650618597
SGC,205,321.8188751646457,4.913331198957632,0.15263305484479237,16.093148957978535,11497.967208660344,3400.474881567527
SGC,206,66.6448866387425,-4.94079632848004,0.09821910016714147,12.412506549586626,5540.362491070692,1486.6459641138993
SGC,207,64.16907733714446,-1.1302127994526776,0.1967957277563383,11.729008020685132,4404.569341064176,1097.5487192435917
SGC,208,61.5084819644259,-6.768133104374353,0.1916740958513468,14.446277725001638,6561.110903810279,1555.4271724229027
SGC,209,323.5330324217227,2.6867472201408775,0.17741991406405694,14.58655765389241,7792.76784630786,483.93530868121746
SGC,210,53.75773704410891,-0.7985698703649495,0.14292588052012092,13.045078793821004,7520.308341023097,3206.7387128656637
SGC,211,335.6930798123126,29.650829229544865,0.22448450381560942,12.314664376516665,5846.213660701131,1850.129935994999
SGC,212,311.5528168960453,-1.9332379421566523,0.22842596532058207,15.31668599386235,7576.824652365755,1092.6658347345444
SGC,213,320.9393448880937,5.586179379829331,0.16146011997806686,11.909557080276215,4925.9846477106175,1372.9515542487156
SGC,214,65.90755104995928,-2.3364838692229135,0.19647625298231952,16.387040916003595,7281.06507793449,8.799572288046386
SGC,215,325.08421097462536,-0.28461417653844073,0.18289957947362498,13.004044730044654,6381.903062073202,1473.3983462533665
SGC,216,315.21658684789315,-1.7364565844220357,0.1366354615369896,14.240952456567086,7020.651675584962,1255.389952760436
SGC,217,48.64900886873355,1.5444065176619681,0.20990859968254194,12.996742065960914,9125.51857029788,3562.2969237031007
SGC,218,309.76253161589295,-4.247304600022345,0.1359854439486429,12.442168485395593,6788.3970641587675,2570.8388384658506
SGC,219,64.14766622494832,-0.24746355297812836,0.23332731138820573,10.282577508905923,3123.0904650706875,1059.8751078096366
SGC,220,322.17245016121734,3.0617383484744507,0.11568428784903262,16.04307295327502,9993.290318328598,2316.34620463304
SGC,221,68.61103121057054,-6.624269962484447,0.21200959530187127,11.87202811560764,4387.399400329776,1309.4736089717019
SGC,222,67.57035904813017,-6.539853014478129,0.22253821813292798,11.625145413353689,4638.086772403652,1101.3685949799992
SGC,223,68.69597751147408,-6.883592271331443,0.2245047035243952,13.574220408858602,7256.62675336738,1421.835103318371
SGC,224,63.26625170269653,-2.800610668646737,0.14927836470143868,15.387038771490358,7892.1565178112805,1178.41851247074
SGC,225,59.158071078600834,-3.9829248477709536,0.1303626589418668,13.300539005038727,6974.178367331507,1926.9324753744747
SGC,226,310.63844542830515,-2.7637365019148916,0.19647372685857825,13.37391289010215,6519.189895556017,1345.16406068012
SGC,227,334.8531880540598,27.438325504573893,0.17472650172141943,14.659368155581248,9205.134751409943,2951.20217944415
SGC,228,314.04704448514946,8.026794289421584,0.18760749825964493,13.963096804408986,7133.186336378162,1724.7082244569833
SGC,229,324.64298961281736,1.7433020864661983,0.1561027046790717,11.697290245233786,4226.985598170154,929.9730877915256
SGC,230,335.3644401074803,27.942818287812997,0.09705328802794344,10.019056462462382,5644.104313323623,2607.404366752994
SGC,231,57.14689376975983,-3.0550032224366492,0.16777839644978115,14.09901092024481,8305.488381750545,2487.796218508467
SGC,232,324.2476246547608,2.0615760471172275,0.1265543819756591,16.070824058048206,9739.82168504148,2397.1210818439913
SGC,233,336.31400463860916,27.297273387874483,0.20233017734018735,10.684049459018086,3905.593913226636,1298.2468000138485
SGC,234,65.64361549026958,-2.94237068642719,0.09276285047798268,12.77341668402099,5051.9067228862405,1294.7036835053984
SGC,235,315.1071692177271,-2.1136109553604348,0.15403175632834193,15.227503806614187,9072.709228084717,2191.914091230068
SGC,236,66.7790126167259,-1.0181822299145191,0.18837710306310415,12.785075583148105,4920.207425125807,722.8506175264293
SGC,237,65.95755453652349,-2.6041949452772863,0.07294269009005276,13.660203093085464,7538.650079120704,2936.1909406720547
SGC,238,322.6197289252568,2.731757376790293,0.15544184500820427,12.855905313288503,4794.186480418543,193.69195096681594
SGC,239,313.3274028562033,-2.37330460157071,0.21622099372067435,12.408572495931583,5925.752234562784,1244.1097654446262
SGC,240,320.3917124369875,0.19674469497918873,0.22275712912750048,11.507760761065391,3907.180469712941,0.0
SGC,241,321.1763179183444,6.00194277687778,0.22590646307099238,18.28834726893095,15423.365164075041,4452.5550588414235
SGC,242,65.47759574145749,-4.174574494784554,0.2347139307912921,11.169823121073009,4288.818071227103,828.3378227483978
SGC,243,333.34947101075704,27.089661161984324,0.18873960640943657,13.515199103437348,7259.55181462541,2719.724218816797
SGC,244,69.73865138464575,-0.02389798198061476,0.20245500284458604,12.446367657249038,6117.516694800796,1301.1008235955592
SGC,245,63.627762304255974,-1.137792259467411,0.2285783647595123,10.185929377484294,3202.1360698948974,571.5758571754159
SGC,246,70.16481642055096,-3.847937578843327,0.21382265220026853,10.38701679779354,3612.6735931193275,731.8578308746661
SGC,247,54.83722829124338,-1.2165635011064082,0.13155944813174938,14.129238440972996,11224.852915447727,4866.684695276118
SGC,248,61.08321277678263,-7.2770688042529015,0.2198472545175798,12.382931265156937,5857.008153318072,1577.5497951692626
SGC,249,317.74839929855085,-0.9843293629072633,0.23120907999156384,17.062002645922618,9765.194136582026,1295.1479519027812
SGC,250,315.07801239575906,0.6389164126748667,0.22682960679376793,10.508945041571607,2477.716290139317,0.0
SGC,251,57.368946265264405,-3.2594386918463147,0.11867446152253411,10.45986132896597,4499.865985186678,1529.862944200168
SGC,252,71.19481138322,-0.31940416230390767,0.20915184254692276,11.010266906199954,3797.4874011542165,1040.4881264760647
SGC,253,310.216298441496,2.6496684313256686,0.19913780474506013,10.927017651127763,4794.363914214488,867.691980067171
SGC,254,336.01522756529266,27.68839447405643,0.22875406660094272,13.787945513367731,7520.200473138447,1802.9834213807856
SGC,255,313.68984874667746,1.1603609489933562,0.2124126596461147,12.361999879523657,4068.1366576196724,0.0
SGC,256,315.55521795307925,-1.0875731822334163,0.21316077351641194,13.768529155434301,4724.379359241154,0.0
SGC,257,318.58397877829736,0.8294943726631082,0.23480134722561294,10.852644177948804,3377.8178121327787,616.7209795631799
SGC,258,335.45079469745565,28.745558075413253,0.2333611969025031,12.983145970322774,5719.049141270916,1293.7425485702386
SGC,259,324.14382344047664,-0.7959630605596458,0.23245231446799006,13.83800006298801,6735.113974145303,694.0838436020525
SGC,260,318.8691888969826,-2.951192452229584,0.1496910748622548,10.658763091829535,3481.8943775878543,986.9441999724755
SGC,261,320.6920756471156,-1.3161454169646767,0.139099080677497,15.83555580091176,8297.652879894216,1334.690232540565
SGC,262,312.6022828534488,2.9980221379472454,0.2006990030482537,12.940396573041717,5340.2526486248025,0.0
SGC,263,67.79695351388332,-6.6697069674690805,0.2056935189104449,11.687919976548493,3844.5110260320616,756.8393584821345
SGC,264,48.90094249729147,1.1395464397930497,0.18919692842230387,13.062293420272246,9119.891058778072,3857.6150883219298
SGC,265,63.598344839909764,-5.594051588467229,0.20301506570190966,13.644824798301343,6643.689627490716,1113.7875683659558
SGC,266,313.1235560531955,2.1848830008266686,0.052950953543726566,12.897973511722466,7594.821520702026,3156.74709590846
SGC,267,325.83056647536966,0.8219909149543702,0.23170505713586884,14.859142872797591,8433.965055880526,2233.5749560615727
SGC,268,325.12712833669394,-1.334145270369928,0.2335685173956231,11.788575610059151,6265.3439278839205,2021.37308994013
SGC,269,65.54137709778979,-4.598482347085969,0.20132504775617435,13.20958401634689,5534.799654433926,252.84947453086562
SGC,270,335.9734636911759,26.882678132384502,0.23491380440398235,10.998937129037166,4399.884460026583,1229.028049467862
SGC,271,66.58811523742072,-6.250451338588151,0.21122378382077425,10.717841863295734,3795.5254065073655,887.4972843949242
SGC,272,335.26737050603265,28.789622573945994,0.19110528395521378,12.671789453062972,6924.4675065711635,1819.5899607827064
SGC,273,54.32725359025039,-0.6974016078059775,0.17170642319670587,11.03336766942955,4552.70269365645,1583.4191409854652
SGC,274,55.14347480336522,-1.0936687546833372,0.1616227928332469,12.00281227748823,5449.766909138468,1671.406584808192
SGC,275,315.69921654612625,2.928422764407157,0.23068699611045113,13.360787640323771,6793.731265260211,1252.954038475527
SGC,276,324.55565932672766,-0.6088061357891434,0.12588920312636806,12.577132594878636,6626.193573310616,1376.1015777989614
SGC,277,68.73702325221348,-6.865123026012365,0.18864662094325096,12.094940493470622,6299.3641581625,2044.393288718668
SGC,278,318.9289952296099,2.3590672134611395,0.13290887617723973,11.507406604538826,4616.664907038097,638.2559479486031
SGC,279,66.7086034388285,-5.4439724569807355,0.20511486011813906,13.58928490484232,5224.322812419767,441.3319984293778
SGC,280,72.39853004594664,-3.150530294429969,0.21958436342468476,10.267074168217063,3786.2448205654064,1310.0563948195143
SGC,281,64.9820345972909,-3.6799125566889574,0.18824394962747745,16.75867965703501,8552.175031382936,301.9125453303634
SGC,282,66.0084623628733,-5.805072066400704,0.1955410839390842,14.751354983308904,8575.470302278838,1917.9723870106088
SGC,283,314.6066432731354,-2.941959935181667,0.22337780604207874,12.360879750186045,6365.077304991419,1757.3051375052244
SGC,284,57.16965971577133,-2.906080763375426,0.161590408244811,11.3440467902623,4558.201078617703,1460.1187438430559
SGC,285,322.42451021515734,5.725363908556196,0.2329129486916687,12.723715664777835,6883.726706769578,1998.224182009518
SGC,286,322.03952467107763,1.2870334129545842,0.23458940259719988,13.613434014580626,7880.431892419063,1684.7850466472735
SGC,287,320.84237008253086,4.790912417403014,0.23271800817412713,13.643404601366399,6717.4953516628575,1219.5550326258024
SGC,288,321.6060476879882,-1.1567923243765732,0.22969448510308746,12.188461161917127,4912.627977678708,77.1677341739068
SGC,289,59.430277539040745,-4.315640297686028,0.16486686251956054,12.016779271530556,4894.721491366261,510.49273129945044
SGC,290,322.0744495732138,4.624558380353141,0.1369158875821673,13.913018596844807,8111.587538631308,2486.646579233443
SGC,291,314.19361087365223,-0.17929248793329766,0.21919644790851667,11.966369799213897,4179.828339537656,0.0
SGC,292,322.58488957279656,-1.4177889036388034,0.2351807109505323,14.202202261552257,8744.934128967516,2172.0026107982694
SGC,293,321.28369126656895,1.0559601411146693,0.05701125065246273,12.634731462514338,7661.491669998153,3039.378692943842
SGC,294,323.09973522090786,4.871604460434465,0.2237119942472247,10.357283912188397,3017.300240364742,335.58445871953813
SGC,295,324.7523056484763,2.3094466686824355,0.1846955579836035,10.977606988187434,3428.3188372386912,370.5707416299285
SGC,296,309.19389826753303,-5.162776977480375,0.20021877414659764,11.137475868655754,4394.304146894822,1369.2490806306798
SGC,297,320.8414229618138,0.13771862922769687,0.235608163829045,10.422376426547915,4147.284360121148,983.1299100313023
SGC,298,312.4689018017186,5.254476169671247,0.23504472686132155,10.883058576304633,5048.939460754698,1295.467741600492
SGC,299,324.5231002587956,1.6355972152190974,0.13619167844513536,12.284993351769756,5563.236037725711,1227.884496916107
